Protein	Protein ID	Entry Name	Gene	Protein Length	Organism	Protein Existence	Description	Protein Probability	Top Peptide Probability	Combined Total Peptides	Combined Spectral Count	Combined Unique Spectral Count	Combined Total Spectral Count	A50_1 Spectral Count	A50_2 Spectral Count	A50_3 Spectral Count	A50_4 Spectral Count	A50_5 Spectral Count	A50_6 Spectral Count	A50_7 Spectral Count	A50_8 Spectral Count	B50_1 Spectral Count	B50_2 Spectral Count	B50_3 Spectral Count	B50_4 Spectral Count	B50_5 Spectral Count	B50_6 Spectral Count	B50_7 Spectral Count	B50_8 Spectral Count	A50_1 Unique Spectral Count	A50_2 Unique Spectral Count	A50_3 Unique Spectral Count	A50_4 Unique Spectral Count	A50_5 Unique Spectral Count	A50_6 Unique Spectral Count	A50_7 Unique Spectral Count	A50_8 Unique Spectral Count	B50_1 Unique Spectral Count	B50_2 Unique Spectral Count	B50_3 Unique Spectral Count	B50_4 Unique Spectral Count	B50_5 Unique Spectral Count	B50_6 Unique Spectral Count	B50_7 Unique Spectral Count	B50_8 Unique Spectral Count	A50_1 Total Spectral Count	A50_2 Total Spectral Count	A50_3 Total Spectral Count	A50_4 Total Spectral Count	A50_5 Total Spectral Count	A50_6 Total Spectral Count	A50_7 Total Spectral Count	A50_8 Total Spectral Count	B50_1 Total Spectral Count	B50_2 Total Spectral Count	B50_3 Total Spectral Count	B50_4 Total Spectral Count	B50_5 Total Spectral Count	B50_6 Total Spectral Count	B50_7 Total Spectral Count	B50_8 Total Spectral Count	A50_1 Intensity	A50_2 Intensity	A50_3 Intensity	A50_4 Intensity	A50_5 Intensity	A50_6 Intensity	A50_7 Intensity	A50_8 Intensity	B50_1 Intensity	B50_2 Intensity	B50_3 Intensity	B50_4 Intensity	B50_5 Intensity	B50_6 Intensity	B50_7 Intensity	B50_8 Intensity	A50_1 MaxLFQ Intensity	A50_2 MaxLFQ Intensity	A50_3 MaxLFQ Intensity	A50_4 MaxLFQ Intensity	A50_5 MaxLFQ Intensity	A50_6 MaxLFQ Intensity	A50_7 MaxLFQ Intensity	A50_8 MaxLFQ Intensity	B50_1 MaxLFQ Intensity	B50_2 MaxLFQ Intensity	B50_3 MaxLFQ Intensity	B50_4 MaxLFQ Intensity	B50_5 MaxLFQ Intensity	B50_6 MaxLFQ Intensity	B50_7 MaxLFQ Intensity	B50_8 MaxLFQ Intensity	Indistinguishable Proteins
contam_contam_contam_sp|O77727|K1C15_SHEEP	contam_contam_contam_sp|O77727|K1C15_SHEEP Keratin, type I cytoskeletal 15 OS=Ovis aries OX=9940 GN=KRT15 PE=2 SV=1	contam_contam_contam_sp|O77727|K1C15_SHEEP Keratin, type I cytoskeletal 15 OS=Ovis aries OX=9940 GN=KRT15 PE=2 SV=1		453			contam_contam_contam_sp|O77727|K1C15_SHEEP Keratin, type I cytoskeletal 15 OS=Ovis aries OX=9940 GN=KRT15 PE=2 SV=1	1.0	0.999	1	3	0	3	0	0	0	0	1	1	0	0	0	0	0	0	0	0	1	0	0	0	0	0	0	0	0	0	0	0	0	0	0	0	0	0	0	0	0	0	1	1	0	0	0	0	0	0	0	0	1	0	0.0	0.0	0.0	0.0	0.0	0.0	0.0	0.0	0.0	0.0	0.0	0.0	0.0	0.0	0.0	0.0	0.0	0.0	0.0	0.0	0.0	0.0	0.0	0.0	0.0	0.0	0.0	0.0	0.0	0.0	0.0	0.0	sp|P08727|K1C19_HUMAN, sp|P13646|K1C13_HUMAN
contam_contam_contam_sp|O82803|SRPP_HEVBR	contam_contam_contam_sp|O82803|SRPP_HEVBR Small rubber particle protein OS=Hevea brasiliensis OX=3981 GN=SRPP PE=1 SV=1	contam_contam_contam_sp|O82803|SRPP_HEVBR Small rubber particle protein OS=Hevea brasiliensis OX=3981 GN=SRPP PE=1 SV=1		204			contam_contam_contam_sp|O82803|SRPP_HEVBR Small rubber particle protein OS=Hevea brasiliensis OX=3981 GN=SRPP PE=1 SV=1	1.0	0.999	3	73	73	73	3	3	4	3	6	3	7	5	6	5	5	3	3	6	5	6	3	3	4	3	6	3	7	5	6	5	5	3	3	6	5	6	3	3	4	3	6	3	7	5	6	5	5	3	3	6	5	6	72521.266	71353.57	73859.555	57308.73	74587.11	68493.85	70565.66	86464.21	89581.35	66300.055	70963.53	77340.18	63067.492	80726.98	92588.23	91121.914	62614.9	56227.668	69791.28	53467.918	64649.066	61767.824	61247.953	73777.11	78978.59	56122.61	62720.86	66066.02	55752.46	67228.11	78419.68	77632.4	
contam_contam_contam_sp|P00761|TRYP_PIG	contam_contam_contam_sp|P00761|TRYP_PIG Trypsin OS=Sus scrofa OX=9823 PE=1 SV=1	contam_contam_contam_sp|P00761|TRYP_PIG Trypsin OS=Sus scrofa OX=9823 PE=1 SV=1		231			contam_contam_contam_sp|P00761|TRYP_PIG Trypsin OS=Sus scrofa OX=9823 PE=1 SV=1	1.0	0.999	4	154	154	154	7	8	6	7	13	9	8	14	7	14	11	12	5	12	11	10	7	8	6	7	13	9	8	14	7	14	11	12	5	12	11	10	7	8	6	7	13	9	8	14	7	14	11	12	5	12	11	10	47303.133	39776.953	37401.69	53756.06	53046.258	49657.344	53569.85	59502.08	62818.31	64694.18	71102.62	61695.812	43549.777	51985.047	66905.445	65479.848	13530.773	15539.906	14907.208	15851.026	15619.876	14346.432	15595.527	17321.586	18295.184	17177.404	20155.95	17890.104	16774.672	19002.213	19414.182	18973.803	
contam_contam_contam_sp|P02769|ALBU_BOVIN	contam_contam_contam_sp|P02769|ALBU_BOVIN Albumin OS=Bos taurus OX=9913 GN=ALB PE=1 SV=4	contam_contam_contam_sp|P02769|ALBU_BOVIN Albumin OS=Bos taurus OX=9913 GN=ALB PE=1 SV=4		607			contam_contam_contam_sp|P02769|ALBU_BOVIN Albumin OS=Bos taurus OX=9913 GN=ALB PE=1 SV=4	1.0	0.999	6	32	32	32	2	1	2	1	3	3	2	1	2	1	3	3	1	2	3	2	2	1	2	1	3	3	2	1	2	1	3	3	1	2	3	2	2	1	2	1	3	3	2	1	2	1	3	3	1	2	3	2	11293.93	10889.685	6715.42	13282.291	9107.4	13014.594	9114.223	9180.258	12089.091	9620.131	13938.366	12812.44	10050.516	13288.108	11418.174	12945.175	4238.236	3920.9045	3790.5737	3946.9993	3683.7278	3899.1274	3424.5305	3432.4429	3782.857	3699.5435	4223.2725	4051.6062	4014.2708	3878.5042	3417.7415	3855.4585	
contam_contam_contam_sp|P15241|K2M2_SHEEP	contam_contam_contam_sp|P15241|K2M2_SHEEP Keratin, type II microfibrillar, component 7C OS=Ovis aries OX=9940 PE=1 SV=1	contam_contam_contam_sp|P15241|K2M2_SHEEP Keratin, type II microfibrillar, component 7C OS=Ovis aries OX=9940 PE=1 SV=1		491			contam_contam_contam_sp|P15241|K2M2_SHEEP Keratin, type II microfibrillar, component 7C OS=Ovis aries OX=9940 PE=1 SV=1	0.9948	0.9938	2	1	1	11	0	0	0	0	0	1	0	0	0	0	0	0	0	0	0	0	0	0	0	0	0	1	0	0	0	0	0	0	0	0	0	0	1	0	0	0	1	1	1	1	0	1	1	1	0	1	1	1	0.0	0.0	0.0	0.0	0.0	5603.5923	0.0	0.0	0.0	0.0	0.0	0.0	0.0	0.0	0.0	0.0	0.0	0.0	0.0	0.0	0.0	0.0	0.0	0.0	0.0	0.0	0.0	0.0	0.0	0.0	0.0	0.0	
contam_contam_contam_sp|P15252|REF_HEVBR	contam_contam_contam_sp|P15252|REF_HEVBR Rubber elongation factor protein OS=Hevea brasiliensis OX=3981 PE=1 SV=2	contam_contam_contam_sp|P15252|REF_HEVBR Rubber elongation factor protein OS=Hevea brasiliensis OX=3981 PE=1 SV=2		138			contam_contam_contam_sp|P15252|REF_HEVBR Rubber elongation factor protein OS=Hevea brasiliensis OX=3981 PE=1 SV=2	0.9713	0.999	1	29	29	29	0	2	0	0	3	0	6	5	0	1	2	4	0	1	4	1	0	2	0	0	3	0	6	5	0	1	2	4	0	1	4	1	0	2	0	0	3	0	6	5	0	1	2	4	0	1	4	1	3705.509	2707.811	3633.2612	3208.9602	4171.6777	3781.9465	3664.0483	2846.6829	4558.3823	1996.4961	0.0	1748.089	2134.2563	1873.5315	2187.4648	2251.0913	3705.509	2707.811	3633.2612	3208.9602	4171.6777	3781.9465	3664.0483	2846.6829	4558.3823	1996.4961	0.0	1748.089	2134.2563	1873.5315	2187.4648	2251.0913	
contam_contam_sp|P00330|ADH1_YEAST	contam_contam_sp|P00330|ADH1_YEAST Alcohol dehydrogenase 1 OS=Saccharomyces cerevisiae (strain ATCC 204508 / S288c) OX=559292 GN=ADH1 PE=1 SV=5	contam_contam_sp|P00330|ADH1_YEAST Alcohol dehydrogenase 1 OS=Saccharomyces cerevisiae (strain ATCC 204508 / S288c) OX=559292 GN=ADH1 PE=1 SV=5		348			contam_contam_sp|P00330|ADH1_YEAST Alcohol dehydrogenase 1 OS=Saccharomyces cerevisiae (strain ATCC 204508 / S288c) OX=559292 GN=ADH1 PE=1 SV=5	1.0	0.999	21	568	443	568	43	49	47	38	39	38	52	49	19	29	25	27	22	37	27	27	34	35	36	32	29	28	41	38	16	24	20	22	18	28	21	21	43	49	47	38	39	38	52	49	19	29	25	27	22	37	27	27	311491.97	313017.47	324329.12	307622.94	329586.5	346917.8	317753.97	320565.1	174533.44	155683.88	148176.58	182525.34	172077.22	186080.73	186324.53	178211.8	37522.56	37648.74	37777.17	36341.246	36941.316	38134.6	36735.613	37275.586	21569.734	22754.127	21576.26	22755.45	20827.072	22556.879	21752.186	21901.406	
contam_contam_sp|P00441|SODC_HUMAN	contam_contam_sp|P00441|SODC_HUMAN Superoxide dismutase [Cu-Zn] OS=Homo sapiens OX=9606 GN=SOD1 PE=1 SV=2	contam_contam_sp|P00441|SODC_HUMAN Superoxide dismutase [Cu-Zn] OS=Homo sapiens OX=9606 GN=SOD1 PE=1 SV=2		154			contam_contam_sp|P00441|SODC_HUMAN Superoxide dismutase [Cu-Zn] OS=Homo sapiens OX=9606 GN=SOD1 PE=1 SV=2	1.0	0.999	6	111	111	111	3	8	7	4	6	7	7	8	9	5	7	8	6	9	8	9	3	8	7	4	6	7	7	8	9	5	7	8	6	9	8	9	3	8	7	4	6	7	7	8	9	5	7	8	6	9	8	9	40650.156	44078.523	48941.016	45784.33	45782.633	43688.625	46907.516	49276.34	36461.027	35437.35	44650.016	51072.363	46665.58	45752.855	47314.2	39366.797	19299.707	21858.627	22785.244	22303.95	21156.775	20493.973	22355.41	21894.14	22445.738	21957.414	22379.64	24596.025	23458.504	23590.383	22777.924	22658.754	
contam_contam_sp|P04040|CATA_HUMAN	contam_contam_sp|P04040|CATA_HUMAN Catalase OS=Homo sapiens OX=9606 GN=CAT PE=1 SV=3	contam_contam_sp|P04040|CATA_HUMAN Catalase OS=Homo sapiens OX=9606 GN=CAT PE=1 SV=3		527			contam_contam_sp|P04040|CATA_HUMAN Catalase OS=Homo sapiens OX=9606 GN=CAT PE=1 SV=3	1.0	0.999	2	4	4	4	0	0	0	0	0	0	0	0	0	1	0	1	0	2	0	0	0	0	0	0	0	0	0	0	0	1	0	1	0	2	0	0	0	0	0	0	0	0	0	0	0	1	0	1	0	2	0	0	0.0	0.0	0.0	0.0	0.0	0.0	0.0	0.0	0.0	0.0	0.0	0.0	0.0	0.0	0.0	0.0	0.0	0.0	0.0	0.0	0.0	0.0	0.0	0.0	0.0	0.0	0.0	0.0	0.0	0.0	0.0	0.0	
contam_contam_sp|P04264|K2C1_HUMAN	contam_contam_sp|P04264|K2C1_HUMAN Keratin, type II cytoskeletal 1 OS=Homo sapiens OX=9606 GN=KRT1 PE=1 SV=6	contam_contam_sp|P04264|K2C1_HUMAN Keratin, type II cytoskeletal 1 OS=Homo sapiens OX=9606 GN=KRT1 PE=1 SV=6		644			contam_contam_sp|P04264|K2C1_HUMAN Keratin, type II cytoskeletal 1 OS=Homo sapiens OX=9606 GN=KRT1 PE=1 SV=6	1.0	0.999	3	33	33	42	2	3	2	0	1	3	2	2	2	3	3	3	0	3	2	2	2	3	2	0	1	3	2	2	2	3	3	3	0	3	2	2	4	4	2	0	2	3	2	3	3	4	4	3	0	3	2	3	16528.266	17597.693	19049.0	14321.193	15027.458	19867.406	15459.476	18100.15	17119.117	11906.171	6914.8506	16597.693	15725.715	14752.676	12935.071	15544.961	9117.2705	9648.133	10378.286	7869.666	8320.269	10784.249	8490.477	9956.937	9472.424	6605.6943	8300.908	8966.905	8515.233	8056.8496	6914.184	8435.989	
contam_contam_sp|P07339|CATD_HUMAN	contam_contam_sp|P07339|CATD_HUMAN Cathepsin D OS=Homo sapiens OX=9606 GN=CTSD PE=1 SV=1	contam_contam_sp|P07339|CATD_HUMAN Cathepsin D OS=Homo sapiens OX=9606 GN=CTSD PE=1 SV=1		412			contam_contam_sp|P07339|CATD_HUMAN Cathepsin D OS=Homo sapiens OX=9606 GN=CTSD PE=1 SV=1	0.9999	0.9972	2	2	2	2	0	0	0	0	1	0	0	0	0	0	1	0	0	0	0	0	0	0	0	0	1	0	0	0	0	0	1	0	0	0	0	0	0	0	0	0	1	0	0	0	0	0	1	0	0	0	0	0	0.0	0.0	0.0	0.0	0.0	0.0	0.0	0.0	0.0	0.0	0.0	0.0	0.0	0.0	0.0	0.0	0.0	0.0	0.0	0.0	0.0	0.0	0.0	0.0	0.0	0.0	0.0	0.0	0.0	0.0	0.0	0.0	
contam_contam_sp|P08758|ANXA5_HUMAN	contam_contam_sp|P08758|ANXA5_HUMAN Annexin A5 OS=Homo sapiens OX=9606 GN=ANXA5 PE=1 SV=2	contam_contam_sp|P08758|ANXA5_HUMAN Annexin A5 OS=Homo sapiens OX=9606 GN=ANXA5 PE=1 SV=2		320			contam_contam_sp|P08758|ANXA5_HUMAN Annexin A5 OS=Homo sapiens OX=9606 GN=ANXA5 PE=1 SV=2	0.9713	0.999	1	18	18	18	1	1	1	1	2	1	1	1	1	1	1	0	2	1	1	2	1	1	1	1	2	1	1	1	1	1	1	0	2	1	1	2	1	1	1	1	2	1	1	1	1	1	1	0	2	1	1	2	6972.3438	5483.3247	5591.3486	7843.717	6024.628	7162.86	6814.9277	7786.3687	4517.6353	5253.4844	4826.8706	6110.698	5894.0376	5716.9756	4450.2754	6239.147	6972.3438	5483.3247	5591.3486	7843.717	6024.628	7162.86	6814.9277	7786.3687	4517.6353	5253.4844	4826.8706	6110.698	5894.0376	5716.9756	4450.2754	6239.147	
contam_contam_sp|P09211|GSTP1_HUMAN	contam_contam_sp|P09211|GSTP1_HUMAN Glutathione S-transferase P OS=Homo sapiens OX=9606 GN=GSTP1 PE=1 SV=2	contam_contam_sp|P09211|GSTP1_HUMAN Glutathione S-transferase P OS=Homo sapiens OX=9606 GN=GSTP1 PE=1 SV=2		210			contam_contam_sp|P09211|GSTP1_HUMAN Glutathione S-transferase P OS=Homo sapiens OX=9606 GN=GSTP1 PE=1 SV=2	1.0	0.999	11	388	388	388	28	25	23	24	27	18	27	22	19	22	22	25	24	29	26	27	28	25	23	24	27	18	27	22	19	22	22	25	24	29	26	27	28	25	23	24	27	18	27	22	19	22	22	25	24	29	26	27	105149.375	99665.766	102332.16	93802.28	106564.734	101482.805	100246.42	94337.41	83854.32	79239.266	84074.51	95827.766	96753.484	95776.03	88829.19	98387.88	17797.791	17172.746	17021.91	17506.611	18056.717	16611.264	17171.635	16949.127	17376.28	18221.002	16962.732	17368.723	18604.38	18358.047	17703.059	18830.777	
contam_contam_sp|P10599|THIO_HUMAN	contam_contam_sp|P10599|THIO_HUMAN Thioredoxin OS=Homo sapiens OX=9606 GN=TXN PE=1 SV=3	contam_contam_sp|P10599|THIO_HUMAN Thioredoxin OS=Homo sapiens OX=9606 GN=TXN PE=1 SV=3		105			contam_contam_sp|P10599|THIO_HUMAN Thioredoxin OS=Homo sapiens OX=9606 GN=TXN PE=1 SV=3	1.0	0.999	5	114	114	114	6	7	4	6	6	10	7	7	3	10	9	8	5	9	10	7	6	7	4	6	6	10	7	7	3	10	9	8	5	9	10	7	6	7	4	6	6	10	7	7	3	10	9	8	5	9	10	7	24032.857	29248.195	32943.945	22977.451	31583.914	29693.533	30255.744	25114.373	30710.6	23826.549	29539.45	33035.004	30615.543	28202.64	32058.617	32103.85	8706.643	8737.07	9571.705	8466.518	9041.502	8780.562	8388.478	7800.344	10062.401	8333.42	8355.315	9921.956	9016.8125	7921.282	9208.46	9824.006	
contam_contam_sp|P12081|HARS1_HUMAN	contam_contam_sp|P12081|HARS1_HUMAN Histidine--tRNA ligase, cytoplasmic OS=Homo sapiens OX=9606 GN=HARS1 PE=1 SV=2	contam_contam_sp|P12081|HARS1_HUMAN Histidine--tRNA ligase, cytoplasmic OS=Homo sapiens OX=9606 GN=HARS1 PE=1 SV=2		509			contam_contam_sp|P12081|HARS1_HUMAN Histidine--tRNA ligase, cytoplasmic OS=Homo sapiens OX=9606 GN=HARS1 PE=1 SV=2	1.0	0.999	2	7	7	7	1	0	0	0	0	0	0	1	2	1	0	0	1	1	0	0	1	0	0	0	0	0	0	1	2	1	0	0	1	1	0	0	1	0	0	0	0	0	0	1	2	1	0	0	1	1	0	0	0.0	0.0	0.0	0.0	0.0	0.0	0.0	0.0	0.0	0.0	0.0	0.0	0.0	0.0	0.0	0.0	0.0	0.0	0.0	0.0	0.0	0.0	0.0	0.0	0.0	0.0	0.0	0.0	0.0	0.0	0.0	0.0	
contam_contam_sp|P13645|K1C10_HUMAN	contam_contam_sp|P13645|K1C10_HUMAN Keratin, type I cytoskeletal 10 OS=Homo sapiens OX=9606 GN=KRT10 PE=1 SV=6	contam_contam_sp|P13645|K1C10_HUMAN Keratin, type I cytoskeletal 10 OS=Homo sapiens OX=9606 GN=KRT10 PE=1 SV=6		584			contam_contam_sp|P13645|K1C10_HUMAN Keratin, type I cytoskeletal 10 OS=Homo sapiens OX=9606 GN=KRT10 PE=1 SV=6	1.0	0.998	2	14	14	14	2	0	0	0	1	2	0	1	2	0	0	1	1	1	1	2	2	0	0	0	1	2	0	1	2	0	0	1	1	1	1	2	2	0	0	0	1	2	0	1	2	0	0	1	1	1	1	2	4927.6304	4551.432	0.0	3887.573	3865.4475	7644.077	3448.8325	5119.6953	5942.633	4616.7026	3276.8857	3614.074	4459.2314	4301.969	3669.6558	0.0	4927.6304	4551.432	0.0	3887.573	3865.4475	7644.077	3448.8325	5119.6953	5942.633	4616.7026	3276.8857	3614.074	4459.2314	4301.969	3669.6558	0.0	
contam_contam_sp|P35527|K1C9_HUMAN	contam_contam_sp|P35527|K1C9_HUMAN Keratin, type I cytoskeletal 9 OS=Homo sapiens OX=9606 GN=KRT9 PE=1 SV=3	contam_contam_sp|P35527|K1C9_HUMAN Keratin, type I cytoskeletal 9 OS=Homo sapiens OX=9606 GN=KRT9 PE=1 SV=3		623			contam_contam_sp|P35527|K1C9_HUMAN Keratin, type I cytoskeletal 9 OS=Homo sapiens OX=9606 GN=KRT9 PE=1 SV=3	1.0	0.999	3	23	23	23	1	1	0	0	1	1	1	2	2	1	2	4	0	1	3	3	1	1	0	0	1	1	1	2	2	1	2	4	0	1	3	3	1	1	0	0	1	1	1	2	2	1	2	4	0	1	3	3	0.0	4759.8105	0.0	4794.496	0.0	8067.959	6025.6753	4935.9443	5646.053	4000.2095	4450.549	9682.133	3861.8843	4833.1616	4474.1743	2980.247	0.0	4715.9873	0.0	4750.3535	0.0	7993.678	5970.1973	4890.4995	5594.071	3963.38	4409.573	7439.3916	3826.3284	4788.663	4432.981	10199.283	
contam_contam_sp|P61769|B2MG_HUMAN	contam_contam_sp|P61769|B2MG_HUMAN Beta-2-microglobulin OS=Homo sapiens OX=9606 GN=B2M PE=1 SV=1	contam_contam_sp|P61769|B2MG_HUMAN Beta-2-microglobulin OS=Homo sapiens OX=9606 GN=B2M PE=1 SV=1		119			contam_contam_sp|P61769|B2MG_HUMAN Beta-2-microglobulin OS=Homo sapiens OX=9606 GN=B2M PE=1 SV=1	0.8644	0.9947	1	1	1	1	0	0	0	0	0	0	0	0	0	0	0	0	0	0	0	1	0	0	0	0	0	0	0	0	0	0	0	0	0	0	0	1	0	0	0	0	0	0	0	0	0	0	0	0	0	0	0	1	0.0	0.0	0.0	0.0	0.0	0.0	0.0	0.0	0.0	0.0	0.0	0.0	0.0	0.0	0.0	0.0	0.0	0.0	0.0	0.0	0.0	0.0	0.0	0.0	0.0	0.0	0.0	0.0	0.0	0.0	0.0	0.0	
contam_contam_sp|P62937|PPIA_HUMAN	contam_contam_sp|P62937|PPIA_HUMAN Peptidyl-prolyl cis-trans isomerase A OS=Homo sapiens OX=9606 GN=PPIA PE=1 SV=2	contam_contam_sp|P62937|PPIA_HUMAN Peptidyl-prolyl cis-trans isomerase A OS=Homo sapiens OX=9606 GN=PPIA PE=1 SV=2		165			contam_contam_sp|P62937|PPIA_HUMAN Peptidyl-prolyl cis-trans isomerase A OS=Homo sapiens OX=9606 GN=PPIA PE=1 SV=2	1.0	0.999	10	357	318	357	21	21	25	20	25	18	23	21	22	26	19	24	20	20	25	27	18	19	23	18	23	16	20	19	19	22	16	22	19	18	22	24	21	21	25	20	25	18	23	21	22	26	19	24	20	20	25	27	124475.28	100425.42	124383.94	128201.44	123242.54	113721.41	124362.87	83740.06	124648.35	122489.86	118933.836	127762.11	133535.38	124022.734	128863.79	125199.3	23493.361	21641.404	23045.15	23017.39	22827.906	23406.09	22347.238	21390.379	26132.578	24721.658	24845.146	26459.475	25728.752	26422.89	26389.828	24761.836	
contam_contam_sp|P62979|RS27A_HUMAN	contam_contam_sp|P62979|RS27A_HUMAN Ubiquitin-40S ribosomal protein S27a OS=Homo sapiens OX=9606 GN=RPS27A PE=1 SV=2	contam_contam_sp|P62979|RS27A_HUMAN Ubiquitin-40S ribosomal protein S27a OS=Homo sapiens OX=9606 GN=RPS27A PE=1 SV=2		156			contam_contam_sp|P62979|RS27A_HUMAN Ubiquitin-40S ribosomal protein S27a OS=Homo sapiens OX=9606 GN=RPS27A PE=1 SV=2	1.0	0.999	8	157	0	157	7	12	8	5	9	11	9	11	6	11	16	14	8	11	10	9	0	0	0	0	0	0	0	0	0	0	0	0	0	0	0	0	7	12	8	5	9	11	9	11	6	11	16	14	8	11	10	9	84973.55	77234.766	80545.3	83329.26	83910.08	75912.664	80743.625	83540.125	89219.07	90572.586	83755.98	85814.984	75427.08	86888.14	86731.73	83842.05	30799.424	28226.904	29271.236	29862.578	29416.492	29639.23	28632.629	28794.775	30654.314	32837.938	30328.453	29399.309	27516.979	29722.76	30369.77	31402.37	sp|P0CG47|UBB_HUMAN, sp|P0CG48|UBC_HUMAN, sp|P62987|RL40_HUMAN
contam_contam_sp|P63279|UBC9_HUMAN	contam_contam_sp|P63279|UBC9_HUMAN SUMO-conjugating enzyme UBC9 OS=Homo sapiens OX=9606 GN=UBE2I PE=1 SV=1	contam_contam_sp|P63279|UBC9_HUMAN SUMO-conjugating enzyme UBC9 OS=Homo sapiens OX=9606 GN=UBE2I PE=1 SV=1		158			contam_contam_sp|P63279|UBC9_HUMAN SUMO-conjugating enzyme UBC9 OS=Homo sapiens OX=9606 GN=UBE2I PE=1 SV=1	1.0	0.998	2	4	4	4	0	0	0	0	0	0	0	0	0	1	0	2	0	0	0	1	0	0	0	0	0	0	0	0	0	1	0	2	0	0	0	1	0	0	0	0	0	0	0	0	0	1	0	2	0	0	0	1	5508.522	5033.845	0.0	3353.8901	0.0	4680.2744	3182.4292	4500.285	4373.3374	4091.018	5054.662	3677.4246	3013.245	4916.8057	4407.13	5139.999	5508.522	5033.845	0.0	3353.8901	0.0	4680.2744	3182.4292	4500.285	4373.3374	4091.018	5054.662	3677.4246	3013.245	4916.8057	4407.13	5139.999	
contam_contam_sp|P69905|HBA_HUMAN	contam_contam_sp|P69905|HBA_HUMAN Hemoglobin subunit alpha OS=Homo sapiens OX=9606 GN=HBA2 PE=1 SV=2	contam_contam_sp|P69905|HBA_HUMAN Hemoglobin subunit alpha OS=Homo sapiens OX=9606 GN=HBA2 PE=1 SV=2		142			contam_contam_sp|P69905|HBA_HUMAN Hemoglobin subunit alpha OS=Homo sapiens OX=9606 GN=HBA2 PE=1 SV=2	1.0	0.999	9	144	132	144	10	12	7	3	10	5	10	6	12	9	11	14	8	8	10	9	10	11	6	3	9	5	8	5	11	8	10	13	8	8	9	8	10	12	7	3	10	5	10	6	12	9	11	14	8	8	10	9	28178.35	31262.455	28499.969	30210.547	29756.6	31838.402	31259.39	24722.234	32378.916	34761.715	36298.395	33128.082	44581.094	35837.434	33264.117	36102.17	5969.1016	6542.9883	5973.369	6322.868	6057.08	6949.384	6625.065	6164.877	6888.0747	6862.774	7231.7134	6733.093	7278.2485	7045.3267	7237.4604	7549.962	
contam_contam_sp|P99999|CYC_HUMAN	contam_contam_sp|P99999|CYC_HUMAN Cytochrome c OS=Homo sapiens OX=9606 GN=CYCS PE=1 SV=2	contam_contam_sp|P99999|CYC_HUMAN Cytochrome c OS=Homo sapiens OX=9606 GN=CYCS PE=1 SV=2		105			contam_contam_sp|P99999|CYC_HUMAN Cytochrome c OS=Homo sapiens OX=9606 GN=CYCS PE=1 SV=2	1.0	0.999	6	71	68	71	4	2	3	1	4	3	5	2	4	4	6	8	5	9	4	7	3	2	3	1	4	3	5	2	4	4	6	8	4	9	4	6	4	2	3	1	4	3	5	2	4	4	6	8	5	9	4	7	5431.447	9932.016	12122.104	9581.14	11000.105	11851.188	10629.693	11392.977	13779.174	12477.314	11027.203	12227.368	11397.074	8035.215	15451.911	15407.523	5325.0024	5534.6367	6870.1963	5534.705	6302.44	6824.497	6091.2583	6476.841	7837.475	7004.555	6136.6235	6495.1914	6090.105	7168.4683	7551.0024	7404.3643	
contam_contam_sp|Q06830|PRDX1_HUMAN	contam_contam_sp|Q06830|PRDX1_HUMAN Peroxiredoxin-1 OS=Homo sapiens OX=9606 GN=PRDX1 PE=1 SV=1	contam_contam_sp|Q06830|PRDX1_HUMAN Peroxiredoxin-1 OS=Homo sapiens OX=9606 GN=PRDX1 PE=1 SV=1		199			contam_contam_sp|Q06830|PRDX1_HUMAN Peroxiredoxin-1 OS=Homo sapiens OX=9606 GN=PRDX1 PE=1 SV=1	1.0	0.999	14	239	195	239	11	13	10	9	15	13	18	12	15	17	16	18	9	23	21	19	9	11	7	7	13	11	13	10	12	14	14	16	7	19	16	16	11	13	10	9	15	13	18	12	15	17	16	18	9	23	21	19	89059.94	95958.445	93688.93	88940.305	88624.33	99224.41	96048.266	72273.8	108094.39	108312.055	96047.86	100349.484	110151.43	106081.54	120097.625	119302.97	10539.567	10336.164	10630.216	10322.069	11424.0625	11113.648	10624.524	10557.811	12812.443	11654.187	12162.77	11721.37	12134.848	11704.079	12324.435	11626.534	
contam_contam_sp|Q15843|NEDD8_HUMAN	contam_contam_sp|Q15843|NEDD8_HUMAN NEDD8 OS=Homo sapiens OX=9606 GN=NEDD8 PE=1 SV=1	contam_contam_sp|Q15843|NEDD8_HUMAN NEDD8 OS=Homo sapiens OX=9606 GN=NEDD8 PE=1 SV=1		81			contam_contam_sp|Q15843|NEDD8_HUMAN NEDD8 OS=Homo sapiens OX=9606 GN=NEDD8 PE=1 SV=1	0.9713	0.999	1	8	8	8	0	0	0	0	1	1	1	0	0	1	0	0	0	1	2	1	0	0	0	0	1	1	1	0	0	1	0	0	0	1	2	1	0	0	0	0	1	1	1	0	0	1	0	0	0	1	2	1	3021.7402	3649.0872	3544.1152	4041.7266	3097.2942	3418.2085	3001.8923	3910.9062	3037.2097	2897.6492	2609.7932	0.0	3344.3738	2299.7256	2130.8381	1858.9502	3021.7402	3649.0872	3544.1152	4041.7266	3097.2942	3418.2085	3001.8923	3910.9062	3037.2097	2897.6492	2609.7932	0.0	3344.3738	2299.7256	2130.8381	1858.9502	
sp|A0A1B0GUS4|UB2L5_HUMAN	A0A1B0GUS4	UB2L5_HUMAN	UBE2L5	154	Homo sapiens	1:Experimental evidence at protein level	Ubiquitin-conjugating enzyme E2 L5	0.9999	0.9986	5	2	2	48	0	0	0	0	0	0	0	0	1	0	0	1	0	0	0	0	0	0	0	0	0	0	0	0	1	0	0	1	0	0	0	0	3	1	3	0	2	2	3	3	3	4	5	5	3	2	3	6	0.0	0.0	0.0	0.0	0.0	0.0	0.0	0.0	0.0	0.0	0.0	0.0	0.0	0.0	0.0	0.0	0.0	0.0	0.0	0.0	0.0	0.0	0.0	0.0	0.0	0.0	0.0	0.0	0.0	0.0	0.0	0.0	
sp|A0AVT1|UBA6_HUMAN	A0AVT1	UBA6_HUMAN	UBA6	1052	Homo sapiens	1:Experimental evidence at protein level	Ubiquitin-like modifier-activating enzyme 6	1.0	0.9971	3	4	4	4	0	0	1	0	0	1	0	1	0	0	0	0	0	1	0	0	0	0	1	0	0	1	0	1	0	0	0	0	0	1	0	0	0	0	1	0	0	1	0	1	0	0	0	0	0	1	0	0	0.0	0.0	0.0	0.0	0.0	7328.017	0.0	0.0	0.0	0.0	0.0	0.0	0.0	0.0	0.0	0.0	0.0	0.0	0.0	0.0	0.0	0.0	0.0	0.0	0.0	0.0	0.0	0.0	0.0	0.0	0.0	0.0	
sp|A5A3E0|POTEF_HUMAN	A5A3E0	POTEF_HUMAN	POTEF	1075	Homo sapiens	1:Experimental evidence at protein level	POTE ankyrin domain family member F	1.0	0.999	8	38	38	242	1	2	3	5	3	4	3	4	0	3	2	0	0	3	3	2	1	2	3	5	3	4	3	4	0	3	2	0	0	3	3	2	11	13	9	12	14	18	16	17	15	19	15	16	7	23	20	17	0.0	0.0	3653.866	0.0	1383.3403	0.0	0.0	3026.9014	0.0	2152.2942	1482.0293	0.0	0.0	2821.3223	0.0	0.0	0.0	0.0	3653.866	0.0	1383.3403	0.0	0.0	3026.9014	0.0	2152.2942	1482.0293	0.0	0.0	2821.3223	0.0	0.0	
sp|A6NHR9|SMHD1_HUMAN	A6NHR9	SMHD1_HUMAN	SMCHD1	2005	Homo sapiens	1:Experimental evidence at protein level	Structural maintenance of chromosomes flexible hinge domain-containing protein 1	0.8651	0.9947	1	1	1	1	0	0	0	0	0	0	0	0	0	0	0	0	0	1	0	0	0	0	0	0	0	0	0	0	0	0	0	0	0	1	0	0	0	0	0	0	0	0	0	0	0	0	0	0	0	1	0	0	0.0	0.0	0.0	0.0	0.0	0.0	0.0	0.0	0.0	0.0	0.0	0.0	0.0	0.0	0.0	0.0	0.0	0.0	0.0	0.0	0.0	0.0	0.0	0.0	0.0	0.0	0.0	0.0	0.0	0.0	0.0	0.0	
sp|A6NHZ5|LR14B_HUMAN	A6NHZ5	LR14B_HUMAN	LRRC14B	514	Homo sapiens	1:Experimental evidence at protein level	Leucine-rich repeat-containing protein 14B	0.8805	0.9954	1	1	1	1	1	0	0	0	0	0	0	0	0	0	0	0	0	0	0	0	1	0	0	0	0	0	0	0	0	0	0	0	0	0	0	0	1	0	0	0	0	0	0	0	0	0	0	0	0	0	0	0	0.0	0.0	0.0	0.0	0.0	0.0	0.0	0.0	0.0	0.0	0.0	0.0	0.0	0.0	0.0	0.0	0.0	0.0	0.0	0.0	0.0	0.0	0.0	0.0	0.0	0.0	0.0	0.0	0.0	0.0	0.0	0.0	
sp|A6NIZ1|RP1BL_HUMAN	A6NIZ1	RP1BL_HUMAN	RAP1BL	184	Homo sapiens	1:Experimental evidence at protein level	Ras-related protein Rap-1b-like protein	1.0	0.999	3	46	0	46	3	3	4	3	3	2	3	5	2	3	2	3	2	2	3	3	0	0	0	0	0	0	0	0	0	0	0	0	0	0	0	0	3	3	4	3	3	2	3	5	2	3	2	3	2	2	3	3	9386.965	10598.986	10148.001	11241.062	10968.002	9780.064	8629.665	10985.948	7791.678	7220.6562	9414.409	7122.302	9890.222	3698.8909	10344.768	7879.681	5522.385	6108.864	5996.7505	6366.53	6457.2886	5777.3467	5082.017	6419.7896	4592.0874	4231.5127	5275.761	4131.9473	5844.36	3717.0945	6098.061	4576.2603	sp|P61224|RAP1B_HUMAN, sp|P62834|RAP1A_HUMAN
sp|A6NNZ2|TBB8B_HUMAN	A6NNZ2	TBB8B_HUMAN	TUBB8B	444	Homo sapiens	1:Experimental evidence at protein level	Tubulin beta 8B	1.0	0.999	8	4	0	203	0	0	1	0	1	1	0	0	0	0	0	0	0	1	0	0	0	0	0	0	0	0	0	0	0	0	0	0	0	0	0	0	12	13	13	10	17	10	14	13	8	17	15	15	10	15	12	9	0.0	0.0	0.0	0.0	0.0	0.0	0.0	0.0	0.0	0.0	0.0	0.0	0.0	0.0	0.0	0.0	0.0	0.0	0.0	0.0	0.0	0.0	0.0	0.0	0.0	0.0	0.0	0.0	0.0	0.0	0.0	0.0	sp|Q3ZCM7|TBB8_HUMAN
sp|E9PAV3|NACAM_HUMAN	E9PAV3	NACAM_HUMAN	NACA	2078	Homo sapiens	1:Experimental evidence at protein level	Nascent polypeptide-associated complex subunit alpha, muscle-specific form	1.0	0.999	6	113	0	113	5	8	5	7	6	6	6	7	4	5	9	7	11	9	10	8	0	0	0	0	0	0	0	0	0	0	0	0	0	0	0	0	5	8	5	7	6	6	6	7	4	5	9	7	11	9	10	8	37429.973	43042.805	35938.87	36831.89	43120.83	41975.4	35782.26	45841.76	37313.227	38748.89	40116.895	37934.11	39964.406	31435.887	40107.508	35368.77	10087.177	11630.01	11984.505	10960.782	10738.369	9903.869	9979.932	11392.266	10422.026	9583.369	9809.901	10533.108	11296.005	8720.936	9979.099	9404.786	sp|Q13765|NACA_HUMAN
sp|O00116|ADAS_HUMAN	O00116	ADAS_HUMAN	AGPS	658	Homo sapiens	1:Experimental evidence at protein level	Alkyldihydroxyacetonephosphate synthase, peroxisomal	0.9713	0.999	1	7	7	7	1	0	1	1	1	0	1	0	0	0	0	0	1	0	1	0	1	0	1	1	1	0	1	0	0	0	0	0	1	0	1	0	1	0	1	1	1	0	1	0	0	0	0	0	1	0	1	0	0.0	0.0	0.0	0.0	0.0	0.0	0.0	0.0	0.0	0.0	0.0	0.0	0.0	0.0	0.0	0.0	0.0	0.0	0.0	0.0	0.0	0.0	0.0	0.0	0.0	0.0	0.0	0.0	0.0	0.0	0.0	0.0	
sp|O00148|DX39A_HUMAN	O00148	DX39A_HUMAN	DDX39A	427	Homo sapiens	1:Experimental evidence at protein level	ATP-dependent RNA helicase DDX39A	0.9999	0.999	6	11	11	64	0	1	2	0	2	0	2	1	0	0	0	0	0	1	2	0	0	1	2	0	2	0	2	1	0	0	0	0	0	1	2	0	2	4	4	1	4	1	5	5	4	3	7	7	3	6	5	3	0.0	0.0	0.0	0.0	0.0	0.0	0.0	0.0	0.0	0.0	0.0	0.0	0.0	0.0	0.0	0.0	0.0	0.0	0.0	0.0	0.0	0.0	0.0	0.0	0.0	0.0	0.0	0.0	0.0	0.0	0.0	0.0	
sp|O00151|PDLI1_HUMAN	O00151	PDLI1_HUMAN	PDLIM1	329	Homo sapiens	1:Experimental evidence at protein level	PDZ and LIM domain protein 1	1.0	0.999	3	23	23	23	1	1	0	2	1	1	1	2	1	2	3	3	0	1	2	2	1	1	0	2	1	1	1	2	1	2	3	3	0	1	2	2	1	1	0	2	1	1	1	2	1	2	3	3	0	1	2	2	0.0	0.0	0.0	0.0	0.0	0.0	0.0	0.0	0.0	2027.5667	0.0	2246.8325	0.0	1676.9552	2239.527	0.0	0.0	0.0	0.0	0.0	0.0	0.0	0.0	0.0	0.0	2027.5667	0.0	2246.8325	0.0	1676.9552	2239.527	0.0	
sp|O00154|BACH_HUMAN	O00154	BACH_HUMAN	ACOT7	380	Homo sapiens	1:Experimental evidence at protein level	Cytosolic acyl coenzyme A thioester hydrolase	0.9333	0.9976	1	1	1	1	0	0	0	0	0	0	0	1	0	0	0	0	0	0	0	0	0	0	0	0	0	0	0	1	0	0	0	0	0	0	0	0	0	0	0	0	0	0	0	1	0	0	0	0	0	0	0	0	0.0	0.0	0.0	0.0	0.0	0.0	0.0	0.0	0.0	0.0	0.0	0.0	0.0	0.0	0.0	0.0	0.0	0.0	0.0	0.0	0.0	0.0	0.0	0.0	0.0	0.0	0.0	0.0	0.0	0.0	0.0	0.0	
sp|O00161|SNP23_HUMAN	O00161	SNP23_HUMAN	SNAP23	211	Homo sapiens	1:Experimental evidence at protein level	Synaptosomal-associated protein 23	1.0	0.999	1	6	6	6	0	1	0	0	1	0	2	0	0	0	0	1	1	0	0	0	0	1	0	0	1	0	2	0	0	0	0	1	1	0	0	0	0	1	0	0	1	0	2	0	0	0	0	1	1	0	0	0	0.0	0.0	0.0	0.0	0.0	0.0	0.0	0.0	0.0	0.0	0.0	0.0	0.0	0.0	0.0	0.0	0.0	0.0	0.0	0.0	0.0	0.0	0.0	0.0	0.0	0.0	0.0	0.0	0.0	0.0	0.0	0.0	
sp|O00232|PSD12_HUMAN	O00232	PSD12_HUMAN	PSMD12	456	Homo sapiens	1:Experimental evidence at protein level	26S proteasome non-ATPase regulatory subunit 12	1.0	0.9964	3	4	4	4	0	0	0	0	0	0	1	0	0	1	1	0	0	0	0	1	0	0	0	0	0	0	1	0	0	1	1	0	0	0	0	1	0	0	0	0	0	0	1	0	0	1	1	0	0	0	0	1	0.0	0.0	0.0	0.0	0.0	0.0	0.0	0.0	0.0	0.0	0.0	0.0	0.0	0.0	0.0	0.0	0.0	0.0	0.0	0.0	0.0	0.0	0.0	0.0	0.0	0.0	0.0	0.0	0.0	0.0	0.0	0.0	
sp|O00267|SPT5H_HUMAN	O00267	SPT5H_HUMAN	SUPT5H	1087	Homo sapiens	1:Experimental evidence at protein level	Transcription elongation factor SPT5	1.0	0.9986	2	3	3	3	0	0	0	0	2	0	0	0	0	0	0	0	0	0	1	0	0	0	0	0	2	0	0	0	0	0	0	0	0	0	1	0	0	0	0	0	2	0	0	0	0	0	0	0	0	0	1	0	0.0	0.0	0.0	0.0	0.0	0.0	0.0	0.0	0.0	0.0	0.0	0.0	0.0	0.0	0.0	0.0	0.0	0.0	0.0	0.0	0.0	0.0	0.0	0.0	0.0	0.0	0.0	0.0	0.0	0.0	0.0	0.0	
sp|O00299|CLIC1_HUMAN	O00299	CLIC1_HUMAN	CLIC1	241	Homo sapiens	1:Experimental evidence at protein level	Chloride intracellular channel protein 1	1.0	0.999	12	276	276	276	17	16	18	16	17	15	16	18	17	16	19	19	15	20	16	21	17	16	18	16	17	15	16	18	17	16	19	19	15	20	16	21	17	16	18	16	17	15	16	18	17	16	19	19	15	20	16	21	75408.69	70664.7	78659.125	80264.125	79575.55	85666.01	75880.945	88349.62	83195.96	82139.85	85197.22	70950.29	75984.94	80530.97	95396.71	89049.26	14423.475	15500.673	15631.012	15392.856	15622.708	15664.358	15696.448	15750.354	16016.781	15640.5205	15786.354	15848.689	15835.005	15762.695	17701.053	16815.664	
sp|O00303|EIF3F_HUMAN	O00303	EIF3F_HUMAN	EIF3F	357	Homo sapiens	1:Experimental evidence at protein level	Eukaryotic translation initiation factor 3 subunit F	1.0	0.999	3	10	10	10	1	0	1	1	1	0	1	1	0	0	0	2	0	0	1	1	1	0	1	1	1	0	1	1	0	0	0	2	0	0	1	1	1	0	1	1	1	0	1	1	0	0	0	2	0	0	1	1	0.0	0.0	0.0	0.0	0.0	0.0	0.0	0.0	0.0	0.0	0.0	0.0	0.0	0.0	0.0	0.0	0.0	0.0	0.0	0.0	0.0	0.0	0.0	0.0	0.0	0.0	0.0	0.0	0.0	0.0	0.0	0.0	
sp|O00410|IPO5_HUMAN	O00410	IPO5_HUMAN	IPO5	1097	Homo sapiens	1:Experimental evidence at protein level	Importin-5	1.0	0.999	3	36	36	36	2	2	2	1	3	3	3	2	2	1	2	4	1	2	2	4	2	2	2	1	3	3	3	2	2	1	2	4	1	2	2	4	2	2	2	1	3	3	3	2	2	1	2	4	1	2	2	4	0.0	0.0	3383.2937	4846.985	2283.8103	4244.9053	0.0	3662.7107	0.0	3831.461	0.0	0.0	2552.2478	0.0	0.0	2265.5657	0.0	0.0	3383.2937	4846.985	2283.8103	4244.9053	0.0	3662.7107	0.0	0.0	0.0	0.0	2552.2478	0.0	0.0	2265.5657	
sp|O00425|IF2B3_HUMAN	O00425	IF2B3_HUMAN	IGF2BP3	579	Homo sapiens	1:Experimental evidence at protein level	Insulin-like growth factor 2 mRNA-binding protein 3	0.9992	0.999	2	11	11	14	0	2	1	1	1	2	2	2	0	0	0	0	0	0	0	0	0	2	1	1	1	2	2	2	0	0	0	0	0	0	0	0	0	2	1	1	2	2	2	3	1	0	0	0	0	0	0	0	0.0	0.0	1804.1472	0.0	0.0	0.0	0.0	1508.1946	0.0	0.0	0.0	0.0	0.0	0.0	0.0	0.0	0.0	0.0	1804.1472	0.0	0.0	0.0	0.0	1508.1946	0.0	0.0	0.0	0.0	0.0	0.0	0.0	0.0	
sp|O00429|DNM1L_HUMAN	O00429	DNM1L_HUMAN	DNM1L	736	Homo sapiens	1:Experimental evidence at protein level	Dynamin-1-like protein	0.8731	0.9951	1	1	1	1	0	1	0	0	0	0	0	0	0	0	0	0	0	0	0	0	0	1	0	0	0	0	0	0	0	0	0	0	0	0	0	0	0	1	0	0	0	0	0	0	0	0	0	0	0	0	0	0	0.0	0.0	0.0	0.0	0.0	0.0	0.0	0.0	0.0	0.0	0.0	0.0	0.0	0.0	0.0	0.0	0.0	0.0	0.0	0.0	0.0	0.0	0.0	0.0	0.0	0.0	0.0	0.0	0.0	0.0	0.0	0.0	
sp|O00487|PSDE_HUMAN	O00487	PSDE_HUMAN	PSMD14	310	Homo sapiens	1:Experimental evidence at protein level	Ubiquitin C-terminal hydrolase PSMD14	1.0	0.999	2	7	7	7	0	0	0	0	1	0	0	0	0	1	1	0	1	0	1	2	0	0	0	0	1	0	0	0	0	1	1	0	1	0	1	2	0	0	0	0	1	0	0	0	0	1	1	0	1	0	1	2	0.0	0.0	0.0	0.0	0.0	0.0	0.0	0.0	0.0	0.0	0.0	0.0	0.0	0.0	0.0	0.0	0.0	0.0	0.0	0.0	0.0	0.0	0.0	0.0	0.0	0.0	0.0	0.0	0.0	0.0	0.0	0.0	
sp|O00566|MPP10_HUMAN	O00566	MPP10_HUMAN	MPHOSPH10	681	Homo sapiens	1:Experimental evidence at protein level	U3 small nucleolar ribonucleoprotein protein MPP10	1.0	0.9988	2	3	3	3	0	0	1	0	0	0	0	1	0	0	0	0	0	1	0	0	0	0	1	0	0	0	0	1	0	0	0	0	0	1	0	0	0	0	1	0	0	0	0	1	0	0	0	0	0	1	0	0	0.0	0.0	0.0	0.0	0.0	0.0	0.0	0.0	0.0	0.0	0.0	0.0	0.0	0.0	0.0	0.0	0.0	0.0	0.0	0.0	0.0	0.0	0.0	0.0	0.0	0.0	0.0	0.0	0.0	0.0	0.0	0.0	
sp|O00571|DDX3X_HUMAN	O00571	DDX3X_HUMAN	DDX3X	662	Homo sapiens	1:Experimental evidence at protein level	ATP-dependent RNA helicase DDX3X	1.0	0.999	9	93	51	93	5	3	6	7	5	7	7	5	5	7	8	7	6	6	4	5	4	2	4	5	4	5	5	2	1	3	2	2	4	4	1	3	5	3	6	7	5	7	7	5	5	7	8	7	6	6	4	5	6204.4336	0.0	6283.712	0.0	6640.91	0.0	5971.369	5925.1064	6471.0264	5404.709	6514.431	7374.4175	5769.349	3925.986	4895.0186	3893.9268	4065.5708	0.0	6338.338	0.0	6698.6416	0.0	6023.28	5976.615	3957.9607	3224.4524	4065.7852	4017.5222	3633.7756	3960.1157	3856.1128	3927.7778	
sp|O00629|IMA3_HUMAN	O00629	IMA3_HUMAN	KPNA4	521	Homo sapiens	1:Experimental evidence at protein level	Importin subunit alpha-3	1.0	0.999	3	13	13	13	2	2	0	0	2	1	1	1	1	0	0	2	0	0	1	0	2	2	0	0	2	1	1	1	1	0	0	2	0	0	1	0	2	2	0	0	2	1	1	1	1	0	0	2	0	0	1	0	0.0	0.0	0.0	0.0	0.0	0.0	0.0	0.0	0.0	0.0	0.0	0.0	0.0	0.0	0.0	0.0	0.0	0.0	0.0	0.0	0.0	0.0	0.0	0.0	0.0	0.0	0.0	0.0	0.0	0.0	0.0	0.0	
sp|O13516|RS9A_YEAST	O13516	RS9A_YEAST	RPS9A	197	Saccharomyces cerevisiae (strain ATCC 204508 / S288c)	1:Experimental evidence at protein level	Small ribosomal subunit protein uS4A	0.9998	0.999	3	7	7	9	1	1	0	0	0	2	1	0	0	0	1	0	0	1	0	0	1	1	0	0	0	2	1	0	0	0	1	0	0	1	0	0	1	1	0	1	0	2	2	0	0	0	1	0	0	1	0	0	0.0	0.0	3221.309	3462.8804	0.0	1467.5774	0.0	1382.3077	0.0	0.0	0.0	0.0	0.0	0.0	0.0	0.0	0.0	0.0	3221.309	3462.8804	0.0	1467.5774	0.0	1382.3077	0.0	0.0	0.0	0.0	0.0	0.0	0.0	0.0	
sp|O13535|YH11B_YEAST	O13535	YH11B_YEAST	TY1B-H	1793	Saccharomyces cerevisiae (strain ATCC 204508 / S288c)	3:Protein inferred from homology	Transposon Ty1-H Gag-Pol polyprotein	1.0	0.999	2	5	0	5	0	0	1	0	3	0	0	1	0	0	0	0	0	0	0	0	0	0	0	0	0	0	0	0	0	0	0	0	0	0	0	0	0	0	1	0	3	0	0	1	0	0	0	0	0	0	0	0	0.0	0.0	0.0	0.0	2533.2866	0.0	1524.7396	0.0	0.0	0.0	0.0	0.0	0.0	0.0	0.0	0.0	0.0	0.0	0.0	0.0	2533.2866	0.0	1524.7396	0.0	0.0	0.0	0.0	0.0	0.0	0.0	0.0	0.0	sp|O74302|YD13A_YEAST, sp|P0C2I2|YD14B_YEAST, sp|P0C2I3|YD15B_YEAST, sp|P0C2I4|YH11A_YEAST, sp|P0C2I5|YL12B_YEAST, sp|P0C2I6|YL13B_YEAST, sp|P0C2I8|YL14A_YEAST, sp|P0C2I9|YP12B_YEAST, sp|P0C2J0|YP13B_YEAST, sp|P0C2J1|YP14B_YEAST, sp|P0CX57|YA11A_YEAST, sp|P0CX58|YP12A_YEAST, sp|P0CX59|YO12A_YEAST, sp|P0CX60|YP13A_YEAST, sp|P0CX65|YD14A_YEAST, sp|P0CX66|YE12A_YEAST, sp|P0CX67|YG13A_YEAST, sp|P0CX68|YL11A_YEAST, sp|P0CX69|YM14A_YEAST, sp|P0CX70|YD15A_YEAST, sp|P0CX71|YE11A_YEAST, sp|P0CX72|YL12A_YEAST, sp|P0CX73|YP11A_YEAST, sp|P0CX74|YJ11A_YEAST, sp|P0CX75|YL13A_YEAST, sp|P0CX76|YM12A_YEAST, sp|P47098|YJ11B_YEAST, sp|P47099|YJ12A_YEAST, sp|P47100|YJ12B_YEAST, sp|Q03434|YM12B_YEAST, sp|Q03612|YE11B_YEAST, sp|Q03619|YE12B_YEAST, sp|Q03855|YD11B_YEAST, sp|Q03856|YD11A_YEAST, sp|Q04670|YM14B_YEAST, sp|Q04706|YM11A_YEAST, sp|Q04711|YM11B_YEAST, sp|Q07793|YD13B_YEAST, sp|Q12085|YG11A_YEAST, sp|Q12088|YL11B_YEAST, sp|Q12141|YG11B_YEAST, sp|Q12193|YB12B_YEAST, sp|Q12217|YB12A_YEAST, sp|Q12269|YG12B_YEAST, sp|Q12273|YO11B_YEAST, sp|Q12316|YG13B_YEAST, sp|Q12414|YP11B_YEAST, sp|Q12441|YD12A_YEAST, sp|Q12470|YN12A_YEAST, sp|Q12485|YG12A_YEAST, sp|Q6Q5H1|YP14A_YEAST, sp|Q92392|YO11A_YEAST, sp|Q92393|YO12B_YEAST, sp|Q99231|YD12B_YEAST, sp|Q99337|YN12B_YEAST
sp|O14455|RL36B_YEAST	O14455	RL36B_YEAST	RPL36B	100	Saccharomyces cerevisiae (strain ATCC 204508 / S288c)	1:Experimental evidence at protein level	Large ribosomal subunit protein eL36B	0.9566	0.9985	1	14	0	14	2	1	2	1	2	1	1	1	0	1	1	0	0	0	0	1	0	0	0	0	0	0	0	0	0	0	0	0	0	0	0	0	2	1	2	1	2	1	1	1	0	1	1	0	0	0	0	1	5157.012	0.0	6457.6606	7277.759	5387.9375	6066.1074	6355.26	0.0	4376.8687	4252.4756	3774.2966	3670.608	3574.9766	3200.0222	4096.9194	4337.553	5157.012	0.0	6457.6606	7277.759	5387.9375	6066.1074	6355.26	0.0	4376.8687	4252.4756	3774.2966	3670.608	3574.9766	3200.0222	4096.9194	4337.553	sp|P05745|RL36A_YEAST
sp|O14519|CDKA1_HUMAN	O14519	CDKA1_HUMAN	CDK2AP1	115	Homo sapiens	1:Experimental evidence at protein level	Cyclin-dependent kinase 2-associated protein 1	0.9999	0.999	2	3	2	3	1	0	0	0	0	0	0	0	0	1	0	0	0	0	1	0	1	0	0	0	0	0	0	0	0	0	0	0	0	0	1	0	1	0	0	0	0	0	0	0	0	1	0	0	0	0	1	0	0.0	0.0	0.0	0.0	0.0	0.0	0.0	0.0	0.0	0.0	0.0	0.0	0.0	0.0	0.0	0.0	0.0	0.0	0.0	0.0	0.0	0.0	0.0	0.0	0.0	0.0	0.0	0.0	0.0	0.0	0.0	0.0	
sp|O14556|G3PT_HUMAN	O14556	G3PT_HUMAN	GAPDHS	408	Homo sapiens	1:Experimental evidence at protein level	Glyceraldehyde-3-phosphate dehydrogenase, testis-specific	1.0	0.999	3	24	24	61	2	3	1	1	1	1	3	1	0	1	1	1	1	4	2	1	2	3	1	1	1	1	3	1	0	1	1	1	1	4	2	1	3	5	2	2	3	2	4	3	2	5	5	5	4	7	5	4	0.0	0.0	0.0	0.0	0.0	0.0	0.0	0.0	0.0	0.0	0.0	0.0	0.0	0.0	0.0	0.0	0.0	0.0	0.0	0.0	0.0	0.0	0.0	0.0	0.0	0.0	0.0	0.0	0.0	0.0	0.0	0.0	
sp|O14602|IF1AY_HUMAN	O14602	IF1AY_HUMAN	EIF1AY	144	Homo sapiens	1:Experimental evidence at protein level	Eukaryotic translation initiation factor 1A, Y-chromosomal	1.0	0.999	3	28	0	28	3	3	1	0	1	1	2	2	1	2	1	2	1	3	2	3	0	0	0	0	0	0	0	0	0	0	0	0	0	0	0	0	3	3	1	0	1	1	2	2	1	2	1	2	1	3	2	3	5283.598	8915.401	10341.711	7964.124	3038.519	10862.381	11820.346	12780.954	8342.104	9776.184	11129.429	8117.339	9670.642	11130.408	9706.714	9681.881	5325.909	4915.378	5863.7744	4666.554	4514.4844	4424.878	4770.019	5279.2495	5017.968	4148.5195	4589.201	4912.736	3931.3035	4575.7163	4163.785	3984.3423	sp|P47813|IF1AX_HUMAN
sp|O14617|AP3D1_HUMAN	O14617	AP3D1_HUMAN	AP3D1	1153	Homo sapiens	1:Experimental evidence at protein level	AP-3 complex subunit delta-1	0.9712	0.999	1	8	8	8	1	1	1	0	1	0	0	0	0	0	1	0	0	2	1	0	1	1	1	0	1	0	0	0	0	0	1	0	0	2	1	0	1	1	1	0	1	0	0	0	0	0	1	0	0	2	1	0	0.0	0.0	0.0	0.0	0.0	0.0	0.0	0.0	0.0	0.0	0.0	0.0	0.0	0.0	0.0	0.0	0.0	0.0	0.0	0.0	0.0	0.0	0.0	0.0	0.0	0.0	0.0	0.0	0.0	0.0	0.0	0.0	
sp|O14737|PDCD5_HUMAN	O14737	PDCD5_HUMAN	PDCD5	125	Homo sapiens	1:Experimental evidence at protein level	Programmed cell death protein 5	0.9638	0.9987	1	1	1	1	0	0	0	0	0	0	0	0	0	0	0	1	0	0	0	0	0	0	0	0	0	0	0	0	0	0	0	1	0	0	0	0	0	0	0	0	0	0	0	0	0	0	0	1	0	0	0	0	0.0	0.0	0.0	0.0	0.0	0.0	0.0	0.0	0.0	0.0	0.0	0.0	0.0	0.0	0.0	0.0	0.0	0.0	0.0	0.0	0.0	0.0	0.0	0.0	0.0	0.0	0.0	0.0	0.0	0.0	0.0	0.0	
sp|O14744|ANM5_HUMAN	O14744	ANM5_HUMAN	PRMT5	637	Homo sapiens	1:Experimental evidence at protein level	Protein arginine N-methyltransferase 5	0.9713	0.999	1	7	7	7	1	0	1	2	0	1	0	0	1	1	0	0	0	0	0	0	1	0	1	2	0	1	0	0	1	1	0	0	0	0	0	0	1	0	1	2	0	1	0	0	1	1	0	0	0	0	0	0	0.0	0.0	0.0	0.0	0.0	0.0	0.0	0.0	0.0	0.0	0.0	0.0	0.0	0.0	0.0	0.0	0.0	0.0	0.0	0.0	0.0	0.0	0.0	0.0	0.0	0.0	0.0	0.0	0.0	0.0	0.0	0.0	
sp|O14818|PSA7_HUMAN	O14818	PSA7_HUMAN	PSMA7	248	Homo sapiens	1:Experimental evidence at protein level	Proteasome subunit alpha type-7	1.0	0.999	7	36	9	36	1	3	4	1	1	2	2	2	1	2	4	2	2	3	4	2	0	2	2	0	0	0	0	1	0	0	1	1	0	1	1	0	1	3	4	1	1	2	2	2	1	2	4	2	2	3	4	2	14266.211	11728.112	11406.635	16979.906	14825.933	13062.396	16708.133	16473.92	15027.886	16005.279	16294.593	16326.903	15020.944	16900.988	14144.786	10303.908	6115.092	6622.4155	4481.341	6656.8237	5029.895	5979.3403	5552.4326	5500.448	5310.278	5506.161	5659.671	5506.0654	4996.927	6001.304	4929.3154	5507.963	
sp|O14929|HAT1_HUMAN	O14929	HAT1_HUMAN	HAT1	419	Homo sapiens	1:Experimental evidence at protein level	Histone acetyltransferase type B catalytic subunit	0.9661	0.9988	1	2	2	2	0	0	0	0	0	0	0	0	0	0	1	1	0	0	0	0	0	0	0	0	0	0	0	0	0	0	1	1	0	0	0	0	0	0	0	0	0	0	0	0	0	0	1	1	0	0	0	0	0.0	0.0	0.0	0.0	0.0	0.0	0.0	0.0	0.0	0.0	0.0	0.0	0.0	0.0	0.0	0.0	0.0	0.0	0.0	0.0	0.0	0.0	0.0	0.0	0.0	0.0	0.0	0.0	0.0	0.0	0.0	0.0	
sp|O14950|ML12B_HUMAN	O14950	ML12B_HUMAN	MYL12B	172	Homo sapiens	1:Experimental evidence at protein level	Myosin regulatory light chain 12B	0.9671	0.9988	1	2	0	2	0	0	0	0	0	1	0	0	0	0	0	0	1	0	0	0	0	0	0	0	0	0	0	0	0	0	0	0	0	0	0	0	0	0	0	0	0	1	0	0	0	0	0	0	1	0	0	0	0.0	0.0	0.0	0.0	0.0	0.0	0.0	0.0	0.0	0.0	0.0	0.0	0.0	0.0	0.0	0.0	0.0	0.0	0.0	0.0	0.0	0.0	0.0	0.0	0.0	0.0	0.0	0.0	0.0	0.0	0.0	0.0	sp|P19105|ML12A_HUMAN
sp|O14979|HNRDL_HUMAN	O14979	HNRDL_HUMAN	HNRNPDL	420	Homo sapiens	1:Experimental evidence at protein level	Heterogeneous nuclear ribonucleoprotein D-like	1.0	0.999	7	114	114	140	4	8	7	6	8	8	6	6	6	9	6	6	7	9	9	9	4	8	7	6	8	8	6	6	6	9	6	6	7	9	9	9	5	9	8	7	10	9	7	7	7	11	8	7	9	11	14	11	20872.543	20464.219	22205.441	22911.861	21384.209	23873.95	26266.385	21347.799	16796.324	17452.658	16886.596	20528.523	21098.438	21866.121	17307.658	18661.209	10181.989	9844.678	11418.839	10341.035	11220.966	10083.799	10259.712	9506.645	9654.681	8989.03	10179.84	9961.494	10152.247	10401.274	9835.649	9352.15	
sp|O14980|XPO1_HUMAN	O14980	XPO1_HUMAN	XPO1	1071	Homo sapiens	1:Experimental evidence at protein level	Exportin-1	1.0	0.999	6	78	78	78	5	5	3	4	4	5	5	7	2	5	5	4	6	9	4	5	5	5	3	4	4	5	5	7	2	5	5	4	6	9	4	5	5	5	3	4	4	5	5	7	2	5	5	4	6	9	4	5	13305.742	12736.012	9312.48	8455.625	3186.7334	10623.021	7733.1196	9570.746	8578.423	11269.592	11512.359	10296.828	7273.2505	8624.523	8214.126	3341.7017	6596.147	6156.602	5256.6904	5070.506	4690.713	4927.9756	4938.4385	5370.953	4639.9014	5847.563	6481.224	5664.9736	5605.363	5158.2847	4796.7817	4918.8184	
sp|O15042|SR140_HUMAN	O15042	SR140_HUMAN	U2SURP	1029	Homo sapiens	1:Experimental evidence at protein level	U2 snRNP-associated SURP motif-containing protein	1.0	0.999	3	11	11	11	0	0	0	1	1	0	1	0	0	0	0	2	1	1	2	2	0	0	0	1	1	0	1	0	0	0	0	2	1	1	2	2	0	0	0	1	1	0	1	0	0	0	0	2	1	1	2	2	0.0	0.0	0.0	0.0	0.0	0.0	0.0	0.0	0.0	3293.7327	0.0	2530.6868	0.0	0.0	0.0	0.0	0.0	0.0	0.0	0.0	0.0	0.0	0.0	0.0	0.0	3293.7327	0.0	2530.6868	0.0	0.0	0.0	0.0	
sp|O15131|IMA6_HUMAN	O15131	IMA6_HUMAN	KPNA5	539	Homo sapiens	1:Experimental evidence at protein level	Importin subunit alpha-6	0.97	0.999	1	3	0	3	0	0	1	1	0	0	0	0	0	0	0	0	1	0	0	0	0	0	0	0	0	0	0	0	0	0	0	0	0	0	0	0	0	0	1	1	0	0	0	0	0	0	0	0	1	0	0	0	0.0	0.0	0.0	0.0	0.0	0.0	0.0	0.0	0.0	0.0	0.0	0.0	0.0	0.0	0.0	0.0	0.0	0.0	0.0	0.0	0.0	0.0	0.0	0.0	0.0	0.0	0.0	0.0	0.0	0.0	0.0	0.0	sp|O60684|IMA7_HUMAN, sp|P52294|IMA5_HUMAN
sp|O15145|ARPC3_HUMAN	O15145	ARPC3_HUMAN	ARPC3	178	Homo sapiens	1:Experimental evidence at protein level	Actin-related protein 2/3 complex subunit 3	0.946	0.9981	1	1	1	1	0	0	0	0	0	0	0	1	0	0	0	0	0	0	0	0	0	0	0	0	0	0	0	1	0	0	0	0	0	0	0	0	0	0	0	0	0	0	0	1	0	0	0	0	0	0	0	0	0.0	0.0	0.0	0.0	0.0	0.0	0.0	0.0	0.0	0.0	0.0	0.0	0.0	0.0	0.0	0.0	0.0	0.0	0.0	0.0	0.0	0.0	0.0	0.0	0.0	0.0	0.0	0.0	0.0	0.0	0.0	0.0	
sp|O15247|CLIC2_HUMAN	O15247	CLIC2_HUMAN	CLIC2	247	Homo sapiens	1:Experimental evidence at protein level	Chloride intracellular channel protein 2	0.9697	0.9989	1	1	1	1	0	0	0	0	0	0	0	0	0	0	1	0	0	0	0	0	0	0	0	0	0	0	0	0	0	0	1	0	0	0	0	0	0	0	0	0	0	0	0	0	0	0	1	0	0	0	0	0	0.0	0.0	0.0	0.0	0.0	0.0	0.0	0.0	0.0	0.0	0.0	0.0	0.0	0.0	0.0	0.0	0.0	0.0	0.0	0.0	0.0	0.0	0.0	0.0	0.0	0.0	0.0	0.0	0.0	0.0	0.0	0.0	
sp|O15371|EIF3D_HUMAN	O15371	EIF3D_HUMAN	EIF3D	548	Homo sapiens	1:Experimental evidence at protein level	Eukaryotic translation initiation factor 3 subunit D	0.9703	0.999	1	8	8	8	2	0	0	2	2	1	0	1	0	0	0	0	0	0	0	0	2	0	0	2	2	1	0	1	0	0	0	0	0	0	0	0	2	0	0	2	2	1	0	1	0	0	0	0	0	0	0	0	2008.1412	2476.6814	1830.3153	3505.3853	3618.2874	0.0	3110.7737	4064.2678	1389.0916	0.0	0.0	0.0	0.0	0.0	1914.203	0.0	2008.1412	2476.6814	1830.3153	3505.3853	3618.2874	0.0	3110.7737	4064.2678	1389.0916	0.0	0.0	0.0	0.0	0.0	1914.203	0.0	
sp|O15514|RPB4_HUMAN	O15514	RPB4_HUMAN	POLR2D	142	Homo sapiens	1:Experimental evidence at protein level	DNA-directed RNA polymerase II subunit RPB4	0.9713	0.999	1	1	1	1	0	0	0	0	0	0	0	0	0	0	1	0	0	0	0	0	0	0	0	0	0	0	0	0	0	0	1	0	0	0	0	0	0	0	0	0	0	0	0	0	0	0	1	0	0	0	0	0	0.0	0.0	0.0	0.0	0.0	0.0	0.0	0.0	0.0	0.0	0.0	0.0	0.0	0.0	0.0	0.0	0.0	0.0	0.0	0.0	0.0	0.0	0.0	0.0	0.0	0.0	0.0	0.0	0.0	0.0	0.0	0.0	
sp|O43290|SNUT1_HUMAN	O43290	SNUT1_HUMAN	SART1	800	Homo sapiens	1:Experimental evidence at protein level	U4/U6.U5 tri-snRNP-associated protein 1	1.0	0.999	2	24	24	24	3	1	1	2	2	2	2	1	1	1	0	2	1	2	1	2	3	1	1	2	2	2	2	1	1	1	0	2	1	2	1	2	3	1	1	2	2	2	2	1	1	1	0	2	1	2	1	2	0.0	0.0	0.0	0.0	0.0	0.0	1727.7953	0.0	0.0	0.0	0.0	0.0	0.0	0.0	0.0	0.0	0.0	0.0	0.0	0.0	0.0	0.0	0.0	0.0	0.0	0.0	0.0	0.0	0.0	0.0	0.0	0.0	
sp|O43324|MCA3_HUMAN	O43324	MCA3_HUMAN	EEF1E1	174	Homo sapiens	1:Experimental evidence at protein level	Eukaryotic translation elongation factor 1 epsilon-1	1.0	0.999	2	6	6	6	1	1	0	0	2	1	0	1	0	0	0	0	0	0	0	0	1	1	0	0	2	1	0	1	0	0	0	0	0	0	0	0	1	1	0	0	2	1	0	1	0	0	0	0	0	0	0	0	0.0	2324.3567	2235.8564	0.0	0.0	0.0	0.0	0.0	0.0	0.0	0.0	0.0	0.0	0.0	0.0	0.0	0.0	2324.3567	2235.8564	0.0	0.0	0.0	0.0	0.0	0.0	0.0	0.0	0.0	0.0	0.0	0.0	0.0	
sp|O43390|HNRPR_HUMAN	O43390	HNRPR_HUMAN	HNRNPR	633	Homo sapiens	1:Experimental evidence at protein level	Heterogeneous nuclear ribonucleoprotein R	1.0	0.999	7	46	46	71	3	3	2	3	4	2	4	4	1	3	2	3	3	3	3	3	3	3	2	3	4	2	4	4	1	3	2	3	3	3	3	3	4	4	2	3	5	2	5	5	3	5	6	7	4	6	5	5	8558.404	2103.0923	9461.217	10375.254	10476.943	12581.959	10960.608	10600.875	8509.23	7415.055	10126.79	10618.969	12746.301	10286.881	9406.877	11738.193	6690.8735	6036.7236	6414.9023	4247.8794	5207.0137	6587.6826	6064.841	5889.5103	4382.257	4184.607	5829.5806	5993.0073	6909.3716	5964.0947	5313.1772	5872.023	
sp|O43447|PPIH_HUMAN	O43447	PPIH_HUMAN	PPIH	177	Homo sapiens	1:Experimental evidence at protein level	Peptidyl-prolyl cis-trans isomerase H	1.0	0.999	2	9	9	9	1	0	1	3	0	0	0	0	1	1	0	0	1	1	0	0	1	0	1	3	0	0	0	0	1	1	0	0	1	1	0	0	1	0	1	3	0	0	0	0	1	1	0	0	1	1	0	0	0.0	0.0	0.0	0.0	0.0	0.0	0.0	0.0	0.0	0.0	0.0	0.0	0.0	0.0	0.0	0.0	0.0	0.0	0.0	0.0	0.0	0.0	0.0	0.0	0.0	0.0	0.0	0.0	0.0	0.0	0.0	0.0	
sp|O43511|S26A4_HUMAN	O43511	S26A4_HUMAN	SLC26A4	780	Homo sapiens	1:Experimental evidence at protein level	Pendrin	0.9314	0.9975	1	1	1	1	0	0	0	0	0	0	0	0	0	0	0	0	0	0	0	1	0	0	0	0	0	0	0	0	0	0	0	0	0	0	0	1	0	0	0	0	0	0	0	0	0	0	0	0	0	0	0	1	0.0	0.0	0.0	0.0	0.0	0.0	0.0	0.0	0.0	0.0	0.0	0.0	0.0	0.0	0.0	0.0	0.0	0.0	0.0	0.0	0.0	0.0	0.0	0.0	0.0	0.0	0.0	0.0	0.0	0.0	0.0	0.0	
sp|O43684|BUB3_HUMAN	O43684	BUB3_HUMAN	BUB3	328	Homo sapiens	1:Experimental evidence at protein level	Mitotic checkpoint protein BUB3	0.8932	0.996	1	1	1	1	0	0	0	0	0	0	1	0	0	0	0	0	0	0	0	0	0	0	0	0	0	0	1	0	0	0	0	0	0	0	0	0	0	0	0	0	0	0	1	0	0	0	0	0	0	0	0	0	0.0	0.0	0.0	0.0	0.0	0.0	0.0	0.0	0.0	0.0	0.0	0.0	0.0	0.0	0.0	0.0	0.0	0.0	0.0	0.0	0.0	0.0	0.0	0.0	0.0	0.0	0.0	0.0	0.0	0.0	0.0	0.0	
sp|O43707|ACTN4_HUMAN	O43707	ACTN4_HUMAN	ACTN4	911	Homo sapiens	1:Experimental evidence at protein level	Alpha-actinin-4	1.0	0.999	9	113	103	113	7	9	6	4	7	4	10	6	6	9	8	7	7	8	7	8	7	8	6	4	7	4	8	5	5	7	8	5	7	8	7	7	7	9	6	4	7	4	10	6	6	9	8	7	7	8	7	8	14694.763	16899.303	12724.022	9405.555	12108.116	21217.691	12937.514	20060.078	17541.309	27311.871	17678.139	23590.883	20659.064	23831.336	11440.165	23477.055	7874.0625	7141.6313	8318.287	7430.543	6704.164	8076.7627	8548.862	7871.8804	7222.0254	6399.7324	5539.9785	5696.8896	6729.1987	7429.6675	6309.1255	7033.213	
sp|O43809|CPSF5_HUMAN	O43809	CPSF5_HUMAN	NUDT21	227	Homo sapiens	1:Experimental evidence at protein level	Cleavage and polyadenylation specificity factor subunit 5	0.8607	0.9946	1	1	1	1	1	0	0	0	0	0	0	0	0	0	0	0	0	0	0	0	1	0	0	0	0	0	0	0	0	0	0	0	0	0	0	0	1	0	0	0	0	0	0	0	0	0	0	0	0	0	0	0	0.0	0.0	0.0	0.0	0.0	0.0	0.0	0.0	0.0	0.0	0.0	0.0	0.0	0.0	0.0	0.0	0.0	0.0	0.0	0.0	0.0	0.0	0.0	0.0	0.0	0.0	0.0	0.0	0.0	0.0	0.0	0.0	
sp|O43823|AKAP8_HUMAN	O43823	AKAP8_HUMAN	AKAP8	692	Homo sapiens	1:Experimental evidence at protein level	A-kinase anchor protein 8	0.9697	0.9989	1	1	1	1	0	0	0	0	0	0	0	0	0	0	0	0	0	1	0	0	0	0	0	0	0	0	0	0	0	0	0	0	0	1	0	0	0	0	0	0	0	0	0	0	0	0	0	0	0	1	0	0	0.0	0.0	0.0	0.0	0.0	0.0	0.0	0.0	0.0	0.0	0.0	0.0	0.0	0.0	0.0	0.0	0.0	0.0	0.0	0.0	0.0	0.0	0.0	0.0	0.0	0.0	0.0	0.0	0.0	0.0	0.0	0.0	
sp|O43847|NRDC_HUMAN	O43847	NRDC_HUMAN	NRDC	1151	Homo sapiens	1:Experimental evidence at protein level	Nardilysin	1.0	0.999	2	20	20	20	0	1	1	1	2	1	1	3	0	2	1	1	2	1	1	2	0	1	1	1	2	1	1	3	0	2	1	1	2	1	1	2	0	1	1	1	2	1	1	3	0	2	1	1	2	1	1	2	0.0	0.0	0.0	0.0	0.0	0.0	0.0	0.0	0.0	0.0	0.0	0.0	0.0	0.0	0.0	0.0	0.0	0.0	0.0	0.0	0.0	0.0	0.0	0.0	0.0	0.0	0.0	0.0	0.0	0.0	0.0	0.0	
sp|O43852|CALU_HUMAN	O43852	CALU_HUMAN	CALU	315	Homo sapiens	1:Experimental evidence at protein level	Calumenin	1.0	0.999	4	40	40	40	1	3	4	4	1	2	3	3	2	3	3	2	3	1	2	3	1	3	4	4	1	2	3	3	2	3	3	2	3	1	2	3	1	3	4	4	1	2	3	3	2	3	3	2	3	1	2	3	7982.777	7178.1953	10634.38	9464.273	7417.7188	7538.365	6800.1987	6075.87	10807.66	10870.986	10143.016	10823.113	10052.873	11112.146	9424.748	10533.639	7982.777	7178.1953	7129.1675	6188.096	7417.7188	7538.365	6800.1987	6075.87	7215.3037	7222.286	6801.8423	7262.1147	6691.4644	7454.131	6291.458	7064.4385	
sp|O60287|NPA1P_HUMAN	O60287	NPA1P_HUMAN	URB1	2271	Homo sapiens	1:Experimental evidence at protein level	Nucleolar pre-ribosomal-associated protein 1	0.9621	0.9987	1	14	14	14	1	0	1	0	1	1	1	1	1	1	1	1	1	1	1	1	1	0	1	0	1	1	1	1	1	1	1	1	1	1	1	1	1	0	1	0	1	1	1	1	1	1	1	1	1	1	1	1	5628.455	7965.724	8124.2407	4661.0693	6789.94	8202.838	6372.368	6886.598	17358.492	5647.8574	4910.97	6145.7227	11232.838	6571.882	6033.3193	9212.054	5628.455	7965.724	8124.2407	4661.0693	6789.94	8202.838	6372.368	6886.598	17358.492	5647.8574	4910.97	6145.7227	11232.838	6571.882	6033.3193	9212.054	
sp|O60506|HNRPQ_HUMAN	O60506	HNRPQ_HUMAN	SYNCRIP	623	Homo sapiens	1:Experimental evidence at protein level	Heterogeneous nuclear ribonucleoprotein Q	1.0	0.999	11	178	153	178	9	10	9	9	14	8	11	9	10	14	14	14	7	13	12	15	8	9	9	9	13	8	10	8	8	12	10	10	6	10	10	13	9	10	9	9	14	8	11	9	10	14	14	14	7	13	12	15	38754.75	37025.28	44383.812	51783.52	46204.98	35617.977	43567.21	52523.914	37323.945	41368.035	40250.234	49169.918	51770.402	44862.848	47260.57	37579.13	17163.758	15001.253	15702.871	20259.438	18448.424	16066.688	17809.459	18551.547	14759.886	16776.03	15921.387	17587.613	17068.8	15550.863	17291.32	16900.506	
sp|O60610|DIAP1_HUMAN	O60610	DIAP1_HUMAN	DIAPH1	1272	Homo sapiens	1:Experimental evidence at protein level	Protein diaphanous homolog 1	1.0	0.9989	2	6	6	6	0	0	0	0	0	1	0	1	0	0	0	1	0	1	0	2	0	0	0	0	0	1	0	1	0	0	0	1	0	1	0	2	0	0	0	0	0	1	0	1	0	0	0	1	0	1	0	2	0.0	0.0	0.0	0.0	0.0	0.0	0.0	0.0	0.0	0.0	0.0	0.0	0.0	0.0	0.0	0.0	0.0	0.0	0.0	0.0	0.0	0.0	0.0	0.0	0.0	0.0	0.0	0.0	0.0	0.0	0.0	0.0	
sp|O60664|PLIN3_HUMAN	O60664	PLIN3_HUMAN	PLIN3	434	Homo sapiens	1:Experimental evidence at protein level	Perilipin-3	1.0	0.999	3	5	5	5	0	0	1	0	0	0	0	0	0	0	1	0	0	2	0	1	0	0	1	0	0	0	0	0	0	0	1	0	0	2	0	1	0	0	1	0	0	0	0	0	0	0	1	0	0	2	0	1	0.0	0.0	0.0	0.0	0.0	0.0	0.0	0.0	0.0	0.0	0.0	0.0	0.0	0.0	0.0	0.0	0.0	0.0	0.0	0.0	0.0	0.0	0.0	0.0	0.0	0.0	0.0	0.0	0.0	0.0	0.0	0.0	
sp|O60739|EIF1B_HUMAN	O60739	EIF1B_HUMAN	EIF1B	113	Homo sapiens	1:Experimental evidence at protein level	Eukaryotic translation initiation factor 1b	1.0	0.999	3	22	19	22	3	2	2	2	2	1	3	2	1	1	1	0	1	0	0	1	3	2	2	1	1	1	3	2	1	1	1	0	1	0	0	0	3	2	2	2	2	1	3	2	1	1	1	0	1	0	0	1	2989.0193	2763.4312	3711.8713	3724.304	4515.381	2097.7358	3101.7075	4284.5728	0.0	0.0	0.0	0.0	0.0	0.0	0.0	0.0	2989.0193	2763.4312	3711.8713	3724.304	4515.381	2097.7358	3101.7075	4284.5728	0.0	0.0	0.0	0.0	0.0	0.0	0.0	0.0	
sp|O60814|H2B1K_HUMAN	O60814	H2B1K_HUMAN	H2BC12	126	Homo sapiens	1:Experimental evidence at protein level	Histone H2B type 1-K	1.0	0.999	11	754	0	754	43	54	46	39	48	44	42	44	39	57	47	54	38	53	57	49	0	0	0	0	0	0	0	0	0	0	0	0	0	0	0	0	43	54	46	39	48	44	42	44	39	57	47	54	38	53	57	49	503363.7	451673.88	496828.62	515461.2	540684.4	527366.4	501960.34	547749.94	502233.84	513708.72	485834.66	459787.8	448622.03	532412.8	525439.06	535650.2	116041.29	125744.484	118482.2	113295.39	122844.87	121649.73	110286.22	119378.83	130851.36	133763.81	124994.76	137591.11	125896.64	135912.48	133154.75	135432.28	sp|P58876|H2B1D_HUMAN, sp|P62807|H2B1C_HUMAN, sp|Q5QNW6|H2B2F_HUMAN, sp|Q93079|H2B1H_HUMAN, sp|Q99877|H2B1N_HUMAN, sp|Q99879|H2B1M_HUMAN
sp|O60832|DKC1_HUMAN	O60832	DKC1_HUMAN	DKC1	514	Homo sapiens	1:Experimental evidence at protein level	H/ACA ribonucleoprotein complex subunit DKC1	0.9652	0.9988	1	5	5	5	1	1	0	0	0	0	0	0	0	1	1	0	0	0	1	0	1	1	0	0	0	0	0	0	0	1	1	0	0	0	1	0	1	1	0	0	0	0	0	0	0	1	1	0	0	0	1	0	0.0	0.0	0.0	0.0	0.0	0.0	0.0	0.0	0.0	0.0	0.0	0.0	0.0	0.0	0.0	0.0	0.0	0.0	0.0	0.0	0.0	0.0	0.0	0.0	0.0	0.0	0.0	0.0	0.0	0.0	0.0	0.0	
sp|O60841|IF2P_HUMAN	O60841	IF2P_HUMAN	EIF5B	1220	Homo sapiens	1:Experimental evidence at protein level	Eukaryotic translation initiation factor 5B	0.9713	0.999	1	33	33	33	4	2	2	1	3	3	2	3	2	2	1	2	1	2	1	2	4	2	2	1	3	3	2	3	2	2	1	2	1	2	1	2	4	2	2	1	3	3	2	3	2	2	1	2	1	2	1	2	7716.0376	8035.229	7724.105	8199.701	8662.43	7563.5464	6736.638	9793.958	5306.339	5230.0127	6423.008	5942.9204	5414.7476	4927.5947	4858.4663	6022.2085	7716.0376	8035.229	7724.105	8199.701	8662.43	7563.5464	6736.638	9793.958	5306.339	5230.0127	6423.008	5942.9204	5414.7476	4927.5947	4858.4663	6022.2085	
sp|O60884|DNJA2_HUMAN	O60884	DNJA2_HUMAN	DNAJA2	412	Homo sapiens	1:Experimental evidence at protein level	DnaJ homolog subfamily A member 2	1.0	0.999	2	20	20	20	2	1	3	2	1	1	1	1	2	1	0	1	1	0	2	1	2	1	3	2	1	1	1	1	2	1	0	1	1	0	2	1	2	1	3	2	1	1	1	1	2	1	0	1	1	0	2	1	0.0	2431.3762	2502.597	3361.3474	4071.2239	4393.648	2892.207	0.0	2570.3137	2818.7317	3494.1355	0.0	2097.7395	0.0	2065.3162	1801.9744	0.0	2431.3762	2502.597	3361.3474	4071.2239	4393.648	2892.207	0.0	2570.3137	2818.7317	3494.1355	0.0	2097.7395	0.0	2065.3162	1801.9744	
sp|O60888|CUTA_HUMAN	O60888	CUTA_HUMAN	CUTA	179	Homo sapiens	1:Experimental evidence at protein level	Protein CutA	1.0	0.999	2	4	4	4	1	0	0	0	0	0	0	0	0	0	1	0	0	2	0	0	1	0	0	0	0	0	0	0	0	0	1	0	0	2	0	0	1	0	0	0	0	0	0	0	0	0	1	0	0	2	0	0	0.0	0.0	0.0	0.0	0.0	0.0	0.0	0.0	0.0	0.0	0.0	0.0	0.0	0.0	0.0	0.0	0.0	0.0	0.0	0.0	0.0	0.0	0.0	0.0	0.0	0.0	0.0	0.0	0.0	0.0	0.0	0.0	
sp|O60927|PP1RB_HUMAN	O60927	PP1RB_HUMAN	PPP1R11	126	Homo sapiens	1:Experimental evidence at protein level	E3 ubiquitin-protein ligase PPP1R11	0.9713	0.999	1	5	5	5	1	0	0	1	0	1	0	1	0	0	0	0	0	0	1	0	1	0	0	1	0	1	0	1	0	0	0	0	0	0	1	0	1	0	0	1	0	1	0	1	0	0	0	0	0	0	1	0	0.0	0.0	0.0	0.0	0.0	0.0	0.0	0.0	0.0	0.0	0.0	0.0	0.0	0.0	0.0	0.0	0.0	0.0	0.0	0.0	0.0	0.0	0.0	0.0	0.0	0.0	0.0	0.0	0.0	0.0	0.0	0.0	
sp|O75083|WDR1_HUMAN	O75083	WDR1_HUMAN	WDR1	606	Homo sapiens	1:Experimental evidence at protein level	WD repeat-containing protein 1	1.0	0.999	4	13	13	13	1	1	0	1	1	2	0	0	0	1	1	1	0	1	3	0	1	1	0	1	1	2	0	0	0	1	1	1	0	1	3	0	1	1	0	1	1	2	0	0	0	1	1	1	0	1	3	0	0.0	0.0	0.0	1427.9182	1725.2837	4312.96	0.0	0.0	0.0	0.0	0.0	0.0	0.0	0.0	1821.0376	0.0	0.0	0.0	0.0	1427.9182	1725.2837	2406.8967	0.0	0.0	0.0	0.0	0.0	0.0	0.0	0.0	0.0	0.0	
sp|O75347|TBCA_HUMAN	O75347	TBCA_HUMAN	TBCA	108	Homo sapiens	1:Experimental evidence at protein level	Tubulin-specific chaperone A	1.0	0.999	5	45	45	45	2	2	0	0	4	2	3	3	2	4	4	6	1	4	4	4	2	2	0	0	4	2	3	3	2	4	4	6	1	4	4	4	2	2	0	0	4	2	3	3	2	4	4	6	1	4	4	4	12561.734	11681.225	12022.512	12298.587	14196.09	11531.6045	11846.701	12679.799	14015.0625	17452.252	13272.332	15631.685	7925.301	11023.2	17637.45	12522.928	5091.9556	4800.255	4752.2285	5466.737	5836.09	4734.2764	4845.726	5235.3066	5707.4243	5105.4355	5421.976	4919.4365	5486.5537	4491.1084	5112.4473	4816.6157	
sp|O75400|PR40A_HUMAN	O75400	PR40A_HUMAN	PRPF40A	957	Homo sapiens	1:Experimental evidence at protein level	Pre-mRNA-processing factor 40 homolog A	1.0	0.999	2	20	20	20	0	0	1	1	1	0	2	1	0	2	2	3	2	2	2	1	0	0	1	1	1	0	2	1	0	2	2	3	2	2	2	1	0	0	1	1	1	0	2	1	0	2	2	3	2	2	2	1	0.0	0.0	0.0	0.0	0.0	0.0	0.0	0.0	0.0	0.0	0.0	757.2014	1789.0437	0.0	1020.18304	0.0	0.0	0.0	0.0	0.0	0.0	0.0	0.0	0.0	0.0	0.0	0.0	757.2014	1789.0437	0.0	1020.18304	0.0	
sp|O75431|MTX2_HUMAN	O75431	MTX2_HUMAN	MTX2	263	Homo sapiens	1:Experimental evidence at protein level	Metaxin-2	0.9656	0.9988	1	1	1	1	0	0	0	0	0	0	0	0	0	0	0	0	0	1	0	0	0	0	0	0	0	0	0	0	0	0	0	0	0	1	0	0	0	0	0	0	0	0	0	0	0	0	0	0	0	1	0	0	0.0	0.0	0.0	0.0	0.0	0.0	0.0	0.0	0.0	0.0	0.0	0.0	0.0	0.0	0.0	0.0	0.0	0.0	0.0	0.0	0.0	0.0	0.0	0.0	0.0	0.0	0.0	0.0	0.0	0.0	0.0	0.0	
sp|O75531|BAF_HUMAN	O75531	BAF_HUMAN	BANF1	89	Homo sapiens	1:Experimental evidence at protein level	Barrier-to-autointegration factor	1.0	0.999	2	18	18	18	1	1	1	2	1	1	2	2	0	0	2	1	1	1	1	1	1	1	1	2	1	1	2	2	0	0	2	1	1	1	1	1	1	1	1	2	1	1	2	2	0	0	2	1	1	1	1	1	0.0	0.0	3712.5562	5507.6533	3038.2698	3009.232	4585.22	3597.89	1575.2511	2016.6582	5072.8516	2279.09	0.0	2197.421	5003.745	4793.297	0.0	0.0	3789.38	5621.6226	3101.1404	3071.5017	4680.1016	3672.3408	1761.0306	2058.3887	2522.6548	2547.878	0.0	2456.5771	2764.3728	2521.4014	
sp|O75533|SF3B1_HUMAN	O75533	SF3B1_HUMAN	SF3B1	1304	Homo sapiens	1:Experimental evidence at protein level	Splicing factor 3B subunit 1	0.9664	0.9988	1	2	2	2	0	0	0	0	0	0	0	0	0	1	1	0	0	0	0	0	0	0	0	0	0	0	0	0	0	1	1	0	0	0	0	0	0	0	0	0	0	0	0	0	0	1	1	0	0	0	0	0	0.0	0.0	0.0	0.0	0.0	0.0	0.0	0.0	0.0	0.0	0.0	0.0	0.0	0.0	0.0	0.0	0.0	0.0	0.0	0.0	0.0	0.0	0.0	0.0	0.0	0.0	0.0	0.0	0.0	0.0	0.0	0.0	
sp|O75534|CSDE1_HUMAN	O75534	CSDE1_HUMAN	CSDE1	798	Homo sapiens	1:Experimental evidence at protein level	Cold shock domain-containing protein E1	1.0	0.999	3	23	23	23	1	2	1	1	0	3	0	1	2	2	2	2	1	2	2	1	1	2	1	1	0	3	0	1	2	2	2	2	1	2	2	1	1	2	1	1	0	3	0	1	2	2	2	2	1	2	2	1	0.0	0.0	0.0	0.0	0.0	0.0	0.0	0.0	0.0	0.0	0.0	0.0	0.0	0.0	0.0	0.0	0.0	0.0	0.0	0.0	0.0	0.0	0.0	0.0	0.0	0.0	0.0	0.0	0.0	0.0	0.0	0.0	
sp|O75607|NPM3_HUMAN	O75607	NPM3_HUMAN	NPM3	178	Homo sapiens	1:Experimental evidence at protein level	Nucleoplasmin-3	0.9713	0.999	1	20	20	20	1	2	2	2	1	2	0	2	1	1	1	1	0	2	1	1	1	2	2	2	1	2	0	2	1	1	1	1	0	2	1	1	1	2	2	2	1	2	0	2	1	1	1	1	0	2	1	1	4480.778	2009.0626	3223.9985	4135.994	3183.628	3286.8823	0.0	3451.1206	2681.5232	0.0	2844.1555	1927.3618	2253.883	2385.0188	1847.5336	1549.756	4480.778	2009.0626	3223.9985	4135.994	3183.628	3286.8823	0.0	3451.1206	2681.5232	0.0	2844.1555	1927.3618	2253.883	2385.0188	1847.5336	1549.756	
sp|O75608|LYPA1_HUMAN	O75608	LYPA1_HUMAN	LYPLA1	230	Homo sapiens	1:Experimental evidence at protein level	Acyl-protein thioesterase 1	1.0	0.999	2	6	6	6	1	1	1	0	0	0	0	0	0	1	0	1	0	1	0	0	1	1	1	0	0	0	0	0	0	1	0	1	0	1	0	0	1	1	1	0	0	0	0	0	0	1	0	1	0	1	0	0	2214.7244	2589.0483	0.0	0.0	1766.2524	2177.5317	3173.2021	0.0	892.46625	0.0	0.0	1485.4126	1443.8291	0.0	0.0	0.0	2214.7244	2589.0483	0.0	0.0	1766.2524	2177.5317	3173.2021	0.0	892.46625	0.0	0.0	1485.4126	1443.8291	0.0	0.0	0.0	
sp|O75643|U520_HUMAN	O75643	U520_HUMAN	SNRNP200	2136	Homo sapiens	1:Experimental evidence at protein level	U5 small nuclear ribonucleoprotein 200 kDa helicase	1.0	0.999	4	10	10	10	1	2	0	0	0	0	2	0	0	1	2	1	1	0	0	0	1	2	0	0	0	0	2	0	0	1	2	1	1	0	0	0	1	2	0	0	0	0	2	0	0	1	2	1	1	0	0	0	0.0	0.0	0.0	0.0	0.0	0.0	0.0	0.0	0.0	3484.6604	0.0	2346.2805	2798.345	0.0	0.0	2050.4963	0.0	0.0	0.0	0.0	0.0	0.0	0.0	0.0	0.0	3484.6604	0.0	2346.2805	2798.345	0.0	0.0	2050.4963	
sp|O75821|EIF3G_HUMAN	O75821	EIF3G_HUMAN	EIF3G	320	Homo sapiens	1:Experimental evidence at protein level	Eukaryotic translation initiation factor 3 subunit G	1.0	0.9978	2	9	9	9	0	0	0	0	1	0	0	1	1	1	1	1	0	1	1	1	0	0	0	0	1	0	0	1	1	1	1	1	0	1	1	1	0	0	0	0	1	0	0	1	1	1	1	1	0	1	1	1	0.0	3658.6587	3714.4282	2835.0298	3259.5771	2975.7358	3675.9949	3174.7532	3179.161	3450.8403	2994.189	3044.5522	2728.265	3509.684	2847.2883	3305.3416	0.0	3658.6587	3714.4282	2835.0298	3259.5771	2975.7358	3675.9949	3174.7532	3179.161	3450.8403	2994.189	3044.5522	2728.265	3509.684	2847.2883	3305.3416	
sp|O75822|EIF3J_HUMAN	O75822	EIF3J_HUMAN	EIF3J	258	Homo sapiens	1:Experimental evidence at protein level	Eukaryotic translation initiation factor 3 subunit J	1.0	0.9971	4	5	5	5	0	0	0	0	0	0	0	0	0	0	1	2	0	1	0	1	0	0	0	0	0	0	0	0	0	0	1	2	0	1	0	1	0	0	0	0	0	0	0	0	0	0	1	2	0	1	0	1	0.0	15369.744	0.0	0.0	22208.28	4470.955	13501.882	3541.14	3759.4822	4672.9766	6987.614	6040.425	11953.219	13925.035	13080.639	4053.863	0.0	11172.994	0.0	0.0	8348.608	7394.325	9815.157	5856.543	6217.65	5623.1147	4550.4297	6905.6055	5755.5654	5668.3716	5858.495	6704.514	
sp|O75934|SPF27_HUMAN	O75934	SPF27_HUMAN	BCAS2	225	Homo sapiens	1:Experimental evidence at protein level	Pre-mRNA-splicing factor SPF27	0.9637	0.9987	1	5	5	5	0	0	0	0	1	2	0	0	0	0	0	1	0	0	1	0	0	0	0	0	1	2	0	0	0	0	0	1	0	0	1	0	0	0	0	0	1	2	0	0	0	0	0	1	0	0	1	0	0.0	0.0	0.0	0.0	0.0	0.0	0.0	0.0	0.0	0.0	0.0	0.0	0.0	0.0	0.0	0.0	0.0	0.0	0.0	0.0	0.0	0.0	0.0	0.0	0.0	0.0	0.0	0.0	0.0	0.0	0.0	0.0	
sp|O75937|DNJC8_HUMAN	O75937	DNJC8_HUMAN	DNAJC8	253	Homo sapiens	1:Experimental evidence at protein level	DnaJ homolog subfamily C member 8	1.0	0.999	2	10	10	10	0	2	1	0	2	0	0	0	0	1	2	2	0	0	0	0	0	2	1	0	2	0	0	0	0	1	2	2	0	0	0	0	0	2	1	0	2	0	0	0	0	1	2	2	0	0	0	0	0.0	0.0	0.0	0.0	0.0	0.0	0.0	0.0	0.0	0.0	0.0	0.0	0.0	0.0	0.0	0.0	0.0	0.0	0.0	0.0	0.0	0.0	0.0	0.0	0.0	0.0	0.0	0.0	0.0	0.0	0.0	0.0	
sp|O75947|ATP5H_HUMAN	O75947	ATP5H_HUMAN	ATP5PD	161	Homo sapiens	1:Experimental evidence at protein level	ATP synthase peripheral stalk subunit d, mitochondrial	1.0	0.999	6	64	64	64	4	3	2	3	2	3	4	2	3	4	7	6	3	7	5	6	4	3	2	3	2	3	4	2	3	4	7	6	3	7	5	6	4	3	2	3	2	3	4	2	3	4	7	6	3	7	5	6	9261.163	14508.963	12334.873	5835.2715	8974.647	12044.982	12637.873	9005.035	9716.137	13583.084	13043.445	13623.123	15891.349	11275.959	12265.695	11331.99	3782.7659	4314.5996	4816.306	3499.3503	3584.4817	4857.5776	4098.0723	3848.7468	4580.206	4336.504	4168.1704	4279.2173	4457.5317	3605.514	3875.0708	3645.4937	
sp|O75955|FLOT1_HUMAN	O75955	FLOT1_HUMAN	FLOT1	427	Homo sapiens	1:Experimental evidence at protein level	Flotillin-1	1.0	0.9989	2	5	5	5	1	2	0	0	0	1	1	0	0	0	0	0	0	0	0	0	1	2	0	0	0	1	1	0	0	0	0	0	0	0	0	0	1	2	0	0	0	1	1	0	0	0	0	0	0	0	0	0	0.0	0.0	0.0	0.0	0.0	0.0	0.0	0.0	0.0	0.0	0.0	0.0	0.0	0.0	0.0	0.0	0.0	0.0	0.0	0.0	0.0	0.0	0.0	0.0	0.0	0.0	0.0	0.0	0.0	0.0	0.0	0.0	
sp|O76003|GLRX3_HUMAN	O76003	GLRX3_HUMAN	GLRX3	335	Homo sapiens	1:Experimental evidence at protein level	Glutaredoxin-3	1.0	0.999	3	44	44	44	4	3	2	2	3	2	2	4	1	3	4	4	2	3	3	2	4	3	2	2	3	2	2	4	1	3	4	4	2	3	3	2	4	3	2	2	3	2	2	4	1	3	4	4	2	3	3	2	7688.397	7946.2544	6761.4766	9119.434	8869.664	7665.4365	7986.5234	9231.362	8987.652	0.0	7176.4287	7327.2354	0.0	0.0	10661.814	0.0	7688.397	7946.2544	6761.4766	9119.434	8869.664	7665.4365	7986.5234	9231.362	8987.652	0.0	7176.4287	7327.2354	0.0	0.0	10661.814	0.0	
sp|O76021|RL1D1_HUMAN	O76021	RL1D1_HUMAN	RSL1D1	490	Homo sapiens	1:Experimental evidence at protein level	Ribosomal L1 domain-containing protein 1	0.8863	0.9957	1	1	1	1	0	1	0	0	0	0	0	0	0	0	0	0	0	0	0	0	0	1	0	0	0	0	0	0	0	0	0	0	0	0	0	0	0	1	0	0	0	0	0	0	0	0	0	0	0	0	0	0	0.0	0.0	0.0	0.0	0.0	0.0	0.0	0.0	0.0	0.0	0.0	0.0	0.0	0.0	0.0	0.0	0.0	0.0	0.0	0.0	0.0	0.0	0.0	0.0	0.0	0.0	0.0	0.0	0.0	0.0	0.0	0.0	
sp|O76070|SYUG_HUMAN	O76070	SYUG_HUMAN	SNCG	127	Homo sapiens	1:Experimental evidence at protein level	Gamma-synuclein	0.9566	0.9985	1	1	1	1	0	0	0	0	0	0	0	0	0	0	0	0	0	0	1	0	0	0	0	0	0	0	0	0	0	0	0	0	0	0	1	0	0	0	0	0	0	0	0	0	0	0	0	0	0	0	1	0	0.0	0.0	0.0	0.0	0.0	0.0	0.0	0.0	0.0	0.0	0.0	0.0	1716.0731	0.0	2182.491	0.0	0.0	0.0	0.0	0.0	0.0	0.0	0.0	0.0	0.0	0.0	0.0	0.0	1716.0731	0.0	2182.491	0.0	
sp|O76094|SRP72_HUMAN	O76094	SRP72_HUMAN	SRP72	671	Homo sapiens	1:Experimental evidence at protein level	Signal recognition particle subunit SRP72	1.0	0.999	2	24	24	24	1	1	1	1	3	0	2	2	2	2	2	0	1	2	3	1	1	1	1	1	3	0	2	2	2	2	2	0	1	2	3	1	1	1	1	1	3	0	2	2	2	2	2	0	1	2	3	1	0.0	0.0	0.0	0.0	0.0	0.0	0.0	0.0	0.0	0.0	0.0	0.0	0.0	0.0	0.0	0.0	0.0	0.0	0.0	0.0	0.0	0.0	0.0	0.0	0.0	0.0	0.0	0.0	0.0	0.0	0.0	0.0	
sp|O94776|MTA2_HUMAN	O94776	MTA2_HUMAN	MTA2	668	Homo sapiens	1:Experimental evidence at protein level	Metastasis-associated protein MTA2	0.9706	0.999	1	5	5	5	0	2	1	0	0	1	0	0	1	0	0	0	0	0	0	0	0	2	1	0	0	1	0	0	1	0	0	0	0	0	0	0	0	2	1	0	0	1	0	0	1	0	0	0	0	0	0	0	0.0	0.0	0.0	0.0	0.0	0.0	0.0	0.0	0.0	0.0	0.0	0.0	0.0	0.0	0.0	0.0	0.0	0.0	0.0	0.0	0.0	0.0	0.0	0.0	0.0	0.0	0.0	0.0	0.0	0.0	0.0	0.0	
sp|O94788|AL1A2_HUMAN	O94788	AL1A2_HUMAN	ALDH1A2	518	Homo sapiens	1:Experimental evidence at protein level	Retinal dehydrogenase 2	1.0	0.999	5	66	65	71	5	4	4	5	6	4	7	6	1	2	4	4	3	4	3	4	5	4	4	5	6	4	7	6	1	2	4	3	3	4	3	4	5	5	4	5	7	5	8	6	1	2	4	4	3	4	3	5	7620.926	3685.265	4357.5327	6697.9463	3307.0872	6236.9785	3571.0603	11066.675	0.0	5251.252	1491.0667	0.0	5527.758	1939.4808	2350.774	3254.5444	3978.6118	3984.0105	2922.0322	3357.8806	3575.1758	2943.1335	3860.5479	4291.799	0.0	2851.0898	1611.9398	0.0	3382.2632	2096.7046	2541.339	2289.92	
sp|O94826|TOM70_HUMAN	O94826	TOM70_HUMAN	TOMM70	608	Homo sapiens	1:Experimental evidence at protein level	Mitochondrial import receptor subunit TOM70	1.0	0.999	2	16	16	16	1	0	0	1	0	1	2	2	1	3	2	0	1	0	1	1	1	0	0	1	0	1	2	2	1	3	2	0	1	0	1	1	1	0	0	1	0	1	2	2	1	3	2	0	1	0	1	1	0.0	0.0	0.0	1536.486	0.0	0.0	1175.0076	2667.4197	0.0	0.0	0.0	0.0	0.0	0.0	0.0	0.0	0.0	0.0	0.0	1536.486	0.0	0.0	1175.0076	2667.4197	0.0	0.0	0.0	0.0	0.0	0.0	0.0	0.0	
sp|O94979|SC31A_HUMAN	O94979	SC31A_HUMAN	SEC31A	1220	Homo sapiens	1:Experimental evidence at protein level	Protein transport protein Sec31A	0.9656	0.9988	1	3	3	3	0	0	1	0	0	0	1	0	0	0	0	0	0	0	1	0	0	0	1	0	0	0	1	0	0	0	0	0	0	0	1	0	0	0	1	0	0	0	1	0	0	0	0	0	0	0	1	0	0.0	0.0	0.0	0.0	0.0	0.0	0.0	0.0	0.0	0.0	0.0	0.0	0.0	0.0	0.0	0.0	0.0	0.0	0.0	0.0	0.0	0.0	0.0	0.0	0.0	0.0	0.0	0.0	0.0	0.0	0.0	0.0	
sp|O95202|LETM1_HUMAN	O95202	LETM1_HUMAN	LETM1	739	Homo sapiens	1:Experimental evidence at protein level	Mitochondrial proton/calcium exchanger protein	1.0	0.999	2	26	26	26	1	2	1	2	2	2	1	1	2	0	2	3	1	3	1	2	1	2	1	2	2	2	1	1	2	0	2	3	1	3	1	2	1	2	1	2	2	2	1	1	2	0	2	3	1	3	1	2	4031.1372	3109.4963	3375.7864	3235.641	4002.0376	5693.2285	5698.826	3583.915	0.0	5350.0137	2086.8733	0.0	4402.3164	0.0	0.0	1343.6917	3934.9316	3035.2864	3295.2212	3158.4207	3906.5266	3759.9453	3650.9119	3498.3828	0.0	3547.9475	2037.0687	0.0	2712.716	0.0	0.0	2674.8813	
sp|O95232|LC7L3_HUMAN	O95232	LC7L3_HUMAN	LUC7L3	432	Homo sapiens	1:Experimental evidence at protein level	Luc7-like protein 3	1.0	0.999	3	12	12	12	0	0	1	1	0	0	1	1	0	0	1	0	0	3	2	2	0	0	1	1	0	0	1	1	0	0	1	0	0	3	2	2	0	0	1	1	0	0	1	1	0	0	1	0	0	3	2	2	0.0	3728.978	4948.3286	3163.406	3018.643	0.0	3368.342	5352.0596	0.0	6547.609	5082.2896	3784.326	5579.9897	1949.2013	3651.908	5042.1626	0.0	3728.978	4948.3286	3163.406	3018.643	0.0	3368.342	5352.0596	0.0	3725.0334	2931.1926	3784.326	5579.9897	1949.2013	3651.908	5042.1626	
sp|O95373|IPO7_HUMAN	O95373	IPO7_HUMAN	IPO7	1038	Homo sapiens	1:Experimental evidence at protein level	Importin-7	0.9713	0.999	1	12	12	12	2	1	1	0	1	1	2	1	0	1	1	0	0	0	1	0	2	1	1	0	1	1	2	1	0	1	1	0	0	0	1	0	2	1	1	0	1	1	2	1	0	1	1	0	0	0	1	0	0.0	0.0	0.0	0.0	0.0	0.0	0.0	0.0	0.0	0.0	0.0	0.0	0.0	0.0	0.0	0.0	0.0	0.0	0.0	0.0	0.0	0.0	0.0	0.0	0.0	0.0	0.0	0.0	0.0	0.0	0.0	0.0	
sp|O95433|AHSA1_HUMAN	O95433	AHSA1_HUMAN	AHSA1	338	Homo sapiens	1:Experimental evidence at protein level	Activator of 90 kDa heat shock protein ATPase homolog 1	1.0	0.999	4	17	17	17	2	1	1	1	1	2	0	2	1	1	2	0	0	0	1	2	2	1	1	1	1	2	0	2	1	1	2	0	0	0	1	2	2	1	1	1	1	2	0	2	1	1	2	0	0	0	1	2	8053.036	3533.5842	3113.4504	3895.2588	4337.542	3492.6711	3522.0945	3539.4292	0.0	3850.9546	0.0	3123.519	772.3759	0.0	0.0	0.0	3478.0151	3793.9688	3342.876	4182.2944	4657.169	3750.041	3781.6326	3800.2446	0.0	2782.4705	0.0	2256.869	829.29114	0.0	0.0	0.0	
sp|O95478|NSA2_HUMAN	O95478	NSA2_HUMAN	NSA2	260	Homo sapiens	1:Experimental evidence at protein level	Ribosome biogenesis protein NSA2 homolog	0.9146	0.9969	1	2	2	2	0	0	0	0	1	0	0	0	0	0	0	0	0	0	1	0	0	0	0	0	1	0	0	0	0	0	0	0	0	0	1	0	0	0	0	0	1	0	0	0	0	0	0	0	0	0	1	0	0.0	0.0	0.0	0.0	0.0	0.0	0.0	0.0	0.0	0.0	0.0	0.0	0.0	0.0	0.0	0.0	0.0	0.0	0.0	0.0	0.0	0.0	0.0	0.0	0.0	0.0	0.0	0.0	0.0	0.0	0.0	0.0	
sp|O95721|SNP29_HUMAN	O95721	SNP29_HUMAN	SNAP29	258	Homo sapiens	1:Experimental evidence at protein level	Synaptosomal-associated protein 29	1.0	0.9983	2	3	3	3	0	0	0	0	1	0	1	0	0	0	0	0	0	1	0	0	0	0	0	0	1	0	1	0	0	0	0	0	0	1	0	0	0	0	0	0	1	0	1	0	0	0	0	0	0	1	0	0	0.0	0.0	0.0	0.0	0.0	0.0	0.0	0.0	0.0	0.0	0.0	0.0	0.0	0.0	0.0	0.0	0.0	0.0	0.0	0.0	0.0	0.0	0.0	0.0	0.0	0.0	0.0	0.0	0.0	0.0	0.0	0.0	
sp|O95757|HS74L_HUMAN	O95757	HS74L_HUMAN	HSPA4L	839	Homo sapiens	1:Experimental evidence at protein level	Heat shock 70 kDa protein 4L	0.9601	0.9986	1	3	3	3	1	1	0	0	0	0	0	0	0	0	1	0	0	0	0	0	1	1	0	0	0	0	0	0	0	0	1	0	0	0	0	0	1	1	0	0	0	0	0	0	0	0	1	0	0	0	0	0	0.0	0.0	0.0	0.0	0.0	0.0	0.0	0.0	0.0	0.0	0.0	0.0	0.0	0.0	0.0	0.0	0.0	0.0	0.0	0.0	0.0	0.0	0.0	0.0	0.0	0.0	0.0	0.0	0.0	0.0	0.0	0.0	
sp|O95777|LSM8_HUMAN	O95777	LSM8_HUMAN	LSM8	96	Homo sapiens	1:Experimental evidence at protein level	U6 snRNA-associated Sm-like protein LSm8	1.0	0.9989	2	5	5	5	1	0	1	0	0	0	0	0	0	1	0	1	0	0	1	0	1	0	1	0	0	0	0	0	0	1	0	1	0	0	1	0	1	0	1	0	0	0	0	0	0	1	0	1	0	0	1	0	0.0	0.0	0.0	0.0	0.0	0.0	0.0	0.0	0.0	0.0	0.0	0.0	0.0	2024.0608	2469.087	0.0	0.0	0.0	0.0	0.0	0.0	0.0	0.0	0.0	0.0	0.0	0.0	0.0	0.0	2024.0608	2469.087	0.0	
sp|O95782|AP2A1_HUMAN	O95782	AP2A1_HUMAN	AP2A1	977	Homo sapiens	1:Experimental evidence at protein level	AP-2 complex subunit alpha-1	1.0	0.9986	3	4	2	4	1	0	0	0	0	0	0	0	0	1	1	0	1	0	0	0	1	0	0	0	0	0	0	0	0	0	1	0	0	0	0	0	1	0	0	0	0	0	0	0	0	1	1	0	1	0	0	0	0.0	0.0	0.0	0.0	0.0	0.0	0.0	0.0	0.0	0.0	0.0	0.0	0.0	0.0	0.0	0.0	0.0	0.0	0.0	0.0	0.0	0.0	0.0	0.0	0.0	0.0	0.0	0.0	0.0	0.0	0.0	0.0	
sp|O95793|STAU1_HUMAN	O95793	STAU1_HUMAN	STAU1	577	Homo sapiens	1:Experimental evidence at protein level	Double-stranded RNA-binding protein Staufen homolog 1	0.9711	0.999	1	7	7	7	1	0	1	0	1	0	0	0	0	1	1	0	0	0	1	1	1	0	1	0	1	0	0	0	0	1	1	0	0	0	1	1	1	0	1	0	1	0	0	0	0	1	1	0	0	0	1	1	0.0	0.0	3543.0703	0.0	2824.098	2470.633	2186.8787	0.0	0.0	0.0	0.0	0.0	0.0	0.0	0.0	2101.1526	0.0	0.0	3543.0703	0.0	2824.098	2470.633	2186.8787	0.0	0.0	0.0	0.0	0.0	0.0	0.0	0.0	2101.1526	
sp|O95810|CAVN2_HUMAN	O95810	CAVN2_HUMAN	CAVIN2	425	Homo sapiens	1:Experimental evidence at protein level	Caveolae-associated protein 2	0.9695	0.9989	1	13	13	13	0	1	2	1	2	0	3	0	0	1	0	0	1	0	1	1	0	1	2	1	2	0	3	0	0	1	0	0	1	0	1	1	0	1	2	1	2	0	3	0	0	1	0	0	1	0	1	1	0.0	0.0	2096.1887	0.0	0.0	0.0	1547.2191	0.0	0.0	0.0	0.0	0.0	0.0	1099.703	0.0	0.0	0.0	0.0	2096.1887	0.0	0.0	0.0	1547.2191	0.0	0.0	0.0	0.0	0.0	0.0	1099.703	0.0	0.0	
sp|O95831|AIFM1_HUMAN	O95831	AIFM1_HUMAN	AIFM1	613	Homo sapiens	1:Experimental evidence at protein level	Apoptosis-inducing factor 1, mitochondrial	0.9691	0.9989	1	2	2	2	0	0	1	0	0	0	0	0	0	0	1	0	0	0	0	0	0	0	1	0	0	0	0	0	0	0	1	0	0	0	0	0	0	0	1	0	0	0	0	0	0	0	1	0	0	0	0	0	0.0	0.0	0.0	0.0	0.0	0.0	0.0	0.0	0.0	0.0	0.0	0.0	0.0	0.0	0.0	0.0	0.0	0.0	0.0	0.0	0.0	0.0	0.0	0.0	0.0	0.0	0.0	0.0	0.0	0.0	0.0	0.0	
sp|O95926|SYF2_HUMAN	O95926	SYF2_HUMAN	SYF2	243	Homo sapiens	1:Experimental evidence at protein level	Pre-mRNA-splicing factor SYF2	0.9707	0.999	1	4	4	4	0	0	0	0	0	0	0	1	0	0	0	0	0	1	1	1	0	0	0	0	0	0	0	1	0	0	0	0	0	1	1	1	0	0	0	0	0	0	0	1	0	0	0	0	0	1	1	1	0.0	0.0	0.0	0.0	0.0	0.0	0.0	0.0	0.0	0.0	0.0	0.0	0.0	0.0	0.0	0.0	0.0	0.0	0.0	0.0	0.0	0.0	0.0	0.0	0.0	0.0	0.0	0.0	0.0	0.0	0.0	0.0	
sp|O96008|TOM40_HUMAN	O96008	TOM40_HUMAN	TOMM40	361	Homo sapiens	1:Experimental evidence at protein level	Mitochondrial import receptor subunit TOM40 homolog	1.0	0.999	3	12	12	12	0	2	0	0	2	0	0	0	0	1	1	3	0	1	2	0	0	2	0	0	2	0	0	0	0	1	1	3	0	1	2	0	0	2	0	0	2	0	0	0	0	1	1	3	0	1	2	0	2344.3113	3803.503	4821.0864	3584.2043	6968.2837	5747.281	5967.407	5141.6797	0.0	1543.463	1371.8945	561.21326	3140.0156	1480.1333	2437.6274	0.0	2866.0298	4649.9595	2678.029	3408.3496	3739.7026	2949.8005	3129.6997	2598.8137	0.0	1886.9554	1304.5842	0.0	3838.8154	1809.532	2318.028	0.0	
sp|O96019|ACL6A_HUMAN	O96019	ACL6A_HUMAN	ACTL6A	429	Homo sapiens	1:Experimental evidence at protein level	Actin-like protein 6A	1.0	0.9987	1	3	3	3	0	0	0	0	1	0	1	0	0	0	1	0	0	0	0	0	0	0	0	0	1	0	1	0	0	0	1	0	0	0	0	0	0	0	0	0	1	0	1	0	0	0	1	0	0	0	0	0	0.0	0.0	0.0	0.0	0.0	0.0	0.0	0.0	0.0	0.0	0.0	0.0	0.0	0.0	0.0	0.0	0.0	0.0	0.0	0.0	0.0	0.0	0.0	0.0	0.0	0.0	0.0	0.0	0.0	0.0	0.0	0.0	
sp|P00331|ADH2_YEAST	P00331	ADH2_YEAST	ADH2	348	Saccharomyces cerevisiae (strain ATCC 204508 / S288c)	1:Experimental evidence at protein level	Alcohol dehydrogenase 2	0.9999	0.999	7	3	3	128	0	0	0	0	0	0	0	0	1	0	1	0	0	1	0	0	0	0	0	0	0	0	0	0	1	0	1	0	0	1	0	0	9	14	11	6	10	10	11	11	4	5	6	5	4	10	6	6	0.0	0.0	0.0	0.0	0.0	0.0	0.0	0.0	0.0	0.0	0.0	0.0	0.0	0.0	0.0	0.0	0.0	0.0	0.0	0.0	0.0	0.0	0.0	0.0	0.0	0.0	0.0	0.0	0.0	0.0	0.0	0.0	
sp|P00338|LDHA_HUMAN	P00338	LDHA_HUMAN	LDHA	332	Homo sapiens	1:Experimental evidence at protein level	L-lactate dehydrogenase A chain	1.0	0.999	14	380	324	380	24	26	23	26	23	22	24	25	19	21	29	24	18	30	25	21	21	22	19	22	20	17	21	23	16	18	24	21	16	26	21	17	24	26	23	26	23	22	24	25	19	21	29	24	18	30	25	21	133402.5	139828.2	138694.8	134497.53	142305.03	130172.914	133806.36	146846.95	131086.28	133595.4	132921.58	126334.47	130099.46	149375.97	126059.234	135705.06	37743.67	38884.85	38070.742	39211.21	38593.145	35544.75	37420.945	37028.59	39630.68	38934.004	39382.395	37624.516	38695.387	42146.336	38927.402	38621.16	
sp|P00358|G3P2_YEAST	P00358	G3P2_YEAST	TDH2	332	Saccharomyces cerevisiae (strain ATCC 204508 / S288c)	1:Experimental evidence at protein level	Glyceraldehyde-3-phosphate dehydrogenase 2	1.0	0.999	24	192	57	1025	16	17	23	18	18	13	20	18	4	5	6	6	7	7	8	6	4	6	7	5	7	6	5	4	1	2	1	3	1	2	2	1	76	77	85	70	80	68	81	80	35	55	52	58	44	55	55	54	70858.17	61631.89	73376.83	63148.004	64796.113	69306.73	78687.51	74227.336	26226.521	31380.043	29409.756	26921.75	29713.203	30829.324	28190.777	26266.271	25959.12	23628.338	26984.27	24734.592	25559.342	25469.977	26541.418	26828.059	12025.548	12911.307	12959.909	14095.419	11823.143	12683.391	12572.147	11581.288	
sp|P00359|G3P3_YEAST	P00359	G3P3_YEAST	TDH3	332	Saccharomyces cerevisiae (strain ATCC 204508 / S288c)	1:Experimental evidence at protein level	Glyceraldehyde-3-phosphate dehydrogenase 3	1.0	0.999	26	1165	352	1185	94	86	96	74	87	81	83	87	43	70	61	64	52	67	62	58	34	27	34	22	26	26	22	26	13	23	17	15	17	21	17	12	94	87	96	74	88	81	83	88	44	73	63	67	54	69	64	60	877769.06	887378.44	874453.44	868531.5	947635.7	905535.56	824560.5	983059.56	460690.84	527627.44	492792.75	505521.6	502754.22	474911.2	503765.75	487039.7	112460.16	115947.03	117310.76	109637.47	115716.94	111269.05	113572.44	117776.0	70771.11	73213.91	71321.625	72756.625	70455.84	71767.14	71273.33	69722.305	
sp|P00360|G3P1_YEAST	P00360	G3P1_YEAST	TDH1	332	Saccharomyces cerevisiae (strain ATCC 204508 / S288c)	1:Experimental evidence at protein level	Glyceraldehyde-3-phosphate dehydrogenase 1	1.0	0.999	15	106	106	602	6	9	8	4	11	11	11	15	5	4	4	3	4	3	4	4	6	9	8	4	11	11	11	15	5	4	4	3	4	3	4	4	42	44	52	37	51	41	51	56	23	35	30	26	27	28	30	29	47538.242	44610.395	41625.44	38912.035	41096.07	43068.094	44940.797	41175.008	23977.113	25263.05	18709.564	25108.352	23327.719	24172.844	27060.824	26209.412	16503.39	15433.534	16187.718	15904.862	16183.325	15033.252	15431.689	16442.361	8852.121	8548.1455	9304.012	8408.334	9478.715	8246.887	9284.806	9488.161	
sp|P00374|DYR_HUMAN	P00374	DYR_HUMAN	DHFR	187	Homo sapiens	1:Experimental evidence at protein level	Dihydrofolate reductase	1.0	0.9989	1	12	12	12	1	1	1	1	0	1	1	1	0	0	0	1	2	1	1	0	1	1	1	1	0	1	1	1	0	0	0	1	2	1	1	0	1	1	1	1	0	1	1	1	0	0	0	1	2	1	1	0	0.0	0.0	0.0	0.0	0.0	0.0	0.0	0.0	0.0	0.0	0.0	0.0	0.0	0.0	0.0	0.0	0.0	0.0	0.0	0.0	0.0	0.0	0.0	0.0	0.0	0.0	0.0	0.0	0.0	0.0	0.0	0.0	
sp|P00390|GSHR_HUMAN	P00390	GSHR_HUMAN	GSR	522	Homo sapiens	1:Experimental evidence at protein level	Glutathione reductase, mitochondrial	1.0	0.999	2	37	37	37	4	3	2	3	2	2	3	1	1	3	1	1	4	2	2	3	4	3	2	3	2	2	3	1	1	3	1	1	4	2	2	3	4	3	2	3	2	2	3	1	1	3	1	1	4	2	2	3	0.0	4906.8877	0.0	0.0	3967.1252	0.0	4781.4897	0.0	1880.7979	3495.2932	0.0	0.0	3476.8313	0.0	3144.2925	0.0	0.0	4906.8877	0.0	0.0	3967.1252	0.0	4781.4897	0.0	1880.7979	3495.2932	0.0	0.0	3476.8313	0.0	3144.2925	0.0	
sp|P00445|SODC_YEAST	P00445	SODC_YEAST	SOD1	154	Saccharomyces cerevisiae (strain ATCC 204508 / S288c)	1:Experimental evidence at protein level	Superoxide dismutase [Cu-Zn]	1.0	0.9989	4	15	15	15	3	1	0	1	0	2	4	2	0	1	0	0	0	0	0	1	3	1	0	1	0	2	4	2	0	1	0	0	0	0	0	1	3	1	0	1	0	2	4	2	0	1	0	0	0	0	0	1	11373.222	11305.894	12318.734	12662.914	10794.533	14345.947	13161.982	12635.561	6376.0396	4798.0225	6848.684	5814.035	2829.7627	8012.578	7118.3066	6198.164	6145.1973	6042.749	6587.8945	6819.9443	5850.4995	6424.455	7035.9253	6772.0103	3289.5063	4972.6025	3679.0315	3155.5525	2932.7258	4341.153	3647.7896	3327.7864	
sp|P00448|SODM_ECOLI	P00448	SODM_ECOLI	sodA	206	Escherichia coli (strain K12)	1:Experimental evidence at protein level	Superoxide dismutase [Mn]	1.0	0.999	8	96	96	96	3	6	2	2	3	1	2	3	11	11	8	9	8	12	6	9	3	6	2	2	3	1	2	3	11	11	8	9	8	12	6	9	3	6	2	2	3	1	2	3	11	11	8	9	8	12	6	9	7392.578	6157.9014	10471.242	8255.284	7924.7827	7336.303	7144.6123	6461.509	46030.234	51805.77	58992.973	51070.223	50176.44	52024.14	42156.49	48990.46	7519.8296	6263.8994	7875.0015	8397.386	8061.195	7462.5854	7267.595	6572.733	14978.6045	18684.129	19038.18	18162.018	15299.63	16879.955	13556.825	15055.3955	
sp|P00491|PNPH_HUMAN	P00491	PNPH_HUMAN	PNP	289	Homo sapiens	1:Experimental evidence at protein level	Purine nucleoside phosphorylase	1.0	0.999	2	41	41	41	4	2	3	3	2	2	4	4	2	2	2	2	2	2	3	2	4	2	3	3	2	2	4	4	2	2	2	2	2	2	3	2	4	2	3	3	2	2	4	4	2	2	2	2	2	2	3	2	2881.7568	3529.652	3388.4966	1733.3026	0.0	5959.6133	1583.1034	5286.634	0.0	3813.6406	2982.0017	3077.3584	5422.124	1535.0222	4378.788	5225.845	1643.6565	3567.6157	3424.9421	1751.9454	0.0	3214.7195	1600.1307	2522.0793	0.0	3854.659	3014.0752	3110.4573	3190.3574	1551.5323	2810.6018	3524.8271	
sp|P00492|HPRT_HUMAN	P00492	HPRT_HUMAN	HPRT1	218	Homo sapiens	1:Experimental evidence at protein level	Hypoxanthine-guanine phosphoribosyltransferase	1.0	0.999	3	22	22	22	2	1	2	1	2	2	2	1	0	1	2	1	1	1	2	1	2	1	2	1	2	2	2	1	0	1	2	1	1	1	2	1	2	1	2	1	2	2	2	1	0	1	2	1	1	1	2	1	3057.2769	4648.3965	3577.4487	3302.6946	6412.3555	2307.4004	7173.785	1844.9918	2739.7974	3603.3816	3003.0017	3225.9702	2925.3958	3147.98	3759.4092	2927.4087	2967.6833	4512.1753	3472.6118	3205.9092	3720.8303	4642.036	4354.9136	3711.7607	2659.5076	3497.7847	2914.9988	3131.433	2839.667	3055.7285	2465.9956	2841.621	
sp|P00505|AATM_HUMAN	P00505	AATM_HUMAN	GOT2	430	Homo sapiens	1:Experimental evidence at protein level	Aspartate aminotransferase, mitochondrial	0.9713	0.999	1	2	2	2	0	0	0	0	0	0	0	0	0	0	1	0	1	0	0	0	0	0	0	0	0	0	0	0	0	0	1	0	1	0	0	0	0	0	0	0	0	0	0	0	0	0	1	0	1	0	0	0	0.0	0.0	0.0	0.0	0.0	0.0	0.0	0.0	0.0	0.0	0.0	0.0	0.0	0.0	0.0	0.0	0.0	0.0	0.0	0.0	0.0	0.0	0.0	0.0	0.0	0.0	0.0	0.0	0.0	0.0	0.0	0.0	
sp|P00509|AAT_ECOLI	P00509	AAT_ECOLI	aspC	396	Escherichia coli (strain K12)	1:Experimental evidence at protein level	Aspartate aminotransferase	1.0	0.999	2	21	21	21	0	0	0	0	0	0	0	0	1	3	3	4	1	3	2	4	0	0	0	0	0	0	0	0	1	3	3	4	1	3	2	4	0	0	0	0	0	0	0	0	1	3	3	4	1	3	2	4	0.0	0.0	0.0	0.0	0.0	0.0	0.0	0.0	0.0	0.0	1154.6682	0.0	0.0	0.0	0.0	1284.0107	0.0	0.0	0.0	0.0	0.0	0.0	0.0	0.0	0.0	0.0	1154.6682	0.0	0.0	0.0	0.0	1284.0107	
sp|P00549|KPYK1_YEAST	P00549	KPYK1_YEAST	CDC19	500	Saccharomyces cerevisiae (strain ATCC 204508 / S288c)	1:Experimental evidence at protein level	Pyruvate kinase 1	1.0	0.999	29	725	703	725	50	57	57	49	57	52	57	56	31	41	35	43	29	40	36	35	48	55	56	48	56	50	56	54	30	40	33	42	27	39	35	34	50	57	57	49	57	52	57	56	31	41	35	43	29	40	36	35	384856.03	371182.94	404508.0	403344.28	400063.2	384458.22	373619.62	410871.2	218513.39	195258.81	218767.84	219920.84	183780.52	217700.75	213256.66	215954.23	63735.277	64074.375	65483.89	65103.168	68628.15	63812.742	63187.188	65783.15	41325.168	40693.97	41395.19	42437.16	37842.26	40296.926	40407.574	38730.504	
sp|P00558|PGK1_HUMAN	P00558	PGK1_HUMAN	PGK1	417	Homo sapiens	1:Experimental evidence at protein level	Phosphoglycerate kinase 1	1.0	0.999	19	420	378	420	27	28	20	16	28	18	25	29	26	24	31	37	19	31	31	30	24	26	18	15	26	15	23	27	23	21	28	33	17	27	28	27	27	28	20	16	28	18	25	29	26	24	31	37	19	31	31	30	105202.51	94062.71	116544.336	100615.06	111559.95	109437.08	111755.25	97969.9	98320.88	117233.914	96147.06	89179.96	111633.445	95325.63	104827.06	116044.625	10329.742	9916.209	10547.576	10733.796	10113.417	10147.18	10455.464	10100.702	10620.767	10391.628	10099.8	9929.113	10596.6045	10232.054	10723.423	10568.768	
sp|P00560|PGK_YEAST	P00560	PGK_YEAST	PGK1	416	Saccharomyces cerevisiae (strain ATCC 204508 / S288c)	1:Experimental evidence at protein level	Phosphoglycerate kinase	1.0	0.999	30	730	730	730	60	50	61	46	54	51	55	63	35	37	40	42	31	36	41	28	60	50	61	46	54	51	55	63	35	37	40	42	31	36	41	28	60	50	61	46	54	51	55	63	35	37	40	42	31	36	41	28	338584.06	323369.8	339372.1	345047.72	324422.2	326805.78	337944.66	343848.72	164199.88	185464.33	184443.77	185483.23	192823.4	182572.52	191667.22	196425.17	23616.363	23348.055	24099.66	24059.137	24401.422	23752.5	23773.36	23148.854	14748.978	14608.68	15087.65	15256.013	15144.128	14515.573	14741.384	14114.318	
sp|P00568|KAD1_HUMAN	P00568	KAD1_HUMAN	AK1	194	Homo sapiens	1:Experimental evidence at protein level	Adenylate kinase isoenzyme 1	1.0	0.9982	2	5	5	5	0	1	0	1	0	0	1	1	0	1	0	0	0	0	0	0	0	1	0	1	0	0	1	1	0	1	0	0	0	0	0	0	0	1	0	1	0	0	1	1	0	1	0	0	0	0	0	0	0.0	0.0	0.0	0.0	0.0	0.0	0.0	0.0	0.0	0.0	0.0	0.0	0.0	0.0	0.0	0.0	0.0	0.0	0.0	0.0	0.0	0.0	0.0	0.0	0.0	0.0	0.0	0.0	0.0	0.0	0.0	0.0	
sp|P00724|INV2_YEAST	P00724	INV2_YEAST	SUC2	532	Saccharomyces cerevisiae (strain ATCC 204508 / S288c)	1:Experimental evidence at protein level	Invertase 2	0.8747	0.9952	1	2	2	2	0	0	0	0	0	0	1	1	0	0	0	0	0	0	0	0	0	0	0	0	0	0	1	1	0	0	0	0	0	0	0	0	0	0	0	0	0	0	1	1	0	0	0	0	0	0	0	0	0.0	0.0	0.0	0.0	0.0	0.0	0.0	0.0	0.0	0.0	0.0	0.0	0.0	0.0	0.0	0.0	0.0	0.0	0.0	0.0	0.0	0.0	0.0	0.0	0.0	0.0	0.0	0.0	0.0	0.0	0.0	0.0	
sp|P00729|CBPY_YEAST	P00729	CBPY_YEAST	PRC1	532	Saccharomyces cerevisiae (strain ATCC 204508 / S288c)	1:Experimental evidence at protein level	Carboxypeptidase Y	1.0	0.999	2	7	7	7	1	2	1	0	2	0	0	1	0	0	0	0	0	0	0	0	1	2	1	0	2	0	0	1	0	0	0	0	0	0	0	0	1	2	1	0	2	0	0	1	0	0	0	0	0	0	0	0	0.0	0.0	0.0	0.0	0.0	0.0	0.0	0.0	0.0	0.0	0.0	0.0	0.0	0.0	0.0	0.0	0.0	0.0	0.0	0.0	0.0	0.0	0.0	0.0	0.0	0.0	0.0	0.0	0.0	0.0	0.0	0.0	
sp|P00815|HIS2_YEAST	P00815	HIS2_YEAST	HIS4	799	Saccharomyces cerevisiae (strain ATCC 204508 / S288c)	1:Experimental evidence at protein level	Histidine biosynthesis trifunctional protein	1.0	0.999	3	7	7	7	1	0	2	0	0	1	2	1	0	0	0	0	0	0	0	0	1	0	2	0	0	1	2	1	0	0	0	0	0	0	0	0	1	0	2	0	0	1	2	1	0	0	0	0	0	0	0	0	0.0	0.0	0.0	0.0	0.0	0.0	0.0	0.0	0.0	0.0	0.0	0.0	0.0	0.0	0.0	0.0	0.0	0.0	0.0	0.0	0.0	0.0	0.0	0.0	0.0	0.0	0.0	0.0	0.0	0.0	0.0	0.0	
sp|P00817|IPYR_YEAST	P00817	IPYR_YEAST	IPP1	287	Saccharomyces cerevisiae (strain ATCC 204508 / S288c)	1:Experimental evidence at protein level	Inorganic pyrophosphatase	1.0	0.999	6	49	49	49	4	6	3	3	6	8	5	5	1	1	1	2	0	1	1	2	4	6	3	3	6	8	5	5	1	1	1	2	0	1	1	2	4	6	3	3	6	8	5	5	1	1	1	2	0	1	1	2	18406.65	25542.113	14627.893	23740.242	22575.033	5655.332	21276.836	24862.8	4374.492	4256.216	4087.5408	3786.976	5779.1797	3070.094	7076.4966	7660.433	7394.9214	7780.3843	7341.5024	7671.386	7481.661	6195.534	7166.5723	8675.533	5102.464	4964.505	4767.7603	4417.1777	3068.5461	3580.9973	3890.856	4100.5996	
sp|P00830|ATPB_YEAST	P00830	ATPB_YEAST	ATP2	511	Saccharomyces cerevisiae (strain ATCC 204508 / S288c)	1:Experimental evidence at protein level	ATP synthase subunit beta, mitochondrial	1.0	0.9989	3	8	8	27	2	0	0	1	1	2	1	1	0	0	0	0	0	0	0	0	2	0	0	1	1	2	1	1	0	0	0	0	0	0	0	0	4	1	1	2	3	3	2	3	1	1	1	1	0	1	2	1	1447.3141	0.0	0.0	0.0	0.0	0.0	0.0	0.0	0.0	0.0	0.0	0.0	0.0	0.0	0.0	0.0	0.0	0.0	0.0	0.0	0.0	0.0	0.0	0.0	0.0	0.0	0.0	0.0	0.0	0.0	0.0	0.0	
sp|P00924|ENO1_YEAST	P00924	ENO1_YEAST	ENO1	437	Saccharomyces cerevisiae (strain ATCC 204508 / S288c)	1:Experimental evidence at protein level	Enolase 1	1.0	0.999	30	300	300	940	27	27	26	14	16	18	20	24	18	17	14	25	12	12	14	16	27	27	26	14	16	18	20	24	18	17	14	25	12	12	14	16	75	73	75	46	63	62	64	78	49	59	56	63	37	44	43	53	137427.9	131228.1	112098.11	83253.445	115525.48	90745.16	111808.51	116143.945	68621.24	80433.39	68756.24	73620.836	72749.42	58149.703	52512.785	61458.715	24830.088	24367.064	23704.166	21183.584	22095.21	20002.941	22380.305	21965.586	13217.853	15478.905	14617.785	14454.146	15043.105	12053.965	13399.886	14343.862	
sp|P00925|ENO2_YEAST	P00925	ENO2_YEAST	ENO2	437	Saccharomyces cerevisiae (strain ATCC 204508 / S288c)	1:Experimental evidence at protein level	Enolase 2	1.0	0.999	34	1354	714	1354	100	100	105	82	103	98	99	109	57	82	76	84	49	72	70	68	52	54	56	50	56	54	55	55	26	40	34	46	24	40	41	31	100	100	105	82	103	98	99	109	57	82	76	84	49	72	70	68	768862.9	764860.94	765630.9	725814.6	774366.4	722509.06	709127.25	761461.1	381888.97	477481.66	435827.12	471580.97	447043.06	438013.38	396941.03	454863.8	57185.152	57928.246	58100.824	56036.97	59109.58	57461.17	57398.67	59231.56	34859.504	37552.402	35359.83	36990.887	34759.6	35650.84	35701.793	35786.6	
sp|P00931|TRP_YEAST	P00931	TRP_YEAST	TRP5	707	Saccharomyces cerevisiae (strain ATCC 204508 / S288c)	1:Experimental evidence at protein level	Tryptophan synthase	1.0	0.999	3	36	36	36	3	3	3	4	5	3	6	4	0	1	1	0	1	1	0	1	3	3	3	4	5	3	6	4	0	1	1	0	1	1	0	1	3	3	3	4	5	3	6	4	0	1	1	0	1	1	0	1	2089.9941	6940.1353	7999.3467	5361.372	4408.7285	4388.226	7074.8403	5384.9346	0.0	1118.1418	0.0	0.0	0.0	0.0	0.0	0.0	2567.0737	4962.2866	3320.6553	3461.3162	2763.447	2822.1636	3598.7605	3912.3398	0.0	1012.85034	0.0	0.0	0.0	0.0	0.0	0.0	
sp|P00942|TPIS_YEAST	P00942	TPIS_YEAST	TPI1	248	Saccharomyces cerevisiae (strain ATCC 204508 / S288c)	1:Experimental evidence at protein level	Triosephosphate isomerase	1.0	0.999	11	273	273	273	24	25	15	19	22	17	21	23	12	12	13	12	11	15	18	14	24	25	15	19	22	17	21	23	12	12	13	12	11	15	18	14	24	25	15	19	22	17	21	23	12	12	13	12	11	15	18	14	179447.5	176672.38	181947.16	150163.92	161283.64	162678.44	167960.0	147669.34	90203.555	93272.7	94056.8	97583.58	53016.992	75339.73	70654.42	75603.68	48475.83	52325.53	52665.547	47188.14	49846.87	45643.9	49517.83	50776.516	28138.424	28649.664	28870.363	27945.742	27735.559	27117.852	25630.564	28453.596	
sp|P00950|PMG1_YEAST	P00950	PMG1_YEAST	GPM1	247	Saccharomyces cerevisiae (strain ATCC 204508 / S288c)	1:Experimental evidence at protein level	Phosphoglycerate mutase 1	1.0	0.999	13	292	292	292	23	21	18	23	26	21	29	25	9	10	14	15	8	20	16	14	23	21	18	23	26	21	29	25	9	10	14	15	8	20	16	14	23	21	18	23	26	21	29	25	9	10	14	15	8	20	16	14	130989.0	128811.72	123451.84	94361.13	136091.06	128651.95	125706.266	116810.21	72556.82	71984.53	57023.555	84913.96	68557.12	70031.87	81163.86	84065.4	18794.986	18374.766	18285.36	16651.432	19570.08	18705.715	18986.555	18736.064	12999.138	12133.414	12490.918	13204.896	10673.067	12370.32	12329.698	12692.795	
sp|P00954|SYW_ECOLI	P00954	SYW_ECOLI	trpS	334	Escherichia coli (strain K12)	1:Experimental evidence at protein level	Tryptophan--tRNA ligase	1.0	0.999	2	9	9	9	0	0	0	0	0	0	0	0	1	1	0	2	1	2	2	0	0	0	0	0	0	0	0	0	1	1	0	2	1	2	2	0	0	0	0	0	0	0	0	0	1	1	0	2	1	2	2	0	0.0	0.0	0.0	0.0	0.0	0.0	0.0	0.0	0.0	0.0	1325.0254	0.0	1027.1188	1867.9927	0.0	1559.8413	0.0	0.0	0.0	0.0	0.0	0.0	0.0	0.0	0.0	0.0	1325.0254	0.0	1027.1188	1867.9927	0.0	1559.8413	
sp|P02008|HBAZ_HUMAN	P02008	HBAZ_HUMAN	HBZ	142	Homo sapiens	1:Experimental evidence at protein level	Hemoglobin subunit zeta	1.0	0.999	10	119	119	131	5	8	5	4	5	6	7	8	7	11	13	11	3	8	10	8	5	8	5	4	5	6	7	8	7	11	13	11	3	8	10	8	5	9	6	4	6	6	9	9	8	12	14	12	3	8	11	9	52067.69	41189.74	42938.17	42139.79	55324.645	41665.07	54191.914	36722.47	66771.94	65755.77	66415.6	36216.75	51104.18	56498.508	60166.03	49445.72	18255.072	17639.586	18601.494	16760.082	17783.137	17885.236	16311.852	16473.336	19816.643	17794.934	20153.428	17796.37	18357.328	18413.889	18488.246	17561.225	
sp|P02100|HBE_HUMAN	P02100	HBE_HUMAN	HBE1	147	Homo sapiens	1:Experimental evidence at protein level	Hemoglobin subunit epsilon	1.0	0.999	9	162	162	190	8	8	9	9	12	12	9	8	9	10	12	13	8	10	11	14	8	8	9	9	12	12	9	8	9	10	12	13	8	10	11	14	9	10	12	9	13	13	10	9	10	14	14	16	10	12	13	16	39753.71	35560.387	42057.023	36219.496	39278.055	36814.098	38616.2	40250.832	35536.227	41511.117	43158.625	44398.55	35475.855	29069.002	42298.777	39956.906	13053.203	12920.802	13660.758	11045.58	12498.477	11779.742	11947.802	12258.503	13806.502	13636.872	14250.8	14203.395	13022.054	13224.015	13582.686	12944.458	
sp|P02293|H2B1_YEAST	P02293	H2B1_YEAST	HTB1	131	Saccharomyces cerevisiae (strain ATCC 204508 / S288c)	1:Experimental evidence at protein level	Histone H2B.1	1.0	0.999	5	26	0	189	2	2	2	2	2	2	5	2	0	1	2	1	0	1	1	1	0	0	0	0	0	0	0	0	0	0	0	0	0	0	0	0	10	12	16	11	11	14	16	11	9	12	11	10	8	11	14	13	9001.5	7744.585	7816.8164	11826.922	11412.103	6172.272	10119.375	3567.1355	5757.462	5310.748	2079.5535	4351.594	2018.1467	3668.3335	4702.2554	2376.4011	5281.3257	4444.269	4549.6484	6833.327	6699.245	6056.882	5940.004	5211.9395	3379.2148	3116.5115	2040.6764	2525.4084	1980.4176	2126.6355	2738.6035	2331.9746	sp|P02294|H2B2_YEAST
sp|P02309|H4_YEAST	P02309	H4_YEAST	HHF1	103	Saccharomyces cerevisiae (strain ATCC 204508 / S288c)	1:Experimental evidence at protein level	Histone H4	1.0	0.9988	2	5	5	5	2	1	0	0	1	1	0	0	0	0	0	0	0	0	0	0	2	1	0	0	1	1	0	0	0	0	0	0	0	0	0	0	2	1	0	0	1	1	0	0	0	0	0	0	0	0	0	0	5050.4507	4073.6296	4029.2944	4949.292	3145.8643	0.0	3910.601	3693.3635	0.0	0.0	0.0	0.0	0.0	0.0	0.0	0.0	5050.4507	4073.6296	4029.2944	4949.292	3145.8643	0.0	3910.601	3693.3635	0.0	0.0	0.0	0.0	0.0	0.0	0.0	0.0	
sp|P02358|RS6_ECOLI	P02358	RS6_ECOLI	rpsF	135	Escherichia coli (strain K12)	1:Experimental evidence at protein level	Small ribosomal subunit protein bS6	1.0	0.999	9	86	86	86	1	2	1	0	1	0	2	2	8	8	11	12	6	12	11	9	1	2	1	0	1	0	2	2	8	8	11	12	6	12	11	9	1	2	1	0	1	0	2	2	8	8	11	12	6	12	11	9	4572.523	6615.5376	6625.282	5164.5063	8681.284	11052.779	5871.3545	10927.913	55671.97	65124.93	68307.44	58812.008	46208.375	55920.82	56816.273	60913.68	4612.295	6673.08	4422.623	5209.4272	4473.3315	4696.307	4150.2144	5661.7583	14314.264	15570.192	15626.266	13888.694	13699.163	14302.082	14747.459	14690.156	
sp|P02359|RS7_ECOLI	P02359	RS7_ECOLI	rpsG	179	Escherichia coli (strain K12)	1:Experimental evidence at protein level	Small ribosomal subunit protein uS7	1.0	0.999	10	185	185	185	6	5	6	7	7	7	10	9	14	18	14	19	11	19	18	15	6	5	6	7	7	7	10	9	14	18	14	19	11	19	18	15	6	5	6	7	7	7	10	9	14	18	14	19	11	19	18	15	35359.91	47805.13	38290.133	46624.953	37550.066	43880.58	45092.17	45487.906	122443.84	151712.95	138806.72	132041.42	113362.87	134789.72	109619.54	141151.23	20240.4	19134.998	16592.357	18933.797	19044.174	18112.219	18220.19	18458.955	40456.266	49325.637	47660.7	46040.47	45694.297	44497.918	39813.523	47530.77	
sp|P02400|RLA4_YEAST	P02400	RLA4_YEAST	RPP2B	110	Saccharomyces cerevisiae (strain ATCC 204508 / S288c)	1:Experimental evidence at protein level	Large ribosomal subunit protein P2B	1.0	0.999	3	68	68	68	7	9	6	5	6	5	7	8	2	4	1	1	2	1	2	2	7	9	6	5	6	5	7	8	2	4	1	1	2	1	2	2	7	9	6	5	6	5	7	8	2	4	1	1	2	1	2	2	25743.166	22750.572	28782.012	25957.191	28319.379	22964.28	26637.803	27860.262	6539.09	6318.167	5072.4346	3895.4177	5015.182	3059.047	5224.841	8710.472	14935.009	16263.248	16440.25	14261.732	16361.889	13107.269	15529.184	15731.061	6539.09	6318.167	5072.4346	3895.4177	5015.182	3059.047	5224.841	8710.472	
sp|P02406|RL28_YEAST	P02406	RL28_YEAST	RPL28	149	Saccharomyces cerevisiae (strain ATCC 204508 / S288c)	1:Experimental evidence at protein level	Large ribosomal subunit protein uL15	1.0	0.999	4	33	13	33	3	3	4	4	1	1	2	3	2	2	1	3	1	1	2	0	0	1	3	3	1	1	1	2	0	0	0	1	0	0	0	0	3	3	4	4	1	1	2	3	2	2	1	3	1	1	2	0	17396.486	19483.328	16167.551	21243.396	17998.828	16955.406	20563.143	19470.895	13689.027	12576.44	8492.878	16111.151	11224.228	12207.718	8743.333	11743.555	8497.926	9585.753	8668.063	10264.101	10411.801	9828.674	10355.516	9535.838	8450.131	7545.1704	8503.284	7066.433	7091.2573	6246.2124	6334.8784	7367.41	
sp|P02407|RS17A_YEAST	P02407	RS17A_YEAST	RPS17A	136	Saccharomyces cerevisiae (strain ATCC 204508 / S288c)	1:Experimental evidence at protein level	Small ribosomal subunit protein eS17A	1.0	0.999	3	36	0	36	4	4	3	2	5	4	2	4	1	1	0	1	1	1	1	2	0	0	0	0	0	0	0	0	0	0	0	0	0	0	0	0	4	4	3	2	5	4	2	4	1	1	0	1	1	1	1	2	14099.451	9746.594	12850.255	20610.227	16584.023	18013.826	17728.47	18178.676	3135.8853	2520.0042	0.0	2905.302	3480.6055	3369.5996	2539.331	2948.4705	7141.381	6518.2563	8593.9	9118.793	8069.573	7936.6143	8328.329	8755.16	5014.437	4029.6125	0.0	4645.723	5565.662	5388.158	4060.5173	4714.7515	sp|P14127|RS17B_YEAST
sp|P02413|RL15_ECOLI	P02413	RL15_ECOLI	rplO	144	Escherichia coli (strain K12)	1:Experimental evidence at protein level	Large ribosomal subunit protein uL15	1.0	0.999	6	82	73	82	1	2	2	2	3	4	2	2	6	9	7	8	7	8	11	8	1	2	2	2	3	4	2	2	5	9	6	6	6	7	9	7	1	2	2	2	3	4	2	2	6	9	7	8	7	8	11	8	8271.385	13513.306	17773.982	7095.708	7743.1304	15019.307	17509.535	15864.342	45301.207	51416.047	55067.992	57860.45	57692.523	57526.184	52799.445	38903.176	9050.074	7668.85	8017.717	7674.478	8503.601	6683.7944	8090.745	6650.848	21982.322	21304.373	23774.344	24100.895	24267.008	23454.297	22890.955	20660.424	
sp|P02545|LMNA_HUMAN	P02545	LMNA_HUMAN	LMNA	664	Homo sapiens	1:Experimental evidence at protein level	Prelamin-A/C	1.0	0.999	19	126	113	126	6	6	5	1	7	7	10	8	11	10	9	13	1	12	12	8	5	5	5	1	6	7	9	7	10	9	8	12	1	10	11	7	6	6	5	1	7	7	10	8	11	10	9	13	1	12	12	8	44737.91	44551.83	40062.227	39418.508	47053.8	40994.88	45202.668	45463.574	38623.004	47690.97	46944.48	46496.324	46993.496	48385.527	40008.31	56441.48	6340.803	6443.8394	6703.2993	6133.194	6425.1655	6328.265	6420.343	6692.4585	7186.26	6881.509	6591.9185	7220.8765	6617.094	6520.242	6454.933	6806.178	
sp|P02549|SPTA1_HUMAN	P02549	SPTA1_HUMAN	SPTA1	2419	Homo sapiens	1:Experimental evidence at protein level	Spectrin alpha chain, erythrocytic 1	1.0	0.999	3	7	7	7	0	0	1	1	0	0	1	1	0	0	0	0	3	0	0	0	0	0	1	1	0	0	1	1	0	0	0	0	3	0	0	0	0	0	1	1	0	0	1	1	0	0	0	0	3	0	0	0	0.0	0.0	0.0	0.0	0.0	0.0	0.0	0.0	0.0	0.0	0.0	0.0	0.0	0.0	0.0	0.0	0.0	0.0	0.0	0.0	0.0	0.0	0.0	0.0	0.0	0.0	0.0	0.0	0.0	0.0	0.0	0.0	
sp|P02786|TFR1_HUMAN	P02786	TFR1_HUMAN	TFRC	760	Homo sapiens	1:Experimental evidence at protein level	Transferrin receptor protein 1	1.0	0.999	11	131	130	131	7	5	2	9	9	7	11	6	8	11	9	9	4	8	12	14	7	5	2	9	9	7	11	6	8	11	9	8	4	8	12	14	7	5	2	9	9	7	11	6	8	11	9	9	4	8	12	14	21418.97	24692.914	16522.822	24215.105	19315.48	22787.89	27533.682	27044.463	18795.848	24546.05	25976.104	28429.617	28035.967	23701.605	29883.908	33186.605	6895.181	6160.8706	7124.8647	7767.0977	6876.3438	5900.6865	6146.874	6209.973	7991.898	6615.187	7595.7827	6870.3535	6569.0825	7316.3247	6987.6753	7800.2583	
sp|P02829|HSP82_YEAST	P02829	HSP82_YEAST	HSP82	709	Saccharomyces cerevisiae (strain ATCC 204508 / S288c)	1:Experimental evidence at protein level	ATP-dependent molecular chaperone HSP82	1.0	0.9982	18	7	7	148	1	2	0	0	1	0	1	2	0	0	0	0	0	0	0	0	1	2	0	0	1	0	1	2	0	0	0	0	0	0	0	0	11	13	12	7	14	12	15	15	4	7	7	8	3	5	6	9	8225.594	8356.432	8134.385	7088.432	7080.709	9306.58	7738.1094	8800.474	0.0	0.0	1882.9486	2030.9388	0.0	0.0	1432.1891	4739.252	4452.643	4523.982	4349.896	3801.7085	3820.1055	4903.9346	4188.486	4760.3022	0.0	0.0	1936.595	2088.8015	0.0	0.0	1635.7074	2556.7056	
sp|P02924|ARAF_ECOLI	P02924	ARAF_ECOLI	araF	329	Escherichia coli (strain K12)	1:Experimental evidence at protein level	L-arabinose-binding periplasmic protein	0.9713	0.999	1	9	9	9	0	0	0	0	0	0	0	0	2	1	1	1	1	0	1	2	0	0	0	0	0	0	0	0	2	1	1	1	1	0	1	2	0	0	0	0	0	0	0	0	2	1	1	1	1	0	1	2	0.0	0.0	0.0	0.0	0.0	0.0	0.0	0.0	0.0	1788.7186	1139.1489	0.0	3182.2268	1726.8359	1901.8822	2326.8423	0.0	0.0	0.0	0.0	0.0	0.0	0.0	0.0	0.0	1788.7186	1139.1489	0.0	3182.2268	1726.8359	1901.8822	2326.8423	
sp|P02925|RBSB_ECOLI	P02925	RBSB_ECOLI	rbsB	296	Escherichia coli (strain K12)	1:Experimental evidence at protein level	Ribose import binding protein RbsB	0.9713	0.999	1	2	2	2	0	0	0	0	0	0	0	0	0	0	0	1	0	1	0	0	0	0	0	0	0	0	0	0	0	0	0	1	0	1	0	0	0	0	0	0	0	0	0	0	0	0	0	1	0	1	0	0	0.0	0.0	0.0	0.0	0.0	0.0	0.0	0.0	2853.051	2129.2568	2992.4905	2981.6438	2245.3384	2775.6057	2782.531	2782.0442	0.0	0.0	0.0	0.0	0.0	0.0	0.0	0.0	2853.051	2129.2568	2992.4905	2981.6438	2245.3384	2775.6057	2782.531	2782.0442	
sp|P02992|EFTU_YEAST	P02992	EFTU_YEAST	TUF1	437	Saccharomyces cerevisiae (strain ATCC 204508 / S288c)	1:Experimental evidence at protein level	Elongation factor Tu, mitochondrial	0.9964	0.9957	3	2	2	19	0	0	0	1	0	0	0	0	0	1	0	0	0	0	0	0	0	0	0	1	0	0	0	0	0	1	0	0	0	0	0	0	2	1	2	1	1	1	1	1	2	3	0	1	0	0	1	2	0.0	0.0	0.0	0.0	0.0	0.0	0.0	0.0	0.0	0.0	0.0	0.0	0.0	0.0	0.0	0.0	0.0	0.0	0.0	0.0	0.0	0.0	0.0	0.0	0.0	0.0	0.0	0.0	0.0	0.0	0.0	0.0	
sp|P02994|EF1A_YEAST	P02994	EF1A_YEAST	TEF1	458	Saccharomyces cerevisiae (strain ATCC 204508 / S288c)	1:Experimental evidence at protein level	Elongation factor 1-alpha	1.0	0.999	21	408	408	612	30	37	30	27	34	28	38	36	15	22	19	20	14	22	17	19	30	37	30	27	34	28	38	36	15	22	19	20	14	22	17	19	41	53	44	37	50	40	50	51	27	32	31	30	25	37	32	32	186620.47	186875.8	169507.28	167995.58	161137.08	187039.2	174742.86	174825.56	80917.53	92870.89	83484.86	75878.14	97967.65	92949.91	87537.195	83627.91	38273.26	37176.492	34891.293	35362.945	36172.81	37699.387	37013.094	34847.465	21071.844	22452.281	23244.697	21089.635	21663.188	19963.146	20533.037	20132.574	
sp|P03817|MIOC_ECOLI	P03817	MIOC_ECOLI	mioC	147	Escherichia coli (strain K12)	1:Experimental evidence at protein level	Protein MioC	0.9674	0.9989	1	3	3	3	0	0	0	0	0	0	0	0	0	0	1	0	0	1	0	1	0	0	0	0	0	0	0	0	0	0	1	0	0	1	0	1	0	0	0	0	0	0	0	0	0	0	1	0	0	1	0	1	0.0	0.0	0.0	0.0	0.0	0.0	0.0	0.0	0.0	0.0	0.0	0.0	2120.147	0.0	0.0	3456.9211	0.0	0.0	0.0	0.0	0.0	0.0	0.0	0.0	0.0	0.0	0.0	0.0	2120.147	0.0	0.0	3456.9211	
sp|P04075|ALDOA_HUMAN	P04075	ALDOA_HUMAN	ALDOA	364	Homo sapiens	1:Experimental evidence at protein level	Fructose-bisphosphate aldolase A	1.0	0.999	22	649	241	649	39	39	41	36	34	36	40	43	41	45	38	45	38	42	47	45	16	13	15	13	11	12	15	17	16	15	17	16	17	14	19	15	39	39	41	36	34	36	40	43	41	45	38	45	38	42	47	45	225384.9	223543.56	226457.9	225206.95	225086.33	230646.78	217515.16	230270.61	257462.17	252345.55	250148.9	241040.9	233929.8	241627.72	236255.61	252178.55	33945.9	35187.664	34042.742	34511.215	34851.63	36087.69	35017.285	35555.96	41559.734	39414.434	38400.07	39328.8	37864.586	38623.594	38017.17	41342.49	
sp|P04080|CYTB_HUMAN	P04080	CYTB_HUMAN	CSTB	98	Homo sapiens	1:Experimental evidence at protein level	Cystatin-B	1.0	0.9988	2	14	14	14	1	0	0	0	0	0	0	0	2	2	2	2	0	2	2	1	1	0	0	0	0	0	0	0	2	2	2	2	0	2	2	1	1	0	0	0	0	0	0	0	2	2	2	2	0	2	2	1	5368.283	4731.8716	3586.226	2454.092	6102.1514	2792.0586	7130.8525	5603.7734	6673.0435	4437.7017	6099.3857	6718.8745	6532.374	6450.9385	6357.176	6634.617	2559.5552	2552.8445	4170.309	2853.7861	3290.8008	2795.4143	3812.9812	2980.7275	3597.7988	4443.035	3288.3313	3624.637	3513.9841	3479.5613	3404.8557	3577.8838	
sp|P04083|ANXA1_HUMAN	P04083	ANXA1_HUMAN	ANXA1	346	Homo sapiens	1:Experimental evidence at protein level	Annexin A1	1.0	0.999	20	338	338	338	21	17	15	18	22	19	23	21	18	22	21	25	18	27	30	21	21	17	15	18	22	19	23	21	18	22	21	25	18	27	30	21	21	17	15	18	22	19	23	21	18	22	21	25	18	27	30	21	113095.41	117214.77	108771.29	122516.07	112514.99	117984.34	120292.836	117079.586	121797.195	126755.16	121529.53	123070.78	127609.33	129810.586	118469.68	134692.81	29423.166	29265.252	27877.947	30357.018	28240.496	28548.613	29184.31	27818.56	31259.2	30970.443	29712.52	30944.11	30793.572	30997.87	27851.092	31824.932	
sp|P04147|PABP_YEAST	P04147	PABP_YEAST	PAB1	577	Saccharomyces cerevisiae (strain ATCC 204508 / S288c)	1:Experimental evidence at protein level	Polyadenylate-binding protein, cytoplasmic and nuclear	1.0	0.999	2	12	12	12	2	1	1	1	1	1	2	1	0	0	0	0	1	1	0	0	2	1	1	1	1	1	2	1	0	0	0	0	1	1	0	0	2	1	1	1	1	1	2	1	0	0	0	0	1	1	0	0	5119.074	4010.1301	4721.943	4739.6035	4394.5186	5009.1035	4676.6855	5319.6553	0.0	0.0	0.0	2158.7783	1665.5754	0.0	0.0	2655.488	5119.074	4010.1301	4721.943	4739.6035	4394.5186	5009.1035	4676.6855	5319.6553	0.0	0.0	0.0	2158.7783	1665.5754	0.0	0.0	2655.488	
sp|P04181|OAT_HUMAN	P04181	OAT_HUMAN	OAT	439	Homo sapiens	1:Experimental evidence at protein level	Ornithine aminotransferase, mitochondrial	1.0	0.999	2	31	31	31	4	1	2	2	1	1	3	2	2	2	2	2	2	2	1	2	4	1	2	2	1	1	3	2	2	2	2	2	2	2	1	2	4	1	2	2	1	1	3	2	2	2	2	2	2	2	1	2	3375.3218	4015.7075	3011.1724	2312.6697	3826.0527	4256.783	0.0	4800.219	0.0	3415.902	0.0	1662.8545	0.0	2309.728	2005.6875	3052.3545	3375.3218	4015.7075	3011.1724	2312.6697	3826.0527	4256.783	0.0	4800.219	0.0	3415.902	0.0	1662.8545	0.0	2309.728	2005.6875	3052.3545	
sp|P04183|KITH_HUMAN	P04183	KITH_HUMAN	TK1	234	Homo sapiens	1:Experimental evidence at protein level	Thymidine kinase, cytosolic	0.9385	0.9978	1	2	2	2	1	0	0	0	0	0	0	0	0	0	0	0	0	0	0	1	1	0	0	0	0	0	0	0	0	0	0	0	0	0	0	1	1	0	0	0	0	0	0	0	0	0	0	0	0	0	0	1	0.0	0.0	0.0	0.0	0.0	2451.5999	0.0	0.0	1248.7172	3014.697	1520.2894	1725.6785	0.0	2699.2107	2672.1719	1583.9911	0.0	0.0	0.0	0.0	0.0	2451.5999	0.0	0.0	1248.7172	3014.697	1520.2894	1725.6785	0.0	2699.2107	2672.1719	1583.9911	
sp|P04406|G3P_HUMAN	P04406	G3P_HUMAN	GAPDH	335	Homo sapiens	1:Experimental evidence at protein level	Glyceraldehyde-3-phosphate dehydrogenase	1.0	0.999	19	1029	981	1029	58	65	55	49	54	54	58	57	59	74	73	79	73	81	63	77	57	62	53	47	51	53	55	55	56	70	69	75	70	76	60	72	58	65	55	49	54	54	58	57	59	74	73	79	73	81	63	77	380905.94	308471.94	361864.25	312721.9	317440.0	304968.75	327268.25	332923.75	398062.56	466647.62	443302.8	398379.6	442283.22	412560.84	383953.72	395961.25	49591.836	48849.258	48164.656	44366.285	45076.285	44135.992	44576.727	45077.688	50328.156	54427.66	55819.523	55165.516	53024.367	52669.16	50809.48	50304.848	
sp|P04449|RL24A_YEAST	P04449	RL24A_YEAST	RPL24A	155	Saccharomyces cerevisiae (strain ATCC 204508 / S288c)	1:Experimental evidence at protein level	Large ribosomal subunit protein eL24A	1.0	0.999	2	13	0	13	1	2	1	1	1	2	1	1	0	1	0	0	0	1	0	1	0	0	0	0	0	0	0	0	0	0	0	0	0	0	0	0	1	2	1	1	1	2	1	1	0	1	0	0	0	1	0	1	4036.9062	10234.797	10360.686	0.0	6435.0195	9293.969	8169.6206	8211.435	0.0	5595.9067	0.0	0.0	0.0	0.0	2329.2073	2812.777	4036.9062	6396.5986	6341.068	0.0	3878.3484	5856.1157	4986.152	5172.0293	0.0	3525.8628	0.0	0.0	0.0	0.0	2329.2073	2812.777	sp|P24000|RL24B_YEAST
sp|P04456|RL25_YEAST	P04456	RL25_YEAST	RPL25	142	Saccharomyces cerevisiae (strain ATCC 204508 / S288c)	1:Experimental evidence at protein level	Large ribosomal subunit protein uL23	1.0	0.999	6	50	50	50	4	7	5	3	6	4	5	7	1	2	1	2	1	1	1	0	4	7	5	3	6	4	5	7	1	2	1	2	1	1	1	0	4	7	5	3	6	4	5	7	1	2	1	2	1	1	1	0	14147.923	16686.727	18436.7	15143.322	13503.402	18999.33	17580.648	14467.979	6841.4673	8678.659	9572.4375	6305.5273	4767.396	5106.6357	4947.536	5258.631	5088.0205	5145.5176	5589.056	5087.957	5494.905	5607.393	4945.1704	5063.01	3704.1492	3315.133	3840.7573	3470.003	2643.4336	2830.3586	2728.8352	2915.52	
sp|P04632|CPNS1_HUMAN	P04632	CPNS1_HUMAN	CAPNS1	268	Homo sapiens	1:Experimental evidence at protein level	Calpain small subunit 1	1.0	0.999	2	19	19	19	1	1	3	1	1	0	1	3	0	1	1	1	1	2	0	2	1	1	3	1	1	0	1	3	0	1	1	1	1	2	0	2	1	1	3	1	1	0	1	3	0	1	1	1	1	2	0	2	0.0	0.0	0.0	0.0	0.0	0.0	0.0	0.0	0.0	0.0	669.6135	0.0	2039.7915	0.0	0.0	0.0	0.0	0.0	0.0	0.0	0.0	0.0	0.0	0.0	0.0	0.0	669.6135	0.0	2039.7915	0.0	0.0	0.0	
sp|P04792|HSPB1_HUMAN	P04792	HSPB1_HUMAN	HSPB1	205	Homo sapiens	1:Experimental evidence at protein level	Heat shock protein beta-1	1.0	0.999	5	174	174	174	16	9	12	15	14	17	13	10	8	5	7	10	10	7	8	13	16	9	12	15	14	17	13	10	8	5	7	10	10	7	8	13	16	9	12	15	14	17	13	10	8	5	7	10	10	7	8	13	13850.267	25215.816	22900.107	18337.045	20194.516	24802.402	26425.34	23002.94	14513.017	20215.988	23388.021	21939.594	24410.127	20825.254	21249.578	23094.21	6268.3467	6193.6187	6851.7944	6840.145	6711.3857	7131.516	6764.56	6610.997	6632.0474	6359.2075	7714.3354	7075.3633	7619.4624	6711.3413	6775.8467	7401.868	
sp|P04806|HXKA_YEAST	P04806	HXKA_YEAST	HXK1	485	Saccharomyces cerevisiae (strain ATCC 204508 / S288c)	1:Experimental evidence at protein level	Hexokinase-1	1.0	0.999	14	176	175	176	17	18	17	15	19	10	18	16	5	6	5	4	5	9	8	4	17	18	17	15	19	10	17	16	5	6	5	4	5	9	8	4	17	18	17	15	19	10	18	16	5	6	5	4	5	9	8	4	50737.586	48286.383	44944.477	41033.33	46263.46	43667.613	51560.695	47000.61	11285.35	21314.693	12314.19	12535.125	6853.064	18917.934	14823.156	16394.754	14393.107	15831.345	14679.728	14120.488	14064.384	13861.722	15569.111	16211.404	7560.0146	7665.688	5665.0947	6530.476	8109.264	8363.747	7103.388	7659.113	
sp|P04807|HXKB_YEAST	P04807	HXKB_YEAST	HXK2	486	Saccharomyces cerevisiae (strain ATCC 204508 / S288c)	1:Experimental evidence at protein level	Hexokinase-2	1.0	0.999	12	135	135	136	15	14	12	13	16	11	12	14	0	4	4	4	4	5	2	5	15	14	12	13	16	11	12	14	0	4	4	4	4	5	2	5	15	14	12	13	16	11	13	14	0	4	4	4	4	5	2	5	41891.74	36371.64	39007.79	43244.63	34111.914	43532.42	35758.54	45162.523	5235.8027	8110.8843	14655.3545	14907.243	13797.287	9215.491	12647.7705	12924.014	8076.981	7739.4585	8974.414	7822.9927	7301.3784	8068.284	7668.082	7560.1616	3337.2207	3742.1194	4651.868	4514.8823	4457.932	3644.568	3468.241	4220.259	
sp|P04840|VDAC1_YEAST	P04840	VDAC1_YEAST	POR1	283	Saccharomyces cerevisiae (strain ATCC 204508 / S288c)	1:Experimental evidence at protein level	Non-selective voltage-gated ion channel 1	1.0	0.999	8	49	49	49	6	1	5	6	9	4	6	6	0	0	0	2	1	0	1	2	6	1	5	6	9	4	6	6	0	0	0	2	1	0	1	2	6	1	5	6	9	4	6	6	0	0	0	2	1	0	1	2	18322.816	22196.66	23276.436	18533.43	22595.8	25456.102	23594.994	24349.805	3823.4805	7155.9707	2929.6106	5307.1357	5434.4844	9260.695	6798.3267	8812.519	6011.2427	6322.851	6311.7534	6521.495	6471.654	6370.6484	6502.1963	6850.9287	3784.6833	2923.7239	2899.8835	3327.8057	4058.0244	3960.4834	2976.19	3766.2605	
sp|P04908|H2A1B_HUMAN	P04908	H2A1B_HUMAN	H2AC4	130	Homo sapiens	1:Experimental evidence at protein level	Histone H2A type 1-B/E	0.9999	0.999	7	479	0	583	35	30	29	28	27	25	37	32	31	29	28	29	32	28	29	30	0	0	0	0	0	0	0	0	0	0	0	0	0	0	0	0	41	38	36	32	31	31	42	38	38	37	35	37	36	37	36	38	245299.44	241610.9	243919.88	254224.12	249623.73	270580.0	235986.83	277062.3	214003.11	241314.83	242026.22	248395.84	251380.6	227516.84	249133.3	262244.22	230175.11	208083.27	196850.61	201689.19	205594.66	216006.3	198267.56	212844.45	161888.0	191641.3	196151.58	183862.38	177044.17	165356.94	171017.19	177782.36	sp|Q7L7L0|H2A3_HUMAN, sp|Q93077|H2A1C_HUMAN
sp|P04911|H2A1_YEAST	P04911	H2A1_YEAST	HTA1	132	Saccharomyces cerevisiae (strain ATCC 204508 / S288c)	1:Experimental evidence at protein level	Histone H2A.1	1.0	0.999	4	42	0	62	5	2	3	3	3	4	8	5	1	2	1	0	1	1	1	2	0	0	0	0	0	0	0	0	0	0	0	0	0	0	0	0	6	4	4	4	4	5	9	7	2	3	2	2	2	3	2	3	11657.081	10782.135	10269.374	10756.552	7966.5874	11519.215	10709.525	11078.412	2437.8977	5209.776	0.0	4720.5195	4421.3994	4352.384	0.0	5313.747	9637.304	10782.135	10269.374	10756.552	7966.5874	8264.212	10709.525	11078.412	2437.8977	5209.776	0.0	4720.5195	4421.3994	4352.384	0.0	5313.747	sp|P04912|H2A2_YEAST
sp|P05023|AT1A1_HUMAN	P05023	AT1A1_HUMAN	ATP1A1	1023	Homo sapiens	1:Experimental evidence at protein level	Sodium/potassium-transporting ATPase subunit alpha-1	1.0	0.999	1	5	5	5	1	0	0	1	1	0	0	0	0	0	0	1	0	0	1	0	1	0	0	1	1	0	0	0	0	0	0	1	0	0	1	0	1	0	0	1	1	0	0	0	0	0	0	1	0	0	1	0	0.0	0.0	0.0	0.0	0.0	0.0	0.0	0.0	0.0	0.0	0.0	0.0	0.0	0.0	0.0	0.0	0.0	0.0	0.0	0.0	0.0	0.0	0.0	0.0	0.0	0.0	0.0	0.0	0.0	0.0	0.0	0.0	
sp|P05030|PMA1_YEAST	P05030	PMA1_YEAST	PMA1	918	Saccharomyces cerevisiae (strain ATCC 204508 / S288c)	1:Experimental evidence at protein level	Plasma membrane ATPase 1	1.0	0.999	8	61	5	61	7	8	3	4	9	5	7	6	1	3	1	2	0	2	3	0	0	1	0	0	1	0	1	1	0	0	0	0	0	0	1	0	7	8	3	4	9	5	7	6	1	3	1	2	0	2	3	0	25757.53	13668.424	24113.91	23599.602	20059.227	25824.0	20647.748	8153.8726	5811.4385	6679.468	4796.0	10642.349	7645.433	3815.0017	13578.848	7234.0605	6409.2246	5357.9688	5707.922	5804.418	5510.4897	5262.6636	5284.3003	6487.4355	3330.6987	3609.077	2735.063	3892.4685	4230.9785	2157.09	4053.8054	2724.9624	
sp|P05114|HMGN1_HUMAN	P05114	HMGN1_HUMAN	HMGN1	100	Homo sapiens	1:Experimental evidence at protein level	Non-histone chromosomal protein HMG-14	0.9711	0.999	1	19	19	19	1	2	1	0	1	1	1	2	1	2	2	1	0	2	1	1	1	2	1	0	1	1	1	2	1	2	2	1	0	2	1	1	1	2	1	0	1	1	1	2	1	2	2	1	0	2	1	1	4588.8726	6024.8447	7352.983	6557.7627	6301.103	5999.408	6027.0312	5995.742	7072.8936	7593.754	6571.4424	6184.5093	0.0	6554.6987	5950.1895	6508.6465	4588.8726	6024.8447	7352.983	6557.7627	6301.103	5999.408	6027.0312	5995.742	7072.8936	7593.754	6571.4424	6184.5093	0.0	6554.6987	5950.1895	6508.6465	
sp|P05141|ADT2_HUMAN	P05141	ADT2_HUMAN	SLC25A5	298	Homo sapiens	1:Experimental evidence at protein level	ADP/ATP translocase 2	1.0	0.999	5	41	25	41	2	2	2	1	3	3	2	1	3	2	5	3	3	3	4	2	1	1	1	1	3	2	1	1	2	1	3	1	2	1	3	1	2	2	2	1	3	3	2	1	3	2	5	3	3	3	4	2	17358.66	15326.842	17575.916	19943.459	12952.596	18560.533	17756.105	22901.268	23621.082	15928.578	20624.445	20240.744	19258.035	14420.78	17636.395	18400.225	7141.505	6635.746	6656.1777	7391.233	7883.9355	6883.8945	7802.378	8561.94	8774.494	7913.7373	7741.366	7770.6226	6868.453	6318.6387	7906.3794	6911.5874	
sp|P05198|IF2A_HUMAN	P05198	IF2A_HUMAN	EIF2S1	315	Homo sapiens	1:Experimental evidence at protein level	Eukaryotic translation initiation factor 2 subunit 1	0.9711	0.999	1	4	4	4	1	0	0	0	1	0	0	0	0	0	0	0	1	1	0	0	1	0	0	0	1	0	0	0	0	0	0	0	1	1	0	0	1	0	0	0	1	0	0	0	0	0	0	0	1	1	0	0	0.0	0.0	0.0	0.0	0.0	0.0	0.0	0.0	0.0	0.0	0.0	0.0	2795.2046	3690.2063	3112.2485	0.0	0.0	0.0	0.0	0.0	0.0	0.0	0.0	0.0	0.0	0.0	0.0	0.0	2795.2046	3690.2063	3112.2485	0.0	
sp|P05317|RLA0_YEAST	P05317	RLA0_YEAST	RPP0	312	Saccharomyces cerevisiae (strain ATCC 204508 / S288c)	1:Experimental evidence at protein level	Large ribosomal subunit protein uL10	1.0	0.999	3	30	30	33	2	1	1	2	4	3	2	2	0	2	2	2	1	2	2	2	2	1	1	2	4	3	2	2	0	2	2	2	1	2	2	2	2	1	1	2	4	3	2	2	0	3	3	2	1	3	2	2	10818.658	6953.8438	11907.773	2868.45	11812.662	11046.109	10311.965	11472.109	1868.8953	0.0	0.0	3000.8838	0.0	3400.1472	2901.5718	4069.2644	7368.006	6704.397	8082.084	6646.3315	8028.502	7323.8813	6970.9727	7800.0933	1801.8546	0.0	0.0	2893.2368	0.0	3278.178	2797.487	3923.2925	
sp|P05318|RLA1_YEAST	P05318	RLA1_YEAST	RPP1A	106	Saccharomyces cerevisiae (strain ATCC 204508 / S288c)	1:Experimental evidence at protein level	Large ribosomal subunit protein P1A	1.0	0.999	2	73	73	73	4	6	5	4	6	6	4	4	2	3	4	5	4	5	5	6	4	6	5	4	6	6	4	4	2	3	4	5	4	5	5	6	4	6	5	4	6	6	4	4	2	3	4	5	4	5	5	6	13749.906	6774.303	13082.643	11767.199	12792.563	15063.699	12299.89	11362.958	3981.158	4783.86	2927.7942	3947.6365	6439.702	0.0	4215.417	4837.0596	13749.906	6774.303	13082.643	11767.199	12792.563	15063.699	12299.89	11362.958	3981.158	4783.86	2927.7942	3947.6365	6439.702	0.0	4215.417	4837.0596	
sp|P05319|RLA2_YEAST	P05319	RLA2_YEAST	RPP2A	106	Saccharomyces cerevisiae (strain ATCC 204508 / S288c)	1:Experimental evidence at protein level	Large ribosomal subunit protein P2A	1.0	0.999	4	89	89	89	10	7	4	5	6	7	7	8	3	6	3	6	2	5	5	5	10	7	4	5	6	7	7	8	3	6	3	6	2	5	5	5	10	7	4	5	6	7	7	8	3	6	3	6	2	5	5	5	34365.027	37270.527	33756.633	37959.668	43758.406	37514.176	37569.82	39060.0	12386.646	13857.978	18679.598	18264.71	16849.82	16827.387	17770.9	17770.69	11886.997	13304.296	12982.911	12624.92	15154.881	13356.313	13234.158	13590.579	6160.0547	7205.222	7418.43	7510.3154	6865.0977	6705.15	7187.298	7173.8115	
sp|P05386|RLA1_HUMAN	P05386	RLA1_HUMAN	RPLP1	114	Homo sapiens	1:Experimental evidence at protein level	Large ribosomal subunit protein P1	1.0	0.999	3	131	131	131	6	8	9	10	4	8	6	8	9	5	9	9	10	12	9	9	6	8	9	10	4	8	6	8	9	5	9	9	10	12	9	9	6	8	9	10	4	8	6	8	9	5	9	9	10	12	9	9	51284.44	45296.562	63116.54	63824.04	60787.4	56131.65	54956.79	62076.64	37746.29	57379.77	63320.703	59262.29	58715.05	61105.58	57340.875	60251.773	31817.863	26853.129	32154.838	32249.176	30129.14	27376.559	27626.76	31613.697	21938.48	29276.533	31887.621	29901.945	36295.957	31144.092	29059.604	30338.72	
sp|P05387|RLA2_HUMAN	P05387	RLA2_HUMAN	RPLP2	115	Homo sapiens	1:Experimental evidence at protein level	Large ribosomal subunit protein P2	1.0	0.999	7	157	157	157	11	10	8	9	8	8	9	9	12	8	11	14	11	8	8	13	11	10	8	9	8	8	9	9	12	8	11	14	11	8	8	13	11	10	8	9	8	8	9	9	12	8	11	14	11	8	8	13	51608.49	54077.273	56817.566	53880.727	50812.008	52905.01	39440.06	53131.234	63524.367	51365.29	56830.676	67961.25	61973.656	68071.38	63584.97	66431.336	14331.672	14144.742	14004.981	13440.023	14176.138	13840.021	13318.568	14641.743	15429.002	15397.943	15083.864	15824.619	14684.848	15739.966	14872.639	15907.929	
sp|P05388|RLA0_HUMAN	P05388	RLA0_HUMAN	RPLP0	317	Homo sapiens	1:Experimental evidence at protein level	Large ribosomal subunit protein uL10	1.0	0.999	13	262	140	262	15	15	13	20	14	15	17	13	15	17	19	20	11	16	23	19	8	8	7	11	6	10	7	8	9	10	11	11	6	7	10	11	15	15	13	20	14	15	17	13	15	17	19	20	11	16	23	19	58800.31	58896.04	70720.8	67075.73	64669.555	69484.35	62467.61	64634.707	51303.035	70470.85	51621.445	69893.62	71204.58	67230.01	77446.58	73625.45	21335.83	20444.025	24393.68	24844.402	21846.299	21869.58	21071.615	24821.807	19582.148	21581.463	21182.977	21722.688	22701.742	21628.148	24331.574	22375.69	
sp|P05455|LA_HUMAN	P05455	LA_HUMAN	SSB	408	Homo sapiens	1:Experimental evidence at protein level	Lupus La protein	1.0	0.999	15	258	258	258	18	14	14	11	14	14	17	11	12	20	21	21	16	20	16	19	18	14	14	11	14	14	17	11	12	20	21	21	16	20	16	19	18	14	14	11	14	14	17	11	12	20	21	21	16	20	16	19	65318.15	70618.58	71635.54	70388.52	69344.24	74580.664	65878.04	73429.14	65720.95	76300.31	74123.61	78862.81	79180.164	79128.055	72067.27	74361.36	12975.39	13655.61	14158.514	12895.0625	12091.478	13316.172	12065.554	13198.4795	13585.068	14986.991	13005.945	13657.78	13973.77	13779.959	14428.814	13645.3125	
sp|P05556|ITB1_HUMAN	P05556	ITB1_HUMAN	ITGB1	798	Homo sapiens	1:Experimental evidence at protein level	Integrin beta-1	0.9418	0.9979	1	1	1	1	0	0	1	0	0	0	0	0	0	0	0	0	0	0	0	0	0	0	1	0	0	0	0	0	0	0	0	0	0	0	0	0	0	0	1	0	0	0	0	0	0	0	0	0	0	0	0	0	0.0	0.0	0.0	0.0	0.0	0.0	0.0	0.0	0.0	0.0	0.0	0.0	0.0	0.0	0.0	0.0	0.0	0.0	0.0	0.0	0.0	0.0	0.0	0.0	0.0	0.0	0.0	0.0	0.0	0.0	0.0	0.0	
sp|P05694|METE_YEAST	P05694	METE_YEAST	MET6	767	Saccharomyces cerevisiae (strain ATCC 204508 / S288c)	1:Experimental evidence at protein level	5-methyltetrahydropteroyltriglutamate--homocysteine methyltransferase	1.0	0.999	5	61	61	61	7	7	6	8	8	4	4	5	2	2	1	2	2	1	2	0	7	7	6	8	8	4	4	5	2	2	1	2	2	1	2	0	7	7	6	8	8	4	4	5	2	2	1	2	2	1	2	0	12199.125	11657.326	5302.8853	14551.352	16737.814	11885.865	13270.642	6783.304	0.0	0.0	1553.5798	0.0	1964.828	1625.4587	3587.714	0.0	6653.4766	6367.298	5947.006	7650.4434	7200.637	6505.347	7258.5566	7284.291	0.0	0.0	1742.2871	0.0	2203.488	1745.5083	1861.4458	0.0	
sp|P05737|RL7A_YEAST	P05737	RL7A_YEAST	RPL7A	244	Saccharomyces cerevisiae (strain ATCC 204508 / S288c)	1:Experimental evidence at protein level	Large ribosomal subunit protein uL30A	1.0	0.999	3	21	0	21	2	3	3	0	3	0	1	2	1	1	2	1	0	2	0	0	0	0	0	0	0	0	0	0	0	0	0	0	0	0	0	0	2	3	3	0	3	0	1	2	1	1	2	1	0	2	0	0	5421.501	6338.733	5966.921	4822.627	4773.199	0.0	6157.972	0.0	3496.678	3371.0908	3651.5334	3270.1956	2946.0076	3167.875	2473.1729	3636.545	5421.501	6338.733	5966.921	4822.627	4773.199	0.0	6157.972	0.0	3496.678	3371.0908	3651.5334	3270.1956	2946.0076	3167.875	2473.1729	3636.545	sp|Q12213|RL7B_YEAST
sp|P05738|RL9A_YEAST	P05738	RL9A_YEAST	RPL9A	191	Saccharomyces cerevisiae (strain ATCC 204508 / S288c)	1:Experimental evidence at protein level	Large ribosomal subunit protein uL6A	0.9999	0.999	7	37	37	56	3	2	1	2	3	2	3	3	0	2	2	3	3	2	3	3	3	2	1	2	3	2	3	3	0	2	2	3	3	2	3	3	6	4	2	3	5	5	5	6	0	3	2	3	3	2	3	4	7548.835	7032.151	7889.745	9107.47	8030.485	8280.722	6459.3755	6526.6196	0.0	0.0	2503.2947	2484.2554	3062.3418	1873.931	3429.746	3030.3477	7548.835	7032.151	7889.745	9107.47	8030.485	8280.722	6459.3755	6526.6196	0.0	0.0	2503.2947	2484.2554	3062.3418	1873.931	3429.746	3030.3477	
sp|P05739|RL6B_YEAST	P05739	RL6B_YEAST	RPL6B	176	Saccharomyces cerevisiae (strain ATCC 204508 / S288c)	1:Experimental evidence at protein level	Large ribosomal subunit protein eL6B	1.0	0.9986	4	23	0	23	1	2	1	0	5	4	2	3	1	1	0	0	0	1	1	1	0	0	0	0	0	0	0	0	0	0	0	0	0	0	0	0	1	2	1	0	5	4	2	3	1	1	0	0	0	1	1	1	7014.1133	11773.35	12961.322	12069.646	13916.67	12884.286	8667.748	13995.049	2753.0386	3078.2087	3316.0396	3922.0825	2759.6958	3664.2185	4913.7495	2793.6145	4811.1436	5061.0015	5359.869	4556.4805	5702.2705	5426.529	5351.2456	5966.7085	2749.9426	3074.7473	3312.3105	3917.672	2756.5925	3660.0981	4908.224	2790.4731	sp|Q02326|RL6A_YEAST
sp|P05740|RL17A_YEAST	P05740	RL17A_YEAST	RPL17A	184	Saccharomyces cerevisiae (strain ATCC 204508 / S288c)	1:Experimental evidence at protein level	Large ribosomal subunit protein uL22A	1.0	0.9989	2	5	0	5	0	0	1	0	1	0	2	1	0	0	0	0	0	0	0	0	0	0	0	0	0	0	0	0	0	0	0	0	0	0	0	0	0	0	1	0	1	0	2	1	0	0	0	0	0	0	0	0	2485.964	8034.4717	10032.922	9170.648	9419.917	8007.4937	10938.087	4191.664	1482.5739	0.0	0.0	4411.711	3292.9866	0.0	5849.0664	7427.5195	3116.9336	4434.163	5543.0337	4993.2397	5139.432	3789.783	6046.9204	5255.562	1455.0552	0.0	0.0	2446.614	3231.8638	0.0	3243.5134	4118.883	sp|P46990|RL17B_YEAST
sp|P05743|RL26A_YEAST	P05743	RL26A_YEAST	RPL26A	127	Saccharomyces cerevisiae (strain ATCC 204508 / S288c)	1:Experimental evidence at protein level	Large ribosomal subunit protein uL24A	1.0	0.999	3	15	0	15	2	1	1	1	1	2	1	4	1	0	0	0	1	0	0	0	0	0	0	0	0	0	0	0	0	0	0	0	0	0	0	0	2	1	1	1	1	2	1	4	1	0	0	0	1	0	0	0	13025.772	11864.708	7913.3506	13644.472	15171.449	11535.672	13779.277	9676.879	3762.2302	2869.2673	4177.7354	5168.983	4301.9985	5269.7207	2804.9592	2218.3743	5092.4614	4901.879	5716.5366	5608.7104	6002.1787	4750.1104	5686.5547	5302.139	3653.834	2786.5989	4057.3677	2850.561	2592.8909	2909.5947	2724.1436	2892.6147	sp|P53221|RL26B_YEAST
sp|P05744|RL33A_YEAST	P05744	RL33A_YEAST	RPL33A	107	Saccharomyces cerevisiae (strain ATCC 204508 / S288c)	1:Experimental evidence at protein level	Large ribosomal subunit protein eL33A	1.0	0.9989	4	9	2	9	0	1	0	0	2	0	3	1	0	0	0	0	0	0	1	1	0	0	0	0	1	0	0	0	0	0	0	0	0	0	1	0	0	1	0	0	2	0	3	1	0	0	0	0	0	0	1	1	10585.182	11430.372	12036.804	11818.164	10273.719	10114.629	10652.154	13066.238	1295.9751	2035.9423	2132.1196	2467.433	2079.8484	3993.537	3554.0247	0.0	3914.4944	4327.1025	4690.8354	4585.7744	3679.9666	3656.3328	4138.6987	4862.042	1419.1713	2229.4802	2334.8003	2701.9888	2387.2754	2366.7593	2016.1473	0.0	
sp|P05748|RL15A_YEAST	P05748	RL15A_YEAST	RPL15A	204	Saccharomyces cerevisiae (strain ATCC 204508 / S288c)	1:Experimental evidence at protein level	Large ribosomal subunit protein eL15A	1.0	0.999	2	12	4	12	1	1	1	0	2	1	2	2	0	0	0	0	0	0	2	0	0	0	0	0	1	1	1	1	0	0	0	0	0	0	0	0	1	1	1	0	2	1	2	2	0	0	0	0	0	0	2	0	9551.829	7534.9985	9430.35	10177.602	10985.2	9894.163	8706.983	11364.353	4383.703	3194.5874	3933.5527	5666.853	0.0	3026.816	4394.766	3534.5347	6846.156	7534.9985	6789.481	7329.4033	7908.255	7061.549	6266.209	8079.083	4383.703	3194.5874	3933.5527	4081.101	0.0	3026.816	4394.766	3534.5347	
sp|P05749|RL22A_YEAST	P05749	RL22A_YEAST	RPL22A	121	Saccharomyces cerevisiae (strain ATCC 204508 / S288c)	1:Experimental evidence at protein level	Large ribosomal subunit protein eL22A	1.0	0.999	3	118	107	118	10	9	10	9	9	11	9	7	5	6	3	5	6	5	7	7	9	8	9	8	7	10	8	6	5	5	3	5	6	4	7	7	10	9	10	9	9	11	9	7	5	6	3	5	6	5	7	7	30052.32	24574.934	27621.36	17240.836	31881.254	27507.574	28001.604	28256.188	4940.53	5532.3447	9235.066	11538.303	14909.9375	6977.33	12310.061	14071.023	11904.935	9839.404	11141.657	11159.703	12616.84	10955.2705	11474.86	11097.832	3257.372	3926.502	4114.976	4580.953	5925.142	4731.1196	4964.418	5731.333	
sp|P05750|RS3_YEAST	P05750	RS3_YEAST	RPS3	240	Saccharomyces cerevisiae (strain ATCC 204508 / S288c)	1:Experimental evidence at protein level	Small ribosomal subunit protein uS3	1.0	0.999	5	53	52	53	4	3	1	1	5	5	4	5	2	4	4	4	2	3	2	4	4	3	1	1	5	5	4	5	2	3	4	4	2	3	2	4	4	3	1	1	5	5	4	5	2	4	4	4	2	3	2	4	20872.758	14328.748	20925.746	11807.641	21051.29	15959.276	16018.244	14764.213	7992.5645	10641.0	11145.528	13878.123	3357.7979	7813.827	9351.95	6983.927	7873.4985	8024.776	8120.5513	6611.976	8232.844	6403.7383	8896.001	8047.9746	4455.5767	4309.715	4092.232	4841.3525	4056.8896	4718.5264	3788.5444	3911.4734	
sp|P05755|RS9B_YEAST	P05755	RS9B_YEAST	RPS9B	195	Saccharomyces cerevisiae (strain ATCC 204508 / S288c)	1:Experimental evidence at protein level	Small ribosomal subunit protein uS4B	0.9998	0.999	3	17	15	17	1	2	1	1	1	1	2	1	0	1	1	1	0	2	1	1	1	2	1	0	1	1	1	1	0	1	1	1	0	2	1	1	1	2	1	1	1	1	2	1	0	1	1	1	0	2	1	1	9919.009	9376.232	6950.505	10711.609	8673.676	11061.954	9507.486	11671.439	2852.0664	2911.8928	3086.0208	3230.563	1575.8156	4151.817	2849.903	3826.543	6455.912	6132.08	4503.5015	6949.9	5664.8115	7206.2866	6164.1367	7602.3804	2781.3184	2839.6606	3009.4692	3150.4258	3124.6614	4048.8271	2779.2085	3731.622	
sp|P05756|RS13_YEAST	P05756	RS13_YEAST	RPS13	151	Saccharomyces cerevisiae (strain ATCC 204508 / S288c)	1:Experimental evidence at protein level	Small ribosomal subunit protein uS15	1.0	0.999	4	64	64	64	6	5	3	3	7	5	5	7	3	3	2	3	2	2	6	2	6	5	3	3	7	5	5	7	3	3	2	3	2	2	6	2	6	5	3	3	7	5	5	7	3	3	2	3	2	2	6	2	18064.26	20296.416	23387.855	14883.344	22070.36	23804.574	23711.266	21473.008	6113.4165	4990.0103	6399.2715	10937.568	10473.208	6289.4443	7279.807	8911.466	12241.257	12521.424	14355.456	14883.344	13874.695	15026.853	14178.404	12806.003	4970.6733	4990.0103	4523.369	8768.252	8500.134	4951.026	6083.7217	6715.0693	
sp|P05759|RS31_YEAST	P05759	RS31_YEAST	RPS31	152	Saccharomyces cerevisiae (strain ATCC 204508 / S288c)	1:Experimental evidence at protein level	Ubiquitin-ribosomal protein eS31 fusion protein	1.0	0.999	8	22	4	115	2	2	1	1	2	1	1	2	1	1	1	1	1	1	2	2	1	0	0	0	1	0	0	1	0	0	0	0	0	0	0	1	6	9	4	4	8	8	7	9	5	7	12	8	4	8	9	7	22230.957	26593.943	27443.885	25099.05	27407.924	21195.146	25212.795	23554.762	9969.948	8057.046	8893.862	9530.07	9054.533	0.0	7554.8647	9500.351	20180.898	22454.99	23208.371	22055.727	23083.352	18833.102	21440.902	20475.943	7831.4033	8057.046	8893.862	8889.413	9054.533	0.0	7554.8647	9500.351	
sp|P05783|K1C18_HUMAN	P05783	K1C18_HUMAN	KRT18	430	Homo sapiens	1:Experimental evidence at protein level	Keratin, type I cytoskeletal 18	1.0	0.999	9	68	61	68	3	2	2	3	4	4	4	6	3	5	3	7	3	5	8	6	3	2	2	3	4	4	4	5	3	4	3	5	3	3	8	5	3	2	2	3	4	4	4	6	3	5	3	7	3	5	8	6	21986.086	18979.684	18154.424	16971.615	22366.744	25857.703	6242.486	18802.87	8671.901	17287.184	14553.515	20109.605	19006.197	16980.0	16381.029	12681.025	8031.2275	6812.244	6719.855	7007.951	7538.949	6466.383	6026.6465	7195.1553	5922.345	5654.473	6110.35	6139.0264	5067.0093	5600.136	5453.03	5094.9814	
sp|P05787|K2C8_HUMAN	P05787	K2C8_HUMAN	KRT8	483	Homo sapiens	1:Experimental evidence at protein level	Keratin, type II cytoskeletal 8	1.0	0.999	17	224	126	224	11	13	9	9	12	16	12	16	14	17	16	15	9	17	19	19	4	8	4	4	6	8	7	8	8	9	8	9	6	12	13	12	11	13	9	9	12	16	12	16	14	17	16	15	9	17	19	19	58750.65	60116.258	56673.453	58565.594	58047.15	56769.496	61862.22	56600.336	62197.93	55457.88	57557.973	68501.95	62100.68	65083.848	66410.05	66486.58	6712.828	7136.7593	7139.9673	6970.155	7075.9946	6844.218	6857.8516	7089.45	7793.944	7549.4355	7350.197	7474.897	6816.5356	7399.7007	7535.9106	7307.3735	
sp|P05793|ILVC_ECOLI	P05793	ILVC_ECOLI	ilvC	491	Escherichia coli (strain K12)	1:Experimental evidence at protein level	Ketol-acid reductoisomerase (NADP(+))	0.9711	0.999	1	12	12	12	0	0	0	0	0	0	0	0	1	2	1	1	1	2	2	2	0	0	0	0	0	0	0	0	1	2	1	1	1	2	2	2	0	0	0	0	0	0	0	0	1	2	1	1	1	2	2	2	0.0	0.0	0.0	0.0	0.0	0.0	0.0	0.0	0.0	0.0	0.0	0.0	0.0	0.0	0.0	0.0	0.0	0.0	0.0	0.0	0.0	0.0	0.0	0.0	0.0	0.0	0.0	0.0	0.0	0.0	0.0	0.0	
sp|P06103|EIF3B_YEAST	P06103	EIF3B_YEAST	PRT1	763	Saccharomyces cerevisiae (strain ATCC 204508 / S288c)	1:Experimental evidence at protein level	Eukaryotic translation initiation factor 3 subunit B	0.9667	0.9988	1	4	4	4	0	1	0	0	0	0	1	2	0	0	0	0	0	0	0	0	0	1	0	0	0	0	1	2	0	0	0	0	0	0	0	0	0	1	0	0	0	0	1	2	0	0	0	0	0	0	0	0	0.0	0.0	0.0	0.0	0.0	0.0	0.0	0.0	0.0	0.0	0.0	0.0	0.0	0.0	0.0	0.0	0.0	0.0	0.0	0.0	0.0	0.0	0.0	0.0	0.0	0.0	0.0	0.0	0.0	0.0	0.0	0.0	
sp|P06105|SC160_YEAST	P06105	SC160_YEAST	SCP160	1222	Saccharomyces cerevisiae (strain ATCC 204508 / S288c)	1:Experimental evidence at protein level	Protein SCP160	0.9999	0.999	1	9	9	9	2	1	1	0	1	0	1	2	0	0	0	0	1	0	0	0	2	1	1	0	1	0	1	2	0	0	0	0	1	0	0	0	2	1	1	0	1	0	1	2	0	0	0	0	1	0	0	0	0.0	0.0	0.0	0.0	0.0	0.0	0.0	0.0	0.0	0.0	0.0	0.0	0.0	0.0	0.0	0.0	0.0	0.0	0.0	0.0	0.0	0.0	0.0	0.0	0.0	0.0	0.0	0.0	0.0	0.0	0.0	0.0	
sp|P06132|DCUP_HUMAN	P06132	DCUP_HUMAN	UROD	367	Homo sapiens	1:Experimental evidence at protein level	Uroporphyrinogen decarboxylase	0.97	0.999	1	9	9	9	1	1	0	0	1	0	1	1	1	0	1	0	1	0	0	1	1	1	0	0	1	0	1	1	1	0	1	0	1	0	0	1	1	1	0	0	1	0	1	1	1	0	1	0	1	0	0	1	0.0	0.0	0.0	0.0	0.0	0.0	0.0	0.0	0.0	0.0	0.0	0.0	0.0	0.0	0.0	0.0	0.0	0.0	0.0	0.0	0.0	0.0	0.0	0.0	0.0	0.0	0.0	0.0	0.0	0.0	0.0	0.0	
sp|P06169|PDC1_YEAST	P06169	PDC1_YEAST	PDC1	563	Saccharomyces cerevisiae (strain ATCC 204508 / S288c)	1:Experimental evidence at protein level	Pyruvate decarboxylase isozyme 1	1.0	0.999	23	1183	1099	1183	94	106	83	88	93	75	93	83	49	62	53	73	58	56	57	60	89	95	74	83	84	69	85	74	47	60	50	69	56	54	54	56	94	106	83	88	93	75	93	83	49	62	53	73	58	56	57	60	722778.44	728495.25	677984.3	641370.2	673652.4	673560.06	674504.8	723833.7	338603.6	426767.84	355969.2	423278.16	412494.5	381545.7	385873.7	412936.28	80376.2	83443.47	79736.58	78131.125	82490.81	79515.8	81408.055	82383.98	48673.656	50940.906	48722.68	49380.438	48638.535	48144.34	46792.43	51992.49	
sp|P06367|RS14A_YEAST	P06367	RS14A_YEAST	RPS14A	137	Saccharomyces cerevisiae (strain ATCC 204508 / S288c)	1:Experimental evidence at protein level	Small ribosomal subunit protein uS11A	1.0	0.9989	3	8	0	8	1	0	0	0	3	0	2	1	0	0	1	0	0	0	0	0	0	0	0	0	0	0	0	0	0	0	0	0	0	0	0	0	1	0	0	0	3	0	2	1	0	0	1	0	0	0	0	0	13088.295	11418.416	7745.006	8704.156	14229.528	13532.107	7432.823	8636.642	4063.0054	5387.5005	6248.2876	0.0	2266.1775	1506.4023	6097.3833	5312.3364	5301.5483	4545.5615	5142.6675	5854.3643	5534.5137	5323.906	5009.7197	5810.3745	2290.3032	3007.525	3350.8591	0.0	2171.7583	1443.6388	2123.2656	3044.6172	sp|P39516|RS14B_YEAST
sp|P06454|PTMA_HUMAN	P06454	PTMA_HUMAN	PTMA	111	Homo sapiens	1:Experimental evidence at protein level	Prothymosin alpha	1.0	0.999	4	82	82	82	6	5	3	2	6	3	7	5	6	6	7	6	2	5	8	5	6	5	3	2	6	3	7	5	6	6	7	6	2	5	8	5	6	5	3	2	6	3	7	5	6	6	7	6	2	5	8	5	44934.68	48688.707	45492.56	44023.008	50483.86	47050.895	44649.367	47117.594	50049.484	52970.65	52047.344	46777.367	43830.53	25777.352	55878.547	53208.797	24259.713	26161.004	24197.193	23540.65	27267.03	25208.295	24132.67	25237.52	26901.365	27500.363	28085.28	25123.887	23491.393	30320.63	30080.78	28512.115	
sp|P06576|ATPB_HUMAN	P06576	ATPB_HUMAN	ATP5F1B	529	Homo sapiens	1:Experimental evidence at protein level	ATP synthase F(1) complex subunit beta, mitochondrial	1.0	0.999	18	336	317	336	22	17	14	9	18	14	15	14	24	27	26	28	25	30	27	26	20	16	13	8	16	13	14	12	23	26	25	27	25	29	25	25	22	17	14	9	18	14	15	14	24	27	26	28	25	30	27	26	67257.72	50926.652	52909.4	47816.9	53192.18	59395.21	54219.02	64467.754	57973.414	80970.25	66591.99	75090.86	81927.4	60037.566	69495.03	73864.07	8758.072	7564.568	7284.51	7661.8677	8571.803	8371.401	7911.6636	8067.4775	8751.354	8093.908	8006.6685	8196.583	8610.291	8222.797	8804.282	8630.067	
sp|P06634|DED1_YEAST	P06634	DED1_YEAST	DED1	604	Saccharomyces cerevisiae (strain ATCC 204508 / S288c)	1:Experimental evidence at protein level	ATP-dependent RNA helicase DED1	1.0	0.999	3	9	9	9	0	1	1	1	2	2	2	0	0	0	0	0	0	0	0	0	0	1	1	1	2	2	2	0	0	0	0	0	0	0	0	0	0	1	1	1	2	2	2	0	0	0	0	0	0	0	0	0	0.0	0.0	0.0	0.0	0.0	0.0	0.0	0.0	0.0	0.0	0.0	0.0	0.0	0.0	0.0	0.0	0.0	0.0	0.0	0.0	0.0	0.0	0.0	0.0	0.0	0.0	0.0	0.0	0.0	0.0	0.0	0.0	
sp|P06702|S10A9_HUMAN	P06702	S10A9_HUMAN	S100A9	114	Homo sapiens	1:Experimental evidence at protein level	Protein S100-A9	0.9709	0.999	1	8	8	8	0	0	0	0	0	0	0	1	0	1	0	1	0	2	1	2	0	0	0	0	0	0	0	1	0	1	0	1	0	2	1	2	0	0	0	0	0	0	0	1	0	1	0	1	0	2	1	2	3069.096	0.0	0.0	0.0	3715.4478	0.0	4379.5186	5286.524	3992.0886	1643.8429	3443.4155	1911.6881	0.0	3514.6775	2946.9426	0.0	3069.096	0.0	0.0	0.0	3715.4478	0.0	4379.5186	5286.524	3992.0886	1643.8429	3443.4155	1911.6881	0.0	3514.6775	2946.9426	0.0	
sp|P06730|IF4E_HUMAN	P06730	IF4E_HUMAN	EIF4E	217	Homo sapiens	1:Experimental evidence at protein level	Eukaryotic translation initiation factor 4E	0.9693	0.9989	1	2	2	2	0	0	0	0	0	0	0	0	1	0	0	0	0	1	0	0	0	0	0	0	0	0	0	0	1	0	0	0	0	1	0	0	0	0	0	0	0	0	0	0	1	0	0	0	0	1	0	0	0.0	0.0	0.0	0.0	0.0	0.0	0.0	0.0	0.0	0.0	0.0	0.0	0.0	1893.0198	0.0	3854.6584	0.0	0.0	0.0	0.0	0.0	0.0	0.0	0.0	0.0	0.0	0.0	0.0	0.0	1893.0198	0.0	3854.6584	
sp|P06733|ENOA_HUMAN	P06733	ENOA_HUMAN	ENO1	434	Homo sapiens	1:Experimental evidence at protein level	Alpha-enolase	1.0	0.999	36	1758	1550	1758	113	110	90	88	126	106	121	112	97	104	106	117	100	117	125	126	97	96	76	76	109	92	108	95	85	95	96	106	90	103	113	113	113	110	90	88	126	106	121	112	97	104	106	117	100	117	125	126	743516.1	778008.8	767405.7	816044.2	797392.1	836480.9	745689.9	789807.94	705531.4	775860.9	738134.7	759493.56	801841.5	791573.8	780427.75	771057.5	63369.324	64711.34	65222.723	63107.348	64060.004	64561.766	65155.215	64408.766	63153.406	65782.79	67176.72	67989.56	67565.98	68428.15	66610.9	66745.625	
sp|P06744|G6PI_HUMAN	P06744	G6PI_HUMAN	GPI	558	Homo sapiens	1:Experimental evidence at protein level	Glucose-6-phosphate isomerase	1.0	0.999	15	170	152	170	7	14	6	6	9	12	13	7	7	13	12	14	8	15	10	17	6	13	6	6	8	10	12	7	7	11	11	12	8	12	7	16	7	14	6	6	9	12	13	7	7	13	12	14	8	15	10	17	46447.438	47346.516	42540.12	39885.523	44751.793	43234.35	49287.7	56048.445	46122.035	49462.023	59239.71	55113.492	43145.945	46445.42	48858.918	53613.074	9496.875	8932.913	8834.66	9179.187	9080.034	9267.174	9597.473	9136.231	8817.595	9979.585	10025.755	8358.899	8467.266	9149.119	8956.787	9683.643	
sp|P06748|NPM_HUMAN	P06748	NPM_HUMAN	NPM1	294	Homo sapiens	1:Experimental evidence at protein level	Nucleophosmin	1.0	0.999	17	895	875	895	65	61	52	45	59	48	57	50	48	67	55	55	48	66	62	57	63	59	51	44	58	47	56	50	46	66	54	53	47	64	60	57	65	61	52	45	59	48	57	50	48	67	55	55	48	66	62	57	266116.75	272051.4	262495.7	267500.1	271583.25	286077.94	292476.12	295880.4	295857.34	315550.72	292455.22	294894.38	318158.66	308098.56	286046.6	328859.12	39799.69	40407.285	36935.344	38029.59	38509.723	38454.484	41086.152	40374.152	43467.83	44328.39	44933.156	42953.574	42620.316	45359.984	43745.047	45475.457	
sp|P06753|TPM3_HUMAN	P06753	TPM3_HUMAN	TPM3	285	Homo sapiens	1:Experimental evidence at protein level	Tropomyosin alpha-3 chain	1.0	0.999	3	23	14	23	1	1	1	0	1	2	1	2	1	0	2	2	1	3	2	3	1	1	1	0	1	1	1	1	1	0	1	1	1	1	1	1	1	1	1	0	1	2	1	2	1	0	2	2	1	3	2	3	10405.975	8716.323	9533.633	9583.924	5396.357	7909.8916	8563.828	8129.5195	11113.249	9227.17	11322.203	14945.492	14511.992	11867.882	8072.0977	8983.258	4379.7324	4670.2607	5028.78	5294.0825	5059.4087	4326.966	4673.876	4404.005	4702.202	4880.59	4844.724	4726.9307	4873.6255	4153.6245	4850.5957	5321.8286	
sp|P06899|H2B1J_HUMAN	P06899	H2B1J_HUMAN	H2BC11	126	Homo sapiens	1:Experimental evidence at protein level	Histone H2B type 1-J	1.0	0.999	11	36	0	742	1	1	1	1	2	2	2	3	4	3	3	2	1	2	3	5	0	0	0	0	0	0	0	0	0	0	0	0	0	0	0	0	42	52	45	39	46	43	41	43	39	57	47	52	37	52	56	51	23551.12	21257.252	21818.629	19747.416	22069.469	22797.547	16922.197	23016.523	24428.51	28992.129	27818.572	29717.418	25468.707	28297.754	25504.21	26201.766	17846.566	15767.265	17168.834	15124.984	16752.557	16810.025	13110.339	18516.717	19081.479	20854.588	19409.197	20303.967	16965.92	20566.775	20277.854	19269.023	sp|P23527|H2B1O_HUMAN, sp|P33778|H2B1B_HUMAN, sp|Q16778|H2B2E_HUMAN
sp|P06959|ODP2_ECOLI	P06959	ODP2_ECOLI	aceF	630	Escherichia coli (strain K12)	1:Experimental evidence at protein level	Dihydrolipoyllysine-residue acetyltransferase component of pyruvate dehydrogenase complex	1.0	0.999	17	203	203	203	1	3	5	2	9	6	3	6	18	20	23	18	20	21	26	22	1	3	5	2	9	6	3	6	18	20	23	18	20	21	26	22	1	3	5	2	9	6	3	6	18	20	23	18	20	21	26	22	5148.9326	26607.812	6171.8906	6097.7275	32133.895	13582.204	28224.309	11559.187	42657.22	53094.83	54158.316	50189.61	82205.47	67406.53	80714.74	66602.04	5206.5703	8549.223	9978.296	6457.961	10063.536	8272.942	6079.941	8612.905	11423.72	12695.601	11501.495	11362.419	14058.243	12604.3	13376.458	12515.934	
sp|P06999|PFKB_ECOLI	P06999	PFKB_ECOLI	pfkB	309	Escherichia coli (strain K12)	1:Experimental evidence at protein level	ATP-dependent 6-phosphofructokinase isozyme 2	1.0	0.999	3	14	14	14	0	0	0	0	0	0	0	0	1	1	2	3	1	1	2	3	0	0	0	0	0	0	0	0	1	1	2	3	1	1	2	3	0	0	0	0	0	0	0	0	1	1	2	3	1	1	2	3	0.0	0.0	0.0	0.0	0.0	0.0	0.0	0.0	0.0	3571.8708	3717.5903	3317.9736	2697.5442	2651.4297	3543.7988	0.0	0.0	0.0	0.0	0.0	0.0	0.0	0.0	0.0	0.0	3571.8708	3717.5903	3317.9736	2697.5442	2651.4297	3543.7988	0.0	
sp|P07012|RF2_ECOLI	P07012	RF2_ECOLI	prfB	365	Escherichia coli (strain K12)	1:Experimental evidence at protein level	Peptide chain release factor RF2	0.9713	0.999	1	2	2	2	0	0	0	0	0	0	0	0	0	0	1	0	0	0	1	0	0	0	0	0	0	0	0	0	0	0	1	0	0	0	1	0	0	0	0	0	0	0	0	0	0	0	1	0	0	0	1	0	0.0	0.0	0.0	0.0	0.0	0.0	0.0	0.0	0.0	0.0	0.0	0.0	0.0	0.0	0.0	0.0	0.0	0.0	0.0	0.0	0.0	0.0	0.0	0.0	0.0	0.0	0.0	0.0	0.0	0.0	0.0	0.0	
sp|P07014|SDHB_ECOLI	P07014	SDHB_ECOLI	sdhB	238	Escherichia coli (strain K12)	1:Experimental evidence at protein level	Succinate dehydrogenase iron-sulfur subunit	0.914	0.9968	1	2	2	2	0	0	0	0	0	0	0	0	0	0	0	1	0	0	1	0	0	0	0	0	0	0	0	0	0	0	0	1	0	0	1	0	0	0	0	0	0	0	0	0	0	0	0	1	0	0	1	0	0.0	0.0	0.0	0.0	0.0	0.0	0.0	0.0	0.0	0.0	0.0	0.0	2702.2231	1689.3452	1221.9614	0.0	0.0	0.0	0.0	0.0	0.0	0.0	0.0	0.0	0.0	0.0	0.0	0.0	2702.2231	1689.3452	1221.9614	0.0	
sp|P07149|FAS1_YEAST	P07149	FAS1_YEAST	FAS1	2051	Saccharomyces cerevisiae (strain ATCC 204508 / S288c)	1:Experimental evidence at protein level	Fatty acid synthase subunit beta	1.0	0.999	9	48	48	48	6	4	7	2	4	4	8	5	0	2	1	0	1	1	2	1	6	4	7	2	4	4	8	5	0	2	1	0	1	1	2	1	6	4	7	2	4	4	8	5	0	2	1	0	1	1	2	1	10019.037	10449.861	13080.467	9705.793	10537.135	13554.252	14028.718	16198.191	0.0	0.0	0.0	0.0	0.0	0.0	0.0	0.0	4486.724	4628.07	5776.5254	3549.912	4466.409	4319.1465	4420.0137	4329.7646	0.0	0.0	0.0	0.0	0.0	0.0	0.0	0.0	
sp|P07170|KAD2_YEAST	P07170	KAD2_YEAST	ADK1	222	Saccharomyces cerevisiae (strain ATCC 204508 / S288c)	1:Experimental evidence at protein level	Adenylate kinase	1.0	0.996	5	4	4	18	0	2	0	0	0	1	0	1	0	0	0	0	0	0	0	0	0	2	0	0	0	1	0	1	0	0	0	0	0	0	0	0	0	2	0	0	0	1	0	1	1	3	0	2	1	3	1	3	3105.115	3985.3904	3039.15	2146.8523	2955.8608	2848.138	3289.459	3175.4985	884.2385	0.0	0.0	0.0	0.0	0.0	0.0	0.0	3105.115	3985.3904	3039.15	2146.8523	2955.8608	2848.138	3289.459	3175.4985	884.2385	0.0	0.0	0.0	0.0	0.0	0.0	0.0	
sp|P07195|LDHB_HUMAN	P07195	LDHB_HUMAN	LDHB	334	Homo sapiens	1:Experimental evidence at protein level	L-lactate dehydrogenase B chain	1.0	0.999	14	247	247	247	19	20	16	14	18	12	15	17	14	14	15	17	10	15	16	15	19	20	16	14	18	12	15	17	14	14	15	17	10	15	16	15	19	20	16	14	18	12	15	17	14	14	15	17	10	15	16	15	111378.56	99340.98	109129.016	107827.24	111195.984	110466.086	101302.49	108827.67	99157.61	106176.664	100327.914	102132.34	111595.95	108887.2	105826.65	108286.34	39237.65	37773.92	39799.582	36094.566	38056.688	39126.535	37354.098	37782.617	38843.867	39628.51	38080.51	38500.305	38673.95	39561.777	37074.992	38143.17	
sp|P07205|PGK2_HUMAN	P07205	PGK2_HUMAN	PGK2	417	Homo sapiens	1:Experimental evidence at protein level	Phosphoglycerate kinase 2	1.0	0.999	4	11	11	53	0	1	2	0	3	1	1	0	2	0	0	1	0	0	0	0	0	1	2	0	3	1	1	0	2	0	0	1	0	0	0	0	3	3	4	1	5	4	3	2	5	3	3	5	2	4	3	3	0.0	3381.8054	13483.255	0.0	3927.93	3392.258	10500.179	0.0	6898.829	0.0	0.0	4466.3066	0.0	0.0	0.0	0.0	0.0	4754.596	6957.0957	0.0	5522.4116	4769.292	8559.1045	0.0	5623.5044	0.0	0.0	3640.6604	0.0	0.0	0.0	0.0	
sp|P07213|TOM70_YEAST	P07213	TOM70_YEAST	TOM70	617	Saccharomyces cerevisiae (strain ATCC 204508 / S288c)	1:Experimental evidence at protein level	Mitochondrial import receptor subunit TOM70	0.9697	0.9989	1	2	2	2	1	1	0	0	0	0	0	0	0	0	0	0	0	0	0	0	1	1	0	0	0	0	0	0	0	0	0	0	0	0	0	0	1	1	0	0	0	0	0	0	0	0	0	0	0	0	0	0	0.0	0.0	0.0	0.0	0.0	0.0	0.0	0.0	0.0	0.0	0.0	0.0	0.0	0.0	0.0	0.0	0.0	0.0	0.0	0.0	0.0	0.0	0.0	0.0	0.0	0.0	0.0	0.0	0.0	0.0	0.0	0.0	
sp|P07244|PUR2_YEAST	P07244	PUR2_YEAST	ADE57	802	Saccharomyces cerevisiae (strain ATCC 204508 / S288c)	1:Experimental evidence at protein level	Bifunctional purine biosynthetic protein ADE5,7	1.0	0.999	2	7	7	7	3	1	1	0	0	0	1	0	0	0	0	0	0	0	0	1	3	1	1	0	0	0	1	0	0	0	0	0	0	0	0	1	3	1	1	0	0	0	1	0	0	0	0	0	0	0	0	1	0.0	0.0	0.0	0.0	0.0	0.0	0.0	0.0	0.0	0.0	0.0	0.0	0.0	0.0	0.0	0.0	0.0	0.0	0.0	0.0	0.0	0.0	0.0	0.0	0.0	0.0	0.0	0.0	0.0	0.0	0.0	0.0	
sp|P07245|C1TC_YEAST	P07245	C1TC_YEAST	ADE3	946	Saccharomyces cerevisiae (strain ATCC 204508 / S288c)	1:Experimental evidence at protein level	C-1-tetrahydrofolate synthase, cytoplasmic	0.9539	0.9984	1	5	5	5	0	2	0	0	1	2	0	0	0	0	0	0	0	0	0	0	0	2	0	0	1	2	0	0	0	0	0	0	0	0	0	0	0	2	0	0	1	2	0	0	0	0	0	0	0	0	0	0	0.0	6267.958	4902.055	4949.42	4743.518	5825.092	0.0	6163.5303	0.0	0.0	0.0	0.0	0.0	0.0	0.0	0.0	0.0	6267.958	4902.055	4949.42	4743.518	5825.092	0.0	6163.5303	0.0	0.0	0.0	0.0	0.0	0.0	0.0	0.0	
sp|P07251|ATPA_YEAST	P07251	ATPA_YEAST	ATP1	545	Saccharomyces cerevisiae (strain ATCC 204508 / S288c)	1:Experimental evidence at protein level	ATP synthase subunit alpha, mitochondrial	1.0	0.999	7	5	5	41	1	0	1	0	0	1	0	1	0	0	0	0	0	0	1	0	1	0	1	0	0	1	0	1	0	0	0	0	0	0	1	0	3	1	2	1	0	3	4	3	2	2	2	1	2	3	6	6	0.0	2963.9082	1514.4661	2669.4158	2659.5144	0.0	0.0	2635.0005	0.0	0.0	0.0	0.0	0.0	0.0	0.0	0.0	0.0	2963.9082	1514.4661	2669.4158	2659.5144	0.0	0.0	2635.0005	0.0	0.0	0.0	0.0	0.0	0.0	0.0	0.0	
sp|P07257|QCR2_YEAST	P07257	QCR2_YEAST	QCR2	368	Saccharomyces cerevisiae (strain ATCC 204508 / S288c)	1:Experimental evidence at protein level	Cytochrome b-c1 complex subunit 2, mitochondrial	1.0	0.999	2	7	7	7	0	0	1	0	1	1	1	3	0	0	0	0	0	0	0	0	0	0	1	0	1	1	1	3	0	0	0	0	0	0	0	0	0	0	1	0	1	1	1	3	0	0	0	0	0	0	0	0	0.0	0.0	0.0	0.0	0.0	0.0	0.0	0.0	0.0	0.0	0.0	0.0	0.0	0.0	0.0	0.0	0.0	0.0	0.0	0.0	0.0	0.0	0.0	0.0	0.0	0.0	0.0	0.0	0.0	0.0	0.0	0.0	
sp|P07259|PYR1_YEAST	P07259	PYR1_YEAST	URA2	2214	Saccharomyces cerevisiae (strain ATCC 204508 / S288c)	1:Experimental evidence at protein level	Multifunctional protein URA2	1.0	0.999	10	31	31	31	5	2	4	4	3	1	5	6	0	0	0	1	0	0	0	0	5	2	4	4	3	1	5	6	0	0	0	1	0	0	0	0	5	2	4	4	3	1	5	6	0	0	0	1	0	0	0	0	2273.1804	2695.725	0.0	5345.7373	5200.7817	6990.9316	2302.6858	0.0	0.0	0.0	0.0	0.0	0.0	0.0	0.0	0.0	2443.5215	2897.7295	0.0	3290.3457	2988.9146	2446.61	2475.2378	0.0	0.0	0.0	0.0	0.0	0.0	0.0	0.0	0.0	
sp|P07263|SYH_YEAST	P07263	SYH_YEAST	HTS1	546	Saccharomyces cerevisiae (strain ATCC 204508 / S288c)	1:Experimental evidence at protein level	Histidine--tRNA ligase, mitochondrial	0.8577	0.9944	1	1	1	1	1	0	0	0	0	0	0	0	0	0	0	0	0	0	0	0	1	0	0	0	0	0	0	0	0	0	0	0	0	0	0	0	1	0	0	0	0	0	0	0	0	0	0	0	0	0	0	0	0.0	0.0	0.0	0.0	0.0	0.0	0.0	0.0	0.0	0.0	0.0	0.0	0.0	0.0	0.0	0.0	0.0	0.0	0.0	0.0	0.0	0.0	0.0	0.0	0.0	0.0	0.0	0.0	0.0	0.0	0.0	0.0	
sp|P07267|CARP_YEAST	P07267	CARP_YEAST	PEP4	405	Saccharomyces cerevisiae (strain ATCC 204508 / S288c)	1:Experimental evidence at protein level	Saccharopepsin	1.0	0.999	4	84	84	84	10	11	7	5	12	8	11	12	1	0	0	1	0	1	2	3	10	11	7	5	12	8	11	12	1	0	0	1	0	1	2	3	10	11	7	5	12	8	11	12	1	0	0	1	0	1	2	3	14742.957	20673.197	20714.324	21094.012	20634.486	19731.16	15873.942	21002.898	2102.6067	0.0	5431.761	4870.6816	6082.1006	6143.9785	5581.535	7588.0884	7934.664	6987.7925	7188.3345	7177.4683	7341.3726	7177.655	6558.1357	7497.3687	2206.332	0.0	2995.0864	2718.7424	3387.135	3429.5186	3018.1572	4235.5903	
sp|P07274|PROF_YEAST	P07274	PROF_YEAST	PFY1	126	Saccharomyces cerevisiae (strain ATCC 204508 / S288c)	1:Experimental evidence at protein level	Profilin	1.0	0.999	2	30	30	30	2	3	2	3	4	3	2	2	1	1	1	1	2	1	1	1	2	3	2	3	4	3	2	2	1	1	1	1	2	1	1	1	2	3	2	3	4	3	2	2	1	1	1	1	2	1	1	1	13401.367	13421.826	10126.494	14929.555	14174.8	14544.181	11773.799	13414.569	4352.51	4358.6084	4803.494	5286.4175	4801.2983	4792.7583	5074.302	5075.466	10543.917	10994.106	10126.494	12088.666	11585.152	14544.181	11773.799	10988.13	4352.51	4358.6084	4803.494	5286.4175	4801.2983	4792.7583	5074.302	5075.466	
sp|P07280|RS19A_YEAST	P07280	RS19A_YEAST	RPS19A	144	Saccharomyces cerevisiae (strain ATCC 204508 / S288c)	1:Experimental evidence at protein level	Small ribosomal subunit protein eS19A	1.0	0.999	6	65	0	65	6	8	5	7	6	6	5	9	1	3	4	1	1	2	0	1	0	0	0	0	0	0	0	0	0	0	0	0	0	0	0	0	6	8	5	7	6	6	5	9	1	3	4	1	1	2	0	1	37472.113	34630.33	34319.164	30940.217	33853.203	33262.562	33321.734	30666.727	5696.3677	14050.167	14619.654	12270.498	13606.1875	12105.116	13568.97	13595.833	10298.651	9819.422	9869.395	8957.511	10152.042	9261.954	9555.434	8413.766	5932.573	4950.81	5033.924	5886.775	5372.2163	4947.4395	5270.169	5353.1104	sp|P07281|RS19B_YEAST
sp|P07284|SYSC_YEAST	P07284	SYSC_YEAST	SES1	462	Saccharomyces cerevisiae (strain ATCC 204508 / S288c)	1:Experimental evidence at protein level	Serine--tRNA ligase, cytoplasmic	1.0	0.999	2	13	13	13	1	1	0	4	1	1	2	1	0	0	0	0	0	0	1	1	1	1	0	4	1	1	2	1	0	0	0	0	0	0	1	1	1	1	0	4	1	1	2	1	0	0	0	0	0	0	1	1	6481.207	8809.497	7379.151	9724.588	9188.3545	8404.712	8776.566	10011.527	0.0	0.0	0.0	0.0	2927.949	1537.6808	0.0	0.0	6481.207	8809.497	7379.151	9724.588	9188.3545	8404.712	8776.566	10011.527	0.0	0.0	0.0	0.0	2927.949	1537.6808	0.0	0.0	
sp|P07311|ACYP1_HUMAN	P07311	ACYP1_HUMAN	ACYP1	99	Homo sapiens	1:Experimental evidence at protein level	Acylphosphatase-1	0.9713	0.999	1	9	9	9	0	0	2	1	1	1	0	1	1	0	1	0	0	0	1	0	0	0	2	1	1	1	0	1	1	0	1	0	0	0	1	0	0	0	2	1	1	1	0	1	1	0	1	0	0	0	1	0	0.0	2584.5396	3702.636	4073.9636	3075.349	3901.4236	2961.5251	3906.4277	0.0	0.0	1194.5173	0.0	3467.37	0.0	0.0	2194.4294	0.0	2584.5396	3702.636	4073.9636	3075.349	3901.4236	2961.5251	3906.4277	0.0	0.0	1194.5173	0.0	3467.37	0.0	0.0	2194.4294	
sp|P07347|ARD1_YEAST	P07347	ARD1_YEAST	ARD1	238	Saccharomyces cerevisiae (strain ATCC 204508 / S288c)	1:Experimental evidence at protein level	N-terminal acetyltransferase A complex catalytic subunit ARD1	0.845	0.9938	1	3	3	3	0	1	1	0	0	0	1	0	0	0	0	0	0	0	0	0	0	1	1	0	0	0	1	0	0	0	0	0	0	0	0	0	0	1	1	0	0	0	1	0	0	0	0	0	0	0	0	0	1338.2671	0.0	1477.6022	0.0	0.0	0.0	2062.3262	2751.3599	0.0	0.0	0.0	0.0	0.0	0.0	0.0	0.0	1338.2671	0.0	1477.6022	0.0	0.0	0.0	2062.3262	2751.3599	0.0	0.0	0.0	0.0	0.0	0.0	0.0	0.0	
sp|P07355|ANXA2_HUMAN	P07355	ANXA2_HUMAN	ANXA2	339	Homo sapiens	1:Experimental evidence at protein level	Annexin A2	1.0	0.999	14	156	33	156	10	9	4	4	12	7	12	6	8	16	13	13	8	10	14	10	3	2	0	1	3	2	2	1	1	2	4	2	2	2	3	3	10	9	4	4	12	7	12	6	8	16	13	13	8	10	14	10	38489.383	46652.652	42576.73	39395.617	47912.766	41028.58	46383.21	43832.145	51302.883	40380.105	43161.4	54074.105	51797.73	52055.58	29822.445	42429.74	8393.764	8192.615	8020.903	7465.9253	8257.5625	8215.474	8799.036	8102.319	8564.484	8151.3555	8445.238	8878.837	8478.917	8761.554	7689.699	8865.644	
sp|P07437|TBB5_HUMAN	P07437	TBB5_HUMAN	TUBB	444	Homo sapiens	1:Experimental evidence at protein level	Tubulin beta chain	1.0	0.999	24	880	210	880	50	56	48	31	52	44	59	58	45	63	70	75	45	62	65	57	13	10	13	10	10	11	17	15	12	14	14	17	13	16	14	11	50	56	48	31	52	44	59	58	45	63	70	75	45	62	65	57	351512.12	340847.88	363528.72	338352.78	316554.03	360330.38	382300.94	359714.5	392134.1	477138.53	403966.53	420722.38	446223.7	367209.1	357375.9	365564.62	53770.285	55123.242	55502.12	50259.336	50295.137	49775.145	52305.195	51955.027	53694.664	60273.85	55460.14	55970.277	58133.074	55580.016	54328.652	53310.68	
sp|P07602|SAP_HUMAN	P07602	SAP_HUMAN	PSAP	524	Homo sapiens	1:Experimental evidence at protein level	Prosaposin	1.0	0.999	1	32	32	32	2	2	1	1	2	2	2	3	2	3	3	1	1	3	2	2	2	2	1	1	2	2	2	3	2	3	3	1	1	3	2	2	2	2	1	1	2	2	2	3	2	3	3	1	1	3	2	2	8197.879	0.0	7973.8965	9107.722	7896.223	0.0	8077.299	0.0	8175.9585	9523.123	10454.675	8795.273	9909.74	7841.6357	8005.093	9044.414	8197.879	0.0	7973.8965	9107.722	7896.223	0.0	8077.299	0.0	8175.9585	9523.123	10454.675	8795.273	9909.74	7841.6357	8005.093	9044.414	
sp|P07737|PROF1_HUMAN	P07737	PROF1_HUMAN	PFN1	140	Homo sapiens	1:Experimental evidence at protein level	Profilin-1	1.0	0.999	10	280	280	280	18	14	17	17	16	22	16	17	18	19	17	18	17	18	23	13	18	14	17	17	16	22	16	17	18	19	17	18	17	18	23	13	18	14	17	17	16	22	16	17	18	19	17	18	17	18	23	13	120109.96	117737.24	120834.14	116614.055	127164.73	126728.77	118804.83	107068.875	130213.89	120094.08	123865.3	124928.57	121144.33	136449.69	136610.64	135403.28	31168.38	30746.53	31366.432	29328.205	30429.854	28798.555	30254.244	30759.031	32957.402	32032.172	31584.396	33416.516	35063.82	33523.645	33770.617	32747.549	
sp|P07741|APT_HUMAN	P07741	APT_HUMAN	APRT	180	Homo sapiens	1:Experimental evidence at protein level	Adenine phosphoribosyltransferase	1.0	0.999	3	43	43	43	3	3	2	4	1	4	4	3	3	3	3	3	2	1	3	1	3	3	2	4	1	4	4	3	3	3	3	3	2	1	3	1	3	3	2	4	1	4	4	3	3	3	3	3	2	1	3	1	14999.338	12707.807	16771.252	14890.272	15654.604	15360.916	12593.58	16946.244	8243.984	11952.728	13402.114	13632.948	14042.024	11145.052	10596.476	3424.3965	14644.366	12407.066	16374.347	14537.882	15284.125	14997.388	12295.543	16545.197	8048.884	9046.572	9734.33	10470.6	10785.002	10881.295	10345.701	12334.418	
sp|P07806|SYV_YEAST	P07806	SYV_YEAST	VAS1	1104	Saccharomyces cerevisiae (strain ATCC 204508 / S288c)	1:Experimental evidence at protein level	Valine--tRNA ligase, mitochondrial	0.9713	0.999	1	10	10	10	1	1	2	1	1	1	1	1	0	0	0	1	0	0	0	0	1	1	2	1	1	1	1	1	0	0	0	1	0	0	0	0	1	1	2	1	1	1	1	1	0	0	0	1	0	0	0	0	3033.8135	3903.2834	0.0	3810.668	4835.9263	4352.1606	5938.0986	0.0	0.0	0.0	0.0	0.0	0.0	0.0	0.0	0.0	3033.8135	3903.2834	0.0	3810.668	4835.9263	4352.1606	5938.0986	0.0	0.0	0.0	0.0	0.0	0.0	0.0	0.0	0.0	
sp|P07814|SYEP_HUMAN	P07814	SYEP_HUMAN	EPRS1	1512	Homo sapiens	1:Experimental evidence at protein level	Bifunctional glutamate/proline--tRNA ligase	1.0	0.999	9	76	76	76	5	2	4	3	6	4	4	6	6	6	4	6	4	4	6	6	5	2	4	3	6	4	4	6	6	6	4	6	4	4	6	6	5	2	4	3	6	4	4	6	6	6	4	6	4	4	6	6	15092.361	19850.666	18694.035	25639.355	24714.037	27891.13	26306.234	22097.117	18300.836	12830.926	18059.98	17360.59	14887.429	15835.206	17847.988	25255.87	8636.295	10630.52	10333.603	12563.38	11828.323	11715.511	11231.967	10465.8955	10074.52	7110.8296	8227.925	9236.122	7165.2446	7782.7534	8690.085	11058.638	
sp|P07858|CATB_HUMAN	P07858	CATB_HUMAN	CTSB	339	Homo sapiens	1:Experimental evidence at protein level	Cathepsin B	0.9712	0.999	1	4	4	4	1	0	1	0	0	0	0	0	0	1	0	0	0	1	0	0	1	0	1	0	0	0	0	0	0	1	0	0	0	1	0	0	1	0	1	0	0	0	0	0	0	1	0	0	0	1	0	0	0.0	0.0	0.0	0.0	0.0	0.0	0.0	0.0	0.0	0.0	0.0	0.0	0.0	0.0	0.0	0.0	0.0	0.0	0.0	0.0	0.0	0.0	0.0	0.0	0.0	0.0	0.0	0.0	0.0	0.0	0.0	0.0	
sp|P07900|HS90A_HUMAN	P07900	HS90A_HUMAN	HSP90AA1	732	Homo sapiens	1:Experimental evidence at protein level	Heat shock protein HSP 90-alpha	1.0	0.999	35	486	383	748	28	38	26	28	37	26	36	27	22	32	30	38	30	29	25	34	23	32	23	26	30	21	29	21	16	25	22	29	25	20	17	24	42	49	42	39	53	40	52	44	38	50	50	55	43	48	47	56	103437.08	97754.0	84170.15	90755.99	116616.72	90831.97	100425.305	87363.734	97912.41	108693.44	102494.0	106774.66	96183.05	107089.5	97775.66	112921.49	11623.966	12104.8	11338.609	11540.857	12955.432	12007.816	12642.178	12318.63	13894.51	13512.852	13284.171	13926.302	12334.084	12405.185	13154.514	13053.561	
sp|P07910|HNRPC_HUMAN	P07910	HNRPC_HUMAN	HNRNPC	306	Homo sapiens	1:Experimental evidence at protein level	Heterogeneous nuclear ribonucleoproteins C1/C2	1.0	0.999	13	236	166	236	15	14	13	12	16	13	15	14	11	16	16	15	15	18	20	13	9	9	8	8	12	10	12	10	6	11	13	12	11	11	14	10	15	14	13	12	16	13	15	14	11	16	16	15	15	18	20	13	93364.38	74284.484	88891.14	75823.31	93222.83	90981.89	89841.516	98674.34	85145.42	84637.11	90995.97	88441.58	89613.75	82872.06	96268.445	98957.59	17577.12	16394.738	17486.572	17927.594	17755.307	17593.385	16909.904	18143.58	17708.707	18037.916	17653.797	18802.957	17538.547	17851.568	19972.705	18225.264	
sp|P07919|QCR6_HUMAN	P07919	QCR6_HUMAN	UQCRH	91	Homo sapiens	1:Experimental evidence at protein level	Cytochrome b-c1 complex subunit 6, mitochondrial	0.9684	0.9989	1	2	2	2	0	0	0	0	0	0	0	0	1	0	0	0	1	0	0	0	0	0	0	0	0	0	0	0	1	0	0	0	1	0	0	0	0	0	0	0	0	0	0	0	1	0	0	0	1	0	0	0	0.0	0.0	0.0	0.0	0.0	0.0	0.0	0.0	0.0	0.0	0.0	0.0	0.0	0.0	0.0	0.0	0.0	0.0	0.0	0.0	0.0	0.0	0.0	0.0	0.0	0.0	0.0	0.0	0.0	0.0	0.0	0.0	
sp|P07954|FUMH_HUMAN	P07954	FUMH_HUMAN	FH	510	Homo sapiens	1:Experimental evidence at protein level	Fumarate hydratase, mitochondrial	1.0	0.999	11	132	132	132	9	11	9	3	7	5	6	5	6	10	13	12	7	10	11	8	9	11	9	3	7	5	6	5	6	10	13	12	7	10	11	8	9	11	9	3	7	5	6	5	6	10	13	12	7	10	11	8	33380.5	21454.273	16435.195	20722.916	21972.625	21457.309	19448.336	21860.049	20834.188	31638.045	16957.584	28550.402	31151.322	24705.586	20719.002	29982.469	7400.2188	7354.667	7505.404	7812.122	7149.4014	8991.031	6281.4395	6733.7935	6567.1143	6950.069	8134.769	6404.334	8053.9263	7300.1553	7120.0117	7835.691	
sp|P08134|RHOC_HUMAN	P08134	RHOC_HUMAN	RHOC	193	Homo sapiens	1:Experimental evidence at protein level	Rho-related GTP-binding protein RhoC	0.9702	0.999	1	1	0	1	0	0	0	0	0	0	0	0	0	0	0	0	0	0	1	0	0	0	0	0	0	0	0	0	0	0	0	0	0	0	0	0	0	0	0	0	0	0	0	0	0	0	0	0	0	0	1	0	0.0	0.0	0.0	0.0	0.0	0.0	0.0	0.0	0.0	0.0	0.0	0.0	0.0	0.0	0.0	0.0	0.0	0.0	0.0	0.0	0.0	0.0	0.0	0.0	0.0	0.0	0.0	0.0	0.0	0.0	0.0	0.0	sp|P61586|RHOA_HUMAN
sp|P08200|IDH_ECOLI	P08200	IDH_ECOLI	icd	416	Escherichia coli (strain K12)	1:Experimental evidence at protein level	Isocitrate dehydrogenase [NADP]	1.0	0.999	6	40	40	40	0	0	0	0	0	0	0	0	2	4	5	6	7	4	7	5	0	0	0	0	0	0	0	0	2	4	5	6	7	4	7	5	0	0	0	0	0	0	0	0	2	4	5	6	7	4	7	5	0.0	5284.004	4961.4395	0.0	5390.3096	5101.8545	0.0	4834.3945	5203.718	9564.258	9448.306	8266.852	12901.115	11674.618	5204.789	15146.051	0.0	6773.428	6359.941	0.0	6909.6987	6539.9355	0.0	6197.0854	4785.0435	3875.072	3970.8398	3593.857	3970.3374	3895.8662	2342.115	3151.831	
sp|P08238|HS90B_HUMAN	P08238	HS90B_HUMAN	HSP90AB1	724	Homo sapiens	1:Experimental evidence at protein level	Heat shock protein HSP 90-beta	1.0	0.999	40	1020	503	1020	62	58	57	45	63	52	70	63	63	80	65	77	49	67	77	72	35	34	29	25	31	26	37	26	31	40	27	37	26	32	34	33	62	58	57	45	63	52	70	63	63	80	65	77	49	67	77	72	454649.84	463630.56	437460.62	423589.0	472859.5	444758.22	448737.03	479406.28	514809.06	495038.38	503590.1	502097.25	450955.47	514088.9	498464.22	421823.97	43494.668	45625.5	43609.195	42257.656	44823.2	44960.15	42974.94	44808.58	49498.99	50346.215	50589.344	49776.4	46345.477	48999.727	48654.9	46555.188	
sp|P08243|ASNS_HUMAN	P08243	ASNS_HUMAN	ASNS	561	Homo sapiens	1:Experimental evidence at protein level	Asparagine synthetase [glutamine-hydrolyzing]	1.0	0.999	2	24	24	24	1	1	2	2	2	2	3	2	1	0	2	2	1	1	1	1	1	1	2	2	2	2	3	2	1	0	2	2	1	1	1	1	1	1	2	2	2	2	3	2	1	0	2	2	1	1	1	1	5093.3423	5682.511	5549.7954	7577.3765	6730.041	6353.5483	0.0	6175.2896	4882.0557	0.0	3987.4387	0.0	5547.8906	3958.2324	4946.41	5738.669	5093.3423	5682.511	5549.7954	7577.3765	6730.041	6353.5483	0.0	6175.2896	4882.0557	0.0	3987.4387	0.0	5547.8906	3958.2324	4946.41	5738.669	
sp|P08390|USG_ECOLI	P08390	USG_ECOLI	usg	337	Escherichia coli (strain K12)	1:Experimental evidence at protein level	USG-1 protein	0.9298	0.9975	1	1	1	1	0	0	0	0	0	0	0	0	0	0	0	0	0	0	1	0	0	0	0	0	0	0	0	0	0	0	0	0	0	0	1	0	0	0	0	0	0	0	0	0	0	0	0	0	0	0	1	0	0.0	0.0	0.0	0.0	7388.988	7230.3604	6126.5557	7103.464	5746.703	4235.2466	4853.9834	3664.6338	3702.3452	3562.9885	6910.0747	6020.6904	0.0	0.0	0.0	0.0	7388.988	7230.3604	6126.5557	7103.464	5746.703	4235.2466	4853.9834	3664.6338	3702.3452	3562.9885	6910.0747	6020.6904	
sp|P08397|HEM3_HUMAN	P08397	HEM3_HUMAN	HMBS	361	Homo sapiens	1:Experimental evidence at protein level	Porphobilinogen deaminase	1.0	0.999	9	149	149	149	11	11	7	7	9	9	8	12	8	5	10	14	8	10	10	10	11	11	7	7	9	9	8	12	8	5	10	14	8	10	10	10	11	11	7	7	9	9	8	12	8	5	10	14	8	10	10	10	20001.516	25013.312	30337.34	20362.875	17350.84	10094.605	24813.22	26901.914	20337.32	28638.332	22720.96	26074.074	17573.844	21748.588	28767.941	26457.12	7773.106	7896.798	7775.814	7902.383	7248.1	7588.6035	9008.861	8951.604	7009.835	7833.6553	7224.227	7557.245	7403.4644	7030.925	7196.1426	7083.6763	
sp|P08621|RU17_HUMAN	P08621	RU17_HUMAN	SNRNP70	437	Homo sapiens	1:Experimental evidence at protein level	U1 small nuclear ribonucleoprotein 70 kDa	1.0	0.999	2	40	40	40	3	1	1	2	3	1	4	3	2	2	3	2	3	3	4	3	3	1	1	2	3	1	4	3	2	2	3	2	3	3	4	3	3	1	1	2	3	1	4	3	2	2	3	2	3	3	4	3	2536.725	0.0	0.0	5134.672	1761.9739	3070.6694	2937.862	5766.181	5772.08	4023.9722	3191.6445	2708.9402	2864.8484	5272.67	4513.453	3808.1614	2566.0166	0.0	0.0	2911.6433	1782.3192	3106.1262	2971.7854	3032.2996	3029.0159	2245.7102	3228.4983	2740.2202	3384.2788	2837.6904	2351.3884	2092.3044	
sp|P08670|VIME_HUMAN	P08670	VIME_HUMAN	VIM	466	Homo sapiens	1:Experimental evidence at protein level	Vimentin	1.0	0.999	15	92	91	119	5	3	6	4	6	5	9	6	4	4	8	9	4	6	5	8	5	3	6	4	6	5	9	6	4	4	8	9	4	5	5	8	7	3	7	5	7	7	11	8	6	7	10	12	4	8	7	10	25280.273	28306.959	23043.254	29462.42	32132.287	37826.875	25863.748	28408.889	31768.432	31080.717	33866.4	34448.008	33111.742	30647.666	33866.332	25356.746	11236.443	10175.794	10418.013	11687.937	11319.4795	12784.47	11604.0	12324.124	10436.299	9202.115	10008.055	10065.265	11245.005	10001.12	11333.571	10426.812	
sp|P08708|RS17_HUMAN	P08708	RS17_HUMAN	RPS17	135	Homo sapiens	1:Experimental evidence at protein level	Small ribosomal subunit protein eS17	1.0	0.999	7	135	135	135	11	13	6	9	9	6	7	8	7	12	8	7	5	11	7	9	11	13	6	9	9	6	7	8	7	12	8	7	5	11	7	9	11	13	6	9	9	6	7	8	7	12	8	7	5	11	7	9	19847.818	16325.381	18440.951	28568.566	20786.283	20773.787	18644.945	23638.32	14588.973	16865.773	20810.533	23054.824	18655.78	21037.604	19954.074	19271.363	7320.0977	6979.199	8098.939	9113.55	8656.977	9018.424	8151.689	8544.341	5478.5093	5945.006	6077.9087	5803.824	6824.4424	6551.3135	6038.3584	6081.6636	
sp|P08839|PT1_ECOLI	P08839	PT1_ECOLI	ptsI	575	Escherichia coli (strain K12)	1:Experimental evidence at protein level	Phosphoenolpyruvate-protein phosphotransferase	1.0	0.9989	2	4	4	4	0	0	0	0	0	0	0	0	0	0	0	0	0	1	2	1	0	0	0	0	0	0	0	0	0	0	0	0	0	1	2	1	0	0	0	0	0	0	0	0	0	0	0	0	0	1	2	1	0.0	0.0	0.0	0.0	0.0	0.0	0.0	0.0	0.0	0.0	0.0	0.0	0.0	0.0	0.0	0.0	0.0	0.0	0.0	0.0	0.0	0.0	0.0	0.0	0.0	0.0	0.0	0.0	0.0	0.0	0.0	0.0	
sp|P08865|RSSA_HUMAN	P08865	RSSA_HUMAN	RPSA	295	Homo sapiens	1:Experimental evidence at protein level	Small ribosomal subunit protein uS2	1.0	0.999	11	191	128	191	8	12	17	13	11	14	13	11	10	8	9	12	12	13	14	14	6	10	12	9	8	10	6	7	6	6	8	8	9	7	7	9	8	12	17	13	11	14	13	11	10	8	9	12	12	13	14	14	53655.426	55096.227	45405.457	43772.105	48283.914	57479.156	48067.543	65505.64	54062.637	53795.113	50678.055	53083.16	64006.625	52390.64	47390.387	42460.133	13356.038	12935.144	11982.058	14130.598	13719.162	13898.236	12879.535	14209.593	14009.774	13887.032	14135.561	13501.944	14259.629	13259.75	13604.622	12271.374	
sp|P09012|SNRPA_HUMAN	P09012	SNRPA_HUMAN	SNRPA	282	Homo sapiens	1:Experimental evidence at protein level	U1 small nuclear ribonucleoprotein A	1.0	0.997	2	14	3	14	1	1	1	0	1	0	1	1	2	1	2	0	0	1	1	1	0	0	0	0	0	0	0	0	1	1	0	0	0	0	1	0	1	1	1	0	1	0	1	1	2	1	2	0	0	1	1	1	2992.612	1786.9115	7497.991	7285.291	7647.4346	8668.698	2784.4214	5622.274	6259.571	3042.4766	7531.5	8543.341	8112.5625	7128.298	7035.112	10000.136	4203.7256	2510.0764	4364.201	3779.682	4184.4985	4369.8354	3911.2798	2892.1646	3743.944	4273.77	4306.804	4651.8	4369.0063	4115.377	3675.1755	5127.194	
sp|P09030|EX3_ECOLI	P09030	EX3_ECOLI	xthA	268	Escherichia coli (strain K12)	1:Experimental evidence at protein level	Exodeoxyribonuclease III	0.8926	0.9959	1	1	1	1	0	0	0	0	0	0	0	0	1	0	0	0	0	0	0	0	0	0	0	0	0	0	0	0	1	0	0	0	0	0	0	0	0	0	0	0	0	0	0	0	1	0	0	0	0	0	0	0	0.0	0.0	0.0	0.0	0.0	0.0	0.0	0.0	0.0	0.0	0.0	0.0	0.0	0.0	0.0	0.0	0.0	0.0	0.0	0.0	0.0	0.0	0.0	0.0	0.0	0.0	0.0	0.0	0.0	0.0	0.0	0.0	
sp|P09232|PRTB_YEAST	P09232	PRTB_YEAST	PRB1	635	Saccharomyces cerevisiae (strain ATCC 204508 / S288c)	1:Experimental evidence at protein level	Cerevisin	1.0	0.999	3	11	11	11	2	2	0	0	0	0	2	3	0	0	0	1	0	0	1	0	2	2	0	0	0	0	2	3	0	0	0	1	0	0	1	0	2	2	0	0	0	0	2	3	0	0	0	1	0	0	1	0	0.0	0.0	3634.9626	0.0	0.0	3544.3499	5741.202	5107.3315	0.0	0.0	0.0	0.0	0.0	0.0	0.0	0.0	0.0	0.0	3634.9626	0.0	0.0	3544.3499	3546.8403	5107.3315	0.0	0.0	0.0	0.0	0.0	0.0	0.0	0.0	
sp|P09372|GRPE_ECOLI	P09372	GRPE_ECOLI	grpE	197	Escherichia coli (strain K12)	1:Experimental evidence at protein level	Protein GrpE	1.0	0.999	4	76	76	76	3	2	3	1	3	4	3	2	5	6	6	7	6	6	10	9	3	2	3	1	3	4	3	2	5	6	6	7	6	6	10	9	3	2	3	1	3	4	3	2	5	6	6	7	6	6	10	9	9681.289	9040.065	10140.578	12762.398	7707.098	9424.371	15486.984	8613.875	30868.822	31077.217	30614.055	22094.836	36901.42	30194.463	35131.79	36829.81	7832.1533	9040.065	10140.578	11154.387	7707.098	8356.492	10337.225	8613.875	17345.906	16003.06	18534.535	18033.07	18590.125	15971.066	18188.326	18844.285	
sp|P09373|PFLB_ECOLI	P09373	PFLB_ECOLI	pflB	760	Escherichia coli (strain K12)	1:Experimental evidence at protein level	Formate acetyltransferase 1	1.0	0.999	2	13	13	13	0	0	0	0	0	0	0	0	0	2	3	0	2	0	3	3	0	0	0	0	0	0	0	0	0	2	3	0	2	0	3	3	0	0	0	0	0	0	0	0	0	2	3	0	2	0	3	3	0.0	0.0	0.0	0.0	0.0	0.0	0.0	0.0	0.0	3317.0122	2519.322	3210.8186	0.0	0.0	2875.0837	3727.8745	0.0	0.0	0.0	0.0	0.0	0.0	0.0	0.0	0.0	3317.0122	2519.322	3210.8186	0.0	0.0	2875.0837	3727.8745	
sp|P09382|LEG1_HUMAN	P09382	LEG1_HUMAN	LGALS1	135	Homo sapiens	1:Experimental evidence at protein level	Galectin-1	1.0	0.999	4	9	9	9	0	0	1	1	0	0	0	0	0	1	1	3	0	1	0	1	0	0	1	1	0	0	0	0	0	1	1	3	0	1	0	1	0	0	1	1	0	0	0	0	0	1	1	3	0	1	0	1	0.0	0.0	0.0	0.0	0.0	0.0	0.0	0.0	4371.1694	5427.74	4727.5254	7079.508	4413.758	4461.4023	3165.1194	2416.3342	0.0	0.0	0.0	0.0	0.0	0.0	0.0	0.0	2547.2578	3084.8638	2756.052	2841.074	2595.0696	2572.9592	3186.5151	2432.6682	
sp|P09394|GLPQ_ECOLI	P09394	GLPQ_ECOLI	glpQ	358	Escherichia coli (strain K12)	1:Experimental evidence at protein level	Glycerophosphodiester phosphodiesterase, periplasmic	1.0	0.999	3	5	5	5	0	0	0	0	0	0	0	0	0	0	0	3	0	0	1	1	0	0	0	0	0	0	0	0	0	0	0	3	0	0	1	1	0	0	0	0	0	0	0	0	0	0	0	3	0	0	1	1	0.0	0.0	0.0	0.0	0.0	0.0	0.0	0.0	0.0	0.0	0.0	0.0	0.0	0.0	0.0	2821.1433	0.0	0.0	0.0	0.0	0.0	0.0	0.0	0.0	0.0	0.0	0.0	0.0	0.0	0.0	0.0	0.0	
sp|P09429|HMGB1_HUMAN	P09429	HMGB1_HUMAN	HMGB1	215	Homo sapiens	1:Experimental evidence at protein level	High mobility group protein B1	1.0	0.999	6	63	4	63	3	4	2	2	4	1	7	3	4	5	6	5	4	5	4	4	1	0	0	0	0	0	0	0	0	0	2	0	0	1	0	0	3	4	2	2	4	1	7	3	4	5	6	5	4	5	4	4	23604.66	25630.072	23696.705	21338.873	20329.719	22936.182	27802.568	25836.98	27952.275	31148.043	30250.746	26763.527	11175.82	32476.549	19336.145	32182.69	6903.739	7686.1475	7099.393	7963.0405	7921.9287	8060.732	8001.3438	7331.017	7989.922	9017.236	8180.078	8248.86	8569.084	9189.925	8282.375	8777.015	
sp|P09436|SYIC_YEAST	P09436	SYIC_YEAST	ILS1	1072	Saccharomyces cerevisiae (strain ATCC 204508 / S288c)	1:Experimental evidence at protein level	Isoleucine--tRNA ligase, cytoplasmic	0.9713	0.999	1	6	6	6	1	0	1	0	0	1	2	1	0	0	0	0	0	0	0	0	1	0	1	0	0	1	2	1	0	0	0	0	0	0	0	0	1	0	1	0	0	1	2	1	0	0	0	0	0	0	0	0	0.0	1045.4708	0.0	2737.485	2033.4757	2635.08	1455.0896	2577.5718	0.0	0.0	0.0	0.0	0.0	0.0	0.0	0.0	0.0	1045.4708	0.0	2737.485	2033.4757	2635.08	1455.0896	2577.5718	0.0	0.0	0.0	0.0	0.0	0.0	0.0	0.0	
sp|P09622|DLDH_HUMAN	P09622	DLDH_HUMAN	DLD	509	Homo sapiens	1:Experimental evidence at protein level	Dihydrolipoyl dehydrogenase, mitochondrial	1.0	0.999	5	61	61	61	4	3	3	2	4	3	4	5	2	5	5	4	4	7	4	2	4	3	3	2	4	3	4	5	2	5	5	4	4	7	4	2	4	3	3	2	4	3	4	5	2	5	5	4	4	7	4	2	10688.077	10850.579	4705.728	11136.824	15528.68	16105.188	7105.1685	14754.136	10896.7705	10243.273	9942.66	12112.539	14512.9	12181.334	12551.614	10119.191	4828.413	4321.6455	4888.2896	4843.9595	5460.564	5153.45	4745.8047	4997.3394	4582.4277	4139.87	4547.7866	4927.968	6000.5576	4798.846	5314.339	4490.2495	
sp|P09624|DLDH_YEAST	P09624	DLDH_YEAST	LPD1	499	Saccharomyces cerevisiae (strain ATCC 204508 / S288c)	1:Experimental evidence at protein level	Dihydrolipoyl dehydrogenase, mitochondrial	0.9713	0.999	1	14	14	14	1	1	1	1	1	2	2	3	0	0	0	0	0	1	1	0	1	1	1	1	1	2	2	3	0	0	0	0	0	1	1	0	1	1	1	1	1	2	2	3	0	0	0	0	0	1	1	0	0.0	0.0	0.0	0.0	0.0	0.0	0.0	0.0	0.0	0.0	0.0	0.0	0.0	0.0	0.0	0.0	0.0	0.0	0.0	0.0	0.0	0.0	0.0	0.0	0.0	0.0	0.0	0.0	0.0	0.0	0.0	0.0	
sp|P09651|ROA1_HUMAN	P09651	ROA1_HUMAN	HNRNPA1	372	Homo sapiens	1:Experimental evidence at protein level	Heterogeneous nuclear ribonucleoprotein A1	1.0	0.999	23	287	13	347	18	19	14	7	22	13	19	19	17	21	17	29	11	19	26	16	1	1	0	0	1	1	1	1	1	1	1	1	0	1	1	1	21	24	16	11	25	17	23	22	21	26	22	32	13	23	30	21	117707.56	123776.95	125278.17	105141.586	134133.14	131380.12	137340.69	120783.086	136849.97	165257.88	121601.19	156579.19	138946.1	137308.17	158167.19	155101.95	35104.9	34950.05	38580.78	34330.938	34274.062	34238.465	36704.555	34470.355	39689.67	42373.227	38180.125	41020.902	36759.58	37945.062	36922.008	38463.355	
sp|P09733|TBA1_YEAST	P09733	TBA1_YEAST	TUB1	447	Saccharomyces cerevisiae (strain ATCC 204508 / S288c)	1:Experimental evidence at protein level	Tubulin alpha-1 chain	0.9992	0.999	3	3	0	17	0	0	0	0	1	1	1	0	0	0	0	0	0	0	0	0	0	0	0	0	0	0	0	0	0	0	0	0	0	0	0	0	0	0	0	0	1	1	3	1	2	2	2	0	1	0	3	1	0.0	0.0	0.0	0.0	0.0	0.0	0.0	0.0	0.0	0.0	0.0	0.0	0.0	0.0	0.0	0.0	0.0	0.0	0.0	0.0	0.0	0.0	0.0	0.0	0.0	0.0	0.0	0.0	0.0	0.0	0.0	0.0	sp|P09734|TBA3_YEAST
sp|P09874|PARP1_HUMAN	P09874	PARP1_HUMAN	PARP1	1014	Homo sapiens	1:Experimental evidence at protein level	Poly [ADP-ribose] polymerase 1	1.0	0.999	7	31	31	31	1	1	2	3	3	0	3	0	1	1	1	5	0	4	4	2	1	1	2	3	3	0	3	0	1	1	1	5	0	4	4	2	1	1	2	3	3	0	3	0	1	1	1	5	0	4	4	2	2274.1196	0.0	2457.9792	0.0	0.0	6013.992	5332.561	2016.1611	3289.8318	4075.6252	4461.4287	11862.783	4493.582	1765.1222	5681.21	5570.924	1705.963	0.0	5383.9355	0.0	0.0	4111.378	3483.1414	2016.2499	3289.9766	4075.8047	3346.8037	3536.2756	3090.19	3205.5278	3896.7563	3608.279	
sp|P09938|RIR2_YEAST	P09938	RIR2_YEAST	RNR2	399	Saccharomyces cerevisiae (strain ATCC 204508 / S288c)	1:Experimental evidence at protein level	Ribonucleoside-diphosphate reductase small chain 1	1.0	0.999	3	48	48	48	2	4	2	5	6	3	5	3	2	3	4	2	1	1	3	2	2	4	2	5	6	3	5	3	2	3	4	2	1	1	3	2	2	4	2	5	6	3	5	3	2	3	4	2	1	1	3	2	18219.23	17121.691	19895.344	20047.707	21130.906	17016.115	14727.479	19116.066	1940.2526	3676.9568	3216.1921	5068.04	4825.075	5549.6406	4764.5664	5042.8696	6117.9375	5966.857	6904.6514	7086.9204	6805.209	5833.827	6878.845	6098.0186	3377.2192	3620.4087	3166.7302	3186.6194	3061.6113	2441.4675	2771.2332	2466.0151	
sp|P09972|ALDOC_HUMAN	P09972	ALDOC_HUMAN	ALDOC	364	Homo sapiens	1:Experimental evidence at protein level	Fructose-bisphosphate aldolase C	1.0	0.999	7	21	21	141	1	1	1	0	2	0	2	0	0	2	3	3	0	2	2	2	1	1	1	0	2	0	2	0	0	2	3	3	0	2	2	2	7	6	9	10	9	7	10	7	9	11	9	9	7	10	10	11	0.0	0.0	7350.2983	0.0	3686.998	0.0	6024.788	0.0	7088.8564	7893.878	9548.204	2599.2356	3775.2131	1405.1748	1954.4006	6877.8477	0.0	0.0	3437.3613	0.0	5988.0054	0.0	3946.2432	0.0	4643.2095	4138.865	3588.659	3884.0703	2825.1946	2099.7703	2920.4854	4504.998	
sp|P09996|YIDB_ECOLI	P09996	YIDB_ECOLI	yidB	132	Escherichia coli (strain K12)	4:Protein predicted	Uncharacterized protein YidB	0.9605	0.9986	1	2	2	2	0	0	0	0	0	0	0	0	0	1	0	0	0	1	0	0	0	0	0	0	0	0	0	0	0	1	0	0	0	1	0	0	0	0	0	0	0	0	0	0	0	1	0	0	0	1	0	0	0.0	0.0	0.0	0.0	0.0	0.0	0.0	0.0	0.0	0.0	0.0	0.0	0.0	0.0	0.0	0.0	0.0	0.0	0.0	0.0	0.0	0.0	0.0	0.0	0.0	0.0	0.0	0.0	0.0	0.0	0.0	0.0	
sp|P0A6A3|ACKA_ECOLI	P0A6A3	ACKA_ECOLI	ackA	400	Escherichia coli (strain K12)	1:Experimental evidence at protein level	Acetate kinase	1.0	0.999	5	10	10	10	0	0	0	0	0	0	0	0	0	1	2	2	1	1	1	2	0	0	0	0	0	0	0	0	0	1	2	2	1	1	1	2	0	0	0	0	0	0	0	0	0	1	2	2	1	1	1	2	0.0	0.0	0.0	0.0	0.0	0.0	0.0	0.0	0.0	0.0	0.0	0.0	1359.976	0.0	2604.886	2838.7798	0.0	0.0	0.0	0.0	0.0	0.0	0.0	0.0	0.0	0.0	0.0	0.0	1359.976	0.0	2604.886	2838.7798	
sp|P0A6A8|ACP_ECOLI	P0A6A8	ACP_ECOLI	acpP	78	Escherichia coli (strain K12)	1:Experimental evidence at protein level	Acyl carrier protein	1.0	0.999	3	44	44	44	1	1	0	2	1	2	2	0	5	5	5	5	2	4	4	5	1	1	0	2	1	2	2	0	5	5	5	5	2	4	4	5	1	1	0	2	1	2	2	0	5	5	5	5	2	4	4	5	7447.8623	7438.2197	8919.195	8886.811	9133.46	8182.1016	7383.07	8584.412	25665.803	29572.188	28759.902	32881.34	26084.408	29703.8	25762.04	34704.94	4130.518	4178.317	4957.9897	4852.0586	5078.964	4494.3545	4124.884	4741.8486	11517.139	13060.473	12791.422	13565.894	11436.347	13205.831	12197.971	14172.136	
sp|P0A6E6|ATPE_ECOLI	P0A6E6	ATPE_ECOLI	atpC	139	Escherichia coli (strain K12)	1:Experimental evidence at protein level	ATP synthase epsilon chain	1.0	0.999	2	23	23	23	0	0	0	0	0	0	0	0	2	2	4	2	3	3	3	4	0	0	0	0	0	0	0	0	2	2	4	2	3	3	3	4	0	0	0	0	0	0	0	0	2	2	4	2	3	3	3	4	0.0	0.0	0.0	0.0	0.0	0.0	0.0	0.0	6095.5625	6751.169	6743.494	0.0	9247.922	3634.8604	4482.543	5938.9507	0.0	0.0	0.0	0.0	0.0	0.0	0.0	0.0	6095.5625	6751.169	6743.494	0.0	9247.922	3634.8604	4482.543	5938.9507	
sp|P0A6F3|GLPK_ECOLI	P0A6F3	GLPK_ECOLI	glpK	502	Escherichia coli (strain K12)	1:Experimental evidence at protein level	Glycerol kinase	0.9474	0.9981	1	2	2	2	0	0	0	0	0	0	0	0	0	0	0	2	0	0	0	0	0	0	0	0	0	0	0	0	0	0	0	2	0	0	0	0	0	0	0	0	0	0	0	0	0	0	0	2	0	0	0	0	0.0	0.0	0.0	0.0	0.0	0.0	0.0	0.0	0.0	0.0	0.0	0.0	0.0	0.0	0.0	0.0	0.0	0.0	0.0	0.0	0.0	0.0	0.0	0.0	0.0	0.0	0.0	0.0	0.0	0.0	0.0	0.0	
sp|P0A6F5|CH60_ECOLI	P0A6F5	CH60_ECOLI	groEL	548	Escherichia coli (strain K12)	1:Experimental evidence at protein level	Chaperonin GroEL	1.0	0.999	28	520	520	520	15	13	9	6	14	7	13	11	48	55	61	57	45	54	63	49	15	13	9	6	14	7	13	11	48	55	61	57	45	54	63	49	15	13	9	6	14	7	13	11	48	55	61	57	45	54	63	49	65142.656	63278.457	67539.79	80974.22	75062.35	72379.09	66515.2	79636.89	292489.62	278430.88	272337.97	298927.7	275611.88	287589.53	271585.44	295271.94	16862.414	16103.387	17100.443	17977.537	17652.465	16871.217	18352.172	17286.03	49601.492	49074.953	49902.414	50558.613	45545.043	48063.793	48706.703	49019.57	
sp|P0A6F9|CH10_ECOLI	P0A6F9	CH10_ECOLI	groES	97	Escherichia coli (strain K12)	1:Experimental evidence at protein level	Co-chaperonin GroES	1.0	0.999	7	118	118	118	4	3	5	3	3	3	7	5	7	10	11	13	8	13	13	10	4	3	5	3	3	3	7	5	7	10	11	13	8	13	13	10	4	3	5	3	3	3	7	5	7	10	11	13	8	13	13	10	21665.578	23157.848	12526.501	22146.229	21174.857	23255.639	20175.018	20758.86	84185.49	75241.54	76257.555	72274.05	66949.3	76460.25	87373.54	78880.84	6056.675	6731.8887	7665.0254	6571.316	6185.8037	6766.307	5988.0938	6126.111	19608.994	17915.07	18372.893	21202.502	17534.5	20396.521	20075.56	18688.78	
sp|P0A6G7|CLPP_ECOLI	P0A6G7	CLPP_ECOLI	clpP	207	Escherichia coli (strain K12)	1:Experimental evidence at protein level	ATP-dependent Clp protease proteolytic subunit	1.0	0.999	2	23	23	23	0	0	0	0	1	1	0	1	0	3	3	3	3	5	3	0	0	0	0	0	1	1	0	1	0	3	3	3	3	5	3	0	0	0	0	0	1	1	0	1	0	3	3	3	3	5	3	0	0.0	0.0	0.0	0.0	0.0	0.0	0.0	0.0	3431.122	13252.903	6444.427	7254.407	7277.583	7640.913	4554.6333	4361.2573	0.0	0.0	0.0	0.0	0.0	0.0	0.0	0.0	4654.286	6699.023	3667.875	4135.2134	4115.2725	4293.248	4475.4272	4285.414	
sp|P0A6K6|DEOB_ECOLI	P0A6K6	DEOB_ECOLI	deoB	407	Escherichia coli (strain K12)	1:Experimental evidence at protein level	Phosphopentomutase	0.9438	0.998	1	5	5	5	0	0	0	0	0	0	0	0	0	0	0	2	1	1	0	1	0	0	0	0	0	0	0	0	0	0	0	2	1	1	0	1	0	0	0	0	0	0	0	0	0	0	0	2	1	1	0	1	0.0	0.0	0.0	0.0	0.0	0.0	0.0	0.0	1720.7068	2793.7537	3022.075	2843.9202	2795.8022	3324.7722	3530.935	3991.6394	0.0	0.0	0.0	0.0	0.0	0.0	0.0	0.0	1720.7068	2793.7537	3022.075	2843.9202	2795.8022	3324.7722	3530.935	3991.6394	
sp|P0A6L0|DEOC_ECOLI	P0A6L0	DEOC_ECOLI	deoC	259	Escherichia coli (strain K12)	1:Experimental evidence at protein level	Deoxyribose-phosphate aldolase	1.0	0.999	2	8	8	8	0	0	0	0	0	0	0	0	0	0	0	1	2	2	2	1	0	0	0	0	0	0	0	0	0	0	0	1	2	2	2	1	0	0	0	0	0	0	0	0	0	0	0	1	2	2	2	1	0.0	0.0	0.0	0.0	0.0	0.0	0.0	0.0	0.0	0.0	0.0	0.0	2874.8901	0.0	0.0	3249.4385	0.0	0.0	0.0	0.0	0.0	0.0	0.0	0.0	0.0	0.0	0.0	0.0	2874.8901	0.0	0.0	3249.4385	
sp|P0A6L4|NANA_ECOLI	P0A6L4	NANA_ECOLI	nanA	297	Escherichia coli (strain K12)	1:Experimental evidence at protein level	N-acetylneuraminate lyase	0.8874	0.9957	1	1	1	1	0	0	0	0	0	0	0	0	0	1	0	0	0	0	0	0	0	0	0	0	0	0	0	0	0	1	0	0	0	0	0	0	0	0	0	0	0	0	0	0	0	1	0	0	0	0	0	0	0.0	0.0	0.0	0.0	0.0	0.0	0.0	0.0	0.0	0.0	0.0	0.0	0.0	0.0	0.0	0.0	0.0	0.0	0.0	0.0	0.0	0.0	0.0	0.0	0.0	0.0	0.0	0.0	0.0	0.0	0.0	0.0	
sp|P0A6M8|EFG_ECOLI	P0A6M8	EFG_ECOLI	fusA	704	Escherichia coli (strain K12)	1:Experimental evidence at protein level	Elongation factor G	1.0	0.999	7	56	56	56	0	0	1	0	0	0	1	1	4	8	10	6	5	7	7	6	0	0	1	0	0	0	1	1	4	8	10	6	5	7	7	6	0	0	1	0	0	0	1	1	4	8	10	6	5	7	7	6	0.0	0.0	1524.2817	3115.6946	2446.6826	0.0	0.0	2650.1682	16018.287	20611.562	17093.43	19302.586	24675.846	21358.059	19807.344	20767.926	0.0	0.0	1778.1698	3634.652	2854.208	0.0	0.0	3091.5867	5096.5767	4914.7065	4365.632	4954.59	5797.8955	5114.6045	5491.692	5298.757	
sp|P0A6N4|EFP_ECOLI	P0A6N4	EFP_ECOLI	efp	188	Escherichia coli (strain K12)	1:Experimental evidence at protein level	Elongation factor P	1.0	0.999	2	24	24	24	0	1	2	0	2	0	0	1	1	3	2	2	2	2	3	3	0	1	2	0	2	0	0	1	1	3	2	2	2	2	3	3	0	1	2	0	2	0	0	1	1	3	2	2	2	2	3	3	1990.9487	1852.2958	2532.0896	2708.422	3370.88	3770.4019	3013.6265	3135.8228	9839.658	10433.879	10719.756	10063.746	10293.557	6740.3184	10861.184	9722.274	1990.9487	1852.2958	2532.0896	2708.422	3370.88	3770.4019	3013.6265	3135.8228	6451.3276	6620.9287	6844.6934	6621.9897	6803.085	6740.3184	7231.328	6252.2646	
sp|P0A6P1|EFTS_ECOLI	P0A6P1	EFTS_ECOLI	tsf	283	Escherichia coli (strain K12)	1:Experimental evidence at protein level	Elongation factor Ts	1.0	0.999	20	300	300	300	2	6	10	2	14	10	9	10	24	25	33	29	23	28	38	37	2	6	10	2	14	10	9	10	24	25	33	29	23	28	38	37	2	6	10	2	14	10	9	10	24	25	33	29	23	28	38	37	22197.613	27056.69	33322.484	23335.06	29905.7	29630.441	32087.354	33457.45	145968.12	133981.58	156318.73	160185.44	138807.31	153323.8	157221.17	153268.95	4036.5107	4198.4136	4208.678	4296.407	4706.948	4306.532	4608.016	4454.468	11638.796	11123.422	12040.6875	11418.651	10798.334	11209.768	11561.68	11243.232	
sp|P0A6P9|ENO_ECOLI	P0A6P9	ENO_ECOLI	eno	432	Escherichia coli (strain K12)	1:Experimental evidence at protein level	Enolase	1.0	0.999	19	598	598	598	23	25	22	22	23	22	27	28	42	51	46	63	47	53	50	54	23	25	22	22	23	22	27	28	42	51	46	63	47	53	50	54	23	25	22	22	23	22	27	28	42	51	46	63	47	53	50	54	87538.914	95893.164	97100.16	89807.18	99095.14	92927.234	84725.47	90229.57	274740.4	323886.56	293556.1	298159.84	318790.38	293271.7	290450.88	314374.78	13930.851	13922.028	14444.819	15333.68	15308.843	14977.5	13279.75	13537.208	36266.94	37000.01	36435.3	38442.793	37684.707	35893.93	37007.438	39066.867	
sp|P0A6T1|G6PI_ECOLI	P0A6T1	G6PI_ECOLI	pgi	549	Escherichia coli (strain K12)	1:Experimental evidence at protein level	Glucose-6-phosphate isomerase	0.9991	0.999	3	2	2	20	0	0	0	0	0	0	0	0	0	0	0	1	0	0	1	0	0	0	0	0	0	0	0	0	0	0	0	1	0	0	1	0	1	1	0	0	1	2	1	0	0	2	1	3	0	3	4	1	0.0	0.0	0.0	0.0	0.0	0.0	0.0	0.0	0.0	0.0	0.0	0.0	0.0	0.0	0.0	0.0	0.0	0.0	0.0	0.0	0.0	0.0	0.0	0.0	0.0	0.0	0.0	0.0	0.0	0.0	0.0	0.0	
sp|P0A6T5|GCH1_ECOLI	P0A6T5	GCH1_ECOLI	folE	222	Escherichia coli (strain K12)	1:Experimental evidence at protein level	GTP cyclohydrolase 1	0.9713	0.999	1	3	3	3	0	0	0	0	0	0	0	0	0	0	1	1	0	0	1	0	0	0	0	0	0	0	0	0	0	0	1	1	0	0	1	0	0	0	0	0	0	0	0	0	0	0	1	1	0	0	1	0	0.0	0.0	0.0	0.0	0.0	0.0	0.0	0.0	0.0	0.0	0.0	0.0	0.0	0.0	0.0	0.0	0.0	0.0	0.0	0.0	0.0	0.0	0.0	0.0	0.0	0.0	0.0	0.0	0.0	0.0	0.0	0.0	
sp|P0A6T9|GCSH_ECOLI	P0A6T9	GCSH_ECOLI	gcvH	129	Escherichia coli (strain K12)	1:Experimental evidence at protein level	Glycine cleavage system H protein	0.9668	0.9988	1	11	11	11	0	0	0	0	0	0	0	0	0	2	2	2	1	1	2	1	0	0	0	0	0	0	0	0	0	2	2	2	1	1	2	1	0	0	0	0	0	0	0	0	0	2	2	2	1	1	2	1	2023.377	2354.1392	3124.9019	3743.0518	0.0	3128.67	1433.7974	2013.8408	6480.986	10500.152	6088.003	5038.8735	6457.6104	6334.448	9652.167	6818.4526	2023.377	2354.1392	3124.9019	3743.0518	0.0	3128.67	1433.7974	2013.8408	6480.986	10500.152	6088.003	5038.8735	6457.6104	6334.448	9652.167	6818.4526	
sp|P0A6X7|IHFA_ECOLI	P0A6X7	IHFA_ECOLI	ihfA	99	Escherichia coli (strain K12)	1:Experimental evidence at protein level	Integration host factor subunit alpha	1.0	0.999	5	38	38	38	0	0	0	2	0	1	1	1	4	5	3	3	4	3	8	3	0	0	0	2	0	1	1	1	4	5	3	3	4	3	8	3	0	0	0	2	0	1	1	1	4	5	3	3	4	3	8	3	2974.376	0.0	3091.5635	3838.9768	3216.568	3094.1406	3171.7395	3497.9934	15559.601	17377.02	22748.883	24933.816	22539.361	20397.137	20826.67	20248.248	2974.376	0.0	3091.5635	3838.9768	3216.568	3094.1406	3171.7395	3497.9934	6504.7207	6006.139	6326.526	6678.56	6437.3545	6059.11	5671.3306	6682.7656	
sp|P0A6Y1|IHFB_ECOLI	P0A6Y1	IHFB_ECOLI	ihfB	94	Escherichia coli (strain K12)	1:Experimental evidence at protein level	Integration host factor subunit beta	0.9999	0.9977	2	2	2	2	0	0	0	0	0	0	0	0	0	1	0	0	0	1	0	0	0	0	0	0	0	0	0	0	0	1	0	0	0	1	0	0	0	0	0	0	0	0	0	0	0	1	0	0	0	1	0	0	0.0	0.0	0.0	0.0	0.0	0.0	0.0	0.0	0.0	4538.849	3651.9023	6167.0674	2883.4956	3609.6592	3350.6992	4554.7124	0.0	0.0	0.0	0.0	0.0	0.0	0.0	0.0	0.0	2704.5325	3497.6387	3703.432	4635.797	3457.18	3209.159	2733.8252	
sp|P0A6Y8|DNAK_ECOLI	P0A6Y8	DNAK_ECOLI	dnaK	638	Escherichia coli (strain K12)	1:Experimental evidence at protein level	Chaperone protein DnaK	1.0	0.999	26	373	373	395	11	10	8	9	11	11	12	12	20	39	38	41	36	40	38	37	11	10	8	9	11	11	12	12	20	39	38	41	36	40	38	37	13	12	10	10	12	12	13	13	21	40	39	43	37	42	40	38	12972.753	16470.8	19613.26	24120.395	22457.225	43690.613	24272.037	24243.484	85802.125	115586.445	114404.38	102548.1	128111.12	115811.4	121051.76	114092.74	10637.516	9729.533	9568.569	11022.783	10975.699	6608.9434	10669.994	10553.68	21191.3	23725.512	25317.191	22090.256	22915.957	23368.521	24993.348	23129.104	
sp|P0A705|IF2_ECOLI	P0A705	IF2_ECOLI	infB	890	Escherichia coli (strain K12)	1:Experimental evidence at protein level	Translation initiation factor IF-2	1.0	0.999	3	14	14	14	0	0	0	0	0	0	0	0	2	3	2	2	3	2	0	0	0	0	0	0	0	0	0	0	2	3	2	2	3	2	0	0	0	0	0	0	0	0	0	0	2	3	2	2	3	2	0	0	0.0	0.0	0.0	0.0	0.0	0.0	0.0	0.0	0.0	0.0	0.0	0.0	0.0	0.0	0.0	0.0	0.0	0.0	0.0	0.0	0.0	0.0	0.0	0.0	0.0	0.0	0.0	0.0	0.0	0.0	0.0	0.0	
sp|P0A707|IF3_ECOLI	P0A707	IF3_ECOLI	infC	180	Escherichia coli (strain K12)	1:Experimental evidence at protein level	Translation initiation factor IF-3	1.0	0.999	4	19	19	19	0	0	0	0	0	0	0	0	2	2	1	3	3	2	3	3	0	0	0	0	0	0	0	0	2	2	1	3	3	2	3	3	0	0	0	0	0	0	0	0	2	2	1	3	3	2	3	3	0.0	0.0	0.0	0.0	0.0	0.0	0.0	0.0	3776.402	5184.116	0.0	6995.335	8727.421	6550.1846	5127.0806	9753.158	0.0	0.0	0.0	0.0	0.0	0.0	0.0	0.0	3776.402	3803.212	0.0	2239.578	6411.6553	4685.876	5127.0806	4114.9375	
sp|P0A715|KDSA_ECOLI	P0A715	KDSA_ECOLI	kdsA	284	Escherichia coli (strain K12)	1:Experimental evidence at protein level	2-dehydro-3-deoxyphosphooctonate aldolase	1.0	0.999	4	18	18	18	0	0	0	0	1	1	0	0	1	2	2	1	3	3	2	2	0	0	0	0	1	1	0	0	1	2	2	1	3	3	2	2	0	0	0	0	1	1	0	0	1	2	2	1	3	3	2	2	0.0	0.0	0.0	0.0	0.0	0.0	0.0	0.0	1867.13	0.0	9463.1	0.0	3855.9075	1959.5033	1993.339	7935.959	0.0	0.0	0.0	0.0	0.0	0.0	0.0	0.0	2747.5405	0.0	4203.5317	0.0	2620.4207	2883.471	2933.2612	3848.1282	
sp|P0A717|KPRS_ECOLI	P0A717	KPRS_ECOLI	prs	315	Escherichia coli (strain K12)	1:Experimental evidence at protein level	Ribose-phosphate pyrophosphokinase	1.0	0.999	2	27	27	27	0	1	2	1	3	2	1	1	2	2	2	3	2	1	2	2	0	1	2	1	3	2	1	1	2	2	2	3	2	1	2	2	0	1	2	1	3	2	1	1	2	2	2	3	2	1	2	2	0.0	0.0	0.0	0.0	0.0	0.0	0.0	0.0	3753.2625	4682.156	3578.6038	4640.822	4038.6145	2985.4922	3732.716	4169.579	0.0	0.0	0.0	0.0	0.0	0.0	0.0	0.0	3753.2625	4682.156	3578.6038	4640.822	4038.6145	2985.4922	3732.716	4169.579	
sp|P0A734|MINE_ECOLI	P0A734	MINE_ECOLI	minE	88	Escherichia coli (strain K12)	1:Experimental evidence at protein level	Cell division topological specificity factor	1.0	0.999	3	8	8	8	0	0	0	0	0	0	0	0	1	0	0	2	0	1	3	1	0	0	0	0	0	0	0	0	1	0	0	2	0	1	3	1	0	0	0	0	0	0	0	0	1	0	0	2	0	1	3	1	0.0	0.0	0.0	0.0	0.0	0.0	0.0	0.0	0.0	0.0	0.0	0.0	0.0	0.0	0.0	0.0	0.0	0.0	0.0	0.0	0.0	0.0	0.0	0.0	0.0	0.0	0.0	0.0	0.0	0.0	0.0	0.0	
sp|P0A796|PFKA_ECOLI	P0A796	PFKA_ECOLI	pfkA	320	Escherichia coli (strain K12)	1:Experimental evidence at protein level	ATP-dependent 6-phosphofructokinase isozyme 1	0.9623	0.9987	1	2	2	2	0	0	0	0	0	0	0	0	0	0	0	0	0	1	0	1	0	0	0	0	0	0	0	0	0	0	0	0	0	1	0	1	0	0	0	0	0	0	0	0	0	0	0	0	0	1	0	1	0.0	0.0	0.0	0.0	0.0	0.0	0.0	0.0	0.0	0.0	0.0	0.0	0.0	0.0	0.0	0.0	0.0	0.0	0.0	0.0	0.0	0.0	0.0	0.0	0.0	0.0	0.0	0.0	0.0	0.0	0.0	0.0	
sp|P0A799|PGK_ECOLI	P0A799	PGK_ECOLI	pgk	387	Escherichia coli (strain K12)	1:Experimental evidence at protein level	Phosphoglycerate kinase	1.0	0.999	21	514	514	514	17	20	20	14	18	16	13	17	42	59	51	51	42	42	49	43	17	20	20	14	18	16	13	17	42	59	51	51	42	42	49	43	17	20	20	14	18	16	13	17	42	59	51	51	42	42	49	43	61123.33	59875.49	70623.39	75120.27	55340.1	60709.95	74319.914	65997.2	179628.86	236912.8	218892.25	210512.5	232576.69	209711.47	209974.14	214316.0	9824.883	10157.707	10229.293	11689.051	12176.121	10873.436	10806.249	11269.907	24162.53	27375.54	26218.865	26296.477	27646.092	25565.648	25335.314	26921.582	
sp|P0A7A9|IPYR_ECOLI	P0A7A9	IPYR_ECOLI	ppa	176	Escherichia coli (strain K12)	1:Experimental evidence at protein level	Inorganic pyrophosphatase	1.0	0.999	7	68	68	68	0	0	1	0	3	1	1	0	6	8	8	9	11	8	5	7	0	0	1	0	3	1	1	0	6	8	8	9	11	8	5	7	0	0	1	0	3	1	1	0	6	8	8	9	11	8	5	7	0.0	0.0	0.0	0.0	1707.8761	0.0	0.0	2877.1646	26060.305	25689.102	20771.809	26535.502	28551.662	22360.848	26096.703	26330.012	0.0	0.0	0.0	0.0	1739.7748	0.0	0.0	4118.7295	5618.841	5287.6206	5683.8027	5387.3413	5311.5527	4730.4004	4859.2495	5101.588	
sp|P0A7D4|PURA_ECOLI	P0A7D4	PURA_ECOLI	purA	432	Escherichia coli (strain K12)	1:Experimental evidence at protein level	Adenylosuccinate synthetase	1.0	0.999	2	15	15	15	0	0	0	0	0	0	0	0	2	2	2	1	1	1	1	5	0	0	0	0	0	0	0	0	2	2	2	1	1	1	1	5	0	0	0	0	0	0	0	0	2	2	2	1	1	1	1	5	0.0	0.0	0.0	0.0	0.0	0.0	0.0	0.0	3788.8645	6532.618	4619.0894	4637.3477	4816.6553	5173.6265	4027.0757	0.0	0.0	0.0	0.0	0.0	0.0	0.0	0.0	0.0	3788.8645	6532.618	4619.0894	4637.3477	4816.6553	5173.6265	4027.0757	0.0	
sp|P0A7E5|PYRG_ECOLI	P0A7E5	PYRG_ECOLI	pyrG	545	Escherichia coli (strain K12)	1:Experimental evidence at protein level	CTP synthase	0.9333	0.9976	1	2	2	2	0	0	0	0	0	0	0	0	0	0	1	0	0	1	0	0	0	0	0	0	0	0	0	0	0	0	1	0	0	1	0	0	0	0	0	0	0	0	0	0	0	0	1	0	0	1	0	0	0.0	0.0	0.0	0.0	0.0	0.0	0.0	0.0	0.0	0.0	0.0	0.0	0.0	0.0	0.0	0.0	0.0	0.0	0.0	0.0	0.0	0.0	0.0	0.0	0.0	0.0	0.0	0.0	0.0	0.0	0.0	0.0	
sp|P0A7E9|PYRH_ECOLI	P0A7E9	PYRH_ECOLI	pyrH	241	Escherichia coli (strain K12)	1:Experimental evidence at protein level	Uridylate kinase	0.9713	0.999	1	7	7	7	0	0	0	0	0	0	0	0	1	0	1	2	1	1	1	0	0	0	0	0	0	0	0	0	1	0	1	2	1	1	1	0	0	0	0	0	0	0	0	0	1	0	1	2	1	1	1	0	0.0	0.0	0.0	0.0	0.0	0.0	0.0	0.0	0.0	0.0	0.0	0.0	663.0693	1489.6484	0.0	0.0	0.0	0.0	0.0	0.0	0.0	0.0	0.0	0.0	0.0	0.0	0.0	0.0	663.0693	1489.6484	0.0	0.0	
sp|P0A7G6|RECA_ECOLI	P0A7G6	RECA_ECOLI	recA	353	Escherichia coli (strain K12)	1:Experimental evidence at protein level	Protein RecA	0.9624	0.9987	1	1	1	1	0	0	0	0	0	0	0	0	0	0	0	0	0	0	0	1	0	0	0	0	0	0	0	0	0	0	0	0	0	0	0	1	0	0	0	0	0	0	0	0	0	0	0	0	0	0	0	1	0.0	0.0	0.0	0.0	0.0	0.0	0.0	0.0	0.0	0.0	0.0	0.0	0.0	0.0	0.0	0.0	0.0	0.0	0.0	0.0	0.0	0.0	0.0	0.0	0.0	0.0	0.0	0.0	0.0	0.0	0.0	0.0	
sp|P0A7J3|RL10_ECOLI	P0A7J3	RL10_ECOLI	rplJ	165	Escherichia coli (strain K12)	1:Experimental evidence at protein level	Large ribosomal subunit protein uL10	1.0	0.999	3	7	7	7	0	0	0	0	0	0	0	0	0	1	0	1	1	1	1	2	0	0	0	0	0	0	0	0	0	1	0	1	1	1	1	2	0	0	0	0	0	0	0	0	0	1	0	1	1	1	1	2	0.0	0.0	0.0	0.0	0.0	0.0	0.0	0.0	4182.4907	2157.641	0.0	0.0	3105.8884	4289.0825	3562.2625	0.0	0.0	0.0	0.0	0.0	0.0	0.0	0.0	0.0	4182.4907	2157.641	0.0	0.0	3105.8884	4289.0825	3562.2625	0.0	
sp|P0A7J7|RL11_ECOLI	P0A7J7	RL11_ECOLI	rplK	142	Escherichia coli (strain K12)	1:Experimental evidence at protein level	Large ribosomal subunit protein uL11	1.0	0.999	6	87	87	87	2	1	3	3	3	3	3	4	7	9	7	8	8	8	9	9	2	1	3	3	3	3	3	4	7	9	7	8	8	8	9	9	2	1	3	3	3	3	3	4	7	9	7	8	8	8	9	9	19547.94	6492.925	18402.09	6558.769	18636.482	13618.66	20574.826	19492.166	61760.9	62182.36	63776.074	60023.207	60941.51	58704.21	56840.18	61856.63	9350.524	10135.354	8295.733	9158.847	8771.265	7716.002	10862.1875	10749.58	27272.502	25778.93	25502.162	27277.125	23516.148	24830.746	26997.238	24591.682	
sp|P0A7K2|RL7_ECOLI	P0A7K2	RL7_ECOLI	rplL	121	Escherichia coli (strain K12)	1:Experimental evidence at protein level	Large ribosomal subunit protein bL12	1.0	0.999	4	85	85	85	3	3	3	3	4	1	1	3	7	8	9	9	7	8	9	7	3	3	3	3	4	1	1	3	7	8	9	9	7	8	9	7	3	3	3	3	4	1	1	3	7	8	9	9	7	8	9	7	8346.812	5609.6143	8225.946	13334.2705	11245.29	9986.218	10731.791	12557.273	39006.34	36020.316	23723.467	37088.22	37201.21	38289.273	28562.21	41301.832	5233.2563	3865.0703	5307.7188	4572.497	4706.8257	4491.0903	4436.9395	5318.788	13331.652	12662.04	12301.678	12861.731	13046.991	12762.132	12779.665	13200.664	
sp|P0A7K6|RL19_ECOLI	P0A7K6	RL19_ECOLI	rplS	115	Escherichia coli (strain K12)	1:Experimental evidence at protein level	Large ribosomal subunit protein bL19	1.0	0.999	5	50	50	50	0	0	1	0	2	0	1	1	6	6	4	6	4	7	5	7	0	0	1	0	2	0	1	1	6	6	4	6	4	7	5	7	0	0	1	0	2	0	1	1	6	6	4	6	4	7	5	7	0.0	0.0	0.0	0.0	0.0	2632.794	0.0	0.0	18062.938	23070.467	22250.055	22748.777	23063.436	29012.684	20585.512	27758.684	0.0	0.0	0.0	0.0	0.0	3615.7437	0.0	0.0	7343.1733	8221.839	6971.7646	7433.2876	7429.2715	7764.6553	7089.413	6925.144	
sp|P0A7L0|RL1_ECOLI	P0A7L0	RL1_ECOLI	rplA	234	Escherichia coli (strain K12)	1:Experimental evidence at protein level	Large ribosomal subunit protein uL1	1.0	0.999	15	166	166	166	2	2	2	0	2	1	1	3	16	21	21	20	9	23	22	21	2	2	2	0	2	1	1	3	16	21	21	20	9	23	22	21	2	2	2	0	2	1	1	3	16	21	21	20	9	23	22	21	18709.023	19202.514	16853.559	13615.517	9584.37	16444.906	13498.443	14534.07	71280.1	88560.89	80971.57	86834.86	95829.2	85641.66	77859.87	85703.99	4805.4116	4616.7427	4468.545	4204.7173	3994.4539	4035.0068	4337.438	4508.493	14209.52	13479.997	14065.603	14022.194	13942.105	12784.232	14426.681	13999.0625	
sp|P0A7L3|RL20_ECOLI	P0A7L3	RL20_ECOLI	rplT	118	Escherichia coli (strain K12)	1:Experimental evidence at protein level	Large ribosomal subunit protein bL20	1.0	0.999	4	40	40	40	0	1	1	0	2	0	0	1	4	4	4	4	4	6	4	5	0	1	1	0	2	0	0	1	4	4	4	4	4	6	4	5	0	1	1	0	2	0	0	1	4	4	4	4	4	6	4	5	2692.1614	2002.9794	2783.9783	2580.0823	6551.2207	2591.3643	0.0	1943.176	15324.367	20622.5	16692.828	20223.59	22140.6	14807.727	22204.07	22508.375	2842.967	2124.6914	2939.9272	2724.6096	3426.2915	2748.8298	0.0	2052.0261	7992.9775	6753.5225	6347.9824	6442.0557	7343.476	7098.4434	7370.54	7313.4917	
sp|P0A7L8|RL27_ECOLI	P0A7L8	RL27_ECOLI	rpmA	85	Escherichia coli (strain K12)	1:Experimental evidence at protein level	Large ribosomal subunit protein bL27	1.0	0.999	3	19	19	19	0	0	0	0	1	0	0	0	1	4	2	3	1	3	2	2	0	0	0	0	1	0	0	0	1	4	2	3	1	3	2	2	0	0	0	0	1	0	0	0	1	4	2	3	1	3	2	2	0.0	0.0	0.0	0.0	2554.4756	0.0	0.0	0.0	9825.634	12957.814	10402.8125	10131.629	10507.228	9731.576	9666.718	9658.531	0.0	0.0	0.0	0.0	2563.3975	0.0	0.0	0.0	5839.315	7684.642	6194.1255	6009.7783	6271.533	5763.89	5642.369	5741.7847	
sp|P0A7M2|RL28_ECOLI	P0A7M2	RL28_ECOLI	rpmB	78	Escherichia coli (strain K12)	1:Experimental evidence at protein level	Large ribosomal subunit protein bL28	0.9696	0.9989	1	4	4	4	0	0	0	0	0	0	0	0	0	0	1	1	0	0	1	1	0	0	0	0	0	0	0	0	0	0	1	1	0	0	1	1	0	0	0	0	0	0	0	0	0	0	1	1	0	0	1	1	0.0	0.0	0.0	0.0	0.0	0.0	0.0	0.0	0.0	2924.2385	4721.84	4086.1694	3899.3352	4416.4956	3747.9304	3873.2666	0.0	0.0	0.0	0.0	0.0	0.0	0.0	0.0	0.0	2924.2385	4721.84	4086.1694	3899.3352	4416.4956	3747.9304	3873.2666	
sp|P0A7M6|RL29_ECOLI	P0A7M6	RL29_ECOLI	rpmC	63	Escherichia coli (strain K12)	1:Experimental evidence at protein level	Large ribosomal subunit protein uL29	1.0	0.999	2	52	52	52	2	2	1	1	2	1	2	1	5	7	4	8	4	4	4	4	2	2	1	1	2	1	2	1	5	7	4	8	4	4	4	4	2	2	1	1	2	1	2	1	5	7	4	8	4	4	4	4	17509.148	19875.367	18362.809	22063.328	20215.35	20293.639	17552.457	21575.588	42290.117	53446.953	53075.91	56684.617	46478.625	50360.36	51510.617	59753.375	17509.148	19875.367	18362.809	22063.328	20215.35	20293.639	17552.457	21575.588	36913.473	41529.26	41584.973	45263.1	36411.95	39215.254	40544.7	47072.465	
sp|P0A7M9|RL31_ECOLI	P0A7M9	RL31_ECOLI	rpmE	70	Escherichia coli (strain K12)	1:Experimental evidence at protein level	Large ribosomal subunit protein bL31	1.0	0.999	4	23	23	23	0	0	0	0	0	0	0	0	4	2	4	2	0	4	3	4	0	0	0	0	0	0	0	0	4	2	4	2	0	4	3	4	0	0	0	0	0	0	0	0	4	2	4	2	0	4	3	4	0.0	0.0	2783.6985	1198.3685	0.0	2943.5193	0.0	2770.7002	17967.906	16642.295	19779.736	18287.707	17607.68	15456.104	21912.102	18698.912	0.0	0.0	2805.9658	1207.9545	0.0	2967.065	0.0	2792.8635	6565.7896	6866.893	7625.53	7199.7256	6431.5093	6167.158	8829.528	6981.943	
sp|P0A7N4|RL32_ECOLI	P0A7N4	RL32_ECOLI	rpmF	57	Escherichia coli (strain K12)	1:Experimental evidence at protein level	Large ribosomal subunit protein bL32	1.0	0.999	1	15	15	15	0	0	0	0	0	0	0	0	1	2	2	3	1	2	2	2	0	0	0	0	0	0	0	0	1	2	2	3	1	2	2	2	0	0	0	0	0	0	0	0	1	2	2	3	1	2	2	2	0.0	0.0	0.0	0.0	0.0	0.0	0.0	0.0	9055.339	11050.836	8396.015	4460.733	5781.8945	9260.433	5600.6353	9690.914	0.0	0.0	0.0	0.0	0.0	0.0	0.0	0.0	4918.879	5638.309	4630.07	4573.7607	5928.398	5146.703	5742.546	5318.9663	
sp|P0A7N9|RL33_ECOLI	P0A7N9	RL33_ECOLI	rpmG	55	Escherichia coli (strain K12)	1:Experimental evidence at protein level	Large ribosomal subunit protein bL33	1.0	0.999	2	18	18	18	0	0	0	0	1	0	1	0	2	3	2	2	1	2	2	2	0	0	0	0	1	0	1	0	2	3	2	2	1	2	2	2	0	0	0	0	1	0	1	0	2	3	2	2	1	2	2	2	1911.5061	0.0	3197.5725	3812.1418	3236.6328	2922.554	3020.7454	2733.008	17441.61	18093.12	16137.213	17330.164	14140.738	6953.703	15352.083	15970.729	1819.3341	0.0	3409.343	4064.6145	3450.9902	3116.1104	3220.805	2914.0112	8788.679	8866.969	8341.136	8796.136	7329.4556	7414.237	7531.6562	7811.9385	
sp|P0A7P5|RL34_ECOLI	P0A7P5	RL34_ECOLI	rpmH	46	Escherichia coli (strain K12)	1:Experimental evidence at protein level	Large ribosomal subunit protein bL34	1.0	0.999	2	17	17	17	0	0	0	0	0	0	0	0	3	2	2	2	0	3	3	2	0	0	0	0	0	0	0	0	3	2	2	2	0	3	3	2	0	0	0	0	0	0	0	0	3	2	2	2	0	3	3	2	0.0	0.0	0.0	0.0	0.0	0.0	0.0	0.0	9124.813	8976.6	9828.615	9752.67	7407.582	8562.92	8074.777	8656.089	0.0	0.0	0.0	0.0	0.0	0.0	0.0	0.0	5188.897	5062.908	5776.007	5609.4336	4337.6865	4956.6377	4731.244	4986.5728	
sp|P0A7Q1|RL35_ECOLI	P0A7Q1	RL35_ECOLI	rpmI	65	Escherichia coli (strain K12)	1:Experimental evidence at protein level	Large ribosomal subunit protein bL35	0.9713	0.999	1	22	22	22	2	2	1	1	1	1	1	1	2	1	1	1	2	1	1	3	2	2	1	1	1	1	1	1	2	1	1	1	2	1	1	3	2	2	1	1	1	1	1	1	2	1	1	1	2	1	1	3	7758.696	5609.2974	5677.882	5920.1533	6481.541	6645.567	6381.0923	5634.7744	9928.092	0.0	11054.617	12853.303	12713.158	9748.429	11466.098	9760.664	7758.696	5609.2974	5677.882	5920.1533	6481.541	6645.567	6381.0923	5634.7744	9928.092	0.0	11054.617	12853.303	12713.158	9748.429	11466.098	9760.664	
sp|P0A7R1|RL9_ECOLI	P0A7R1	RL9_ECOLI	rplI	149	Escherichia coli (strain K12)	1:Experimental evidence at protein level	Large ribosomal subunit protein bL9	1.0	0.999	10	137	137	137	2	3	1	1	1	2	4	3	15	15	17	13	12	14	16	18	2	3	1	1	1	2	4	3	15	15	17	13	12	14	16	18	2	3	1	1	1	2	4	3	15	15	17	13	12	14	16	18	25015.79	21788.266	20413.316	24016.803	25792.08	23430.14	24911.266	26679.555	93572.67	97948.91	91882.805	94487.164	72275.57	98706.29	91742.39	96913.484	6443.845	5892.56	5886.927	5873.9995	5546.336	5490.02	5931.7373	5584.689	14554.466	15609.134	15821.267	15655.621	14874.54	15703.567	15823.341	15083.418	
sp|P0A7R5|RS10_ECOLI	P0A7R5	RS10_ECOLI	rpsJ	103	Escherichia coli (strain K12)	1:Experimental evidence at protein level	Small ribosomal subunit protein uS10	1.0	0.999	6	54	54	54	0	0	0	0	0	1	0	0	10	11	3	7	5	3	6	8	0	0	0	0	0	1	0	0	10	11	3	7	5	3	6	8	0	0	0	0	0	1	0	0	10	11	3	7	5	3	6	8	2872.8948	3812.8013	3085.411	2550.2231	5887.748	0.0	2918.3696	1377.9744	40301.94	27701.408	33384.277	39025.402	26198.496	38570.035	38118.67	38380.473	2869.0415	3807.6873	3081.2725	2546.8027	3405.9126	0.0	2914.4553	1376.1261	10323.722	8967.312	9664.802	9867.955	8964.202	9846.447	9910.839	9445.347	
sp|P0A7R9|RS11_ECOLI	P0A7R9	RS11_ECOLI	rpsK	129	Escherichia coli (strain K12)	1:Experimental evidence at protein level	Small ribosomal subunit protein uS11	1.0	0.999	4	49	49	49	0	0	1	0	0	0	0	1	6	7	4	6	3	5	9	7	0	0	1	0	0	0	0	1	6	7	4	6	3	5	9	7	0	0	1	0	0	0	0	1	6	7	4	6	3	5	9	7	8452.523	3435.5251	5359.2285	2438.738	2763.8071	3406.1082	6177.46	3898.1167	35793.625	39718.71	39404.598	41259.863	33270.188	31796.734	24204.283	35225.65	2878.7063	3545.0168	2950.7502	2516.4617	2851.8909	3514.6624	3195.8315	4022.3513	12368.894	11126.846	11547.926	12373.852	10735.571	11116.751	11191.881	10623.265	
sp|P0A7S3|RS12_ECOLI	P0A7S3	RS12_ECOLI	rpsL	124	Escherichia coli (strain K12)	1:Experimental evidence at protein level	Small ribosomal subunit protein uS12	1.0	0.999	4	50	50	50	3	2	3	1	2	1	4	2	3	4	5	4	2	6	4	4	3	2	3	1	2	1	4	2	3	4	5	4	2	6	4	4	3	2	3	1	2	1	4	2	3	4	5	4	2	6	4	4	14982.13	13420.052	12078.75	9218.8545	10899.286	7848.6494	9682.744	8492.891	37365.176	37633.133	39083.008	35037.395	35037.11	42237.97	38117.484	40749.133	6961.2163	6273.1	7184.3916	5708.2407	5678.601	4854.71	6076.2964	5313.1367	17947.213	17779.85	18003.438	17916.203	16128.472	20014.414	17795.504	19434.28	
sp|P0A7S9|RS13_ECOLI	P0A7S9	RS13_ECOLI	rpsM	118	Escherichia coli (strain K12)	1:Experimental evidence at protein level	Small ribosomal subunit protein uS13	1.0	0.999	7	57	57	57	0	0	0	0	0	0	0	0	8	7	7	7	5	6	9	8	0	0	0	0	0	0	0	0	8	7	7	7	5	6	9	8	0	0	0	0	0	0	0	0	8	7	7	7	5	6	9	8	7406.2803	6602.04	6908.121	12688.228	9185.637	8194.328	5896.9746	5474.0312	50620.64	46553.223	45194.39	48158.688	44893.754	44291.676	44664.992	41182.402	4137.9453	2986.239	4221.8076	3972.6606	3664.836	3310.63	3276.485	3163.9915	11343.145	10233.107	9784.037	11057.826	10085.046	9881.328	10254.354	9315.128	
sp|P0A7T3|RS16_ECOLI	P0A7T3	RS16_ECOLI	rpsP	82	Escherichia coli (strain K12)	1:Experimental evidence at protein level	Small ribosomal subunit protein bS16	1.0	0.999	4	33	33	33	0	0	0	0	0	0	0	0	4	5	4	7	2	4	3	4	0	0	0	0	0	0	0	0	4	5	4	7	2	4	3	4	0	0	0	0	0	0	0	0	4	5	4	7	2	4	3	4	3743.253	3130.5852	3666.579	3217.8835	3427.632	2976.4502	4145.489	2338.661	31437.984	31326.89	31479.875	32271.398	28325.502	32054.414	25208.842	31659.047	3743.253	3130.5852	3666.579	3217.8835	3427.632	2976.4502	4145.489	2338.661	9804.369	8560.605	8996.87	9113.713	9082.28	9262.897	9616.338	9149.435	
sp|P0A7T7|RS18_ECOLI	P0A7T7	RS18_ECOLI	rpsR	75	Escherichia coli (strain K12)	1:Experimental evidence at protein level	Small ribosomal subunit protein bS18	1.0	0.999	5	43	43	43	0	0	0	0	1	1	0	0	4	7	4	6	2	6	5	7	0	0	0	0	1	1	0	0	4	7	4	6	2	6	5	7	0	0	0	0	1	1	0	0	4	7	4	6	2	6	5	7	0.0	0.0	2640.956	0.0	0.0	2024.0062	0.0	0.0	20623.857	23774.656	23616.045	22918.525	21322.805	25263.71	25454.922	24468.89	0.0	0.0	2924.5225	0.0	0.0	2757.8955	0.0	0.0	6404.4844	7432.887	7232.729	6995.0186	6586.233	7580.8647	7756.5825	7515.6587	
sp|P0A7U3|RS19_ECOLI	P0A7U3	RS19_ECOLI	rpsS	92	Escherichia coli (strain K12)	1:Experimental evidence at protein level	Small ribosomal subunit protein uS19	1.0	0.999	6	79	68	79	1	1	2	2	3	2	2	2	6	10	10	8	4	8	7	11	1	1	2	2	3	2	2	2	4	8	9	7	3	7	6	9	1	1	2	2	3	2	2	2	6	10	10	8	4	8	7	11	0.0	5815.051	901.99866	6238.2646	5012.208	6453.071	7671.509	5331.694	30943.445	27919.441	31384.035	30200.781	28462.354	31789.78	32834.71	31623.967	0.0	3300.4006	1103.4688	3480.6016	5306.7974	3658.2668	4101.987	5645.061	8548.854	7725.6396	8191.2437	6985.568	7930.4893	7976.577	8334.745	8492.092	
sp|P0A7U7|RS20_ECOLI	P0A7U7	RS20_ECOLI	rpsT	87	Escherichia coli (strain K12)	1:Experimental evidence at protein level	Small ribosomal subunit protein bS20	1.0	0.999	4	49	49	49	2	3	0	0	3	1	3	1	5	4	3	5	2	6	6	5	2	3	0	0	3	1	3	1	5	4	3	5	2	6	6	5	2	3	0	0	3	1	3	1	5	4	3	5	2	6	6	5	8638.751	3674.7583	7771.561	6700.8833	7441.0674	8579.843	9336.117	10774.497	35697.02	32336.586	35864.61	27887.81	30165.309	33110.797	37363.85	31966.752	3746.3728	4401.069	4180.1396	3341.6062	4129.3374	4117.5527	4058.4456	4705.216	11576.053	10164.875	11283.905	10427.365	9745.919	10354.689	11969.419	10210.161	
sp|P0A7V0|RS2_ECOLI	P0A7V0	RS2_ECOLI	rpsB	241	Escherichia coli (strain K12)	1:Experimental evidence at protein level	Small ribosomal subunit protein uS2	1.0	0.999	11	169	169	169	3	3	1	3	3	2	1	3	20	20	18	15	14	21	22	20	3	3	1	3	3	2	1	3	20	20	18	15	14	21	22	20	3	3	1	3	3	2	1	3	20	20	18	15	14	21	22	20	13676.282	18972.934	12708.19	12525.147	18165.418	27360.525	24486.787	24975.957	90677.7	114203.9	97496.6	102969.9	93819.17	107078.75	100932.8	91008.58	7784.438	7372.1733	7278.5444	7008.9126	7573.9297	7078.5166	8093.5366	7894.0723	22383.281	22516.904	21284.6	21496.639	20095.115	20905.012	21104.432	19458.797	
sp|P0A7V3|RS3_ECOLI	P0A7V3	RS3_ECOLI	rpsC	233	Escherichia coli (strain K12)	1:Experimental evidence at protein level	Small ribosomal subunit protein uS3	1.0	0.999	8	98	98	98	1	1	2	1	1	2	4	3	14	9	11	12	6	10	11	10	1	1	2	1	1	2	4	3	14	9	11	12	6	10	11	10	1	1	2	1	1	2	4	3	14	9	11	12	6	10	11	10	11566.102	11012.332	10772.312	12459.488	12081.299	10893.873	12744.896	12548.135	59471.69	63656.883	55510.64	51221.938	62370.625	50026.555	61205.316	51537.297	3358.064	3624.6133	3084.2065	3691.1304	3535.2021	3399.1304	3727.756	3702.2766	10267.457	10435.5625	10062.482	10055.543	10865.418	9474.2705	9920.421	10419.614	
sp|P0A7V8|RS4_ECOLI	P0A7V8	RS4_ECOLI	rpsD	206	Escherichia coli (strain K12)	1:Experimental evidence at protein level	Small ribosomal subunit protein uS4	1.0	0.999	11	187	187	187	5	8	5	3	6	4	7	6	15	21	17	19	11	20	19	21	5	8	5	3	6	4	7	6	15	21	17	19	11	20	19	21	5	8	5	3	6	4	7	6	15	21	17	19	11	20	19	21	27950.834	26218.744	24470.422	24058.469	23664.611	26401.678	21577.3	25031.027	93911.77	92089.35	93111.99	91188.35	96325.9	99013.805	93252.87	103318.945	5818.093	5643.583	5721.896	5733.6396	5621.3984	5831.6133	5190.1143	5317.3237	14966.682	15062.757	15003.586	14944.198	14528.697	14972.607	15412.78	15520.885	
sp|P0A7W1|RS5_ECOLI	P0A7W1	RS5_ECOLI	rpsE	167	Escherichia coli (strain K12)	1:Experimental evidence at protein level	Small ribosomal subunit protein uS5	1.0	0.999	11	130	130	130	2	3	2	3	4	2	4	1	9	13	13	15	15	14	16	14	2	3	2	3	4	2	4	1	9	13	13	15	15	14	16	14	2	3	2	3	4	2	4	1	9	13	13	15	15	14	16	14	21914.193	20380.758	22995.361	19450.537	26252.514	13489.808	23263.432	20934.686	71433.734	78788.56	87111.45	85682.875	88407.17	77836.14	90667.305	93428.664	6341.557	6761.675	7203.21	6528.013	7230.7954	6341.4854	7238.984	6953.1914	20055.477	17810.025	18792.455	19016.436	17347.137	19773.08	18830.346	18720.574	
sp|P0A7W7|RS8_ECOLI	P0A7W7	RS8_ECOLI	rpsH	130	Escherichia coli (strain K12)	1:Experimental evidence at protein level	Small ribosomal subunit protein uS8	1.0	0.999	8	56	56	56	0	0	1	0	1	0	2	2	4	5	10	7	4	7	7	6	0	0	1	0	1	0	2	2	4	5	10	7	4	7	7	6	0	0	1	0	1	0	2	2	4	5	10	7	4	7	7	6	8785.627	0.0	6808.5684	10896.542	8842.898	8988.53	16403.848	14474.455	34114.797	42277.22	47121.07	49740.434	50063.45	47101.25	52904.133	50387.938	5645.3315	0.0	4135.107	4286.292	5356.8296	4935.153	4898.404	4474.727	11475.547	12182.327	11282.605	11174.068	10608.225	11690.251	12257.635	10904.561	
sp|P0A7X3|RS9_ECOLI	P0A7X3	RS9_ECOLI	rpsI	130	Escherichia coli (strain K12)	1:Experimental evidence at protein level	Small ribosomal subunit protein uS9	1.0	0.999	7	84	84	84	2	1	1	2	3	2	1	1	8	8	10	8	6	8	11	12	2	1	1	2	3	2	1	1	8	8	10	8	6	8	11	12	2	1	1	2	3	2	1	1	8	8	10	8	6	8	11	12	13497.123	12914.602	10798.964	8377.345	10841.878	17153.652	14000.05	14824.697	50153.645	52101.996	48132.957	51601.7	42822.363	45915.418	49474.2	45525.934	4208.346	4102.9546	4213.41	4519.2803	3978.5764	3775.123	4328.997	4717.384	10767.178	10745.599	11137.063	10543.2	8654.628	10840.717	9977.076	10670.282	
sp|P0A7Z0|RPIA_ECOLI	P0A7Z0	RPIA_ECOLI	rpiA	219	Escherichia coli (strain K12)	1:Experimental evidence at protein level	Ribose-5-phosphate isomerase A	0.9711	0.999	1	9	9	9	0	0	0	0	0	0	0	0	1	1	1	1	0	1	2	2	0	0	0	0	0	0	0	0	1	1	1	1	0	1	2	2	0	0	0	0	0	0	0	0	1	1	1	1	0	1	2	2	0.0	0.0	0.0	0.0	0.0	0.0	0.0	0.0	0.0	4116.3936	3984.382	0.0	4242.3066	4891.492	4548.1587	4752.314	0.0	0.0	0.0	0.0	0.0	0.0	0.0	0.0	0.0	4116.3936	3984.382	0.0	4242.3066	4891.492	4548.1587	4752.314	
sp|P0A7Z4|RPOA_ECOLI	P0A7Z4	RPOA_ECOLI	rpoA	329	Escherichia coli (strain K12)	1:Experimental evidence at protein level	DNA-directed RNA polymerase subunit alpha	1.0	0.999	13	127	127	127	4	2	3	0	1	2	3	3	13	13	17	15	8	13	13	17	4	2	3	0	1	2	3	3	13	13	17	15	8	13	13	17	4	2	3	0	1	2	3	3	13	13	17	15	8	13	13	17	13587.392	10326.561	7986.741	8069.0283	8177.1035	13244.264	12037.123	11558.338	48198.438	58864.18	57298.39	63633.484	54175.727	47464.48	56141.72	50656.637	5379.107	4332.261	4435.4785	4523.519	4519.035	5208.9688	4715.5176	4697.233	9111.53	8982.781	8690.31	8639.553	8497.039	7551.8315	8410.2705	8721.937	
sp|P0A800|RPOZ_ECOLI	P0A800	RPOZ_ECOLI	rpoZ	91	Escherichia coli (strain K12)	1:Experimental evidence at protein level	DNA-directed RNA polymerase subunit omega	1.0	0.999	3	18	18	18	0	0	0	0	1	0	0	0	1	3	1	2	2	3	2	3	0	0	0	0	1	0	0	0	1	3	1	2	2	3	2	3	0	0	0	0	1	0	0	0	1	3	1	2	2	3	2	3	0.0	0.0	0.0	0.0	0.0	0.0	0.0	0.0	4379.9595	5074.4307	6678.086	2456.02	7339.0977	7371.7324	7629.907	6808.8496	0.0	0.0	0.0	0.0	0.0	0.0	0.0	0.0	4135.7456	2733.964	3975.791	3886.6865	4405.411	4405.509	4562.8745	4085.4797	
sp|P0A805|RRF_ECOLI	P0A805	RRF_ECOLI	frr	185	Escherichia coli (strain K12)	1:Experimental evidence at protein level	Ribosome-recycling factor	1.0	0.999	3	54	54	54	0	0	0	2	1	0	4	3	6	4	5	3	6	9	6	5	0	0	0	2	1	0	4	3	6	4	5	3	6	9	6	5	0	0	0	2	1	0	4	3	6	4	5	3	6	9	6	5	0.0	0.0	0.0	0.0	0.0	0.0	0.0	0.0	9947.779	14890.588	5473.624	0.0	13298.453	13368.609	12273.953	10353.327	0.0	0.0	0.0	0.0	0.0	0.0	0.0	0.0	6198.596	9870.306	3700.702	0.0	8661.299	8988.18	8217.598	10353.327	
sp|P0A817|METK_ECOLI	P0A817	METK_ECOLI	metK	384	Escherichia coli (strain K12)	1:Experimental evidence at protein level	S-adenosylmethionine synthase	1.0	0.999	2	14	14	14	0	0	0	0	0	1	0	0	2	2	2	0	2	1	3	1	0	0	0	0	0	1	0	0	2	2	2	0	2	1	3	1	0	0	0	0	0	1	0	0	2	2	2	0	2	1	3	1	0.0	2702.3079	0.0	0.0	0.0	0.0	0.0	0.0	2833.1917	0.0	0.0	1951.0573	1841.5616	1821.0464	0.0	0.0	0.0	2702.3079	0.0	0.0	0.0	0.0	0.0	0.0	2833.1917	0.0	0.0	1951.0573	1841.5616	1821.0464	0.0	0.0	
sp|P0A825|GLYA_ECOLI	P0A825	GLYA_ECOLI	glyA	417	Escherichia coli (strain K12)	1:Experimental evidence at protein level	Serine hydroxymethyltransferase	1.0	0.999	9	89	89	89	3	3	1	2	2	5	1	3	5	7	10	13	8	8	8	10	3	3	1	2	2	5	1	3	5	7	10	13	8	8	8	10	3	3	1	2	2	5	1	3	5	7	10	13	8	8	8	10	0.0	8636.245	7903.671	5620.48	5703.1655	6623.2856	7116.794	5077.813	32707.283	41874.195	35782.863	21785.654	39842.93	33704.504	27793.762	33014.965	0.0	8293.827	7590.2983	5397.634	5477.041	6360.679	6834.62	4876.483	17266.666	15461.993	16159.295	16421.799	15000.372	15627.964	12902.174	14750.526	
sp|P0A836|SUCC_ECOLI	P0A836	SUCC_ECOLI	sucC	388	Escherichia coli (strain K12)	1:Experimental evidence at protein level	Succinate--CoA ligase [ADP-forming] subunit beta	1.0	0.999	12	68	68	68	0	0	2	0	2	0	1	1	2	4	11	8	8	7	16	6	0	0	2	0	2	0	1	1	2	4	11	8	8	7	16	6	0	0	2	0	2	0	1	1	2	4	11	8	8	7	16	6	662.88153	0.0	2850.8557	0.0	3023.773	0.0	0.0	3804.0317	20421.525	31319.79	28676.973	35269.176	26949.914	28343.865	24055.107	37403.582	709.81464	0.0	3052.701	0.0	3237.861	0.0	0.0	4073.3635	7481.05	8489.815	8556.904	8945.967	8685.992	8158.082	8690.268	9293.247	
sp|P0A850|TIG_ECOLI	P0A850	TIG_ECOLI	tig	432	Escherichia coli (strain K12)	1:Experimental evidence at protein level	Trigger factor	1.0	0.999	14	153	153	153	7	3	7	8	6	3	6	6	11	12	14	11	9	15	19	16	7	3	7	8	6	3	6	6	11	12	14	11	9	15	19	16	7	3	7	8	6	3	6	6	11	12	14	11	9	15	19	16	21364.791	14382.122	6123.3086	22384.475	20018.633	17344.377	23750.363	27523.846	74436.32	72107.375	74318.8	74851.34	82236.805	81844.06	82440.57	86159.39	8672.764	7492.9106	4290.23	7894.6587	7131.5605	7022.0	7902.6323	8705.597	15781.643	16277.526	16935.555	16600.506	17461.377	17213.29	17548.785	17683.018	
sp|P0A853|TNAA_ECOLI	P0A853	TNAA_ECOLI	tnaA	471	Escherichia coli (strain K12)	1:Experimental evidence at protein level	Tryptophanase	1.0	0.999	10	115	115	115	1	2	1	1	2	2	2	3	10	14	10	17	10	11	15	14	1	2	1	1	2	2	2	3	10	14	10	17	10	11	15	14	1	2	1	1	2	2	2	3	10	14	10	17	10	11	15	14	2333.9827	0.0	0.0	4602.3984	0.0	2004.7784	9072.393	5267.289	38096.887	44729.555	36748.957	45973.83	35726.71	40008.605	29180.973	39865.71	4674.872	0.0	0.0	4075.7822	0.0	3123.9436	5190.6274	4664.5947	9320.726	10394.998	10604.69	9958.491	10044.137	8751.798	8831.024	9833.847	
sp|P0A858|TPIS_ECOLI	P0A858	TPIS_ECOLI	tpiA	255	Escherichia coli (strain K12)	1:Experimental evidence at protein level	Triosephosphate isomerase	1.0	0.999	8	89	89	89	0	2	1	2	1	1	2	1	4	11	10	11	11	11	10	11	0	2	1	2	1	1	2	1	4	11	10	11	11	11	10	11	0	2	1	2	1	1	2	1	4	11	10	11	11	11	10	11	0.0	0.0	0.0	0.0	0.0	0.0	0.0	0.0	16334.183	21013.855	17765.77	21581.639	20071.404	17500.676	17448.762	15725.211	0.0	0.0	0.0	0.0	0.0	0.0	0.0	0.0	5427.2563	6175.133	6093.064	6099.301	5772.519	5947.0186	5851.1187	6459.866	
sp|P0A862|TPX_ECOLI	P0A862	TPX_ECOLI	tpx	168	Escherichia coli (strain K12)	1:Experimental evidence at protein level	Thiol peroxidase	1.0	0.999	7	91	91	91	2	2	1	0	0	1	2	2	10	11	7	8	8	15	10	12	2	2	1	0	0	1	2	2	10	11	7	8	8	15	10	12	2	2	1	0	0	1	2	2	10	11	7	8	8	15	10	12	3837.055	2757.1768	3164.1204	9154.867	3536.649	6754.958	5934.005	6598.188	31697.564	30844.447	31170.6	27848.482	32931.758	32202.508	32117.096	32283.207	3837.055	2757.1768	3164.1204	3599.1555	3536.649	3906.5562	3479.6348	3834.4019	10715.81	8840.479	9553.237	9415.875	10288.89	8897.257	9330.431	9602.087	
sp|P0A870|TALB_ECOLI	P0A870	TALB_ECOLI	talB	317	Escherichia coli (strain K12)	1:Experimental evidence at protein level	Transaldolase B	1.0	0.999	7	43	43	43	0	0	1	0	0	0	0	1	4	5	7	5	3	7	6	4	0	0	1	0	0	0	0	1	4	5	7	5	3	7	6	4	0	0	1	0	0	0	0	1	4	5	7	5	3	7	6	4	3317.6284	0.0	3902.607	2784.666	3526.2473	3507.124	3127.675	5760.7656	18807.232	17481.479	23482.414	19312.38	22804.494	24046.066	22305.334	21005.246	3534.5266	0.0	2203.6433	2966.7205	3756.7844	1814.8751	3332.1545	3074.283	5987.99	5555.6377	6455.006	6687.414	6526.407	6853.9834	6135.5806	6440.9756	
sp|P0A8A2|YEEN_ECOLI	P0A8A2	YEEN_ECOLI	yeeN	238	Escherichia coli (strain K12)	1:Experimental evidence at protein level	Probable transcriptional regulatory protein YeeN	0.9502	0.9982	1	1	1	1	0	0	0	0	0	0	0	0	0	0	0	0	0	0	0	1	0	0	0	0	0	0	0	0	0	0	0	0	0	0	0	1	0	0	0	0	0	0	0	0	0	0	0	0	0	0	0	1	0.0	0.0	0.0	0.0	0.0	0.0	0.0	0.0	0.0	0.0	0.0	0.0	0.0	0.0	0.0	1731.186	0.0	0.0	0.0	0.0	0.0	0.0	0.0	0.0	0.0	0.0	0.0	0.0	0.0	0.0	0.0	0.0	
sp|P0A8B5|YBAB_ECOLI	P0A8B5	YBAB_ECOLI	ybaB	109	Escherichia coli (strain K12)	1:Experimental evidence at protein level	Nucleoid-associated protein YbaB	1.0	0.999	5	96	96	96	2	2	2	3	6	4	5	4	3	11	13	9	6	9	10	7	2	2	2	3	6	4	5	4	3	11	13	9	6	9	10	7	2	2	2	3	6	4	5	4	3	11	13	9	6	9	10	7	2367.8013	2364.2627	1363.7905	2237.9446	2331.3062	4623.263	6250.715	6560.6475	13612.893	17915.477	22572.615	25860.598	22150.213	17988.465	16568.191	21942.236	2414.7722	2411.1633	1390.8445	2282.3394	2377.553	2584.7969	3402.103	3530.0286	5359.8784	5534.1777	6087.2007	5505.4634	6984.429	4879.9116	5582.244	5967.745	
sp|P0A8E5|YACL_ECOLI	P0A8E5	YACL_ECOLI	yacL	120	Escherichia coli (strain K12)	1:Experimental evidence at protein level	UPF0231 protein YacL	0.8496	0.994	1	1	1	1	0	0	0	0	0	0	0	0	0	0	0	1	0	0	0	0	0	0	0	0	0	0	0	0	0	0	0	1	0	0	0	0	0	0	0	0	0	0	0	0	0	0	0	1	0	0	0	0	0.0	0.0	0.0	0.0	0.0	0.0	0.0	0.0	0.0	0.0	0.0	0.0	0.0	0.0	0.0	0.0	0.0	0.0	0.0	0.0	0.0	0.0	0.0	0.0	0.0	0.0	0.0	0.0	0.0	0.0	0.0	0.0	
sp|P0A8E7|YAJQ_ECOLI	P0A8E7	YAJQ_ECOLI	yajQ	163	Escherichia coli (strain K12)	1:Experimental evidence at protein level	Nucleotide-binding protein YajQ	1.0	0.999	5	63	63	63	1	2	1	2	2	2	3	1	4	7	9	6	5	7	6	5	1	2	1	2	2	2	3	1	4	7	9	6	5	7	6	5	1	2	1	2	2	2	3	1	4	7	9	6	5	7	6	5	8283.242	7899.122	6044.5015	9273.803	9182.769	7837.0205	8281.482	4752.9287	18378.135	23102.535	29128.64	22836.568	27900.828	24160.744	23129.68	26437.254	4883.037	4445.277	3277.421	5549.774	5096.4937	4568.0596	4851.199	4926.246	9223.568	10337.158	10670.659	8795.418	12594.615	8909.287	9088.36	9842.686	
sp|P0A8F0|UPP_ECOLI	P0A8F0	UPP_ECOLI	upp	208	Escherichia coli (strain K12)	1:Experimental evidence at protein level	Uracil phosphoribosyltransferase	1.0	0.999	2	7	7	7	0	0	0	0	0	0	0	0	0	2	0	0	2	2	0	1	0	0	0	0	0	0	0	0	0	2	0	0	2	2	0	1	0	0	0	0	0	0	0	0	0	2	0	0	2	2	0	1	0.0	0.0	0.0	0.0	0.0	0.0	0.0	0.0	0.0	3781.1182	0.0	0.0	4708.2437	0.0	2401.9443	2694.067	0.0	0.0	0.0	0.0	0.0	0.0	0.0	0.0	0.0	3781.1182	0.0	0.0	4708.2437	0.0	2401.9443	2694.067	
sp|P0A8G6|NQOR_ECOLI	P0A8G6	NQOR_ECOLI	wrbA	198	Escherichia coli (strain K12)	1:Experimental evidence at protein level	NAD(P)H dehydrogenase (quinone)	1.0	0.9987	3	5	5	5	0	0	0	0	0	0	0	0	1	2	0	1	0	0	0	1	0	0	0	0	0	0	0	0	1	2	0	1	0	0	0	1	0	0	0	0	0	0	0	0	1	2	0	1	0	0	0	1	0.0	0.0	0.0	0.0	0.0	0.0	0.0	0.0	3274.345	2390.8853	2853.502	2805.384	1887.3193	2756.0598	0.0	2373.263	0.0	0.0	0.0	0.0	0.0	0.0	0.0	0.0	3274.345	2390.8853	2853.502	2805.384	1887.3193	2756.0598	0.0	2373.263	
sp|P0A8J4|YBED_ECOLI	P0A8J4	YBED_ECOLI	ybeD	87	Escherichia coli (strain K12)	1:Experimental evidence at protein level	UPF0250 protein YbeD	1.0	0.9989	3	8	8	8	0	0	0	0	0	0	0	0	1	2	0	4	0	0	0	1	0	0	0	0	0	0	0	0	1	2	0	4	0	0	0	1	0	0	0	0	0	0	0	0	1	2	0	4	0	0	0	1	0.0	0.0	0.0	0.0	0.0	0.0	0.0	0.0	0.0	0.0	0.0	0.0	0.0	0.0	0.0	0.0	0.0	0.0	0.0	0.0	0.0	0.0	0.0	0.0	0.0	0.0	0.0	0.0	0.0	0.0	0.0	0.0	
sp|P0A8K5|YAEP_ECOLI	P0A8K5	YAEP_ECOLI	yaeP	66	Escherichia coli (strain K12)	3:Protein inferred from homology	UPF0253 protein YaeP	1.0	0.999	2	28	28	28	1	0	1	0	1	1	0	1	1	2	4	3	3	4	4	2	1	0	1	0	1	1	0	1	1	2	4	3	3	4	4	2	1	0	1	0	1	1	0	1	1	2	4	3	3	4	4	2	2415.0454	2686.9824	0.0	0.0	1172.8679	3494.652	2244.2827	2983.2732	9059.49	10466.2705	5246.4736	8207.693	10111.393	8879.429	6051.634	6882.6084	2423.1418	2695.9907	0.0	0.0	1176.8	3506.3682	2251.8066	2993.2747	5433.653	5620.6763	5264.0625	4713.2656	5339.5903	4656.557	6071.922	4152.2837	
sp|P0A8M0|SYN_ECOLI	P0A8M0	SYN_ECOLI	asnS	466	Escherichia coli (strain K12)	1:Experimental evidence at protein level	Asparagine--tRNA ligase	0.9581	0.9985	1	1	1	1	0	0	0	0	0	0	0	0	0	0	0	0	0	0	1	0	0	0	0	0	0	0	0	0	0	0	0	0	0	0	1	0	0	0	0	0	0	0	0	0	0	0	0	0	0	0	1	0	0.0	0.0	0.0	0.0	0.0	0.0	0.0	0.0	0.0	0.0	0.0	0.0	0.0	0.0	0.0	0.0	0.0	0.0	0.0	0.0	0.0	0.0	0.0	0.0	0.0	0.0	0.0	0.0	0.0	0.0	0.0	0.0	
sp|P0A8M6|TMAR_ECOLI	P0A8M6	TMAR_ECOLI	tmaR	109	Escherichia coli (strain K12)	1:Experimental evidence at protein level	Pole-localizer protein TmaR	1.0	0.9989	2	13	13	13	0	0	0	0	0	0	0	0	1	3	2	1	1	2	2	1	0	0	0	0	0	0	0	0	1	3	2	1	1	2	2	1	0	0	0	0	0	0	0	0	1	3	2	1	1	2	2	1	0.0	0.0	0.0	0.0	0.0	0.0	0.0	0.0	5583.1035	5656.3584	4699.423	5001.2383	4634.486	5230.7417	5492.7056	4811.417	0.0	0.0	0.0	0.0	0.0	0.0	0.0	0.0	5583.1035	5656.3584	4699.423	5001.2383	4634.486	5230.7417	5492.7056	4811.417	
sp|P0A8N5|SYK2_ECOLI	P0A8N5	SYK2_ECOLI	lysU	505	Escherichia coli (strain K12)	1:Experimental evidence at protein level	Lysine--tRNA ligase, heat inducible	0.9713	0.999	1	3	3	3	0	0	0	0	0	0	0	0	0	0	0	0	0	1	1	1	0	0	0	0	0	0	0	0	0	0	0	0	0	1	1	1	0	0	0	0	0	0	0	0	0	0	0	0	0	1	1	1	0.0	0.0	0.0	0.0	0.0	0.0	0.0	0.0	2152.5486	3385.757	2413.2344	3331.7664	3669.3848	3471.9053	3409.0022	2611.3242	0.0	0.0	0.0	0.0	0.0	0.0	0.0	0.0	2152.5486	3385.757	2413.2344	3331.7664	3669.3848	3471.9053	3409.0022	2611.3242	
sp|P0A8P3|FETP_ECOLI	P0A8P3	FETP_ECOLI	yggX	91	Escherichia coli (strain K12)	1:Experimental evidence at protein level	Probable Fe(2+)-trafficking protein	1.0	0.999	2	15	15	15	0	0	0	0	0	1	1	1	1	1	0	2	1	3	3	1	0	0	0	0	0	1	1	1	1	1	0	2	1	3	3	1	0	0	0	0	0	1	1	1	1	1	0	2	1	3	3	1	2268.784	2019.1963	3264.8682	0.0	2599.7383	0.0	1827.7546	3320.3704	8272.693	7864.6934	8193.301	6333.376	6755.873	8045.378	8522.73	9237.181	2268.784	2019.1963	3264.8682	0.0	2599.7383	0.0	1827.7546	3320.3704	5691.9805	7864.6934	5701.158	6333.376	4639.4795	5608.2773	5818.148	6514.4785	
sp|P0A8V2|RPOB_ECOLI	P0A8V2	RPOB_ECOLI	rpoB	1342	Escherichia coli (strain K12)	1:Experimental evidence at protein level	DNA-directed RNA polymerase subunit beta	1.0	0.999	2	5	5	5	0	0	0	0	0	0	0	0	0	0	2	0	0	0	2	1	0	0	0	0	0	0	0	0	0	0	2	0	0	0	2	1	0	0	0	0	0	0	0	0	0	0	2	0	0	0	2	1	0.0	0.0	0.0	0.0	0.0	0.0	0.0	0.0	0.0	0.0	0.0	0.0	0.0	0.0	0.0	0.0	0.0	0.0	0.0	0.0	0.0	0.0	0.0	0.0	0.0	0.0	0.0	0.0	0.0	0.0	0.0	0.0	
sp|P0A910|OMPA_ECOLI	P0A910	OMPA_ECOLI	ompA	346	Escherichia coli (strain K12)	1:Experimental evidence at protein level	Outer membrane protein A	1.0	0.9989	2	4	4	4	0	0	0	0	0	0	0	0	0	1	0	1	0	1	0	1	0	0	0	0	0	0	0	0	0	1	0	1	0	1	0	1	0	0	0	0	0	0	0	0	0	1	0	1	0	1	0	1	0.0	0.0	0.0	0.0	0.0	0.0	0.0	0.0	0.0	1923.438	0.0	0.0	0.0	0.0	0.0	0.0	0.0	0.0	0.0	0.0	0.0	0.0	0.0	0.0	0.0	0.0	0.0	0.0	0.0	0.0	0.0	0.0	
sp|P0A912|PAL_ECOLI	P0A912	PAL_ECOLI	pal	173	Escherichia coli (strain K12)	1:Experimental evidence at protein level	Peptidoglycan-associated lipoprotein	1.0	0.999	2	8	8	8	0	0	0	0	0	0	0	0	2	1	1	1	0	1	1	1	0	0	0	0	0	0	0	0	2	1	1	1	0	1	1	1	0	0	0	0	0	0	0	0	2	1	1	1	0	1	1	1	0.0	0.0	0.0	0.0	0.0	0.0	0.0	0.0	9329.268	7774.6123	5635.892	6154.084	4405.818	5742.3457	7229.1875	5605.0654	0.0	0.0	0.0	0.0	0.0	0.0	0.0	0.0	6156.787	5469.0444	5635.892	6154.084	4405.818	4133.3794	7229.1875	5605.0654	
sp|P0A953|FABB_ECOLI	P0A953	FABB_ECOLI	fabB	406	Escherichia coli (strain K12)	1:Experimental evidence at protein level	3-oxoacyl-[acyl-carrier-protein] synthase 1	1.0	0.999	5	33	33	33	1	1	1	0	1	0	2	0	4	2	5	2	2	6	5	1	1	1	1	0	1	0	2	0	4	2	5	2	2	6	5	1	1	1	1	0	1	0	2	0	4	2	5	2	2	6	5	1	0.0	0.0	0.0	0.0	0.0	0.0	0.0	0.0	8349.432	10145.345	11929.086	10096.771	9206.069	12223.911	10451.625	8153.7905	0.0	0.0	0.0	0.0	0.0	0.0	0.0	0.0	6024.0063	7269.7837	7989.918	6969.3813	6455.517	6801.5605	7030.69	5488.8	
sp|P0A955|ALKH_ECOLI	P0A955	ALKH_ECOLI	eda	213	Escherichia coli (strain K12)	1:Experimental evidence at protein level	KHG/KDPG aldolase	1.0	0.999	4	40	40	40	2	2	0	1	0	1	3	0	4	4	3	5	5	4	2	4	2	2	0	1	0	1	3	0	4	4	3	5	5	4	2	4	2	2	0	1	0	1	3	0	4	4	3	5	5	4	2	4	0.0	0.0	0.0	0.0	0.0	0.0	0.0	0.0	3241.953	1463.6897	5622.8813	4531.1016	3241.8403	5458.146	0.0	7319.0874	0.0	0.0	0.0	0.0	0.0	0.0	0.0	0.0	3828.9478	1728.7084	3170.889	2459.9382	3399.811	3027.1147	0.0	3814.8325	
sp|P0A998|FTNA_ECOLI	P0A998	FTNA_ECOLI	ftnA	165	Escherichia coli (strain K12)	1:Experimental evidence at protein level	Bacterial non-heme ferritin	0.9713	0.999	1	17	17	17	0	1	0	0	2	2	1	2	1	1	2	1	1	1	1	1	0	1	0	0	2	2	1	2	1	1	2	1	1	1	1	1	0	1	0	0	2	2	1	2	1	1	2	1	1	1	1	1	3609.5889	3097.937	2732.5361	3434.1018	1901.989	3217.575	3543.4983	3246.8848	8529.912	8944.45	9943.597	8662.104	8736.169	9257.464	9059.639	0.0	3609.5889	3097.937	2732.5361	3434.1018	1901.989	3217.575	3543.4983	3246.8848	8529.912	8944.45	9943.597	8662.104	8736.169	9257.464	9059.639	0.0	
sp|P0A9A6|FTSZ_ECOLI	P0A9A6	FTSZ_ECOLI	ftsZ	383	Escherichia coli (strain K12)	1:Experimental evidence at protein level	Cell division protein FtsZ	1.0	0.999	6	57	57	57	2	2	0	1	2	0	1	1	4	8	8	4	5	6	5	8	2	2	0	1	2	0	1	1	4	8	8	4	5	6	5	8	2	2	0	1	2	0	1	1	4	8	8	4	5	6	5	8	0.0	0.0	1703.4004	0.0	1949.7456	1527.2609	0.0	0.0	9319.899	13512.496	12707.1875	13138.02	16951.361	12294.559	13183.008	17110.555	0.0	0.0	1775.1805	0.0	2031.9066	1591.6187	0.0	0.0	3122.9998	4922.844	4525.1133	5468.365	5624.84	6020.016	5309.269	5554.2446	
sp|P0A9B2|G3P1_ECOLI	P0A9B2	G3P1_ECOLI	gapA	331	Escherichia coli (strain K12)	1:Experimental evidence at protein level	Glyceraldehyde-3-phosphate dehydrogenase A	1.0	0.999	20	631	614	679	27	22	27	18	29	17	25	25	53	56	62	57	50	56	61	46	26	21	26	17	28	16	24	24	52	55	60	56	49	55	60	45	28	25	29	20	32	18	28	27	56	60	66	61	53	61	64	51	127583.34	131729.56	121555.18	121324.84	128778.88	111626.914	118052.94	135993.28	345099.28	382203.16	352175.03	373334.8	377648.34	384351.25	334893.66	373125.03	27285.182	26552.398	28724.172	26021.387	29860.188	25456.057	26214.887	27825.287	74326.01	76646.08	74466.56	75161.664	72277.484	77321.24	73081.914	76605.29	
sp|P0A9C5|GLN1B_ECOLI	P0A9C5	GLN1B_ECOLI	glnA	469	Escherichia coli (strain K12)	1:Experimental evidence at protein level	Glutamine synthetase	1.0	0.999	2	5	5	5	0	0	0	0	0	0	1	0	0	1	0	1	1	0	1	0	0	0	0	0	0	0	1	0	0	1	0	1	1	0	1	0	0	0	0	0	0	0	1	0	0	1	0	1	1	0	1	0	0.0	0.0	0.0	0.0	0.0	0.0	0.0	0.0	1833.7874	2957.2922	2997.943	0.0	3029.135	3676.8638	0.0	3406.8086	0.0	0.0	0.0	0.0	0.0	0.0	0.0	0.0	1833.7874	2957.2922	2997.943	0.0	3029.135	3676.8638	0.0	3406.8086	
sp|P0A9D2|GSTA_ECOLI	P0A9D2	GSTA_ECOLI	gstA	201	Escherichia coli (strain K12)	1:Experimental evidence at protein level	Glutathione S-transferase GstA	0.952	0.9983	1	1	1	1	0	0	0	0	0	0	0	0	0	0	0	1	0	0	0	0	0	0	0	0	0	0	0	0	0	0	0	1	0	0	0	0	0	0	0	0	0	0	0	0	0	0	0	1	0	0	0	0	0.0	0.0	0.0	0.0	0.0	0.0	0.0	0.0	0.0	0.0	0.0	0.0	0.0	0.0	0.0	0.0	0.0	0.0	0.0	0.0	0.0	0.0	0.0	0.0	0.0	0.0	0.0	0.0	0.0	0.0	0.0	0.0	
sp|P0A9D8|DAPD_ECOLI	P0A9D8	DAPD_ECOLI	dapD	274	Escherichia coli (strain K12)	1:Experimental evidence at protein level	2,3,4,5-tetrahydropyridine-2,6-dicarboxylate N-succinyltransferase	1.0	0.9989	2	4	4	4	0	0	0	0	0	0	0	0	0	0	0	1	0	1	0	2	0	0	0	0	0	0	0	0	0	0	0	1	0	1	0	2	0	0	0	0	0	0	0	0	0	0	0	1	0	1	0	2	0.0	4567.0996	0.0	0.0	0.0	0.0	0.0	3853.796	0.0	1707.4525	3584.0918	0.0	2952.1245	3102.4883	0.0	4276.1973	0.0	4490.943	0.0	0.0	0.0	0.0	0.0	3789.5337	0.0	1678.9807	3524.327	0.0	4972.1875	3050.7542	0.0	2654.9302	
sp|P0A9K9|SLYD_ECOLI	P0A9K9	SLYD_ECOLI	slyD	196	Escherichia coli (strain K12)	1:Experimental evidence at protein level	FKBP-type peptidyl-prolyl cis-trans isomerase SlyD	1.0	0.999	7	111	111	111	2	1	1	1	3	3	2	1	9	12	11	12	13	14	17	9	2	1	1	1	3	3	2	1	9	12	11	12	13	14	17	9	2	1	1	1	3	3	2	1	9	12	11	12	13	14	17	9	6516.4707	5847.643	4886.01	0.0	6481.051	5673.419	6221.611	998.8449	22690.652	35152.1	29593.95	24757.4	29667.336	21981.352	26724.299	27373.639	6724.553	6034.3687	5042.029	0.0	6688.0024	5854.5815	6420.278	2662.8896	9255.427	9135.83	8945.28	9079.105	12413.452	8681.763	10342.587	10298.697	
sp|P0A9M2|HPRT_ECOLI	P0A9M2	HPRT_ECOLI	hpt	178	Escherichia coli (strain K12)	1:Experimental evidence at protein level	Hypoxanthine phosphoribosyltransferase	0.9713	0.999	1	11	11	11	0	0	0	0	0	0	0	0	1	1	1	1	1	2	3	1	0	0	0	0	0	0	0	0	1	1	1	1	1	2	3	1	0	0	0	0	0	0	0	0	1	1	1	1	1	2	3	1	0.0	0.0	0.0	0.0	0.0	0.0	0.0	0.0	2778.8062	3684.0178	2359.347	2463.8054	5011.0947	3254.5615	0.0	3740.1023	0.0	0.0	0.0	0.0	0.0	0.0	0.0	0.0	2778.8062	3684.0178	2359.347	2463.8054	5011.0947	3254.5615	0.0	3740.1023	
sp|P0A9M5|XGPT_ECOLI	P0A9M5	XGPT_ECOLI	gpt	152	Escherichia coli (strain K12)	1:Experimental evidence at protein level	Xanthine-guanine phosphoribosyltransferase	0.9713	0.999	1	15	15	15	0	0	0	1	1	0	0	1	1	3	1	2	1	1	1	2	0	0	0	1	1	0	0	1	1	3	1	2	1	1	1	2	0	0	0	1	1	0	0	1	1	3	1	2	1	1	1	2	0.0	0.0	0.0	0.0	0.0	0.0	0.0	0.0	0.0	0.0	0.0	0.0	0.0	0.0	2115.4814	4841.639	0.0	0.0	0.0	0.0	0.0	0.0	0.0	0.0	0.0	0.0	0.0	0.0	0.0	0.0	2115.4814	4841.639	
sp|P0A9P0|DLDH_ECOLI	P0A9P0	DLDH_ECOLI	lpdA	474	Escherichia coli (strain K12)	1:Experimental evidence at protein level	Dihydrolipoyl dehydrogenase	1.0	0.999	14	194	194	194	2	2	3	1	1	2	1	2	17	19	19	25	20	30	29	21	2	2	3	1	1	2	1	2	17	19	19	25	20	30	29	21	2	2	3	1	1	2	1	2	17	19	19	25	20	30	29	21	9085.988	10308.001	3549.6165	3832.7676	4010.6045	9518.975	3195.452	2909.294	73064.38	82736.67	89800.03	88759.625	66624.0	95897.69	78933.59	70209.31	5585.285	4505.138	5332.5083	3497.387	3416.477	4635.585	4800.4546	4370.5664	14228.968	14075.5205	13660.727	14851.011	11638.735	16231.854	14300.359	15185.425	
sp|P0A9P4|TRXB_ECOLI	P0A9P4	TRXB_ECOLI	trxB	321	Escherichia coli (strain K12)	1:Experimental evidence at protein level	Thioredoxin reductase	1.0	0.9984	2	2	2	2	0	0	0	0	0	0	0	0	0	0	0	1	0	0	0	1	0	0	0	0	0	0	0	0	0	0	0	1	0	0	0	1	0	0	0	0	0	0	0	0	0	0	0	1	0	0	0	1	0.0	0.0	0.0	0.0	0.0	0.0	0.0	0.0	0.0	0.0	0.0	0.0	0.0	0.0	0.0	0.0	0.0	0.0	0.0	0.0	0.0	0.0	0.0	0.0	0.0	0.0	0.0	0.0	0.0	0.0	0.0	0.0	
sp|P0A9Q1|ARCA_ECOLI	P0A9Q1	ARCA_ECOLI	arcA	238	Escherichia coli (strain K12)	1:Experimental evidence at protein level	Aerobic respiration control protein ArcA	1.0	0.999	2	17	17	17	0	0	0	0	0	0	0	0	1	3	2	4	1	2	3	1	0	0	0	0	0	0	0	0	1	3	2	4	1	2	3	1	0	0	0	0	0	0	0	0	1	3	2	4	1	2	3	1	0.0	0.0	0.0	0.0	0.0	0.0	0.0	0.0	5601.3633	7237.5635	6905.738	8449.982	8684.59	8016.0967	7421.335	7179.574	0.0	0.0	0.0	0.0	0.0	0.0	0.0	0.0	5601.3633	7237.5635	6905.738	8449.982	8684.59	8016.0967	7421.335	7179.574	
sp|P0A9Q5|ACCD_ECOLI	P0A9Q5	ACCD_ECOLI	accD	304	Escherichia coli (strain K12)	1:Experimental evidence at protein level	Acetyl-coenzyme A carboxylase carboxyl transferase subunit beta	0.9685	0.9989	1	1	1	1	0	0	0	0	0	0	0	0	0	0	0	1	0	0	0	0	0	0	0	0	0	0	0	0	0	0	0	1	0	0	0	0	0	0	0	0	0	0	0	0	0	0	0	1	0	0	0	0	0.0	0.0	0.0	0.0	0.0	0.0	0.0	0.0	0.0	0.0	0.0	0.0	0.0	0.0	0.0	0.0	0.0	0.0	0.0	0.0	0.0	0.0	0.0	0.0	0.0	0.0	0.0	0.0	0.0	0.0	0.0	0.0	
sp|P0A9Q7|ADHE_ECOLI	P0A9Q7	ADHE_ECOLI	adhE	891	Escherichia coli (strain K12)	1:Experimental evidence at protein level	Bifunctional aldehyde-alcohol dehydrogenase AdhE	0.9713	0.999	1	5	5	5	0	0	0	0	0	0	0	0	0	0	2	0	2	1	0	0	0	0	0	0	0	0	0	0	0	0	2	0	2	1	0	0	0	0	0	0	0	0	0	0	0	0	2	0	2	1	0	0	0.0	0.0	0.0	0.0	0.0	0.0	0.0	0.0	0.0	0.0	0.0	0.0	0.0	1532.8864	0.0	0.0	0.0	0.0	0.0	0.0	0.0	0.0	0.0	0.0	0.0	0.0	0.0	0.0	0.0	0.0	0.0	0.0	
sp|P0A9S3|GATD_ECOLI	P0A9S3	GATD_ECOLI	gatD	346	Escherichia coli (strain K12)	1:Experimental evidence at protein level	Galactitol 1-phosphate 5-dehydrogenase	1.0	0.999	5	33	33	33	0	0	0	0	0	0	1	0	2	4	4	2	2	6	5	7	0	0	0	0	0	0	1	0	2	4	4	2	2	6	5	7	0	0	0	0	0	0	1	0	2	4	4	2	2	6	5	7	0.0	0.0	0.0	1998.1692	2622.0918	3112.6458	2840.572	3964.164	16768.068	19093.09	18320.797	18817.557	16067.619	7532.232	12344.945	16683.666	0.0	0.0	0.0	1970.3267	2585.5554	3069.2742	2800.9915	3908.9272	8052.9077	7745.2305	7296.0654	7764.8647	6363.725	7023.535	6979.7944	6710.0273	
sp|P0A9W9|YRDA_ECOLI	P0A9W9	YRDA_ECOLI	yrdA	184	Escherichia coli (strain K12)	1:Experimental evidence at protein level	Protein YrdA	1.0	0.9982	2	4	4	4	0	0	0	0	0	0	0	0	1	0	1	0	0	1	0	1	0	0	0	0	0	0	0	0	1	0	1	0	0	1	0	1	0	0	0	0	0	0	0	0	1	0	1	0	0	1	0	1	0.0	0.0	0.0	0.0	0.0	0.0	0.0	0.0	0.0	0.0	0.0	0.0	0.0	0.0	0.0	0.0	0.0	0.0	0.0	0.0	0.0	0.0	0.0	0.0	0.0	0.0	0.0	0.0	0.0	0.0	0.0	0.0	
sp|P0A9Y6|CSPC_ECOLI	P0A9Y6	CSPC_ECOLI	cspC	69	Escherichia coli (strain K12)	1:Experimental evidence at protein level	Cold shock-like protein CspC	1.0	0.999	3	87	87	87	2	2	2	3	5	1	5	3	5	8	8	9	9	9	9	7	2	2	2	3	5	1	5	3	5	8	8	9	9	9	9	7	2	2	2	3	5	1	5	3	5	8	8	9	9	9	9	7	13357.494	17214.227	11469.514	9772.146	18124.148	7697.844	17424.637	15969.126	39392.836	48388.766	34023.7	53046.55	49093.473	43716.684	36367.79	39799.25	7386.6523	7050.6206	9831.888	6302.9507	8106.291	5542.646	7896.866	7343.3394	17965.836	19282.49	14737.353	21445.355	19931.92	18006.842	15829.743	16131.786	
sp|P0AA04|PTHP_ECOLI	P0AA04	PTHP_ECOLI	ptsH	85	Escherichia coli (strain K12)	1:Experimental evidence at protein level	Phosphocarrier protein HPr	1.0	0.999	3	120	120	120	3	4	6	3	6	5	6	6	10	10	10	12	9	10	10	10	3	4	6	3	6	5	6	6	10	10	10	12	9	10	10	10	3	4	6	3	6	5	6	6	10	10	10	12	9	10	10	10	19939.555	21234.594	19022.113	25723.938	28344.773	21725.793	26277.975	20725.143	61355.6	70136.37	73087.65	74203.28	77045.625	81190.766	71875.73	73112.7	6372.5107	9069.372	8087.017	8120.845	9264.945	9265.208	8333.848	6583.535	19865.367	19654.068	20727.967	20657.105	21652.553	23205.334	21595.5	20996.695	
sp|P0AA10|RL13_ECOLI	P0AA10	RL13_ECOLI	rplM	142	Escherichia coli (strain K12)	1:Experimental evidence at protein level	Large ribosomal subunit protein uL13	1.0	0.999	8	80	67	80	0	2	2	2	2	2	2	4	7	9	7	8	7	10	6	10	0	2	1	1	2	1	1	3	6	8	6	7	6	9	5	9	0	2	2	2	2	2	2	4	7	9	7	8	7	10	6	10	6311.349	5886.617	8994.563	6154.245	9890.401	7229.836	5613.4785	3489.0178	46179.6	46785.15	38998.113	47089.312	43328.45	47985.586	29743.2	51600.316	3991.7607	3734.4512	3704.8567	3862.2686	4069.5637	4748.8335	3652.2832	4429.521	9484.013	9351.433	6950.1396	9674.504	10393.263	9398.518	5417.9663	9683.56	
sp|P0AA16|OMPR_ECOLI	P0AA16	OMPR_ECOLI	ompR	239	Escherichia coli (strain K12)	1:Experimental evidence at protein level	DNA-binding dual transcriptional regulator OmpR	0.9702	0.999	1	2	2	2	0	0	0	0	0	0	0	0	0	0	0	1	0	0	1	0	0	0	0	0	0	0	0	0	0	0	0	1	0	0	1	0	0	0	0	0	0	0	0	0	0	0	0	1	0	0	1	0	0.0	0.0	0.0	0.0	0.0	0.0	0.0	0.0	0.0	0.0	0.0	0.0	0.0	0.0	0.0	0.0	0.0	0.0	0.0	0.0	0.0	0.0	0.0	0.0	0.0	0.0	0.0	0.0	0.0	0.0	0.0	0.0	
sp|P0AA25|THIO_ECOLI	P0AA25	THIO_ECOLI	trxA	109	Escherichia coli (strain K12)	1:Experimental evidence at protein level	Thioredoxin 1	1.0	0.999	5	94	94	94	2	0	1	1	1	2	1	1	9	6	14	9	13	12	12	10	2	0	1	1	1	2	1	1	9	6	14	9	13	12	12	10	2	0	1	1	1	2	1	1	9	6	14	9	13	12	12	10	7234.8374	4328.924	3914.3809	8849.884	8296.579	7681.625	4849.123	7690.983	39033.83	44734.84	29377.719	43537.69	32937.066	37424.594	42887.094	43517.684	4096.0225	2466.634	4137.2544	5288.669	3841.533	4225.354	5125.2183	4590.4463	13404.9	15027.906	12210.759	13991.288	13248.9	14399.574	14280.396	14370.648	
sp|P0AAB8|USPD_ECOLI	P0AAB8	USPD_ECOLI	uspD	142	Escherichia coli (strain K12)	2:Experimental evidence at transcript level	Universal stress protein D	1.0	0.999	2	7	7	7	0	0	0	0	0	0	0	0	0	0	2	2	0	1	2	0	0	0	0	0	0	0	0	0	0	0	2	2	0	1	2	0	0	0	0	0	0	0	0	0	0	0	2	2	0	1	2	0	0.0	0.0	0.0	0.0	0.0	0.0	0.0	0.0	0.0	0.0	0.0	0.0	0.0	1835.9214	0.0	0.0	0.0	0.0	0.0	0.0	0.0	0.0	0.0	0.0	0.0	0.0	0.0	0.0	0.0	0.0	0.0	0.0	
sp|P0AAI5|FABF_ECOLI	P0AAI5	FABF_ECOLI	fabF	413	Escherichia coli (strain K12)	1:Experimental evidence at protein level	3-oxoacyl-[acyl-carrier-protein] synthase 2	1.0	0.999	3	15	15	15	0	0	0	0	0	0	0	0	1	4	2	3	2	1	1	1	0	0	0	0	0	0	0	0	1	4	2	3	2	1	1	1	0	0	0	0	0	0	0	0	1	4	2	3	2	1	1	1	0.0	0.0	0.0	0.0	0.0	0.0	0.0	0.0	9815.93	10141.37	7302.972	11393.75	7766.0537	10210.816	9999.988	1276.5607	0.0	0.0	0.0	0.0	0.0	0.0	0.0	0.0	5649.604	6184.1445	4800.931	5506.901	5194.8306	5008.199	4498.941	3112.6008	
sp|P0AAT9|YBEL_ECOLI	P0AAT9	YBEL_ECOLI	ybeL	160	Escherichia coli (strain K12)	4:Protein predicted	Uncharacterized protein YbeL	0.9708	0.999	1	8	8	8	0	0	0	0	0	0	0	0	0	1	2	1	1	1	2	0	0	0	0	0	0	0	0	0	0	1	2	1	1	1	2	0	0	0	0	0	0	0	0	0	0	1	2	1	1	1	2	0	0.0	0.0	0.0	0.0	0.0	0.0	0.0	0.0	1443.3809	3212.4905	4225.5356	4476.6553	3854.755	3093.3047	3484.2993	2098.972	0.0	0.0	0.0	0.0	0.0	0.0	0.0	0.0	1443.3809	3212.4905	4225.5356	4476.6553	3854.755	3093.3047	3484.2993	2098.972	
sp|P0AAZ7|YCAR_ECOLI	P0AAZ7	YCAR_ECOLI	ycaR	60	Escherichia coli (strain K12)	1:Experimental evidence at protein level	Methyltransferase activator Trm112 homolog	0.9713	0.999	1	8	8	8	0	0	0	0	0	0	0	0	0	0	2	2	0	2	1	1	0	0	0	0	0	0	0	0	0	0	2	2	0	2	1	1	0	0	0	0	0	0	0	0	0	0	2	2	0	2	1	1	0.0	0.0	0.0	0.0	0.0	0.0	0.0	0.0	0.0	0.0	0.0	1894.7588	0.0	0.0	0.0	2484.344	0.0	0.0	0.0	0.0	0.0	0.0	0.0	0.0	0.0	0.0	0.0	1894.7588	0.0	0.0	0.0	2484.344	
sp|P0AB14|YCCJ_ECOLI	P0AB14	YCCJ_ECOLI	yccJ	75	Escherichia coli (strain K12)	1:Experimental evidence at protein level	Uncharacterized protein YccJ	0.9713	0.999	1	21	21	21	1	0	1	1	0	1	1	1	1	2	2	2	2	3	2	1	1	0	1	1	0	1	1	1	1	2	2	2	2	3	2	1	1	0	1	1	0	1	1	1	1	2	2	2	2	3	2	1	0.0	0.0	0.0	0.0	0.0	0.0	0.0	0.0	3483.4082	3167.8552	2161.879	4715.455	4221.1055	4304.695	4777.684	5124.486	0.0	0.0	0.0	0.0	0.0	0.0	0.0	0.0	3483.4082	3167.8552	2161.879	4715.455	4221.1055	4304.695	4777.684	5124.486	
sp|P0AB24|EFEO_ECOLI	P0AB24	EFEO_ECOLI	efeO	375	Escherichia coli (strain K12)	1:Experimental evidence at protein level	Iron uptake system component EfeO	0.9616	0.9987	1	3	3	3	0	0	0	0	0	0	0	0	0	1	0	0	1	0	1	0	0	0	0	0	0	0	0	0	0	1	0	0	1	0	1	0	0	0	0	0	0	0	0	0	0	1	0	0	1	0	1	0	0.0	0.0	0.0	0.0	0.0	0.0	0.0	0.0	0.0	0.0	0.0	0.0	0.0	0.0	0.0	0.0	0.0	0.0	0.0	0.0	0.0	0.0	0.0	0.0	0.0	0.0	0.0	0.0	0.0	0.0	0.0	0.0	
sp|P0AB61|YCIN_ECOLI	P0AB61	YCIN_ECOLI	yciN	83	Escherichia coli (strain K12)	1:Experimental evidence at protein level	Protein YciN	0.9713	0.999	1	18	18	18	0	0	1	0	0	0	1	0	1	2	2	2	1	1	3	4	0	0	1	0	0	0	1	0	1	2	2	2	1	1	3	4	0	0	1	0	0	0	1	0	1	2	2	2	1	1	3	4	0.0	0.0	0.0	0.0	0.0	1374.8892	0.0	0.0	3530.131	4267.8457	3608.4707	2765.0256	4220.998	4620.1094	4867.1855	6572.84	0.0	0.0	0.0	0.0	0.0	1374.8892	0.0	0.0	3530.131	4267.8457	3608.4707	2765.0256	4220.998	4620.1094	4867.1855	6572.84	
sp|P0AB71|ALF_ECOLI	P0AB71	ALF_ECOLI	fbaA	359	Escherichia coli (strain K12)	1:Experimental evidence at protein level	Fructose-bisphosphate aldolase class 2	1.0	0.999	10	203	203	203	7	5	5	5	7	5	7	4	12	16	30	21	19	22	18	20	7	5	5	5	7	5	7	4	12	16	30	21	19	22	18	20	7	5	5	5	7	5	7	4	12	16	30	21	19	22	18	20	20222.367	16142.629	22771.582	13116.035	18291.496	18613.082	20778.732	16916.95	63457.707	71756.59	72861.99	82950.71	76976.63	75875.35	65288.63	84292.266	7517.5483	7484.084	7227.451	7773.834	6572.992	7164.7607	8462.178	6930.03	17084.963	18441.398	19152.152	17945.055	18187.61	17347.832	15852.24	18449.453	
sp|P0AB77|KBL_ECOLI	P0AB77	KBL_ECOLI	kbl	398	Escherichia coli (strain K12)	1:Experimental evidence at protein level	2-amino-3-ketobutyrate coenzyme A ligase	0.9713	0.999	1	6	6	6	0	0	0	0	1	0	0	0	0	0	0	0	1	1	2	1	0	0	0	0	1	0	0	0	0	0	0	0	1	1	2	1	0	0	0	0	1	0	0	0	0	0	0	0	1	1	2	1	0.0	0.0	0.0	0.0	0.0	0.0	0.0	0.0	2235.1929	3349.9207	2989.4653	3260.4507	3676.5015	3751.4548	3874.2795	4376.8926	0.0	0.0	0.0	0.0	0.0	0.0	0.0	0.0	2235.1929	3349.9207	2989.4653	3260.4507	3676.5015	3751.4548	3874.2795	4376.8926	
sp|P0AB80|ILVE_ECOLI	P0AB80	ILVE_ECOLI	ilvE	309	Escherichia coli (strain K12)	1:Experimental evidence at protein level	Branched-chain-amino-acid aminotransferase	0.9477	0.9981	1	6	6	6	0	0	0	0	0	0	0	0	0	0	1	1	1	1	1	1	0	0	0	0	0	0	0	0	0	0	1	1	1	1	1	1	0	0	0	0	0	0	0	0	0	0	1	1	1	1	1	1	0.0	0.0	0.0	0.0	0.0	0.0	0.0	0.0	0.0	0.0	0.0	0.0	0.0	0.0	0.0	0.0	0.0	0.0	0.0	0.0	0.0	0.0	0.0	0.0	0.0	0.0	0.0	0.0	0.0	0.0	0.0	0.0	
sp|P0ABA0|ATPF_ECOLI	P0ABA0	ATPF_ECOLI	atpF	156	Escherichia coli (strain K12)	1:Experimental evidence at protein level	ATP synthase subunit b	0.9712	0.999	1	1	1	1	0	0	0	0	0	0	0	0	0	0	0	0	0	0	0	1	0	0	0	0	0	0	0	0	0	0	0	0	0	0	0	1	0	0	0	0	0	0	0	0	0	0	0	0	0	0	0	1	0.0	0.0	0.0	0.0	0.0	0.0	0.0	0.0	3689.6182	3406.3289	2375.6897	3543.5222	2197.8513	3113.2534	3061.9873	3124.442	0.0	0.0	0.0	0.0	0.0	0.0	0.0	0.0	3689.6182	3406.3289	2375.6897	3543.5222	2197.8513	3113.2534	3061.9873	3124.442	
sp|P0ABA4|ATPD_ECOLI	P0ABA4	ATPD_ECOLI	atpH	177	Escherichia coli (strain K12)	1:Experimental evidence at protein level	ATP synthase subunit delta	0.9704	0.999	1	5	5	5	0	0	0	0	0	0	0	0	1	1	0	0	1	1	1	0	0	0	0	0	0	0	0	0	1	1	0	0	1	1	1	0	0	0	0	0	0	0	0	0	1	1	0	0	1	1	1	0	0.0	0.0	0.0	0.0	0.0	0.0	0.0	0.0	0.0	0.0	0.0	0.0	0.0	0.0	0.0	0.0	0.0	0.0	0.0	0.0	0.0	0.0	0.0	0.0	0.0	0.0	0.0	0.0	0.0	0.0	0.0	0.0	
sp|P0ABA6|ATPG_ECOLI	P0ABA6	ATPG_ECOLI	atpG	287	Escherichia coli (strain K12)	1:Experimental evidence at protein level	ATP synthase gamma chain	1.0	0.999	2	22	22	22	1	1	2	0	2	1	2	1	2	3	2	1	1	1	1	1	1	1	2	0	2	1	2	1	2	3	2	1	1	1	1	1	1	1	2	0	2	1	2	1	2	3	2	1	1	1	1	1	0.0	4066.7375	3179.846	4095.4717	3590.5796	2637.1365	3274.7395	3894.4138	6433.0913	6894.9688	6730.4565	6469.881	7866.157	6105.286	7089.591	7883.5728	0.0	4066.7375	3179.846	4095.4717	3590.5796	2637.1365	3274.7395	3894.4138	6433.0913	6894.9688	6730.4565	6469.881	7866.157	6105.286	7089.591	7883.5728	
sp|P0ABB0|ATPA_ECOLI	P0ABB0	ATPA_ECOLI	atpA	513	Escherichia coli (strain K12)	1:Experimental evidence at protein level	ATP synthase subunit alpha	1.0	0.999	5	22	22	38	0	0	0	0	0	1	0	0	2	4	2	3	3	3	2	2	0	0	0	0	0	1	0	0	2	4	2	3	3	3	2	2	0	0	0	0	0	1	2	0	3	6	3	4	4	5	5	5	0.0	0.0	0.0	0.0	0.0	0.0	0.0	0.0	3793.4194	6418.5117	5969.2705	8885.47	6901.753	7741.083	7712.5825	5216.377	0.0	0.0	0.0	0.0	0.0	0.0	0.0	0.0	4945.8438	3792.776	3308.1287	3295.9878	2465.201	2717.2683	2923.7778	2942.2776	
sp|P0ABB4|ATPB_ECOLI	P0ABB4	ATPB_ECOLI	atpD	460	Escherichia coli (strain K12)	1:Experimental evidence at protein level	ATP synthase subunit beta	1.0	0.999	3	33	33	33	1	1	0	1	1	1	1	1	1	4	2	3	3	4	5	4	1	1	0	1	1	1	1	1	1	4	2	3	3	4	5	4	1	1	0	1	1	1	1	1	1	4	2	3	3	4	5	4	0.0	0.0	1022.09973	3788.708	1287.6542	0.0	0.0	0.0	4364.509	7096.9023	6907.0884	6520.0205	10196.639	7106.004	9260.016	7763.5005	0.0	0.0	1022.09973	3788.708	1287.6542	0.0	0.0	0.0	4364.509	4575.419	4476.223	4222.4077	6475.3384	4578.759	6020.7725	5045.6743	
sp|P0ABD5|ACCA_ECOLI	P0ABD5	ACCA_ECOLI	accA	319	Escherichia coli (strain K12)	1:Experimental evidence at protein level	Acetyl-coenzyme A carboxylase carboxyl transferase subunit alpha	1.0	0.999	4	53	53	53	2	2	1	3	3	2	1	3	2	7	4	5	3	5	5	5	2	2	1	3	3	2	1	3	2	7	4	5	3	5	5	5	2	2	1	3	3	2	1	3	2	7	4	5	3	5	5	5	0.0	0.0	0.0	0.0	6128.958	0.0	3540.5974	1831.4734	6371.3623	7967.077	10696.417	7778.6045	11991.973	7951.41	11447.636	9994.12	0.0	0.0	0.0	0.0	3333.4443	0.0	7537.986	1910.4727	3468.5972	4350.347	4720.9526	4259.6113	4960.674	4350.1636	4957.0156	5464.6064	
sp|P0ABD8|BCCP_ECOLI	P0ABD8	BCCP_ECOLI	accB	156	Escherichia coli (strain K12)	1:Experimental evidence at protein level	Biotin carboxyl carrier protein of acetyl-CoA carboxylase	1.0	0.999	3	30	30	30	0	0	1	1	1	1	2	0	1	3	3	5	2	2	5	3	0	0	1	1	1	1	2	0	1	3	3	5	2	2	5	3	0	0	1	1	1	1	2	0	1	3	3	5	2	2	5	3	0.0	0.0	0.0	0.0	0.0	0.0	0.0	0.0	7028.1714	8073.82	7505.3257	8871.033	10964.096	10007.015	9014.95	7973.5	0.0	0.0	0.0	0.0	0.0	0.0	0.0	0.0	3874.7573	4484.186	4147.153	4909.7456	5831.024	5555.446	4952.2456	4424.6626	
sp|P0ABH7|CISY_ECOLI	P0ABH7	CISY_ECOLI	gltA	427	Escherichia coli (strain K12)	1:Experimental evidence at protein level	Citrate synthase	1.0	0.999	2	12	12	12	0	0	0	0	0	0	0	0	0	1	2	2	2	1	1	3	0	0	0	0	0	0	0	0	0	1	2	2	2	1	1	3	0	0	0	0	0	0	0	0	0	1	2	2	2	1	1	3	0.0	0.0	0.0	0.0	0.0	0.0	0.0	0.0	0.0	0.0	0.0	2494.1985	3932.3435	1377.5411	2033.7987	922.2562	0.0	0.0	0.0	0.0	0.0	0.0	0.0	0.0	0.0	0.0	0.0	2494.1985	3932.3435	1377.5411	2033.7987	922.2562	
sp|P0ABJ9|CYDA_ECOLI	P0ABJ9	CYDA_ECOLI	cydA	522	Escherichia coli (strain K12)	1:Experimental evidence at protein level	Cytochrome bd-I ubiquinol oxidase subunit 1	1.0	0.999	2	9	9	9	0	0	0	1	0	1	0	0	0	0	1	2	1	1	1	1	0	0	0	1	0	1	0	0	0	0	1	2	1	1	1	1	0	0	0	1	0	1	0	0	0	0	1	2	1	1	1	1	0.0	0.0	0.0	0.0	0.0	0.0	0.0	1055.5305	4860.8174	4642.5127	4320.4673	10421.986	6567.444	5476.558	5319.435	6488.837	0.0	0.0	0.0	0.0	0.0	0.0	0.0	1055.5305	4860.8174	4642.5127	4320.4673	6351.5996	6567.444	5476.558	5319.435	6488.837	
sp|P0ABK5|CYSK_ECOLI	P0ABK5	CYSK_ECOLI	cysK	323	Escherichia coli (strain K12)	1:Experimental evidence at protein level	Cysteine synthase A	1.0	0.999	17	219	219	219	1	4	1	4	5	7	3	2	19	27	22	23	20	28	27	26	1	4	1	4	5	7	3	2	19	27	22	23	20	28	27	26	1	4	1	4	5	7	3	2	19	27	22	23	20	28	27	26	27743.344	22532.312	25434.566	29229.508	26091.525	23258.062	10598.826	32604.59	105868.51	120581.1	108092.914	105459.62	116315.77	107195.25	102171.17	97786.71	10153.916	7816.7485	8557.673	8864.308	11550.823	7771.491	9091.6	10336.754	17908.352	17531.271	18012.191	17416.496	19755.441	19511.387	17186.773	20725.094	
sp|P0ABM9|CCMH_ECOLI	P0ABM9	CCMH_ECOLI	ccmH	350	Escherichia coli (strain K12)	1:Experimental evidence at protein level	Cytochrome c-type biogenesis protein CcmH	0.9031	0.9964	1	2	2	2	0	0	1	0	0	0	1	0	0	0	0	0	0	0	0	0	0	0	1	0	0	0	1	0	0	0	0	0	0	0	0	0	0	0	1	0	0	0	1	0	0	0	0	0	0	0	0	0	0.0	0.0	0.0	0.0	0.0	0.0	0.0	0.0	0.0	0.0	0.0	0.0	0.0	0.0	0.0	0.0	0.0	0.0	0.0	0.0	0.0	0.0	0.0	0.0	0.0	0.0	0.0	0.0	0.0	0.0	0.0	0.0	
sp|P0ABQ2|GARR_ECOLI	P0ABQ2	GARR_ECOLI	garR	294	Escherichia coli (strain K12)	1:Experimental evidence at protein level	2-hydroxy-3-oxopropionate reductase	1.0	0.999	5	48	48	48	2	2	2	1	0	1	1	1	4	6	4	7	4	6	3	4	2	2	2	1	0	1	1	1	4	6	4	7	4	6	3	4	2	2	2	1	0	1	1	1	4	6	4	7	4	6	3	4	0.0	0.0	0.0	0.0	0.0	0.0	0.0	0.0	6991.61	11744.971	17393.64	19145.959	17890.447	15566.912	7917.916	12173.615	0.0	0.0	0.0	0.0	0.0	0.0	0.0	0.0	4179.6353	7169.923	6613.3843	7239.839	6730.971	5962.509	4826.796	6677.4917	
sp|P0ABS1|DKSA_ECOLI	P0ABS1	DKSA_ECOLI	dksA	151	Escherichia coli (strain K12)	1:Experimental evidence at protein level	RNA polymerase-binding transcription factor DksA	0.9713	0.999	1	9	9	9	0	0	0	0	0	0	0	0	1	2	1	1	1	1	1	1	0	0	0	0	0	0	0	0	1	2	1	1	1	1	1	1	0	0	0	0	0	0	0	0	1	2	1	1	1	1	1	1	0.0	2527.2986	0.0	2474.4458	0.0	3008.1782	2502.5515	1918.5206	4242.671	5301.481	5946.5576	6374.497	6119.1367	4863.7954	4238.213	5258.4634	0.0	2527.2986	0.0	2474.4458	0.0	3008.1782	2502.5515	1918.5206	4242.671	5301.481	5946.5576	6374.497	6119.1367	4863.7954	4238.213	5258.4634	
sp|P0ABT2|DPS_ECOLI	P0ABT2	DPS_ECOLI	dps	167	Escherichia coli (strain K12)	1:Experimental evidence at protein level	DNA protection during starvation protein	1.0	0.999	2	4	4	4	0	0	0	0	0	0	0	0	0	0	0	1	0	1	2	0	0	0	0	0	0	0	0	0	0	0	0	1	0	1	2	0	0	0	0	0	0	0	0	0	0	0	0	1	0	1	2	0	0.0	0.0	0.0	0.0	0.0	0.0	0.0	0.0	0.0	0.0	0.0	0.0	0.0	0.0	1100.9932	0.0	0.0	0.0	0.0	0.0	0.0	0.0	0.0	0.0	0.0	0.0	0.0	0.0	0.0	0.0	0.0	0.0	
sp|P0AC33|FUMA_ECOLI	P0AC33	FUMA_ECOLI	fumA	548	Escherichia coli (strain K12)	1:Experimental evidence at protein level	Fumarate hydratase class I, aerobic	1.0	0.999	2	10	7	10	0	0	0	0	0	0	0	0	0	1	2	1	1	0	3	2	0	0	0	0	0	0	0	0	0	1	1	1	1	0	2	1	0	0	0	0	0	0	0	0	0	1	2	1	1	0	3	2	0.0	0.0	0.0	0.0	0.0	0.0	0.0	0.0	0.0	0.0	0.0	0.0	2797.8193	0.0	4306.298	1719.4197	0.0	0.0	0.0	0.0	0.0	0.0	0.0	0.0	0.0	0.0	0.0	0.0	3060.875	0.0	2040.0044	1881.0824	
sp|P0AC41|SDHA_ECOLI	P0AC41	SDHA_ECOLI	sdhA	588	Escherichia coli (strain K12)	1:Experimental evidence at protein level	Succinate dehydrogenase flavoprotein subunit	0.971	0.999	1	1	1	1	0	0	0	0	0	0	0	0	0	0	0	0	0	0	1	0	0	0	0	0	0	0	0	0	0	0	0	0	0	0	1	0	0	0	0	0	0	0	0	0	0	0	0	0	0	0	1	0	0.0	0.0	0.0	0.0	0.0	0.0	0.0	0.0	0.0	0.0	0.0	0.0	0.0	0.0	0.0	0.0	0.0	0.0	0.0	0.0	0.0	0.0	0.0	0.0	0.0	0.0	0.0	0.0	0.0	0.0	0.0	0.0	
sp|P0AC59|GLRX2_ECOLI	P0AC59	GLRX2_ECOLI	grxB	215	Escherichia coli (strain K12)	1:Experimental evidence at protein level	Glutaredoxin 2	1.0	0.999	8	104	97	104	3	4	2	1	3	1	3	5	9	13	12	9	8	9	9	13	3	4	2	1	3	1	3	5	8	11	11	9	8	8	8	12	3	4	2	1	3	1	3	5	9	13	12	9	8	9	9	13	8159.781	7333.374	7582.1606	0.0	7488.376	6644.7314	4550.014	8535.781	42913.652	49208.023	40586.242	43531.55	45705.113	56208.64	45570.4	60499.547	8159.781	4940.377	7582.1606	0.0	5871.4785	6644.7314	4550.014	8535.781	16585.338	19530.432	18547.086	17190.8	19522.072	22391.299	18038.582	23752.639	
sp|P0AC62|GLRX3_ECOLI	P0AC62	GLRX3_ECOLI	grxC	83	Escherichia coli (strain K12)	1:Experimental evidence at protein level	Glutaredoxin 3	1.0	0.999	3	36	36	36	0	0	1	2	0	0	0	0	3	5	5	4	3	4	5	4	0	0	1	2	0	0	0	0	3	5	5	4	3	4	5	4	0	0	1	2	0	0	0	0	3	5	5	4	3	4	5	4	0.0	4316.1104	3553.771	0.0	3523.1804	5966.213	6313.2715	0.0	23554.637	24969.596	25138.764	9283.826	25016.322	22633.467	21639.285	18791.578	0.0	4109.924	3384.0024	0.0	3354.8733	5681.1987	6011.6777	0.0	13682.126	14123.132	14094.085	13444.039	14595.653	12902.981	12372.212	10872.975	
sp|P0AC69|GLRX4_ECOLI	P0AC69	GLRX4_ECOLI	grxD	115	Escherichia coli (strain K12)	1:Experimental evidence at protein level	Glutaredoxin 4	1.0	0.999	2	17	17	17	0	0	0	0	0	0	0	0	0	2	2	2	3	3	2	3	0	0	0	0	0	0	0	0	0	2	2	2	3	3	2	3	0	0	0	0	0	0	0	0	0	2	2	2	3	3	2	3	0.0	0.0	0.0	0.0	0.0	0.0	0.0	0.0	3472.9072	3102.5002	3710.0935	3425.854	3705.1836	3160.6294	3495.3022	3111.8652	0.0	0.0	0.0	0.0	0.0	0.0	0.0	0.0	3472.9072	3102.5002	3710.0935	3425.854	3705.1836	3160.6294	3495.3022	3111.8652	
sp|P0AC81|LGUL_ECOLI	P0AC81	LGUL_ECOLI	gloA	135	Escherichia coli (strain K12)	1:Experimental evidence at protein level	Lactoylglutathione lyase	0.9999	0.9978	2	4	4	4	0	0	0	0	0	0	0	0	0	1	0	1	0	1	1	0	0	0	0	0	0	0	0	0	0	1	0	1	0	1	1	0	0	0	0	0	0	0	0	0	0	1	0	1	0	1	1	0	0.0	0.0	0.0	0.0	0.0	0.0	0.0	0.0	0.0	1974.7454	2073.2397	0.0	2284.983	1993.3086	2175.3674	1510.3461	0.0	0.0	0.0	0.0	0.0	0.0	0.0	0.0	0.0	1974.7454	2073.2397	0.0	2284.983	0.0	2175.3674	1510.3461	
sp|P0ACA3|SSPA_ECOLI	P0ACA3	SSPA_ECOLI	sspA	212	Escherichia coli (strain K12)	1:Experimental evidence at protein level	Stringent starvation protein A	0.9713	0.999	1	5	5	5	0	0	0	0	0	0	0	0	1	0	0	1	0	0	2	1	0	0	0	0	0	0	0	0	1	0	0	1	0	0	2	1	0	0	0	0	0	0	0	0	1	0	0	1	0	0	2	1	0.0	0.0	0.0	0.0	0.0	0.0	0.0	0.0	0.0	2161.2734	0.0	3371.408	3561.4785	2569.938	3479.8345	3608.6638	0.0	0.0	0.0	0.0	0.0	0.0	0.0	0.0	0.0	2161.2734	0.0	3371.408	3561.4785	2569.938	3479.8345	3608.6638	
sp|P0ACC3|ERPA_ECOLI	P0ACC3	ERPA_ECOLI	erpA	114	Escherichia coli (strain K12)	1:Experimental evidence at protein level	Iron-sulfur cluster insertion protein ErpA	1.0	0.9989	2	10	10	10	0	0	0	0	0	0	0	0	1	1	2	3	0	1	1	1	0	0	0	0	0	0	0	0	1	1	2	3	0	1	1	1	0	0	0	0	0	0	0	0	1	1	2	3	0	1	1	1	0.0	0.0	0.0	0.0	0.0	0.0	0.0	0.0	4061.5815	4482.411	4418.0054	5254.88	5505.8496	5450.6353	4388.3574	4037.8362	0.0	0.0	0.0	0.0	0.0	0.0	0.0	0.0	4061.5815	4482.411	4418.0054	3922.181	4031.0383	3812.2983	4388.3574	4037.8362	
sp|P0ACC7|GLMU_ECOLI	P0ACC7	GLMU_ECOLI	glmU	456	Escherichia coli (strain K12)	1:Experimental evidence at protein level	Bifunctional protein GlmU	0.8882	0.9958	1	1	1	1	0	0	0	0	0	0	0	0	0	0	0	0	0	1	0	0	0	0	0	0	0	0	0	0	0	0	0	0	0	1	0	0	0	0	0	0	0	0	0	0	0	0	0	0	0	1	0	0	0.0	0.0	0.0	0.0	0.0	0.0	0.0	0.0	0.0	0.0	0.0	0.0	0.0	0.0	0.0	0.0	0.0	0.0	0.0	0.0	0.0	0.0	0.0	0.0	0.0	0.0	0.0	0.0	0.0	0.0	0.0	0.0	
sp|P0ACE7|HINT_ECOLI	P0ACE7	HINT_ECOLI	hinT	119	Escherichia coli (strain K12)	1:Experimental evidence at protein level	Purine nucleoside phosphoramidase	1.0	0.999	3	49	49	49	0	1	0	0	1	0	1	0	3	5	8	7	5	4	7	7	0	1	0	0	1	0	1	0	3	5	8	7	5	4	7	7	0	1	0	0	1	0	1	0	3	5	8	7	5	4	7	7	0.0	0.0	0.0	0.0	0.0	2924.7993	0.0	0.0	16128.021	19600.84	21820.908	18478.908	21558.23	19718.814	9099.418	21095.293	0.0	0.0	0.0	0.0	0.0	5491.1104	0.0	0.0	7239.784	9687.01	9970.61	8515.147	9797.144	9267.637	9303.282	9877.305	
sp|P0ACF0|DBHA_ECOLI	P0ACF0	DBHA_ECOLI	hupA	90	Escherichia coli (strain K12)	1:Experimental evidence at protein level	DNA-binding protein HU-alpha	1.0	0.999	4	124	124	124	8	6	6	6	6	5	6	7	8	7	8	11	7	10	10	13	8	6	6	6	6	5	6	7	8	7	8	11	7	10	10	13	8	6	6	6	6	5	6	7	8	7	8	11	7	10	10	13	24198.184	25136.93	24968.566	25972.2	21356.191	28042.135	26200.016	26700.787	74210.83	69130.93	69088.91	78252.18	99228.59	78620.555	75450.305	71372.61	8294.555	8579.123	8619.439	8754.612	8564.728	8848.287	8864.908	9171.6	25435.342	23848.291	23654.283	26749.104	29517.082	26921.205	26001.146	24421.344	
sp|P0ACF4|DBHB_ECOLI	P0ACF4	DBHB_ECOLI	hupB	90	Escherichia coli (strain K12)	1:Experimental evidence at protein level	DNA-binding protein HU-beta	1.0	0.999	4	88	88	88	4	3	3	3	5	3	3	5	7	6	9	8	5	6	8	10	4	3	3	3	5	3	3	5	7	6	9	8	5	6	8	10	4	3	3	3	5	3	3	5	7	6	9	8	5	6	8	10	35142.99	37469.008	39747.957	34933.395	40431.367	41464.906	40098.586	41519.984	47638.586	96882.88	92267.75	90218.93	98464.7	100812.734	100892.625	102491.97	15280.759	17974.53	17814.68	15440.491	17806.916	18153.229	18338.504	18657.111	37941.598	42591.33	40883.117	39610.91	42329.438	45614.652	45077.27	45051.78	
sp|P0ACF8|HNS_ECOLI	P0ACF8	HNS_ECOLI	hns	137	Escherichia coli (strain K12)	1:Experimental evidence at protein level	DNA-binding protein H-NS	1.0	0.999	9	279	279	279	11	13	11	9	12	12	8	16	18	23	31	21	21	27	21	25	11	13	11	9	12	12	8	16	18	23	31	21	21	27	21	25	11	13	11	9	12	12	8	16	18	23	31	21	21	27	21	25	51578.78	58623.793	53149.863	62310.773	55511.62	56209.438	39661.293	56920.844	131470.03	170764.8	168542.72	162513.95	151756.95	167868.84	169199.67	168247.5	14786.73	17600.725	15035.412	17255.0	15445.721	15660.103	15654.936	18431.986	41639.324	41566.273	43700.805	43550.01	44100.023	44963.293	43302.516	43535.375	
sp|P0ACG1|STPA_ECOLI	P0ACG1	STPA_ECOLI	stpA	134	Escherichia coli (strain K12)	1:Experimental evidence at protein level	DNA-binding protein StpA	1.0	0.999	2	33	33	33	1	1	1	1	0	1	1	1	3	3	4	3	1	3	4	5	1	1	1	1	0	1	1	1	3	3	4	3	1	3	4	5	1	1	1	1	0	1	1	1	3	3	4	3	1	3	4	5	2696.7732	3132.2778	3212.4253	3001.3274	3021.9485	2832.8123	2431.893	6972.349	11550.693	13250.93	13765.895	13186.968	14033.14	13606.904	8581.977	15250.591	2389.2275	2775.0662	2846.0735	4805.6494	2677.319	4535.827	3893.8855	4142.0913	4929.733	5450.231	5787.6265	5214.465	5781.221	5453.9814	6969.0195	6462.661	
sp|P0ACW6|YDCH_ECOLI	P0ACW6	YDCH_ECOLI	ydcH	74	Escherichia coli (strain K12)	4:Protein predicted	Uncharacterized protein YdcH	1.0	0.999	3	29	29	29	0	0	0	0	0	0	0	0	4	3	3	4	3	5	3	4	0	0	0	0	0	0	0	0	4	3	3	4	3	5	3	4	0	0	0	0	0	0	0	0	4	3	3	4	3	5	3	4	0.0	0.0	0.0	0.0	0.0	0.0	0.0	2653.425	12146.323	15564.541	11175.903	14225.248	15247.094	13791.511	14190.051	15435.856	0.0	0.0	0.0	0.0	0.0	0.0	0.0	2653.425	7768.1206	7524.227	7454.421	6934.2783	7550.01	6657.364	6740.9478	7381.1626	
sp|P0ACX3|YDHR_ECOLI	P0ACX3	YDHR_ECOLI	ydhR	101	Escherichia coli (strain K12)	1:Experimental evidence at protein level	Putative monooxygenase YdhR	1.0	0.999	4	49	49	49	0	0	0	0	2	0	1	0	4	6	6	7	6	7	4	6	0	0	0	0	2	0	1	0	4	6	6	7	6	7	4	6	0	0	0	0	2	0	1	0	4	6	6	7	6	7	4	6	3505.4194	2703.7014	5381.1294	2626.371	3126.8184	4221.7163	6573.4683	3541.6064	28146.115	31459.062	31469.219	28493.457	32468.682	27604.396	29185.58	30014.76	3505.4194	2703.7014	3285.5388	2626.371	3126.8184	4221.7163	3894.4297	3541.6064	9196.566	9885.283	9760.703	9387.865	9731.506	8716.145	9430.999	9084.959	
sp|P0ACY1|YDJA_ECOLI	P0ACY1	YDJA_ECOLI	ydjA	183	Escherichia coli (strain K12)	1:Experimental evidence at protein level	Putative NAD(P)H nitroreductase YdjA	0.8839	0.9956	1	5	5	5	0	0	0	1	0	0	0	0	0	0	1	1	1	0	1	0	0	0	0	1	0	0	0	0	0	0	1	1	1	0	1	0	0	0	0	1	0	0	0	0	0	0	1	1	1	0	1	0	0.0	0.0	0.0	0.0	0.0	0.0	0.0	0.0	0.0	0.0	570.258	0.0	2577.7258	2416.2883	1960.6796	2116.7432	0.0	0.0	0.0	0.0	0.0	0.0	0.0	0.0	0.0	0.0	570.258	0.0	2577.7258	2416.2883	1960.6796	2116.7432	
sp|P0AD49|YFIA_ECOLI	P0AD49	YFIA_ECOLI	raiA	113	Escherichia coli (strain K12)	1:Experimental evidence at protein level	Ribosome-associated inhibitor A	1.0	0.999	4	79	79	79	2	3	2	1	1	2	2	2	7	10	5	7	10	8	7	10	2	3	2	1	1	2	2	2	7	10	5	7	10	8	7	10	2	3	2	1	1	2	2	2	7	10	5	7	10	8	7	10	0.0	0.0	2492.4534	2957.5715	1055.3203	944.5206	0.0	0.0	23038.885	23111.77	17467.797	22812.004	29820.465	25170.07	25039.137	13772.305	0.0	0.0	2413.8284	2864.2744	1022.03	1196.3291	0.0	0.0	8378.567	8319.802	9556.733	8243.275	10485.134	9177.716	9640.361	10335.912	
sp|P0AD61|KPYK1_ECOLI	P0AD61	KPYK1_ECOLI	pykF	470	Escherichia coli (strain K12)	1:Experimental evidence at protein level	Pyruvate kinase I	1.0	0.999	6	46	46	46	1	1	0	0	0	1	0	1	4	5	6	4	5	7	6	5	1	1	0	0	0	1	0	1	4	5	6	4	5	7	6	5	1	1	0	0	0	1	0	1	4	5	6	4	5	7	6	5	0.0	0.0	0.0	0.0	0.0	1060.7861	0.0	0.0	9121.78	11025.105	14391.522	11261.895	10382.557	8909.844	11460.584	17643.406	0.0	0.0	0.0	0.0	0.0	1600.5563	0.0	0.0	4178.4277	3325.1697	4872.5312	4629.8633	3850.9683	5303.732	4201.58	5512.3022	
sp|P0ADB1|OSME_ECOLI	P0ADB1	OSME_ECOLI	osmE	112	Escherichia coli (strain K12)	2:Experimental evidence at transcript level	Osmotically-inducible putative lipoprotein OsmE	0.9713	0.999	1	2	2	2	0	0	0	0	0	0	0	0	0	0	0	0	1	0	1	0	0	0	0	0	0	0	0	0	0	0	0	0	1	0	1	0	0	0	0	0	0	0	0	0	0	0	0	0	1	0	1	0	0.0	0.0	0.0	0.0	0.0	0.0	0.0	0.0	0.0	0.0	0.0	0.0	0.0	0.0	0.0	0.0	0.0	0.0	0.0	0.0	0.0	0.0	0.0	0.0	0.0	0.0	0.0	0.0	0.0	0.0	0.0	0.0	
sp|P0ADE6|KBP_ECOLI	P0ADE6	KBP_ECOLI	kbp	149	Escherichia coli (strain K12)	1:Experimental evidence at protein level	Potassium binding protein Kbp	1.0	0.999	4	60	60	60	0	1	0	0	2	1	1	1	6	6	5	7	5	10	10	5	0	1	0	0	2	1	1	1	6	6	5	7	5	10	10	5	0	1	0	0	2	1	1	1	6	6	5	7	5	10	10	5	3463.4517	4971.0815	3832.3247	6470.714	5314.8354	3561.6907	2315.4019	3471.0403	40663.977	38371.72	21102.05	39959.57	20177.096	40187.164	37812.566	18372.783	4258.8438	6112.7056	2580.9287	4729.1797	6535.404	4379.6436	4244.635	4268.1753	12511.221	11832.406	12455.479	12332.307	11432.641	12709.148	11408.428	10844.829	
sp|P0ADG7|IMDH_ECOLI	P0ADG7	IMDH_ECOLI	guaB	488	Escherichia coli (strain K12)	1:Experimental evidence at protein level	Inosine-5'-monophosphate dehydrogenase	1.0	0.999	5	39	39	39	0	0	0	0	0	0	0	0	3	7	4	4	4	6	6	5	0	0	0	0	0	0	0	0	3	7	4	4	4	6	6	5	0	0	0	0	0	0	0	0	3	7	4	4	4	6	6	5	0.0	0.0	0.0	0.0	0.0	0.0	0.0	0.0	0.0	0.0	0.0	1913.524	0.0	2675.4497	0.0	747.5792	0.0	0.0	0.0	0.0	0.0	0.0	0.0	0.0	0.0	0.0	0.0	1913.524	0.0	2675.4497	0.0	0.0	
sp|P0ADP9|YIHD_ECOLI	P0ADP9	YIHD_ECOLI	yihD	89	Escherichia coli (strain K12)	1:Experimental evidence at protein level	Protein YihD	1.0	0.999	5	70	70	70	3	3	3	2	3	0	4	2	7	6	8	7	5	6	4	7	3	3	3	2	3	0	4	2	7	6	8	7	5	6	4	7	3	3	3	2	3	0	4	2	7	6	8	7	5	6	4	7	9150.0	10135.623	10027.153	7900.266	8576.228	7789.0215	8234.354	2621.1147	15888.637	37711.246	39593.832	34955.21	30622.828	32213.766	27578.191	40799.15	6296.043	6510.3296	6780.5312	4701.518	5858.148	5139.7764	4703.955	5508.207	12213.663	14563.417	15875.565	14791.951	16037.344	14088.025	11592.541	17503.324	
sp|P0ADU2|YGIN_ECOLI	P0ADU2	YGIN_ECOLI	ygiN	104	Escherichia coli (strain K12)	1:Experimental evidence at protein level	Probable quinol monooxygenase YgiN	0.9688	0.9989	1	1	1	1	0	0	0	0	0	0	0	0	0	0	0	1	0	0	0	0	0	0	0	0	0	0	0	0	0	0	0	1	0	0	0	0	0	0	0	0	0	0	0	0	0	0	0	1	0	0	0	0	0.0	0.0	0.0	0.0	0.0	0.0	0.0	0.0	0.0	0.0	0.0	0.0	0.0	0.0	0.0	0.0	0.0	0.0	0.0	0.0	0.0	0.0	0.0	0.0	0.0	0.0	0.0	0.0	0.0	0.0	0.0	0.0	
sp|P0ADV5|YHBW_ECOLI	P0ADV5	YHBW_ECOLI	yhbW	335	Escherichia coli (strain K12)	4:Protein predicted	Luciferase-like monooxygenase	0.9712	0.999	1	5	5	5	0	1	0	0	0	0	0	0	0	0	1	1	0	1	1	0	0	1	0	0	0	0	0	0	0	0	1	1	0	1	1	0	0	1	0	0	0	0	0	0	0	0	1	1	0	1	1	0	0.0	0.0	0.0	0.0	0.0	0.0	0.0	0.0	0.0	0.0	0.0	0.0	0.0	0.0	0.0	0.0	0.0	0.0	0.0	0.0	0.0	0.0	0.0	0.0	0.0	0.0	0.0	0.0	0.0	0.0	0.0	0.0	
sp|P0ADY3|RL14_ECOLI	P0ADY3	RL14_ECOLI	rplN	123	Escherichia coli (strain K12)	1:Experimental evidence at protein level	Large ribosomal subunit protein uL14	1.0	0.999	3	30	30	30	0	0	0	0	0	0	0	1	2	3	2	5	2	5	5	5	0	0	0	0	0	0	0	1	2	3	2	5	2	5	5	5	0	0	0	0	0	0	0	1	2	3	2	5	2	5	5	5	6958.327	3175.6975	3612.3833	5920.7812	7158.4043	6389.947	7017.7197	3012.637	18089.836	18542.18	17420.064	15850.578	18515.842	17857.951	17371.84	19615.777	3680.4697	3539.666	3591.3135	3092.0144	3783.9963	3355.317	3632.6313	3357.917	9483.115	9679.995	9119.176	8373.291	8858.91	9229.412	9121.853	9881.066	
sp|P0ADY7|RL16_ECOLI	P0ADY7	RL16_ECOLI	rplP	136	Escherichia coli (strain K12)	1:Experimental evidence at protein level	Large ribosomal subunit protein uL16	1.0	0.999	2	20	20	20	0	2	0	1	1	1	0	1	1	2	2	2	1	1	3	2	0	2	0	1	1	1	0	1	1	2	2	2	1	1	3	2	0	2	0	1	1	1	0	1	1	2	2	2	1	1	3	2	3594.7136	3863.298	2969.4224	3559.2712	4207.232	5727.756	3522.3381	3488.6914	15318.553	12762.377	12882.385	12099.554	0.0	14101.316	12675.504	12017.8125	3594.7136	3863.298	2969.4224	3559.2712	4207.232	3532.093	3522.3381	3488.6914	9220.756	7857.2812	8129.6904	7571.653	0.0	8715.964	8022.2134	7570.5654	
sp|P0ADZ0|RL23_ECOLI	P0ADZ0	RL23_ECOLI	rplW	100	Escherichia coli (strain K12)	1:Experimental evidence at protein level	Large ribosomal subunit protein uL23	1.0	0.999	3	26	26	26	0	0	0	0	0	1	0	0	2	4	4	3	2	4	3	3	0	0	0	0	0	1	0	0	2	4	4	3	2	4	3	3	0	0	0	0	0	1	0	0	2	4	4	3	2	4	3	3	0.0	0.0	0.0	0.0	0.0	0.0	0.0	0.0	18708.842	18767.271	18337.271	14411.721	19258.457	17263.926	17588.979	16613.316	0.0	0.0	0.0	0.0	0.0	0.0	0.0	0.0	9094.681	8452.583	8882.809	6563.5347	8853.91	7642.4272	7707.127	7395.629	
sp|P0ADZ4|RS15_ECOLI	P0ADZ4	RS15_ECOLI	rpsO	89	Escherichia coli (strain K12)	1:Experimental evidence at protein level	Small ribosomal subunit protein uS15	1.0	0.999	4	86	86	86	2	3	2	1	2	1	1	4	7	8	9	13	9	10	7	7	2	3	2	1	2	1	1	4	7	8	9	13	9	10	7	7	2	3	2	1	2	1	1	4	7	8	9	13	9	10	7	7	7442.536	7987.4297	8214.288	8059.8613	4298.4175	0.0	9376.687	7939.3096	36774.184	41066.875	30757.807	27986.225	39393.027	37263.97	17991.54	35389.887	4121.099	4346.696	4581.408	4625.159	4733.3267	0.0	5402.0615	4467.944	13177.466	12767.06	14354.93	13252.61	11818.044	14255.101	11004.563	13098.72	
sp|P0AE08|AHPC_ECOLI	P0AE08	AHPC_ECOLI	ahpC	187	Escherichia coli (strain K12)	1:Experimental evidence at protein level	Alkyl hydroperoxide reductase C	1.0	0.999	11	131	131	131	4	4	4	2	2	2	6	3	14	14	12	13	7	15	15	14	4	4	4	2	2	2	6	3	14	14	12	13	7	15	15	14	4	4	4	2	2	2	6	3	14	14	12	13	7	15	15	14	8708.34	8265.863	3136.9448	10192.764	6993.8447	8081.6206	8668.957	6642.0654	58929.07	69804.625	53364.406	60485.895	64050.65	55336.78	58425.22	59428.254	4872.653	3681.0244	3383.037	4196.615	3952.155	2948.2312	3322.2402	3768.3816	10444.52	10847.328	9483.782	9974.705	9955.8955	9009.758	10076.873	9803.142	
sp|P0AED0|USPA_ECOLI	P0AED0	USPA_ECOLI	uspA	144	Escherichia coli (strain K12)	1:Experimental evidence at protein level	Universal stress protein A	1.0	0.999	3	11	11	11	0	0	0	0	0	0	0	0	0	1	1	0	0	2	3	4	0	0	0	0	0	0	0	0	0	1	1	0	0	2	3	4	0	0	0	0	0	0	0	0	0	1	1	0	0	2	3	4	0.0	0.0	0.0	0.0	0.0	0.0	2493.108	0.0	5211.794	8149.581	2800.4763	7324.283	7452.6997	2438.591	4382.6978	9933.624	0.0	0.0	0.0	0.0	0.0	0.0	2250.3826	0.0	2918.248	4708.9385	4365.3267	4325.1836	4237.201	3801.2273	3956.005	4053.8335	
sp|P0AEG4|DSBA_ECOLI	P0AEG4	DSBA_ECOLI	dsbA	208	Escherichia coli (strain K12)	1:Experimental evidence at protein level	Thiol:disulfide interchange protein DsbA	0.969	0.9989	1	1	1	1	0	0	0	0	0	0	0	0	0	0	0	0	0	0	1	0	0	0	0	0	0	0	0	0	0	0	0	0	0	0	1	0	0	0	0	0	0	0	0	0	0	0	0	0	0	0	1	0	0.0	0.0	0.0	0.0	0.0	0.0	0.0	0.0	0.0	0.0	0.0	0.0	0.0	0.0	0.0	0.0	0.0	0.0	0.0	0.0	0.0	0.0	0.0	0.0	0.0	0.0	0.0	0.0	0.0	0.0	0.0	0.0	
sp|P0AEH5|ELAB_ECOLI	P0AEH5	ELAB_ECOLI	elaB	101	Escherichia coli (strain K12)	1:Experimental evidence at protein level	Protein ElaB	0.9713	0.999	1	23	23	23	2	1	2	1	1	1	2	0	1	3	1	2	2	1	2	1	2	1	2	1	1	1	2	0	1	3	1	2	2	1	2	1	2	1	2	1	1	1	2	0	1	3	1	2	2	1	2	1	0.0	0.0	0.0	0.0	0.0	0.0	0.0	0.0	4293.6655	5701.0063	4067.56	4200.6187	4788.0674	4529.3667	3487.936	4585.1777	0.0	0.0	0.0	0.0	0.0	0.0	0.0	0.0	4293.6655	5701.0063	4067.56	4200.6187	4788.0674	4529.3667	3487.936	4585.1777	
sp|P0AEK2|FABG_ECOLI	P0AEK2	FABG_ECOLI	fabG	244	Escherichia coli (strain K12)	1:Experimental evidence at protein level	3-oxoacyl-[acyl-carrier-protein] reductase FabG	1.0	0.999	10	94	94	94	2	3	3	2	5	3	2	3	3	9	8	8	7	7	15	14	2	3	3	2	5	3	2	3	3	9	8	8	7	7	15	14	2	3	3	2	5	3	2	3	3	9	8	8	7	7	15	14	2578.4368	2064.7102	0.0	3180.0571	2023.1608	2943.4634	0.0	2791.1526	13467.291	20102.002	20152.543	23258.547	18182.4	21077.887	19119.7	24727.227	2545.879	2038.6392	0.0	3139.9026	1997.6143	2906.2964	0.0	2755.9087	5781.739	5342.2505	5312.8774	4608.2104	5340.1226	5244.3003	4972.8765	5771.314	
sp|P0AEK4|FABI_ECOLI	P0AEK4	FABI_ECOLI	fabI	262	Escherichia coli (strain K12)	1:Experimental evidence at protein level	Enoyl-[acyl-carrier-protein] reductase [NADH] FabI	1.0	0.999	3	50	50	50	1	0	1	0	1	1	0	3	2	5	7	6	5	7	4	7	1	0	1	0	1	1	0	3	2	5	7	6	5	7	4	7	1	0	1	0	1	1	0	3	2	5	7	6	5	7	4	7	0.0	1967.171	0.0	0.0	0.0	0.0	0.0	0.0	8321.666	8838.963	7243.5283	9710.303	5865.4546	7894.546	7065.5747	5432.1436	0.0	2715.963	0.0	0.0	0.0	0.0	0.0	0.0	3416.8164	3411.6719	2849.836	4824.7764	3530.2888	4648.99	4031.793	3135.4585	
sp|P0AEQ3|GLNH_ECOLI	P0AEQ3	GLNH_ECOLI	glnH	248	Escherichia coli (strain K12)	1:Experimental evidence at protein level	Glutamine-binding periplasmic protein	1.0	0.999	9	89	89	89	1	3	1	1	1	1	1	1	10	9	8	12	6	13	9	12	1	3	1	1	1	1	1	1	10	9	8	12	6	13	9	12	1	3	1	1	1	1	1	1	10	9	8	12	6	13	9	12	4090.1318	7256.305	17685.932	13203.342	14806.959	14602.773	7786.7686	20305.396	41884.85	49488.316	43925.05	41422.664	34970.316	43964.164	42623.68	40696.07	4612.6245	4704.033	4931.4795	5465.529	5922.2124	5660.1973	5016.383	6951.9717	11239.168	11312.962	10775.292	10604.683	11183.968	10753.919	11372.333	12452.835	
sp|P0AEU0|HISJ_ECOLI	P0AEU0	HISJ_ECOLI	hisJ	260	Escherichia coli (strain K12)	1:Experimental evidence at protein level	Histidine-binding periplasmic protein	1.0	0.999	4	50	50	50	1	0	1	0	0	1	1	1	2	4	6	8	5	6	8	6	1	0	1	0	0	1	1	1	2	4	6	8	5	6	8	6	1	0	1	0	0	1	1	1	2	4	6	8	5	6	8	6	0.0	0.0	0.0	0.0	0.0	0.0	0.0	0.0	8658.257	15581.239	14179.65	16954.12	13003.881	11548.507	14000.165	11379.58	0.0	0.0	0.0	0.0	0.0	0.0	0.0	0.0	5320.898	5608.9097	5388.8843	5800.6963	6608.317	6159.8135	6168.8716	6234.1196	
sp|P0AEU7|SKP_ECOLI	P0AEU7	SKP_ECOLI	skp	161	Escherichia coli (strain K12)	1:Experimental evidence at protein level	Chaperone protein Skp	1.0	0.999	3	33	33	33	1	0	0	0	0	1	0	0	2	4	5	3	2	5	5	5	1	0	0	0	0	1	0	0	2	4	5	3	2	5	5	5	1	0	0	0	0	1	0	0	2	4	5	3	2	5	5	5	0.0	0.0	0.0	0.0	0.0	0.0	0.0	0.0	12670.694	11751.376	9649.103	12269.275	14105.391	13128.551	8905.154	13821.844	0.0	0.0	0.0	0.0	0.0	0.0	0.0	0.0	5515.7915	5113.433	7055.305	5571.865	6888.7036	5903.791	4975.194	6400.905	
sp|P0AEX9|MALE_ECOLI	P0AEX9	MALE_ECOLI	malE	396	Escherichia coli (strain K12)	1:Experimental evidence at protein level	Maltose/maltodextrin-binding periplasmic protein	1.0	0.999	15	219	219	219	4	6	7	6	6	5	10	9	20	20	22	22	17	19	28	18	4	6	7	6	6	5	10	9	20	20	22	22	17	19	28	18	4	6	7	6	6	5	10	9	20	20	22	22	17	19	28	18	11958.901	12494.437	10003.471	16213.608	22563.48	24380.854	25000.818	24898.336	57205.926	59281.145	57343.055	76418.55	56422.137	47322.88	70908.09	76440.8	5050.4893	6121.7646	5587.037	6834.6123	6123.579	5783.4175	6324.154	7409.553	13198.75	15960.723	15329.411	14887.862	15043.071	14616.821	13568.022	15204.269	
sp|P0AEZ3|MIND_ECOLI	P0AEZ3	MIND_ECOLI	minD	270	Escherichia coli (strain K12)	1:Experimental evidence at protein level	Septum site-determining protein MinD	1.0	0.9989	2	8	8	8	0	0	0	0	0	0	0	0	0	0	2	2	1	2	1	0	0	0	0	0	0	0	0	0	0	0	2	2	1	2	1	0	0	0	0	0	0	0	0	0	0	0	2	2	1	2	1	0	0.0	0.0	0.0	0.0	0.0	0.0	0.0	0.0	0.0	0.0	0.0	2503.672	0.0	0.0	0.0	0.0	0.0	0.0	0.0	0.0	0.0	0.0	0.0	0.0	0.0	0.0	0.0	0.0	0.0	0.0	0.0	0.0	
sp|P0AF12|MTNN_ECOLI	P0AF12	MTNN_ECOLI	mtnN	232	Escherichia coli (strain K12)	1:Experimental evidence at protein level	5'-methylthioadenosine/S-adenosylhomocysteine nucleosidase	1.0	0.999	3	7	7	7	0	0	0	0	0	0	0	0	0	1	0	2	0	0	1	3	0	0	0	0	0	0	0	0	0	1	0	2	0	0	1	3	0	0	0	0	0	0	0	0	0	1	0	2	0	0	1	3	0.0	0.0	0.0	0.0	0.0	0.0	0.0	0.0	0.0	2085.3594	0.0	3201.4463	3383.1113	534.41626	0.0	2949.1382	0.0	0.0	0.0	0.0	0.0	0.0	0.0	0.0	0.0	2085.3594	0.0	3201.4463	3383.1113	534.41626	0.0	2949.1382	
sp|P0AF28|NARL_ECOLI	P0AF28	NARL_ECOLI	narL	216	Escherichia coli (strain K12)	1:Experimental evidence at protein level	Nitrate/nitrite response regulator protein NarL	1.0	0.999	2	8	8	8	1	0	0	0	0	0	0	0	0	2	1	0	0	3	0	1	1	0	0	0	0	0	0	0	0	2	1	0	0	3	0	1	1	0	0	0	0	0	0	0	0	2	1	0	0	3	0	1	0.0	0.0	0.0	0.0	0.0	0.0	0.0	0.0	2530.6497	2212.4846	2568.9556	2532.0562	0.0	3337.2615	2191.0945	3086.2312	0.0	0.0	0.0	0.0	0.0	0.0	0.0	0.0	2530.6497	2212.4846	2568.9556	2532.0562	0.0	3337.2615	2191.0945	3086.2312	
sp|P0AF36|ZAPB_ECOLI	P0AF36	ZAPB_ECOLI	zapB	81	Escherichia coli (strain K12)	1:Experimental evidence at protein level	Cell division protein ZapB	1.0	0.999	3	65	65	65	2	2	2	2	3	1	1	2	5	7	6	8	6	5	7	6	2	2	2	2	3	1	1	2	5	7	6	8	6	5	7	6	2	2	2	2	3	1	1	2	5	7	6	8	6	5	7	6	0.0	0.0	0.0	0.0	0.0	0.0	0.0	0.0	16456.832	12460.6455	15961.976	12255.326	23908.688	19108.434	14098.6045	24037.947	0.0	0.0	0.0	0.0	0.0	0.0	0.0	0.0	6203.0176	5719.7793	6033.092	5821.162	5546.5044	5840.2227	5754.3857	6186.6016	
sp|P0AF93|RIDA_ECOLI	P0AF93	RIDA_ECOLI	ridA	128	Escherichia coli (strain K12)	1:Experimental evidence at protein level	2-iminobutanoate/2-iminopropanoate deaminase	1.0	0.999	6	33	32	33	0	0	0	0	0	0	0	0	5	4	6	4	4	5	1	4	0	0	0	0	0	0	0	0	5	4	6	4	4	5	1	3	0	0	0	0	0	0	0	0	5	4	6	4	4	5	1	4	0.0	1241.0596	0.0	2605.1455	2528.7844	2402.4902	0.0	0.0	13135.866	12915.73	15250.084	14043.59	24062.023	12880.492	15513.357	15283.243	0.0	1241.0596	0.0	2605.1455	2528.7844	2402.4902	0.0	0.0	7402.5454	7424.239	8813.767	8130.104	8262.075	7382.464	7340.306	7960.475	
sp|P0AFD1|NUOE_ECOLI	P0AFD1	NUOE_ECOLI	nuoE	166	Escherichia coli (strain K12)	1:Experimental evidence at protein level	NADH-quinone oxidoreductase subunit E	1.0	0.9953	3	4	4	4	0	0	0	0	0	0	0	0	3	0	1	0	0	0	0	0	0	0	0	0	0	0	0	0	3	0	1	0	0	0	0	0	0	0	0	0	0	0	0	0	3	0	1	0	0	0	0	0	0.0	0.0	0.0	0.0	0.0	0.0	0.0	0.0	2723.8232	2908.435	0.0	0.0	0.0	2699.0276	3061.2214	2505.6262	0.0	0.0	0.0	0.0	0.0	0.0	0.0	0.0	2723.8232	2908.435	0.0	0.0	0.0	2699.0276	3061.2214	2505.6262	
sp|P0AFG0|NUSG_ECOLI	P0AFG0	NUSG_ECOLI	nusG	181	Escherichia coli (strain K12)	1:Experimental evidence at protein level	Transcription termination/antitermination protein NusG	1.0	0.999	3	62	62	62	0	0	0	1	1	2	0	1	3	7	10	8	8	10	5	6	0	0	0	1	1	2	0	1	3	7	10	8	8	10	5	6	0	0	0	1	1	2	0	1	3	7	10	8	8	10	5	6	0.0	0.0	0.0	0.0	0.0	0.0	0.0	0.0	2331.2627	6214.416	2033.5605	6505.3	6006.505	5239.908	5160.79	6092.247	0.0	0.0	0.0	0.0	0.0	0.0	0.0	0.0	2968.8723	3485.2932	2013.5002	3643.6362	3372.256	2926.7344	2712.8489	3272.884	
sp|P0AFG6|ODO2_ECOLI	P0AFG6	ODO2_ECOLI	sucB	405	Escherichia coli (strain K12)	1:Experimental evidence at protein level	Dihydrolipoyllysine-residue succinyltransferase component of 2-oxoglutarate dehydrogenase complex	1.0	0.999	3	33	33	33	1	1	0	1	0	0	0	2	2	4	2	6	3	3	4	4	1	1	0	1	0	0	0	2	2	4	2	6	3	3	4	4	1	1	0	1	0	0	0	2	2	4	2	6	3	3	4	4	3663.82	2374.8967	2611.3926	0.0	1415.8969	4515.902	2247.4155	1434.2032	14237.684	20493.945	23896.707	14408.941	23625.07	20152.908	23503.383	23193.484	3888.2146	2520.3499	2771.33	0.0	1502.615	4792.483	2385.0608	1522.0426	9638.524	8396.87	8977.967	9353.801	8716.219	8306.54	9666.031	9087.028	
sp|P0AFG8|ODP1_ECOLI	P0AFG8	ODP1_ECOLI	aceE	887	Escherichia coli (strain K12)	1:Experimental evidence at protein level	Pyruvate dehydrogenase E1 component	1.0	0.999	5	43	43	43	1	0	1	0	2	0	1	0	4	6	3	6	7	4	5	3	1	0	1	0	2	0	1	0	4	6	3	6	7	4	5	3	1	0	1	0	2	0	1	0	4	6	3	6	7	4	5	3	0.0	0.0	0.0	0.0	0.0	0.0	0.0	0.0	6543.126	7985.5146	7269.7183	5492.749	8417.85	6227.1865	3645.3362	5740.845	0.0	0.0	0.0	0.0	0.0	0.0	0.0	0.0	3683.1538	4516.0186	3961.6575	3065.6875	4875.3633	3525.734	4949.2256	3123.8005	
sp|P0AFH8|OSMY_ECOLI	P0AFH8	OSMY_ECOLI	osmY	201	Escherichia coli (strain K12)	1:Experimental evidence at protein level	Osmotically-inducible protein Y	1.0	0.999	5	33	33	33	0	0	0	0	0	0	0	0	3	3	4	5	0	7	6	5	0	0	0	0	0	0	0	0	3	3	4	5	0	7	6	5	0	0	0	0	0	0	0	0	3	3	4	5	0	7	6	5	1936.611	0.0	0.0	0.0	1661.0184	0.0	0.0	0.0	17369.883	12919.752	17738.854	18472.748	17632.434	17763.02	11835.998	19699.07	2166.3838	0.0	0.0	0.0	1858.0931	0.0	0.0	0.0	6511.983	6946.5225	6084.5073	6379.7607	5957.2847	5948.7905	6294.891	6711.86	
sp|P0AFK0|PMBA_ECOLI	P0AFK0	PMBA_ECOLI	pmbA	450	Escherichia coli (strain K12)	1:Experimental evidence at protein level	Metalloprotease PmbA	0.9683	0.9989	1	1	1	1	0	0	0	0	0	0	0	0	0	1	0	0	0	0	0	0	0	0	0	0	0	0	0	0	0	1	0	0	0	0	0	0	0	0	0	0	0	0	0	0	0	1	0	0	0	0	0	0	0.0	0.0	0.0	0.0	0.0	0.0	0.0	0.0	0.0	0.0	0.0	0.0	0.0	0.0	0.0	0.0	0.0	0.0	0.0	0.0	0.0	0.0	0.0	0.0	0.0	0.0	0.0	0.0	0.0	0.0	0.0	0.0	
sp|P0AFL3|PPIA_ECOLI	P0AFL3	PPIA_ECOLI	ppiA	190	Escherichia coli (strain K12)	1:Experimental evidence at protein level	Peptidyl-prolyl cis-trans isomerase A	1.0	0.999	3	23	23	23	1	1	2	1	2	1	1	1	1	3	2	2	1	2	1	1	1	1	2	1	2	1	1	1	1	3	2	2	1	2	1	1	1	1	2	1	2	1	1	1	1	3	2	2	1	2	1	1	7428.237	5426.12	4920.8506	6591.349	5477.566	4715.788	6236.3325	6514.955	13641.287	13996.855	14256.519	15910.465	13020.758	13441.85	13407.216	12501.48	7428.237	5426.12	4920.8506	6591.349	5477.566	4715.788	6236.3325	6514.955	11855.061	13996.855	11975.213	13509.066	11124.731	11488.802	11617.026	10690.892	
sp|P0AFM2|PROX_ECOLI	P0AFM2	PROX_ECOLI	proX	330	Escherichia coli (strain K12)	1:Experimental evidence at protein level	Glycine betaine/proline betaine-binding periplasmic protein	1.0	0.999	11	176	176	176	3	6	4	5	5	2	6	8	17	17	19	18	16	19	15	16	3	6	4	5	5	2	6	8	17	17	19	18	16	19	15	16	3	6	4	5	5	2	6	8	17	17	19	18	16	19	15	16	20965.625	15600.537	20654.797	11648.311	19012.998	17338.87	18937.062	19400.01	53939.18	70458.85	80068.875	81031.875	81372.62	70041.57	73627.35	67391.02	7736.738	6050.0957	6824.6494	7632.664	5910.8677	6956.4253	6958.4805	9404.311	13975.865	14849.013	16354.357	15588.909	16394.648	14819.315	14787.94	14208.075	
sp|P0AFM6|PSPA_ECOLI	P0AFM6	PSPA_ECOLI	pspA	222	Escherichia coli (strain K12)	1:Experimental evidence at protein level	Phage shock protein A	1.0	0.999	2	3	3	3	0	0	0	0	0	0	0	0	1	0	0	0	0	0	0	2	0	0	0	0	0	0	0	0	1	0	0	0	0	0	0	2	0	0	0	0	0	0	0	0	1	0	0	0	0	0	0	2	0.0	0.0	0.0	0.0	0.0	0.0	0.0	3221.179	4505.893	5290.447	4132.208	3627.6064	3453.1042	5522.329	4158.8594	4909.5894	0.0	0.0	0.0	0.0	0.0	0.0	0.0	3221.179	4505.893	5290.447	4132.208	3627.6064	3453.1042	5522.329	4158.8594	4909.5894	
sp|P0AFR4|YCIO_ECOLI	P0AFR4	YCIO_ECOLI	yciO	206	Escherichia coli (strain K12)	1:Experimental evidence at protein level	Threonylcarbamoyl-AMP synthase YciO	0.9713	0.999	1	15	15	15	0	0	0	1	0	0	0	0	2	2	2	1	1	2	2	2	0	0	0	1	0	0	0	0	2	2	2	1	1	2	2	2	0	0	0	1	0	0	0	0	2	2	2	1	1	2	2	2	0.0	0.0	0.0	0.0	0.0	0.0	0.0	0.0	0.0	3509.918	0.0	1361.5487	0.0	0.0	0.0	2296.3022	0.0	0.0	0.0	0.0	0.0	0.0	0.0	0.0	0.0	3509.918	0.0	1361.5487	0.0	0.0	0.0	2296.3022	
sp|P0AFW2|RMF_ECOLI	P0AFW2	RMF_ECOLI	rmf	55	Escherichia coli (strain K12)	1:Experimental evidence at protein level	Ribosome modulation factor	0.9592	0.9986	1	6	6	6	0	0	0	0	0	0	0	0	1	1	1	1	0	1	0	1	0	0	0	0	0	0	0	0	1	1	1	1	0	1	0	1	0	0	0	0	0	0	0	0	1	1	1	1	0	1	0	1	0.0	0.0	0.0	0.0	0.0	0.0	0.0	0.0	3469.6514	3746.7363	3530.2864	2896.2114	3414.7324	3305.522	3012.1284	2875.2651	0.0	0.0	0.0	0.0	0.0	0.0	0.0	0.0	3469.6514	3746.7363	3530.2864	2896.2114	3414.7324	3305.522	3012.1284	2875.2651	
sp|P0AFX0|HPF_ECOLI	P0AFX0	HPF_ECOLI	hpf	95	Escherichia coli (strain K12)	1:Experimental evidence at protein level	Ribosome hibernation promoting factor	1.0	0.999	4	83	83	83	4	3	3	3	4	4	4	1	4	6	8	11	7	9	5	7	4	3	3	3	4	4	4	1	4	6	8	11	7	9	5	7	4	3	3	3	4	4	4	1	4	6	8	11	7	9	5	7	5049.402	4553.2964	7768.4297	5462.539	7136.954	6283.7983	6265.236	6685.7446	20457.977	23799.123	19313.598	12996.563	26621.158	23885.996	16241.926	21563.357	5101.9756	4600.7046	4543.5776	5519.414	4138.592	4273.5435	3677.425	3916.665	7848.848	8653.472	7323.173	8491.727	9376.0205	8657.544	8110.296	8247.54	
sp|P0AG07|RPE_ECOLI	P0AG07	RPE_ECOLI	rpe	225	Escherichia coli (strain K12)	1:Experimental evidence at protein level	Ribulose-phosphate 3-epimerase	1.0	0.9989	3	7	7	7	0	0	0	0	0	0	0	0	1	2	1	2	0	0	0	1	0	0	0	0	0	0	0	0	1	2	1	2	0	0	0	1	0	0	0	0	0	0	0	0	1	2	1	2	0	0	0	1	0.0	0.0	0.0	0.0	0.0	0.0	0.0	0.0	0.0	0.0	0.0	0.0	0.0	0.0	0.0	0.0	0.0	0.0	0.0	0.0	0.0	0.0	0.0	0.0	0.0	0.0	0.0	0.0	0.0	0.0	0.0	0.0	
sp|P0AG30|RHO_ECOLI	P0AG30	RHO_ECOLI	rho	419	Escherichia coli (strain K12)	1:Experimental evidence at protein level	Transcription termination factor Rho	1.0	0.999	9	81	81	81	1	0	0	2	0	1	2	1	9	11	8	9	7	10	12	8	1	0	0	2	0	1	2	1	9	11	8	9	7	10	12	8	1	0	0	2	0	1	2	1	9	11	8	9	7	10	12	8	0.0	0.0	0.0	0.0	0.0	0.0	0.0	0.0	19022.58	18935.164	25367.541	22005.512	21868.033	25200.719	26005.178	26898.566	0.0	0.0	0.0	0.0	0.0	0.0	0.0	0.0	5013.805	4483.4297	5133.127	5124.8276	4299.81	4379.8906	5238.806	5643.6885	
sp|P0AG44|RL17_ECOLI	P0AG44	RL17_ECOLI	rplQ	127	Escherichia coli (strain K12)	1:Experimental evidence at protein level	Large ribosomal subunit protein bL17	1.0	0.999	4	64	64	64	0	2	1	1	0	1	1	1	7	5	8	7	7	7	9	7	0	2	1	1	0	1	1	1	7	5	8	7	7	7	9	7	0	2	1	1	0	1	1	1	7	5	8	7	7	7	9	7	0.0	3526.4338	3053.658	4255.4116	0.0	9672.454	6108.182	3282.767	35758.504	33850.414	36138.402	35982.86	35405.555	33601.152	34938.754	34857.703	0.0	3640.7058	3152.6099	4393.3057	0.0	3375.302	4029.1267	3389.143	11302.209	10558.202	11049.866	11340.249	10831.015	10548.065	10773.445	10910.502	
sp|P0AG48|RL21_ECOLI	P0AG48	RL21_ECOLI	rplU	103	Escherichia coli (strain K12)	1:Experimental evidence at protein level	Large ribosomal subunit protein bL21	1.0	0.999	3	45	45	45	0	0	0	0	0	0	1	0	6	6	4	5	4	6	8	5	0	0	0	0	0	0	1	0	6	6	4	5	4	6	8	5	0	0	0	0	0	0	1	0	6	6	4	5	4	6	8	5	929.6533	0.0	0.0	15340.29	0.0	2996.7532	3175.974	0.0	14366.452	16040.543	18737.77	16805.238	23046.625	16027.182	16759.332	16466.762	1290.0538	0.0	0.0	21287.29	0.0	1732.4386	2998.7795	0.0	5900.4526	6507.248	7816.8394	6664.3022	9633.451	6093.42	6875.168	6877.054	
sp|P0AG51|RL30_ECOLI	P0AG51	RL30_ECOLI	rpmD	59	Escherichia coli (strain K12)	1:Experimental evidence at protein level	Large ribosomal subunit protein uL30	1.0	0.999	3	21	21	21	0	0	0	0	0	0	0	0	4	3	3	2	2	1	3	3	0	0	0	0	0	0	0	0	4	3	3	2	2	1	3	3	0	0	0	0	0	0	0	0	4	3	3	2	2	1	3	3	1575.7544	3073.5205	3656.77	0.0	3019.787	808.14636	5651.7905	3156.8252	19726.418	15000.518	19097.434	17404.168	17673.7	17834.84	19558.793	18236.578	1514.2683	2953.5913	3514.0825	0.0	2901.9546	2069.6467	3943.6401	3033.6455	10527.181	9640.778	9689.878	8774.923	9115.767	9201.578	9946.598	8799.421	
sp|P0AG55|RL6_ECOLI	P0AG55	RL6_ECOLI	rplF	177	Escherichia coli (strain K12)	1:Experimental evidence at protein level	Large ribosomal subunit protein uL6	1.0	0.999	10	195	195	195	8	4	7	3	6	6	8	6	18	19	20	19	16	19	19	17	8	4	7	3	6	6	8	6	18	19	20	19	16	19	19	17	8	4	7	3	6	6	8	6	18	19	20	19	16	19	19	17	21845.846	26126.23	22478.43	20209.938	25615.148	28301.64	27872.113	21635.668	90871.64	108508.03	109813.25	103209.8	94588.26	102479.445	112457.59	110641.336	5788.887	5596.9287	6032.5264	5141.47	5844.5415	5869.7285	5627.13	5932.9204	16397.8	17010.486	17463.307	17718.512	17189.346	16852.73	18189.904	17590.738	
sp|P0AG59|RS14_ECOLI	P0AG59	RS14_ECOLI	rpsN	101	Escherichia coli (strain K12)	1:Experimental evidence at protein level	Small ribosomal subunit protein uS14	1.0	0.999	3	15	15	15	0	0	0	0	0	0	0	0	1	2	3	2	0	2	2	3	0	0	0	0	0	0	0	0	1	2	3	2	0	2	2	3	0	0	0	0	0	0	0	0	1	2	3	2	0	2	2	3	4327.857	5126.9985	4495.2534	3421.442	4121.991	0.0	4473.7817	4572.15	21186.633	19113.176	19043.42	20006.166	15167.066	15269.349	21182.648	19577.406	4327.857	5126.9985	4495.2534	3421.442	4121.991	0.0	4473.7817	4572.15	13860.938	12826.17	12976.972	13419.278	10576.82	11749.171	14368.749	13289.608	
sp|P0AG63|RS17_ECOLI	P0AG63	RS17_ECOLI	rpsQ	84	Escherichia coli (strain K12)	1:Experimental evidence at protein level	Small ribosomal subunit protein uS17	1.0	0.999	2	15	15	15	0	0	0	0	0	0	0	0	2	3	2	1	1	2	2	2	0	0	0	0	0	0	0	0	2	3	2	1	1	2	2	2	0	0	0	0	0	0	0	0	2	3	2	1	1	2	2	2	2711.9949	3551.2808	2216.091	3667.252	3115.0154	2709.9148	3481.3298	3002.883	9726.861	18337.834	18020.82	16763.91	16007.881	16717.32	14072.712	19081.113	2792.844	3657.1504	2282.1565	3776.5789	3207.8792	2790.702	3585.114	3092.404	10016.835	7720.6704	8509.843	8559.189	8199.983	8435.964	7771.67	9390.143	
sp|P0AG67|RS1_ECOLI	P0AG67	RS1_ECOLI	rpsA	557	Escherichia coli (strain K12)	1:Experimental evidence at protein level	Small ribosomal subunit protein bS1	1.0	0.999	20	206	206	206	2	3	2	1	2	1	7	7	15	21	23	25	19	27	25	26	2	3	2	1	2	1	7	7	15	21	23	25	19	27	25	26	2	3	2	1	2	1	7	7	15	21	23	25	19	27	25	26	17739.096	12129.023	11978.133	15734.028	17867.127	26617.18	16907.547	20482.42	89526.0	107083.53	86934.47	100828.89	109570.78	108406.0	87216.92	105613.11	3604.43	3736.3342	3568.464	3523.137	4316.7725	4216.48	3770.6265	4317.713	8727.929	8769.953	8613.994	8904.072	9756.218	8945.094	9725.839	8954.046	
sp|P0AGD1|SODC_ECOLI	P0AGD1	SODC_ECOLI	sodC	173	Escherichia coli (strain K12)	1:Experimental evidence at protein level	Superoxide dismutase [Cu-Zn]	0.9998	0.9968	2	2	2	2	0	0	0	0	0	0	0	0	0	0	1	0	0	0	0	1	0	0	0	0	0	0	0	0	0	0	1	0	0	0	0	1	0	0	0	0	0	0	0	0	0	0	1	0	0	0	0	1	0.0	0.0	0.0	0.0	0.0	0.0	0.0	0.0	0.0	0.0	0.0	0.0	0.0	0.0	0.0	0.0	0.0	0.0	0.0	0.0	0.0	0.0	0.0	0.0	0.0	0.0	0.0	0.0	0.0	0.0	0.0	0.0	
sp|P0AGD3|SODF_ECOLI	P0AGD3	SODF_ECOLI	sodB	193	Escherichia coli (strain K12)	1:Experimental evidence at protein level	Superoxide dismutase [Fe]	1.0	0.999	4	69	69	69	3	1	3	1	5	2	1	3	5	4	5	8	8	7	7	6	3	1	3	1	5	2	1	3	5	4	5	8	8	7	7	6	3	1	3	1	5	2	1	3	5	4	5	8	8	7	7	6	5399.766	4456.2856	6356.2236	0.0	8087.8516	4626.2334	6210.159	4348.927	28283.871	30138.252	29166.488	33394.832	28697.154	33206.36	27662.969	30607.053	5399.766	4456.2856	6356.2236	0.0	5575.685	4626.2334	6210.159	4348.927	12803.826	14182.287	12606.048	16291.692	17784.502	16002.611	17106.992	14499.321	
sp|P0AGE0|SSB_ECOLI	P0AGE0	SSB_ECOLI	ssb	178	Escherichia coli (strain K12)	1:Experimental evidence at protein level	Single-stranded DNA-binding protein	1.0	0.999	4	7	7	7	0	0	0	0	0	0	0	0	0	1	1	1	2	0	2	0	0	0	0	0	0	0	0	0	0	1	1	1	2	0	2	0	0	0	0	0	0	0	0	0	0	1	1	1	2	0	2	0	0.0	0.0	0.0	0.0	0.0	0.0	0.0	0.0	4754.8877	5198.0303	4558.0127	6418.2393	8151.7705	5315.743	8269.807	4502.849	0.0	0.0	0.0	0.0	0.0	0.0	0.0	0.0	2779.2542	3001.5735	2669.09	2727.0107	3080.136	3165.2283	3563.943	2632.7217	
sp|P0AGE9|SUCD_ECOLI	P0AGE9	SUCD_ECOLI	sucD	289	Escherichia coli (strain K12)	1:Experimental evidence at protein level	Succinate--CoA ligase [ADP-forming] subunit alpha	1.0	0.999	11	154	154	154	2	2	1	3	1	0	1	0	17	16	21	14	15	19	24	18	2	2	1	3	1	0	1	0	17	16	21	14	15	19	24	18	2	2	1	3	1	0	1	0	17	16	21	14	15	19	24	18	4219.311	5910.0396	1575.5078	5343.632	6925.306	2378.1787	6118.823	5653.16	41414.312	53878.63	50361.77	50201.203	60666.445	47800.926	46016.5	55941.297	2575.4587	3274.8123	1734.5161	3000.4324	2511.4397	2618.1968	3639.1448	3198.9446	6535.4956	7861.304	7159.8174	6915.75	6894.2793	7009.4297	7130.9575	7572.4966	
sp|P0AGK8|ISCR_ECOLI	P0AGK8	ISCR_ECOLI	iscR	162	Escherichia coli (strain K12)	1:Experimental evidence at protein level	HTH-type transcriptional regulator IscR	0.9121	0.9967	1	1	1	1	0	0	0	0	0	0	0	0	0	0	1	0	0	0	0	0	0	0	0	0	0	0	0	0	0	0	1	0	0	0	0	0	0	0	0	0	0	0	0	0	0	0	1	0	0	0	0	0	0.0	0.0	0.0	0.0	0.0	0.0	0.0	0.0	0.0	0.0	0.0	0.0	0.0	0.0	0.0	0.0	0.0	0.0	0.0	0.0	0.0	0.0	0.0	0.0	0.0	0.0	0.0	0.0	0.0	0.0	0.0	0.0	
sp|P0C018|RL18_ECOLI	P0C018	RL18_ECOLI	rplR	117	Escherichia coli (strain K12)	1:Experimental evidence at protein level	Large ribosomal subunit protein uL18	1.0	0.999	5	107	107	107	1	7	5	3	7	3	7	4	11	7	9	7	8	10	10	8	1	7	5	3	7	3	7	4	11	7	9	7	8	10	10	8	1	7	5	3	7	3	7	4	11	7	9	7	8	10	10	8	8278.76	7048.978	12205.93	10387.266	9418.521	17632.71	14573.103	10749.155	43786.594	47696.203	46543.76	47893.203	45030.27	49870.29	47268.414	50660.305	5792.1562	5726.9683	7642.5977	6843.112	6713.686	9321.652	7527.509	6138.032	20210.797	21246.365	20991.438	21512.361	19433.428	21518.75	20303.395	21818.668	
sp|P0C0L2|OSMC_ECOLI	P0C0L2	OSMC_ECOLI	osmC	143	Escherichia coli (strain K12)	1:Experimental evidence at protein level	Peroxiredoxin OsmC	1.0	0.999	4	24	24	24	0	0	0	0	0	0	0	0	3	2	1	5	2	3	4	4	0	0	0	0	0	0	0	0	3	2	1	5	2	3	4	4	0	0	0	0	0	0	0	0	3	2	1	5	2	3	4	4	0.0	0.0	2834.1577	1872.2744	2975.5645	3419.126	0.0	0.0	16234.588	18163.906	19736.338	19049.72	23068.041	19613.002	22653.102	20942.293	0.0	0.0	3543.64	2340.9658	3720.4453	4275.045	0.0	0.0	5650.4937	6284.0757	6425.375	5724.4473	6775.298	6499.746	7390.2285	6575.649	
sp|P0C0S5|H2AZ_HUMAN	P0C0S5	H2AZ_HUMAN	H2AZ1	128	Homo sapiens	1:Experimental evidence at protein level	Histone H2A.Z	1.0	0.999	4	45	0	104	2	2	2	1	1	4	3	4	3	3	2	4	2	3	3	6	0	0	0	0	0	0	0	0	0	0	0	0	0	0	0	0	6	7	6	4	3	8	6	8	7	7	5	8	4	8	7	10	10579.717	9776.966	12036.77	9302.107	9380.282	10509.512	7948.2363	7769.027	13845.094	11783.158	12149.133	8043.386	13096.387	3592.356	12264.9	11765.461	5943.3545	5452.411	6749.14	5031.895	5236.4917	5914.8433	4401.7246	4276.9194	7793.224	6598.3916	6835.073	8301.222	7300.447	3707.511	6862.2285	6572.844	sp|Q71UI9|H2AV_HUMAN
sp|P0C0T4|RS25B_YEAST	P0C0T4	RS25B_YEAST	RPS25B	108	Saccharomyces cerevisiae (strain ATCC 204508 / S288c)	1:Experimental evidence at protein level	Small ribosomal subunit protein eS25B	1.0	0.999	2	29	0	29	2	2	1	0	2	2	3	2	2	3	3	1	0	2	2	2	0	0	0	0	0	0	0	0	0	0	0	0	0	0	0	0	2	2	1	0	2	2	3	2	2	3	3	1	0	2	2	2	12957.633	7409.2837	6489.645	12328.725	16668.686	14117.175	13001.082	13453.691	10447.422	8465.16	3458.1758	8103.8486	7191.6846	9238.16	8313.717	8705.178	7143.2744	9700.308	6282.8013	6873.184	9182.401	7777.962	7347.741	7529.4966	5884.849	4610.0205	4527.478	4396.551	4092.0447	5016.986	4723.732	4700.0786	sp|Q3E792|RS25A_YEAST
sp|P0C0W1|RS22A_YEAST	P0C0W1	RS22A_YEAST	RPS22A	130	Saccharomyces cerevisiae (strain ATCC 204508 / S288c)	1:Experimental evidence at protein level	Small ribosomal subunit protein uS8A	0.9713	0.999	1	22	0	22	3	2	3	2	1	1	1	3	0	2	1	1	1	1	0	0	0	0	0	0	0	0	0	0	0	0	0	0	0	0	0	0	3	2	3	2	1	1	1	3	0	2	1	1	1	1	0	0	0.0	4038.845	0.0	1986.9283	3273.1533	0.0	4198.0693	4034.1814	0.0	0.0	0.0	0.0	2884.5862	0.0	1047.5281	3133.5461	0.0	4038.845	0.0	1986.9283	3273.1533	0.0	4198.0693	4034.1814	0.0	0.0	0.0	0.0	2884.5862	0.0	1047.5281	3133.5461	sp|Q3E7Y3|RS22B_YEAST
sp|P0C0W9|RL11A_YEAST	P0C0W9	RL11A_YEAST	RPL11A	174	Saccharomyces cerevisiae (strain ATCC 204508 / S288c)	1:Experimental evidence at protein level	Large ribosomal subunit protein uL5A	1.0	0.999	8	33	0	33	3	4	3	2	4	5	5	2	0	1	0	1	0	2	0	1	0	0	0	0	0	0	0	0	0	0	0	0	0	0	0	0	3	4	3	2	4	5	5	2	0	1	0	1	0	2	0	1	23866.102	23640.11	18877.453	27062.293	21341.53	19425.178	25033.16	27416.498	0.0	8413.483	0.0	5182.86	4849.47	8482.213	6935.444	6739.014	7375.179	6810.7085	6616.991	7119.075	6680.104	6276.8335	6930.3643	7096.838	0.0	4931.66	0.0	5266.015	4747.186	4985.8413	3740.9595	3578.4263	sp|Q3E757|RL11B_YEAST
sp|P0C2H6|RL27A_YEAST	P0C2H6	RL27A_YEAST	RPL27A	136	Saccharomyces cerevisiae (strain ATCC 204508 / S288c)	1:Experimental evidence at protein level	Large ribosomal subunit protein eL27A	1.0	0.999	3	31	0	31	4	2	3	1	3	2	2	3	0	1	1	2	3	1	2	1	0	0	0	0	0	0	0	0	0	0	0	0	0	0	0	0	4	2	3	1	3	2	2	3	0	1	1	2	3	1	2	1	20568.357	12375.695	17629.25	8072.098	7633.5376	12626.784	13208.795	5993.9233	4584.4844	9090.349	6123.938	5189.25	5794.5054	7005.5605	4872.979	3982.8474	11499.749	9570.707	9207.583	8090.3306	7650.7793	6940.821	8391.988	10517.573	4594.8394	5752.5737	6137.77	5200.971	3594.8652	3818.9617	4883.986	3991.8435	sp|P0C2H7|RL27B_YEAST
sp|P0C2H8|RL31A_YEAST	P0C2H8	RL31A_YEAST	RPL31A	113	Saccharomyces cerevisiae (strain ATCC 204508 / S288c)	1:Experimental evidence at protein level	Large ribosomal subunit protein eL31A	1.0	0.999	3	31	0	45	2	1	4	1	3	1	4	3	2	1	1	1	0	1	4	2	0	0	0	0	0	0	0	0	0	0	0	0	0	0	0	0	3	2	4	1	4	2	5	4	4	2	2	2	0	2	5	3	8106.0693	7843.7676	8417.271	11480.069	9101.621	4272.9673	8721.944	10214.6455	0.0	792.1462	3782.123	2907.7192	4652.7803	4063.4343	3958.236	5590.035	5247.0024	5047.234	5449.4785	7431.269	5892.2847	4131.586	5604.9917	6587.96	0.0	1511.4639	3656.9822	2811.5103	4498.8315	2467.5999	2379.7424	3552.9917	sp|P0C2H9|RL31B_YEAST
sp|P0C7M4|RHF2B_HUMAN	P0C7M4	RHF2B_HUMAN	RHOXF2B	288	Homo sapiens	1:Experimental evidence at protein level	Rhox homeobox family member 2B	1.0	0.999	2	34	0	34	2	1	2	0	4	2	4	1	3	2	2	3	2	2	3	1	0	0	0	0	0	0	0	0	0	0	0	0	0	0	0	0	2	1	2	0	4	2	4	1	3	2	2	3	2	2	3	1	0.0	0.0	0.0	0.0	941.41486	0.0	915.99396	915.07574	0.0	0.0	2152.0225	0.0	2505.168	0.0	0.0	0.0	0.0	0.0	0.0	0.0	941.41486	0.0	915.99396	915.07574	0.0	0.0	2152.0225	0.0	2505.168	0.0	0.0	0.0	sp|Q9BQY4|RHXF2_HUMAN
sp|P0C7P4|UCRIL_HUMAN	P0C7P4	UCRIL_HUMAN	UQCRFS1P1	283	Homo sapiens	5:Protein uncertain	Putative cytochrome b-c1 complex subunit Rieske-like protein 1	1.0	0.999	4	58	0	58	4	5	5	5	4	5	6	5	1	2	2	2	0	4	5	3	0	0	0	0	0	0	0	0	0	0	0	0	0	0	0	0	4	5	5	5	4	5	6	5	1	2	2	2	0	4	5	3	0.0	2223.5547	3173.022	4214.02	3027.1584	2956.8972	5156.617	3332.202	0.0	2042.0278	803.0387	2091.0237	5834.6504	1317.7416	2136.567	2209.9282	0.0	1917.7576	3308.6272	2076.5671	2610.8447	4228.404	2377.787	1351.6562	0.0	2920.128	837.3581	2990.1926	3522.4954	1884.3885	2227.8772	1906.0051	sp|P47985|UCRI_HUMAN
sp|P0CE47|EFTU1_ECOLI	P0CE47	EFTU1_ECOLI	tufA	394	Escherichia coli (strain K12)	1:Experimental evidence at protein level	Elongation factor Tu 1	1.0	0.999	21	780	0	780	39	31	29	21	26	24	33	38	60	74	72	70	61	66	71	65	0	0	0	0	0	0	0	0	0	0	0	0	0	0	0	0	39	31	29	21	26	24	33	38	60	74	72	70	61	66	71	65	99016.19	103416.22	103607.484	107950.98	100635.77	108500.35	92431.88	108743.96	335518.66	361157.8	311810.47	356811.03	352940.3	346100.7	333604.56	369552.2	20611.447	22250.736	21807.777	25851.875	23425.342	22699.357	22057.852	23658.166	61425.55	65079.297	59116.67	62026.125	63489.99	62725.668	61632.793	64227.055	sp|P0CE48|EFTU2_ECOLI
sp|P0CS90|HSP77_YEAST	P0CS90	HSP77_YEAST	SSC1	654	Saccharomyces cerevisiae (strain ATCC 204508 / S288c)	1:Experimental evidence at protein level	Import motor subunit, mitochondrial	1.0	0.999	15	141	130	141	9	15	15	12	14	8	18	13	3	4	3	3	4	7	6	7	8	14	13	11	13	7	16	13	2	4	3	3	4	6	6	7	9	15	15	12	14	8	18	13	3	4	3	3	4	7	6	7	51950.035	44374.176	45136.24	45375.586	64719.637	44420.555	45811.617	59111.6	3078.2747	9449.992	4254.0596	10295.648	9717.173	8662.697	3921.6357	4834.916	5801.747	7548.9463	7145.7314	7615.8203	7616.5596	7280.9575	7531.8687	7929.882	7268.187	3189.925	2219.2922	3359.8762	4287.4307	3565.4753	4025.5188	3119.41	
sp|P0CX29|RS23A_YEAST	P0CX29	RS23A_YEAST	RPS23A	145	Saccharomyces cerevisiae (strain ATCC 204508 / S288c)	1:Experimental evidence at protein level	Small ribosomal subunit protein uS12A	1.0	0.999	3	40	0	40	2	4	3	2	3	5	5	3	2	2	1	1	1	3	2	1	0	0	0	0	0	0	0	0	0	0	0	0	0	0	0	0	2	4	3	2	3	5	5	3	2	2	1	1	1	3	2	1	20897.605	22279.713	19316.135	8422.515	8698.8125	10551.711	9271.208	18538.602	4377.7744	3500.9639	4827.541	2903.6687	0.0	5588.3916	6924.0645	5281.5938	6265.033	7954.574	6779.618	6324.046	6481.5005	5215.0107	6972.875	6771.6133	5767.948	4612.704	3186.322	3825.7366	0.0	4180.9014	5083.978	3961.4946	sp|P0CX30|RS23B_YEAST
sp|P0CX31|RS24A_YEAST	P0CX31	RS24A_YEAST	RPS24A	135	Saccharomyces cerevisiae (strain ATCC 204508 / S288c)	1:Experimental evidence at protein level	Small ribosomal subunit protein eS24A	1.0	0.999	3	18	0	18	2	1	1	2	2	2	2	3	1	0	0	0	0	1	0	1	0	0	0	0	0	0	0	0	0	0	0	0	0	0	0	0	2	1	1	2	2	2	2	3	1	0	0	0	0	1	0	1	10435.186	10526.014	12095.408	11085.148	11381.485	14171.466	14179.386	10524.8125	0.0	3220.7764	3269.021	3229.874	4415.6704	1981.3401	2861.4407	0.0	6301.818	6751.5024	6291.907	7115.5503	7075.342	6104.083	6733.3545	6717.5566	0.0	3220.7764	3269.021	3229.874	4415.6704	1981.3401	2861.4407	0.0	sp|P0CX32|RS24B_YEAST
sp|P0CX35|RS4A_YEAST	P0CX35	RS4A_YEAST	RPS4A	261	Saccharomyces cerevisiae (strain ATCC 204508 / S288c)	1:Experimental evidence at protein level	Small ribosomal subunit protein eS4A	1.0	0.999	6	50	0	50	5	5	5	3	3	2	5	6	2	3	1	2	1	3	2	2	0	0	0	0	0	0	0	0	0	0	0	0	0	0	0	0	5	5	5	3	3	2	5	6	2	3	1	2	1	3	2	2	25844.002	14794.674	14574.529	13114.079	18363.266	24824.195	17344.156	16718.97	7825.402	6174.9297	6583.0767	8226.763	5687.057	7208.7383	8030.702	8865.317	6132.859	5922.1597	5842.754	5223.6475	6199.7764	6164.1743	5885.7686	6674.3896	4189.7124	3308.823	3526.1653	3306.9182	3044.567	3863.0667	3268.6453	3597.6294	sp|P0CX36|RS4B_YEAST
sp|P0CX37|RS6A_YEAST	P0CX37	RS6A_YEAST	RPS6A	236	Saccharomyces cerevisiae (strain ATCC 204508 / S288c)	1:Experimental evidence at protein level	Small ribosomal subunit protein eS6A	1.0	0.999	3	21	0	21	4	2	1	0	3	2	3	2	0	0	0	0	0	1	2	1	0	0	0	0	0	0	0	0	0	0	0	0	0	0	0	0	4	2	1	0	3	2	3	2	0	0	0	0	0	1	2	1	7763.9756	8954.132	10267.57	4817.509	6524.6953	5308.594	8246.2	7071.218	2123.6013	0.0	0.0	0.0	1851.4042	2588.418	3975.6494	1051.8939	4166.571	4710.0703	5530.481	5343.137	3519.224	5570.967	4444.4214	3573.5334	2228.5583	0.0	0.0	0.0	1942.9081	2716.3481	4409.4243	1166.664	sp|P0CX38|RS6B_YEAST
sp|P0CX39|RS8A_YEAST	P0CX39	RS8A_YEAST	RPS8A	200	Saccharomyces cerevisiae (strain ATCC 204508 / S288c)	1:Experimental evidence at protein level	Small ribosomal subunit protein eS8A	1.0	0.999	1	15	0	15	1	1	4	1	1	3	0	0	0	0	0	1	2	0	1	0	0	0	0	0	0	0	0	0	0	0	0	0	0	0	0	0	1	1	4	1	1	3	0	0	0	0	0	1	2	0	1	0	0.0	0.0	3853.972	0.0	0.0	0.0	0.0	0.0	0.0	0.0	0.0	0.0	0.0	0.0	0.0	0.0	0.0	0.0	0.0	0.0	0.0	0.0	0.0	0.0	0.0	0.0	0.0	0.0	0.0	0.0	0.0	0.0	sp|P0CX40|RS8B_YEAST
sp|P0CX41|RL23A_YEAST	P0CX41	RL23A_YEAST	RPL23A	137	Saccharomyces cerevisiae (strain ATCC 204508 / S288c)	1:Experimental evidence at protein level	Large ribosomal subunit protein uL14A	1.0	0.9989	1	7	0	7	0	1	2	0	0	1	1	1	0	0	1	0	0	0	0	0	0	0	0	0	0	0	0	0	0	0	0	0	0	0	0	0	0	1	2	0	0	1	1	1	0	0	1	0	0	0	0	0	0.0	0.0	0.0	0.0	0.0	0.0	1175.4479	0.0	0.0	0.0	0.0	0.0	0.0	0.0	0.0	0.0	0.0	0.0	0.0	0.0	0.0	0.0	0.0	0.0	0.0	0.0	0.0	0.0	0.0	0.0	0.0	0.0	sp|P0CX42|RL23B_YEAST
sp|P0CX45|RL2A_YEAST	P0CX45	RL2A_YEAST	RPL2A	254	Saccharomyces cerevisiae (strain ATCC 204508 / S288c)	1:Experimental evidence at protein level	Large ribosomal subunit protein uL2A	1.0	0.999	4	46	0	46	5	9	3	2	6	4	5	3	0	1	2	2	0	1	1	2	0	0	0	0	0	0	0	0	0	0	0	0	0	0	0	0	5	9	3	2	6	4	5	3	0	1	2	2	0	1	1	2	7376.795	10465.137	8858.271	0.0	10748.278	10545.948	15493.349	13282.953	0.0	0.0	0.0	0.0	0.0	0.0	0.0	0.0	7376.795	10465.137	8858.271	0.0	8245.284	10545.948	11957.705	10255.661	0.0	0.0	0.0	0.0	0.0	0.0	0.0	0.0	sp|P0CX46|RL2B_YEAST
sp|P0CX47|RS11A_YEAST	P0CX47	RS11A_YEAST	RPS11A	156	Saccharomyces cerevisiae (strain ATCC 204508 / S288c)	1:Experimental evidence at protein level	Small ribosomal subunit protein uS17A	1.0	0.999	5	36	0	36	2	3	2	0	4	2	5	4	0	2	2	2	0	3	2	3	0	0	0	0	0	0	0	0	0	0	0	0	0	0	0	0	2	3	2	0	4	2	5	4	0	2	2	2	0	3	2	3	15669.08	23961.938	15462.795	17751.555	14064.576	19523.512	17584.234	17142.545	8214.447	8741.672	9105.307	7621.9727	6228.4883	7899.203	8062.3633	7760.1914	6563.268	7744.842	6354.965	7352.5713	7469.7065	6799.4365	7123.176	6735.199	4368.492	4656.859	4849.7007	4040.7043	3317.0847	4192.46	4274.274	4107.1494	sp|P0CX48|RS11B_YEAST
sp|P0CX49|RL18A_YEAST	P0CX49	RL18A_YEAST	RPL18A	186	Saccharomyces cerevisiae (strain ATCC 204508 / S288c)	1:Experimental evidence at protein level	Large ribosomal subunit protein eL18A	1.0	0.999	3	13	0	13	1	0	2	1	1	1	1	5	0	0	0	0	0	0	0	1	0	0	0	0	0	0	0	0	0	0	0	0	0	0	0	0	1	0	2	1	1	1	1	5	0	0	0	0	0	0	0	1	3102.3281	2268.6165	10630.877	5879.482	9114.265	5031.2173	9833.131	9635.713	0.0	0.0	0.0	0.0	0.0	0.0	0.0	0.0	3102.3281	2268.6165	6565.9927	5879.482	5842.3647	5031.2173	6312.558	6193.898	0.0	0.0	0.0	0.0	0.0	0.0	0.0	0.0	sp|P0CX50|RL18B_YEAST
sp|P0CX51|RS16A_YEAST	P0CX51	RS16A_YEAST	RPS16A	143	Saccharomyces cerevisiae (strain ATCC 204508 / S288c)	1:Experimental evidence at protein level	Small ribosomal subunit protein uS9A	1.0	0.999	2	10	0	10	1	0	1	1	2	0	3	1	0	0	0	0	0	0	1	0	0	0	0	0	0	0	0	0	0	0	0	0	0	0	0	0	1	0	1	1	2	0	3	1	0	0	0	0	0	0	1	0	7906.5645	5041.012	7729.7935	0.0	4945.3105	4983.123	9621.33	6754.6953	0.0	2986.5776	0.0	0.0	3115.263	2871.8726	2313.7095	2077.7673	5008.2827	5041.012	5616.6953	0.0	4945.3105	4983.123	6277.9287	4613.9546	0.0	2986.5776	0.0	0.0	3115.263	2871.8726	2313.7095	2077.7673	sp|P0CX52|RS16B_YEAST
sp|P0CX53|RL12A_YEAST	P0CX53	RL12A_YEAST	RPL12A	165	Saccharomyces cerevisiae (strain ATCC 204508 / S288c)	1:Experimental evidence at protein level	Large ribosomal subunit protein uL11A	1.0	0.999	5	19	0	36	2	3	2	3	2	2	2	3	0	0	0	0	0	0	0	0	0	0	0	0	0	0	0	0	0	0	0	0	0	0	0	0	3	4	3	4	3	3	4	4	1	1	1	1	1	1	1	1	4092.5818	3016.3208	3589.7334	0.0	1348.7007	2942.023	2846.218	3932.332	0.0	0.0	0.0	0.0	0.0	0.0	0.0	0.0	4092.5818	3016.3208	3589.7334	0.0	1348.7007	2942.023	2846.218	3932.332	0.0	0.0	0.0	0.0	0.0	0.0	0.0	0.0	sp|P0CX54|RL12B_YEAST
sp|P0CX55|RS18A_YEAST	P0CX55	RS18A_YEAST	RPS18A	146	Saccharomyces cerevisiae (strain ATCC 204508 / S288c)	1:Experimental evidence at protein level	Small ribosomal subunit protein uS13A	1.0	0.999	6	24	0	24	3	3	2	2	1	1	4	3	1	0	1	1	0	0	1	1	0	0	0	0	0	0	0	0	0	0	0	0	0	0	0	0	3	3	2	2	1	1	4	3	1	0	1	1	0	0	1	1	14556.785	7295.782	17231.707	14580.216	10730.542	14186.9375	18463.076	17605.896	3153.9226	5616.577	4034.1008	0.0	0.0	0.0	2076.6848	1940.411	5012.9795	5014.773	5341.143	5001.0264	5256.006	5667.798	5807.0435	5381.804	3515.8186	3488.1921	4496.9927	0.0	0.0	0.0	2314.9736	2163.063	sp|P0CX56|RS18B_YEAST
sp|P0CX82|RL19A_YEAST	P0CX82	RL19A_YEAST	RPL19A	189	Saccharomyces cerevisiae (strain ATCC 204508 / S288c)	1:Experimental evidence at protein level	Large ribosomal subunit protein eL19A	0.9672	0.9989	1	8	0	8	1	1	0	0	1	0	1	1	0	0	0	1	0	0	1	1	0	0	0	0	0	0	0	0	0	0	0	0	0	0	0	0	1	1	0	0	1	0	1	1	0	0	0	1	0	0	1	1	4835.0127	4486.766	5021.734	0.0	4935.459	5259.0405	4557.8726	0.0	3855.513	2374.9082	2998.2046	3480.9504	2609.7563	2978.9663	2881.7095	2584.6921	4835.0127	4486.766	5021.734	0.0	4935.459	5259.0405	4557.8726	0.0	3855.513	2374.9082	2998.2046	3480.9504	2609.7563	2978.9663	2881.7095	2584.6921	sp|P0CX83|RL19B_YEAST
sp|P0CX84|RL35A_YEAST	P0CX84	RL35A_YEAST	RPL35A	120	Saccharomyces cerevisiae (strain ATCC 204508 / S288c)	1:Experimental evidence at protein level	Large ribosomal subunit protein uL29A	1.0	0.999	6	27	0	27	3	2	1	1	4	2	4	2	1	2	1	1	0	1	1	1	0	0	0	0	0	0	0	0	0	0	0	0	0	0	0	0	3	2	1	1	4	2	4	2	1	2	1	1	0	1	1	1	13966.151	11378.823	11921.541	11390.129	15861.019	11610.631	9914.82	10943.163	5054.2754	5239.2075	4735.301	4029.0525	4684.7803	0.0	5088.318	0.0	7537.388	8696.883	7217.2397	7963.274	8677.044	8160.846	6752.8574	7684.92	5054.2754	5239.2075	4735.301	4029.0525	4684.7803	0.0	5088.318	0.0	sp|P0CX85|RL35B_YEAST
sp|P0DMV8|HS71A_HUMAN	P0DMV8	HS71A_HUMAN	HSPA1A	641	Homo sapiens	1:Experimental evidence at protein level	Heat shock 70 kDa protein 1A	1.0	0.999	31	701	0	869	40	36	33	34	41	39	47	37	38	51	51	52	42	48	56	56	0	0	0	0	0	0	0	0	0	0	0	0	0	0	0	0	53	49	43	40	56	48	61	47	46	60	63	65	51	58	64	65	207460.81	197842.66	201125.98	203035.42	215321.61	188094.89	209415.81	223131.58	199844.56	207564.36	205864.9	214137.03	207746.1	203865.89	215291.08	205449.42	22941.074	22728.512	21106.44	23205.229	23905.504	22507.328	23605.23	22692.414	24228.164	25524.15	24276.242	24025.71	23174.46	23166.068	23297.732	24223.035	sp|P0DMV9|HS71B_HUMAN
sp|P0DP23|CALM1_HUMAN	P0DP23	CALM1_HUMAN	CALM1	149	Homo sapiens	1:Experimental evidence at protein level	Calmodulin-1	1.0	0.999	8	285	0	285	16	13	20	20	23	18	21	21	15	18	21	14	13	14	20	18	0	0	0	0	0	0	0	0	0	0	0	0	0	0	0	0	16	13	20	20	23	18	21	21	15	18	21	14	13	14	20	18	55750.234	44233.93	56685.46	52353.418	55650.395	58034.414	50835.816	52642.195	56760.203	58973.707	52321.254	49226.82	39849.566	54851.152	57664.26	57120.29	10792.589	10527.725	10552.727	10322.712	10398.781	10430.504	9576.076	9834.376	11512.042	11484.805	11644.796	10494.817	11197.145	10426.443	10916.921	10457.228	sp|P0DP24|CALM2_HUMAN, sp|P0DP25|CALM3_HUMAN
sp|P10080|SSBP1_YEAST	P10080	SSBP1_YEAST	SBP1	294	Saccharomyces cerevisiae (strain ATCC 204508 / S288c)	1:Experimental evidence at protein level	Single-stranded nucleic acid-binding protein	1.0	0.9981	2	10	10	10	1	1	2	1	2	0	2	0	0	0	0	0	0	1	0	0	1	1	2	1	2	0	2	0	0	0	0	0	0	1	0	0	1	1	2	1	2	0	2	0	0	0	0	0	0	1	0	0	0.0	0.0	0.0	0.0	0.0	0.0	0.0	0.0	0.0	0.0	0.0	0.0	0.0	0.0	0.0	0.0	0.0	0.0	0.0	0.0	0.0	0.0	0.0	0.0	0.0	0.0	0.0	0.0	0.0	0.0	0.0	0.0	
sp|P10081|IF4A_YEAST	P10081	IF4A_YEAST	TIF1	395	Saccharomyces cerevisiae (strain ATCC 204508 / S288c)	1:Experimental evidence at protein level	ATP-dependent RNA helicase eIF4A	1.0	0.999	8	149	147	149	15	14	12	11	14	17	25	16	3	3	4	2	2	4	3	4	15	14	12	11	14	17	24	16	3	3	4	2	2	3	3	4	15	14	12	11	14	17	25	16	3	3	4	2	2	4	3	4	29796.049	30577.252	27590.611	28661.809	30412.96	25178.389	25496.617	24314.29	4105.446	10024.883	6866.872	9465.612	7660.1465	5955.373	6622.525	5429.2876	7231.053	7463.5215	7483.973	6937.198	7638.0327	6822.525	6835.8984	7711.0415	4235.1865	4103.3022	4733.848	4206.9634	4340.5947	3246.9844	4562.2134	3743.2576	
sp|P10155|RO60_HUMAN	P10155	RO60_HUMAN	RO60	538	Homo sapiens	1:Experimental evidence at protein level	RNA-binding protein RO60	0.9481	0.9982	1	4	4	4	0	0	0	0	0	0	1	0	1	0	1	0	0	0	1	0	0	0	0	0	0	0	1	0	1	0	1	0	0	0	1	0	0	0	0	0	0	0	1	0	1	0	1	0	0	0	1	0	0.0	0.0	0.0	0.0	0.0	0.0	0.0	0.0	0.0	0.0	0.0	0.0	0.0	0.0	0.0	0.0	0.0	0.0	0.0	0.0	0.0	0.0	0.0	0.0	0.0	0.0	0.0	0.0	0.0	0.0	0.0	0.0	
sp|P10412|H14_HUMAN	P10412	H14_HUMAN	H1-4	219	Homo sapiens	1:Experimental evidence at protein level	Histone H1.4	1.0	0.999	2	8	0	8	0	0	0	0	0	0	0	0	1	1	1	2	0	0	1	2	0	0	0	0	0	0	0	0	0	0	0	0	0	0	0	0	0	0	0	0	0	0	0	0	1	1	1	2	0	0	1	2	1763.8252	2932.4822	2716.4414	1318.0773	4414.8657	4990.126	1924.0156	3274.2346	7113.1523	6800.8164	7486.0693	6431.053	5083.799	5529.851	6527.6357	5890.8633	2375.8208	3949.9675	3658.9668	1775.4115	1680.2694	2285.2231	2591.5925	4410.298	4251.0415	3706.454	4266.582	3257.5483	2868.8003	2789.952	3351.5635	3056.348	sp|P16402|H13_HUMAN, sp|P16403|H12_HUMAN
sp|P10515|ODP2_HUMAN	P10515	ODP2_HUMAN	DLAT	647	Homo sapiens	1:Experimental evidence at protein level	Dihydrolipoyllysine-residue acetyltransferase component of pyruvate dehydrogenase complex, mitochondrial	1.0	0.999	4	15	15	15	2	0	1	0	1	0	0	2	0	1	2	1	1	1	1	2	2	0	1	0	1	0	0	2	0	1	2	1	1	1	1	2	2	0	1	0	1	0	0	2	0	1	2	1	1	1	1	2	4283.8584	0.0	0.0	0.0	0.0	0.0	0.0	0.0	1194.7042	0.0	0.0	0.0	2579.8953	0.0	0.0	0.0	4283.8584	0.0	0.0	0.0	0.0	0.0	0.0	0.0	1194.7042	0.0	0.0	0.0	2579.8953	0.0	0.0	0.0	
sp|P10591|HSP71_YEAST	P10591	HSP71_YEAST	SSA1	642	Saccharomyces cerevisiae (strain ATCC 204508 / S288c)	1:Experimental evidence at protein level	Heat shock protein SSA1	1.0	0.999	24	241	17	418	18	19	24	19	22	17	20	24	5	12	12	11	8	10	9	11	2	1	2	1	2	2	3	2	0	0	1	0	0	0	0	1	34	32	34	25	34	25	34	33	15	26	25	23	16	22	18	22	131189.92	138859.52	145540.95	128704.22	146205.61	136899.47	109852.46	127280.52	64765.41	59453.645	60259.316	70492.27	47491.133	59709.25	65391.305	71737.77	26906.764	27677.33	28469.965	25507.443	28596.729	28274.521	25323.553	27244.15	17646.713	16317.78	17697.521	15964.91	16779.562	16360.381	15642.537	16263.443	
sp|P10592|HSP72_YEAST	P10592	HSP72_YEAST	SSA2	639	Saccharomyces cerevisiae (strain ATCC 204508 / S288c)	1:Experimental evidence at protein level	Heat shock protein SSA2	1.0	0.999	23	21	15	422	1	1	3	1	3	0	2	3	1	1	1	0	0	2	1	1	1	1	1	1	2	0	1	2	1	1	1	0	0	1	1	1	33	32	35	25	35	23	33	34	16	27	25	23	16	24	19	22	7319.7344	7829.835	7046.152	6870.6235	9878.819	10282.514	5918.69	10526.627	5251.8843	5303.0806	4927.0674	3781.0513	2344.8657	4854.541	3336.7715	3975.294	7319.7344	7829.835	7046.152	6870.6235	6606.0933	7459.615	5918.69	7535.136	5251.8843	5303.0806	4927.0674	3781.0513	2344.8657	4854.541	3336.7715	3975.294	
sp|P10622|RLA3_YEAST	P10622	RLA3_YEAST	RPP1B	106	Saccharomyces cerevisiae (strain ATCC 204508 / S288c)	1:Experimental evidence at protein level	Large ribosomal subunit protein P1B	1.0	0.999	2	27	27	27	2	4	1	1	4	0	2	2	0	2	0	2	0	2	3	2	2	4	1	1	4	0	2	2	0	2	0	2	0	2	3	2	2	4	1	1	4	0	2	2	0	2	0	2	0	2	3	2	4054.187	4343.541	10311.191	8773.724	2488.1558	11914.035	9669.12	10364.263	0.0	0.0	0.0	0.0	5940.336	0.0	1117.3081	2858.4436	5842.8984	6259.9155	6005.4653	4535.7476	3585.9326	5394.0874	4881.973	4261.4834	0.0	0.0	0.0	0.0	2653.4902	0.0	1610.2656	4119.592	
sp|P10664|RL4A_YEAST	P10664	RL4A_YEAST	RPL4A	362	Saccharomyces cerevisiae (strain ATCC 204508 / S288c)	1:Experimental evidence at protein level	Large ribosomal subunit protein uL4A	1.0	0.999	5	82	1	82	6	7	6	5	6	7	9	6	4	2	7	4	2	4	4	3	0	0	0	0	0	0	1	0	0	0	0	0	0	0	0	0	6	7	6	5	6	7	9	6	4	2	7	4	2	4	4	3	23793.066	26323.545	24695.707	21339.055	22596.725	24938.842	21659.717	11543.145	9156.469	9423.609	8556.613	9303.461	10095.581	9745.085	8567.402	8517.259	9928.385	10578.279	10191.276	9993.538	9401.807	10460.41	9276.188	9126.142	5519.6367	5678.882	5300.785	5436.6455	5806.2793	5819.173	5297.608	5244.9917	
sp|P10768|ESTD_HUMAN	P10768	ESTD_HUMAN	ESD	282	Homo sapiens	1:Experimental evidence at protein level	S-formylglutathione hydrolase	1.0	0.999	4	11	11	11	0	1	0	0	1	0	1	1	0	1	0	1	1	1	3	0	0	1	0	0	1	0	1	1	0	1	0	1	1	1	3	0	0	1	0	0	1	0	1	1	0	1	0	1	1	1	3	0	1072.5975	2404.2617	5001.1504	3369.575	8079.3745	6972.329	6958.116	6628.954	5098.9453	5306.024	5012.6094	6975.2217	7524.63	6144.7666	5792.4033	5567.871	1192.0259	2671.964	5558.0034	3744.7603	4569.2646	3929.0327	3871.397	3652.6353	2566.5417	2853.583	2565.6921	3927.1592	4275.5923	3353.5894	3119.7146	2851.0286	
sp|P10809|CH60_HUMAN	P10809	CH60_HUMAN	HSPD1	573	Homo sapiens	1:Experimental evidence at protein level	60 kDa heat shock protein, mitochondrial	1.0	0.999	31	824	824	824	37	50	52	37	55	46	58	61	43	56	59	60	47	55	66	42	37	50	52	37	55	46	58	61	43	56	59	60	47	55	66	42	37	50	52	37	55	46	58	61	43	56	59	60	47	55	66	42	181876.89	182382.62	166874.95	156431.98	149937.83	182763.38	207395.19	179517.16	188316.83	198216.8	199747.47	177485.44	196965.9	203504.73	194508.45	204104.11	20759.17	20500.525	20239.594	20235.266	21105.785	20735.477	21648.994	20946.828	21965.719	22514.818	22217.012	21572.787	21572.494	22576.992	21488.924	22204.143	
sp|P11021|BIP_HUMAN	P11021	BIP_HUMAN	HSPA5	654	Homo sapiens	1:Experimental evidence at protein level	Endoplasmic reticulum chaperone BiP	1.0	0.999	9	35	35	77	1	2	2	2	3	2	3	2	2	2	2	2	3	2	2	3	1	2	2	2	3	2	3	2	2	2	2	2	3	2	2	3	4	5	5	4	5	4	6	4	5	4	4	5	5	7	5	5	5056.473	5281.1377	5913.3496	5220.325	9921.795	10457.303	0.0	11096.168	5446.171	7473.588	8697.557	5170.038	8843.658	6508.5234	8979.486	9444.317	4862.774	5078.832	5686.8257	5020.349	6579.171	5266.004	0.0	5461.029	3628.7937	5004.414	5722.9883	5522.8765	4547.148	4164.159	6015.5596	4761.84	
sp|P11076|ARF1_YEAST	P11076	ARF1_YEAST	ARF1	181	Saccharomyces cerevisiae (strain ATCC 204508 / S288c)	1:Experimental evidence at protein level	ADP-ribosylation factor 1	0.9679	0.9989	1	8	0	8	0	0	2	0	1	3	1	1	0	0	0	0	0	0	0	0	0	0	0	0	0	0	0	0	0	0	0	0	0	0	0	0	0	0	2	0	1	3	1	1	0	0	0	0	0	0	0	0	0.0	0.0	0.0	0.0	0.0	0.0	0.0	0.0	0.0	0.0	0.0	0.0	0.0	0.0	0.0	0.0	0.0	0.0	0.0	0.0	0.0	0.0	0.0	0.0	0.0	0.0	0.0	0.0	0.0	0.0	0.0	0.0	sp|P19146|ARF2_YEAST
sp|P11142|HSP7C_HUMAN	P11142	HSP7C_HUMAN	HSPA8	646	Homo sapiens	1:Experimental evidence at protein level	Heat shock cognate 71 kDa protein	1.0	0.999	39	1269	895	1269	78	88	75	67	87	61	91	70	64	86	82	95	59	89	85	92	48	62	54	53	60	43	63	48	46	60	57	65	39	63	63	71	78	88	75	67	87	61	91	70	64	86	82	95	59	89	85	92	415026.5	403354.3	428389.62	396546.34	453253.56	416632.88	437184.03	473994.16	453980.62	449092.4	431176.3	443854.12	418791.12	437427.47	446746.38	440248.9	36761.05	36148.125	37357.875	36269.684	38205.51	35632.67	36557.973	38083.27	41235.547	38433.555	39101.703	38412.82	39668.57	39486.75	39632.16	40900.65	
sp|P11310|ACADM_HUMAN	P11310	ACADM_HUMAN	ACADM	421	Homo sapiens	1:Experimental evidence at protein level	Medium-chain specific acyl-CoA dehydrogenase, mitochondrial	1.0	0.999	2	7	7	7	0	1	0	0	0	0	0	1	0	1	1	0	1	0	1	1	0	1	0	0	0	0	0	1	0	1	1	0	1	0	1	1	0	1	0	0	0	0	0	1	0	1	1	0	1	0	1	1	0.0	0.0	0.0	0.0	0.0	0.0	0.0	0.0	0.0	0.0	0.0	0.0	0.0	0.0	0.0	0.0	0.0	0.0	0.0	0.0	0.0	0.0	0.0	0.0	0.0	0.0	0.0	0.0	0.0	0.0	0.0	0.0	
sp|P11413|G6PD_HUMAN	P11413	G6PD_HUMAN	G6PD	515	Homo sapiens	1:Experimental evidence at protein level	Glucose-6-phosphate 1-dehydrogenase	1.0	0.9988	3	4	4	4	0	1	0	0	0	0	1	0	0	0	1	0	0	0	0	1	0	1	0	0	0	0	1	0	0	0	1	0	0	0	0	1	0	1	0	0	0	0	1	0	0	0	1	0	0	0	0	1	0.0	3036.2515	3441.761	3762.2256	5313.5977	3055.2283	5731.5547	5387.782	6356.132	2317.0425	5452.672	5957.0728	3108.2998	5989.5654	5936.504	5913.794	0.0	3097.0881	3510.7227	3837.6084	2614.2964	3116.445	3001.969	2966.223	3329.8694	2363.4685	2864.5454	3110.7983	3170.58	3322.1697	3144.302	3288.7732	
sp|P11484|SSB1_YEAST	P11484	SSB1_YEAST	SSB1	613	Saccharomyces cerevisiae (strain ATCC 204508 / S288c)	1:Experimental evidence at protein level	Ribosome-associated molecular chaperone SSB1	1.0	0.999	18	326	0	326	25	24	29	20	30	30	33	29	14	14	13	13	14	12	13	13	0	0	0	0	0	0	0	0	0	0	0	0	0	0	0	0	25	24	29	20	30	30	33	29	14	14	13	13	14	12	13	13	82062.5	63551.793	93688.71	88840.37	76408.836	100366.74	83904.31	103863.02	27211.498	34250.434	25667.18	37372.28	40932.45	29387.658	20271.61	36663.168	13692.265	13240.917	15090.617	15532.566	14526.482	15338.126	14259.035	15071.341	7125.383	7701.171	7079.679	7724.5986	8820.7705	7442.3735	8132.066	8643.134	sp|P40150|SSB2_YEAST
sp|P11586|C1TC_HUMAN	P11586	C1TC_HUMAN	MTHFD1	935	Homo sapiens	1:Experimental evidence at protein level	C-1-tetrahydrofolate synthase, cytoplasmic	1.0	0.9989	3	7	7	7	1	0	0	2	0	0	1	1	0	0	0	0	2	0	0	0	1	0	0	2	0	0	1	1	0	0	0	0	2	0	0	0	1	0	0	2	0	0	1	1	0	0	0	0	2	0	0	0	0.0	2153.821	1163.3278	2717.0913	1155.8932	0.0	3323.9353	3473.6274	0.0	0.0	0.0	0.0	2920.1147	0.0	1857.5135	2117.3652	0.0	2153.821	1163.3278	2717.0913	1155.8932	0.0	3323.9353	3473.6274	0.0	0.0	0.0	0.0	2920.1147	0.0	1857.5135	2117.3652	
sp|P11940|PABP1_HUMAN	P11940	PABP1_HUMAN	PABPC1	636	Homo sapiens	1:Experimental evidence at protein level	Polyadenylate-binding protein 1	1.0	0.999	14	122	22	122	3	6	5	5	8	8	6	5	7	7	13	10	9	7	12	11	0	2	0	0	0	2	3	0	1	2	3	2	1	2	2	2	3	6	5	5	8	8	6	5	7	7	13	10	9	7	12	11	36819.61	28012.11	37538.766	40440.9	36874.195	46312.44	20507.324	26721.535	38582.496	43614.723	47086.434	42318.992	50962.887	51497.586	52313.4	46176.242	9976.192	11205.93	11266.657	11156.643	11231.176	11704.943	10776.049	10813.942	12516.157	10459.73	11814.578	10693.14	11937.55	11300.214	11479.239	10890.288	
sp|P12004|PCNA_HUMAN	P12004	PCNA_HUMAN	PCNA	261	Homo sapiens	1:Experimental evidence at protein level	DNA sliding clamp PCNA	1.0	0.999	6	106	106	106	5	8	7	6	9	9	4	7	5	6	5	7	6	7	7	8	5	8	7	6	9	9	4	7	5	6	5	7	6	7	7	8	5	8	7	6	9	9	4	7	5	6	5	7	6	7	7	8	2532.6082	9159.251	5006.727	0.0	6151.503	12620.492	6350.1733	4966.7666	7664.8877	8323.26	8037.0986	8030.9805	4326.3438	7293.714	7920.991	8604.15	4345.0347	3880.1956	4265.618	0.0	6126.219	4316.3833	5061.849	3587.6924	4409.392	5042.9854	4513.322	4767.141	4345.341	4006.5674	4755.8003	3824.7175	
sp|P12034|FGF5_HUMAN	P12034	FGF5_HUMAN	FGF5	268	Homo sapiens	1:Experimental evidence at protein level	Fibroblast growth factor 5	0.9351	0.9977	1	1	1	1	0	0	0	0	0	0	0	0	0	1	0	0	0	0	0	0	0	0	0	0	0	0	0	0	0	1	0	0	0	0	0	0	0	0	0	0	0	0	0	0	0	1	0	0	0	0	0	0	0.0	0.0	0.0	0.0	0.0	0.0	0.0	0.0	0.0	0.0	0.0	0.0	0.0	0.0	0.0	0.0	0.0	0.0	0.0	0.0	0.0	0.0	0.0	0.0	0.0	0.0	0.0	0.0	0.0	0.0	0.0	0.0	
sp|P12268|IMDH2_HUMAN	P12268	IMDH2_HUMAN	IMPDH2	514	Homo sapiens	1:Experimental evidence at protein level	Inosine-5'-monophosphate dehydrogenase 2	1.0	0.999	6	42	27	42	1	2	1	0	2	0	2	4	2	6	5	4	2	5	3	3	1	1	1	0	1	0	1	2	1	5	3	3	2	3	1	2	1	2	1	0	2	0	2	4	2	6	5	4	2	5	3	3	6732.289	7216.007	7975.5205	7485.3438	8325.637	9302.635	7192.5923	7157.1963	7749.434	11657.678	7847.998	10940.336	7944.564	9645.054	6919.9365	7930.8896	3705.115	4065.9368	4472.8203	4185.4736	4652.936	5220.277	4012.2488	4025.639	4338.493	4798.0283	4415.1235	4285.9614	3532.3481	4397.3354	3695.5742	4414.142	
sp|P12270|TPR_HUMAN	P12270	TPR_HUMAN	TPR	2363	Homo sapiens	1:Experimental evidence at protein level	Nucleoprotein TPR	1.0	0.999	7	49	49	49	3	4	4	2	3	3	3	5	3	2	3	3	3	3	2	3	3	4	4	2	3	3	3	5	3	2	3	3	3	3	2	3	3	4	4	2	3	3	3	5	3	2	3	3	3	3	2	3	5189.6865	0.0	0.0	5506.715	1535.9393	3977.621	3124.1975	3262.5535	5989.8496	0.0	0.0	2544.9778	11894.896	2940.542	1516.2693	0.0	2785.9927	0.0	0.0	2507.4834	1929.9614	2514.0068	3925.6633	4099.5127	2727.4788	0.0	0.0	3197.8535	2902.2566	3694.8938	1905.2454	0.0	
sp|P12277|KCRB_HUMAN	P12277	KCRB_HUMAN	CKB	381	Homo sapiens	1:Experimental evidence at protein level	Creatine kinase B-type	1.0	0.999	11	181	181	181	10	5	10	9	14	14	12	8	10	14	12	11	13	12	14	13	10	5	10	9	14	14	12	8	10	14	12	11	13	12	14	13	10	5	10	9	14	14	12	8	10	14	12	11	13	12	14	13	40923.11	20599.002	35226.484	36323.51	34636.727	47486.258	33717.547	26332.197	28734.809	31186.914	43205.637	33314.54	32754.725	35824.363	35070.715	40672.125	12055.351	10543.841	12593.059	11721.665	13019.09	12329.971	10842.3545	12493.727	10037.088	11526.536	11471.855	9710.893	12114.022	10266.455	11579.433	11741.746	
sp|P12695|ODP2_YEAST	P12695	ODP2_YEAST	LAT1	482	Saccharomyces cerevisiae (strain ATCC 204508 / S288c)	1:Experimental evidence at protein level	Dihydrolipoyllysine-residue acetyltransferase component of pyruvate dehydrogenase complex, mitochondrial	0.9705	0.999	1	7	7	7	1	0	1	1	1	0	1	1	0	0	0	0	0	0	1	0	1	0	1	1	1	0	1	1	0	0	0	0	0	0	1	0	1	0	1	1	1	0	1	1	0	0	0	0	0	0	1	0	0.0	0.0	0.0	0.0	0.0	0.0	0.0	0.0	0.0	0.0	0.0	0.0	0.0	0.0	0.0	0.0	0.0	0.0	0.0	0.0	0.0	0.0	0.0	0.0	0.0	0.0	0.0	0.0	0.0	0.0	0.0	0.0	
sp|P12709|G6PI_YEAST	P12709	G6PI_YEAST	PGI1	554	Saccharomyces cerevisiae (strain ATCC 204508 / S288c)	1:Experimental evidence at protein level	Glucose-6-phosphate isomerase	1.0	0.999	15	265	265	265	23	21	16	22	24	16	29	26	6	11	11	14	7	14	15	10	23	21	16	22	24	16	29	26	6	11	11	14	7	14	15	10	23	21	16	22	24	16	29	26	6	11	11	14	7	14	15	10	79435.39	79607.3	78538.88	85568.125	89248.375	91131.29	89559.305	96934.05	35016.332	34249.133	42487.48	45457.53	34540.367	42037.78	44538.49	44329.61	9234.3125	9418.684	9995.179	9771.559	9802.11	9742.797	9986.162	10145.832	6483.2563	5970.0425	6543.545	6276.8516	6100.828	5857.348	6125.4775	6463.431	
sp|P12758|UDP_ECOLI	P12758	UDP_ECOLI	udp	253	Escherichia coli (strain K12)	1:Experimental evidence at protein level	Uridine phosphorylase	1.0	0.999	6	31	31	31	0	1	0	0	0	0	1	0	3	3	4	4	3	4	5	3	0	1	0	0	0	0	1	0	3	3	4	4	3	4	5	3	0	1	0	0	0	0	1	0	3	3	4	4	3	4	5	3	0.0	0.0	0.0	0.0	0.0	0.0	0.0	0.0	9417.544	19877.908	8520.805	14623.076	15080.818	15732.891	12206.637	15316.075	0.0	0.0	0.0	0.0	0.0	0.0	0.0	0.0	3425.3086	6531.987	5540.6313	5453.2065	5062.1323	5200.1665	5252.5615	6053.8594	
sp|P12814|ACTN1_HUMAN	P12814	ACTN1_HUMAN	ACTN1	892	Homo sapiens	1:Experimental evidence at protein level	Alpha-actinin-1	0.9999	0.999	4	24	24	34	2	2	1	2	3	2	0	1	0	2	2	2	1	2	1	1	2	2	1	2	3	2	0	1	0	2	2	2	1	2	1	1	2	3	1	2	3	2	2	2	1	4	2	4	1	2	1	2	2567.2107	2241.6345	2107.0437	2601.7043	3447.9985	4001.1145	0.0	3545.2803	1379.2213	2955.1223	2647.5076	1975.2252	3047.822	1788.5461	2364.5227	2249.704	2567.2107	2241.6345	2107.0437	2601.7043	3447.9985	4001.1145	0.0	3545.2803	1379.2213	2955.1223	2647.5076	1975.2252	3047.822	1788.5461	2364.5227	2249.704	
sp|P12829|MYL4_HUMAN	P12829	MYL4_HUMAN	MYL4	197	Homo sapiens	1:Experimental evidence at protein level	Myosin light chain 4	1.0	0.999	3	40	40	40	1	2	2	4	1	2	2	3	4	3	2	4	4	3	2	1	1	2	2	4	1	2	2	3	4	3	2	4	4	3	2	1	1	2	2	4	1	2	2	3	4	3	2	4	4	3	2	1	11026.562	6436.2104	8259.797	12527.305	9258.042	3064.651	11826.482	8769.018	10209.269	12471.072	6273.84	15248.858	13678.213	8597.408	11276.375	11404.49	6353.991	6016.2417	5062.6606	5837.5464	5532.5835	5325.306	5467.278	5362.9014	6148.8096	7955.1987	5908.662	5508.1577	6996.751	5280.131	5249.2617	5187.293	
sp|P12956|XRCC6_HUMAN	P12956	XRCC6_HUMAN	XRCC6	609	Homo sapiens	1:Experimental evidence at protein level	DNA repair protein Ku70	1.0	0.999	9	44	44	44	3	3	2	1	3	4	4	2	2	2	5	3	2	2	4	2	3	3	2	1	3	4	4	2	2	2	5	3	2	2	4	2	3	3	2	1	3	4	4	2	2	2	5	3	2	2	4	2	12775.01	7610.2524	11371.165	12111.863	13770.703	14864.516	17321.346	17951.627	7392.201	9129.35	8363.326	7192.9727	8060.032	12072.087	8876.088	12809.284	6380.649	7610.2524	7989.9517	8478.554	7401.86	10446.035	9103.062	9472.321	5061.7866	6484.5444	5967.3145	7192.9727	5750.2705	8609.716	6249.637	6985.437	
sp|P13010|XRCC5_HUMAN	P13010	XRCC5_HUMAN	XRCC5	732	Homo sapiens	1:Experimental evidence at protein level	DNA repair protein Ku80	1.0	0.999	8	71	71	71	3	3	3	4	7	4	6	5	2	2	2	6	3	4	8	9	3	3	3	4	7	4	6	5	2	2	2	6	3	4	8	9	3	3	3	4	7	4	6	5	2	2	2	6	3	4	8	9	8286.178	7381.8887	13378.514	17829.932	9530.615	18708.041	18703.25	14133.982	11711.092	8670.0205	11913.67	7101.1724	12728.971	11803.387	15757.483	14641.9375	7799.3354	6948.1763	7132.6704	9258.584	6702.6113	8837.978	9053.618	8194.452	7490.7026	6305.4907	7156.9976	8268.819	7306.5386	6283.9434	8546.188	8373.615	
sp|P13024|FDHE_ECOLI	P13024	FDHE_ECOLI	fdhE	309	Escherichia coli (strain K12)	1:Experimental evidence at protein level	Protein FdhE	0.9688	0.9989	1	1	1	1	0	0	0	0	0	0	0	0	0	0	1	0	0	0	0	0	0	0	0	0	0	0	0	0	0	0	1	0	0	0	0	0	0	0	0	0	0	0	0	0	0	0	1	0	0	0	0	0	0.0	0.0	0.0	0.0	0.0	0.0	0.0	0.0	0.0	0.0	0.0	0.0	0.0	0.0	0.0	0.0	0.0	0.0	0.0	0.0	0.0	0.0	0.0	0.0	0.0	0.0	0.0	0.0	0.0	0.0	0.0	0.0	
sp|P13073|COX41_HUMAN	P13073	COX41_HUMAN	COX4I1	169	Homo sapiens	1:Experimental evidence at protein level	Cytochrome c oxidase subunit 4 isoform 1, mitochondrial	0.9712	0.999	1	11	11	11	1	0	0	1	0	0	1	1	1	0	1	3	0	0	1	1	1	0	0	1	0	0	1	1	1	0	1	3	0	0	1	1	1	0	0	1	0	0	1	1	1	0	1	3	0	0	1	1	0.0	3821.7842	3598.1108	4257.272	3489.4336	3671.7676	3551.7002	3825.1914	3800.7986	4738.266	3857.3816	4600.4204	3220.1313	3153.0425	5025.1626	0.0	0.0	3821.7842	3598.1108	4257.272	3489.4336	3671.7676	3551.7002	3825.1914	3800.7986	4738.266	3857.3816	4600.4204	3220.1313	3153.0425	5025.1626	0.0	
sp|P13188|SYQ_YEAST	P13188	SYQ_YEAST	GLN4	809	Saccharomyces cerevisiae (strain ATCC 204508 / S288c)	1:Experimental evidence at protein level	Glutamine--tRNA ligase	0.8964	0.9961	1	1	1	1	0	0	0	0	0	0	1	0	0	0	0	0	0	0	0	0	0	0	0	0	0	0	1	0	0	0	0	0	0	0	0	0	0	0	0	0	0	0	1	0	0	0	0	0	0	0	0	0	0.0	0.0	0.0	0.0	0.0	0.0	0.0	0.0	0.0	0.0	0.0	0.0	0.0	0.0	0.0	0.0	0.0	0.0	0.0	0.0	0.0	0.0	0.0	0.0	0.0	0.0	0.0	0.0	0.0	0.0	0.0	0.0	
sp|P13473|LAMP2_HUMAN	P13473	LAMP2_HUMAN	LAMP2	410	Homo sapiens	1:Experimental evidence at protein level	Lysosome-associated membrane glycoprotein 2	0.9684	0.9989	1	4	4	4	1	0	0	0	0	1	0	1	0	0	0	0	0	0	0	1	1	0	0	0	0	1	0	1	0	0	0	0	0	0	0	1	1	0	0	0	0	1	0	1	0	0	0	0	0	0	0	1	0.0	0.0	0.0	0.0	0.0	0.0	0.0	0.0	0.0	0.0	0.0	0.0	0.0	0.0	0.0	0.0	0.0	0.0	0.0	0.0	0.0	0.0	0.0	0.0	0.0	0.0	0.0	0.0	0.0	0.0	0.0	0.0	
sp|P13489|RINI_HUMAN	P13489	RINI_HUMAN	RNH1	461	Homo sapiens	1:Experimental evidence at protein level	Ribonuclease inhibitor	1.0	0.999	3	12	12	12	0	0	1	0	1	0	1	0	1	2	1	1	0	1	1	2	0	0	1	0	1	0	1	0	1	2	1	1	0	1	1	2	0	0	1	0	1	0	1	0	1	2	1	1	0	1	1	2	0.0	0.0	0.0	0.0	0.0	0.0	0.0	0.0	0.0	0.0	0.0	0.0	0.0	0.0	0.0	0.0	0.0	0.0	0.0	0.0	0.0	0.0	0.0	0.0	0.0	0.0	0.0	0.0	0.0	0.0	0.0	0.0	
sp|P13639|EF2_HUMAN	P13639	EF2_HUMAN	EEF2	858	Homo sapiens	1:Experimental evidence at protein level	Elongation factor 2	1.0	0.999	31	550	538	550	30	38	30	21	33	30	33	35	33	35	36	46	26	42	38	44	29	37	30	21	33	29	31	34	31	34	36	45	26	42	38	42	30	38	30	21	33	30	33	35	33	35	36	46	26	42	38	44	165931.62	164397.64	176470.6	170852.25	157693.52	171343.14	168540.44	156520.1	149822.62	196364.28	173362.75	212476.0	205750.83	171847.55	176432.83	181140.3	24867.209	26763.277	26669.035	27640.512	27135.668	26217.176	26051.209	25660.873	24933.7	27411.367	27745.084	27345.748	26691.11	28054.75	25783.732	26980.965	
sp|P13663|DHAS_YEAST	P13663	DHAS_YEAST	HOM2	365	Saccharomyces cerevisiae (strain ATCC 204508 / S288c)	1:Experimental evidence at protein level	Aspartate-semialdehyde dehydrogenase	0.9559	0.9984	1	3	3	3	1	1	1	0	0	0	0	0	0	0	0	0	0	0	0	0	1	1	1	0	0	0	0	0	0	0	0	0	0	0	0	0	1	1	1	0	0	0	0	0	0	0	0	0	0	0	0	0	0.0	0.0	0.0	0.0	0.0	0.0	0.0	0.0	0.0	0.0	0.0	0.0	0.0	0.0	0.0	0.0	0.0	0.0	0.0	0.0	0.0	0.0	0.0	0.0	0.0	0.0	0.0	0.0	0.0	0.0	0.0	0.0	
sp|P13667|PDIA4_HUMAN	P13667	PDIA4_HUMAN	PDIA4	645	Homo sapiens	1:Experimental evidence at protein level	Protein disulfide-isomerase A4	1.0	0.999	5	20	20	20	2	1	1	1	2	1	2	1	0	0	3	1	2	2	1	0	2	1	1	1	2	1	2	1	0	0	3	1	2	2	1	0	2	1	1	1	2	1	2	1	0	0	3	1	2	2	1	0	0.0	0.0	0.0	0.0	0.0	0.0	0.0	0.0	0.0	0.0	0.0	0.0	0.0	0.0	0.0	0.0	0.0	0.0	0.0	0.0	0.0	0.0	0.0	0.0	0.0	0.0	0.0	0.0	0.0	0.0	0.0	0.0	
sp|P13693|TCTP_HUMAN	P13693	TCTP_HUMAN	TPT1	172	Homo sapiens	1:Experimental evidence at protein level	Translationally-controlled tumor protein	1.0	0.9989	3	5	3	5	0	0	1	0	1	0	0	0	0	1	1	0	0	0	0	1	0	0	1	0	1	0	0	0	0	1	0	0	0	0	0	0	0	0	1	0	1	0	0	0	0	1	1	0	0	0	0	1	2424.4016	2742.9636	0.0	0.0	3206.6794	3458.9036	3983.8904	3041.3184	1958.3102	2844.6296	2907.8022	3057.31	1432.044	0.0	2908.6482	2635.1028	2424.4016	2742.9636	0.0	0.0	3206.6794	3458.9036	3983.8904	3041.3184	1958.3102	2844.6296	2907.8022	3057.31	1432.044	0.0	2908.6482	2635.1028	
sp|P13796|PLSL_HUMAN	P13796	PLSL_HUMAN	LCP1	627	Homo sapiens	1:Experimental evidence at protein level	Plastin-2	1.0	0.999	4	59	59	59	4	3	2	2	3	3	4	5	4	5	4	5	3	3	4	5	4	3	2	2	3	3	4	5	4	5	4	5	3	3	4	5	4	3	2	2	3	3	4	5	4	5	4	5	3	3	4	5	9753.19	10738.652	8030.398	9447.203	10935.856	11577.274	8939.881	11595.508	1198.985	7600.9365	11644.747	7233.365	12974.804	13952.741	6325.0454	9950.029	5411.108	6724.8154	4998.4307	5605.9688	5927.746	6342.5635	5462.3877	6477.246	1828.2183	4765.5137	5288.7495	4506.5825	5484.5435	4617.113	3880.0083	3634.67	
sp|P13804|ETFA_HUMAN	P13804	ETFA_HUMAN	ETFA	333	Homo sapiens	1:Experimental evidence at protein level	Electron transfer flavoprotein subunit alpha, mitochondrial	1.0	0.999	3	36	36	36	2	4	1	3	2	4	2	2	3	3	2	2	0	1	2	3	2	4	1	3	2	4	2	2	3	3	2	2	0	1	2	3	2	4	1	3	2	4	2	2	3	3	2	2	0	1	2	3	3638.2126	3502.3088	4877.4785	6604.81	5994.8438	0.0	2353.7295	0.0	2403.7007	5753.4326	3984.2166	4314.6753	6280.621	6834.2026	4672.148	9413.758	3631.0798	3495.4424	4867.916	6591.8613	5983.091	0.0	3203.155	0.0	2398.9883	5742.153	3976.4055	4306.2163	6268.3076	6820.804	4662.9883	5420.299	
sp|P14120|RL30_YEAST	P14120	RL30_YEAST	RPL30	105	Saccharomyces cerevisiae (strain ATCC 204508 / S288c)	1:Experimental evidence at protein level	Large ribosomal subunit protein eL30	0.9708	0.999	1	3	3	3	0	1	0	0	1	0	0	0	0	0	0	0	0	0	1	0	0	1	0	0	1	0	0	0	0	0	0	0	0	0	1	0	0	1	0	0	1	0	0	0	0	0	0	0	0	0	1	0	6022.1724	5215.76	4305.6978	4078.3599	5646.707	3614.4302	3865.1626	2988.5269	2735.2	1292.5845	1542.705	0.0	2585.3457	0.0	2072.6711	1201.1649	6022.1724	5215.76	4305.6978	4078.3599	5646.707	3614.4302	3865.1626	2988.5269	2735.2	1292.5845	1542.705	0.0	2585.3457	0.0	2072.6711	1201.1649	
sp|P14126|RL3_YEAST	P14126	RL3_YEAST	RPL3	387	Saccharomyces cerevisiae (strain ATCC 204508 / S288c)	1:Experimental evidence at protein level	Large ribosomal subunit protein uL3	1.0	0.999	7	99	99	99	11	9	11	10	12	9	13	13	0	2	1	1	0	3	1	3	11	9	11	10	12	9	13	13	0	2	1	1	0	3	1	3	11	9	11	10	12	9	13	13	0	2	1	1	0	3	1	3	23469.008	26909.48	23880.562	28021.145	32765.443	29443.182	28717.2	15560.505	3677.45	4507.4	3747.719	3184.2854	3186.4114	3626.1667	3760.9812	3473.5732	5913.8857	6381.045	6464.5225	6154.9126	6193.708	6225.3457	6077.941	7191.5312	3689.1184	2802.8037	3759.6104	3194.389	3196.5217	3637.6724	3772.9146	3484.5947	
sp|P14174|MIF_HUMAN	P14174	MIF_HUMAN	MIF	115	Homo sapiens	1:Experimental evidence at protein level	Macrophage migration inhibitory factor	1.0	0.999	2	15	15	15	1	0	0	0	1	0	1	1	1	2	1	1	2	1	2	1	1	0	0	0	1	0	1	1	1	2	1	1	2	1	2	1	1	0	0	0	1	0	1	1	1	2	1	1	2	1	2	1	4292.5127	4278.163	4435.142	4573.467	6469.2725	4137.644	3960.6414	6896.955	8629.007	6528.6084	7416.4014	7612.928	5717.9595	8072.361	9069.35	6488.5425	4292.5127	4278.163	4435.142	4573.467	3778.2383	4137.644	3960.6414	4212.0337	5220.1997	4013.5334	4449.6177	4644.7734	5717.9595	4802.895	5446.0796	3965.633	
sp|P14175|PROV_ECOLI	P14175	PROV_ECOLI	proV	400	Escherichia coli (strain K12)	1:Experimental evidence at protein level	Glycine betaine/proline betaine transport system ATP-binding protein ProV	1.0	0.999	2	4	4	4	0	0	0	0	0	0	1	0	0	1	0	1	1	0	0	0	0	0	0	0	0	0	1	0	0	1	0	1	1	0	0	0	0	0	0	0	0	0	1	0	0	1	0	1	1	0	0	0	0.0	0.0	0.0	0.0	0.0	0.0	0.0	0.0	0.0	0.0	0.0	0.0	0.0	0.0	0.0	0.0	0.0	0.0	0.0	0.0	0.0	0.0	0.0	0.0	0.0	0.0	0.0	0.0	0.0	0.0	0.0	0.0	
sp|P14306|CPYI_YEAST	P14306	CPYI_YEAST	TFS1	219	Saccharomyces cerevisiae (strain ATCC 204508 / S288c)	1:Experimental evidence at protein level	Carboxypeptidase Y inhibitor	1.0	0.9984	2	6	6	6	1	0	0	2	0	1	1	1	0	0	0	0	0	0	0	0	1	0	0	2	0	1	1	1	0	0	0	0	0	0	0	0	1	0	0	2	0	1	1	1	0	0	0	0	0	0	0	0	0.0	0.0	0.0	0.0	0.0	0.0	0.0	0.0	0.0	0.0	0.0	0.0	0.0	0.0	0.0	0.0	0.0	0.0	0.0	0.0	0.0	0.0	0.0	0.0	0.0	0.0	0.0	0.0	0.0	0.0	0.0	0.0	
sp|P14540|ALF_YEAST	P14540	ALF_YEAST	FBA1	359	Saccharomyces cerevisiae (strain ATCC 204508 / S288c)	1:Experimental evidence at protein level	Fructose-bisphosphate aldolase	1.0	0.999	21	715	715	715	55	62	55	38	54	44	56	56	35	37	39	40	28	38	36	42	55	62	55	38	54	44	56	56	35	37	39	40	28	38	36	42	55	62	55	38	54	44	56	56	35	37	39	40	28	38	36	42	398753.56	382914.7	391232.25	333200.2	358174.2	362916.97	358587.6	379211.97	191400.05	183916.6	212950.06	202352.23	210904.77	189971.64	175229.23	179585.94	48165.105	50255.79	48569.684	44496.855	47937.914	46375.367	45668.11	47211.504	28844.668	28685.873	30639.79	29004.387	29279.543	26891.418	27100.217	28851.957	
sp|P14550|AK1A1_HUMAN	P14550	AK1A1_HUMAN	AKR1A1	325	Homo sapiens	1:Experimental evidence at protein level	Aldo-keto reductase family 1 member A1	0.9681	0.9989	1	1	1	1	0	1	0	0	0	0	0	0	0	0	0	0	0	0	0	0	0	1	0	0	0	0	0	0	0	0	0	0	0	0	0	0	0	1	0	0	0	0	0	0	0	0	0	0	0	0	0	0	0.0	0.0	0.0	0.0	0.0	0.0	0.0	0.0	0.0	0.0	0.0	0.0	0.0	0.0	0.0	0.0	0.0	0.0	0.0	0.0	0.0	0.0	0.0	0.0	0.0	0.0	0.0	0.0	0.0	0.0	0.0	0.0	
sp|P14618|KPYM_HUMAN	P14618	KPYM_HUMAN	PKM	531	Homo sapiens	1:Experimental evidence at protein level	Pyruvate kinase PKM	1.0	0.999	17	227	211	227	16	9	10	7	12	13	14	14	10	15	15	19	12	20	20	21	15	9	10	6	12	12	13	13	9	14	13	17	10	19	19	20	16	9	10	7	12	13	14	14	10	15	15	19	12	20	20	21	52689.457	48407.645	53155.7	41646.562	38962.098	45700.605	51086.566	57506.754	39458.15	57814.406	58056.863	52379.223	63396.703	56120.793	53809.63	55493.28	10089.795	8146.4434	10237.069	9583.561	9372.007	9590.516	8700.506	8745.44	9414.217	9992.082	10068.243	10481.573	9890.267	9238.511	9414.757	8711.698	
sp|P14625|ENPL_HUMAN	P14625	ENPL_HUMAN	HSP90B1	803	Homo sapiens	1:Experimental evidence at protein level	Endoplasmin	1.0	0.999	16	102	97	151	5	6	5	5	6	3	3	5	4	6	13	10	5	7	11	8	5	6	5	5	5	3	3	5	4	5	12	10	4	7	11	7	8	9	8	7	9	6	7	8	7	10	15	15	6	9	14	13	14819.184	18121.889	18147.41	18137.031	16473.719	20712.707	7470.998	21312.777	24591.83	26130.6	28794.217	21950.355	36601.99	29357.584	30864.023	24901.537	7979.113	8019.3994	8398.426	9209.982	9075.607	8184.4453	6907.6714	8812.759	8967.431	8624.221	8200.982	7359.644	10385.632	8907.355	8645.6455	8993.087	
sp|P14678|RSMB_HUMAN	P14678	RSMB_HUMAN	SNRPB	240	Homo sapiens	1:Experimental evidence at protein level	Small nuclear ribonucleoprotein-associated proteins B and B'	1.0	0.9966	2	3	0	3	0	0	0	0	0	0	0	0	1	0	1	0	0	1	0	0	0	0	0	0	0	0	0	0	0	0	0	0	0	0	0	0	0	0	0	0	0	0	0	0	1	0	1	0	0	1	0	0	1214.6127	0.0	0.0	0.0	0.0	0.0	0.0	0.0	2982.9824	2380.4473	2900.171	2255.3088	0.0	2299.574	0.0	2443.6829	1214.6127	0.0	0.0	0.0	0.0	0.0	0.0	0.0	2982.9824	2380.4473	2900.171	2255.3088	0.0	2299.574	0.0	2443.6829	sp|P63162|RSMN_HUMAN
sp|P14742|GFA1_YEAST	P14742	GFA1_YEAST	GFA1	717	Saccharomyces cerevisiae (strain ATCC 204508 / S288c)	1:Experimental evidence at protein level	Glutamine--fructose-6-phosphate aminotransferase [isomerizing]	0.9501	0.9982	1	1	1	1	1	0	0	0	0	0	0	0	0	0	0	0	0	0	0	0	1	0	0	0	0	0	0	0	0	0	0	0	0	0	0	0	1	0	0	0	0	0	0	0	0	0	0	0	0	0	0	0	0.0	0.0	0.0	0.0	0.0	0.0	0.0	0.0	0.0	0.0	0.0	0.0	0.0	0.0	0.0	0.0	0.0	0.0	0.0	0.0	0.0	0.0	0.0	0.0	0.0	0.0	0.0	0.0	0.0	0.0	0.0	0.0	
sp|P14832|CYPH_YEAST	P14832	CYPH_YEAST	CPR1	162	Saccharomyces cerevisiae (strain ATCC 204508 / S288c)	1:Experimental evidence at protein level	Peptidyl-prolyl cis-trans isomerase	1.0	0.999	6	164	149	164	11	15	11	10	13	12	11	13	6	9	10	13	5	9	7	9	10	13	10	9	12	11	10	12	5	8	10	12	4	9	7	7	11	15	11	10	13	12	11	13	6	9	10	13	5	9	7	9	43618.82	39939.258	34982.855	24435.873	36897.184	38284.723	37233.906	38295.977	22648.828	19135.434	22167.688	24706.531	16536.998	18085.607	18889.164	23320.623	10900.462	9713.72	9281.726	8281.053	9240.651	9356.106	9533.355	9527.773	6297.5034	5565.2603	5528.589	6205.4546	5476.297	5647.3726	6446.9116	5940.003	
sp|P14854|CX6B1_HUMAN	P14854	CX6B1_HUMAN	COX6B1	86	Homo sapiens	1:Experimental evidence at protein level	Cytochrome c oxidase subunit 6B1	0.9249	0.9973	1	2	2	2	0	0	0	0	0	1	0	1	0	0	0	0	0	0	0	0	0	0	0	0	0	1	0	1	0	0	0	0	0	0	0	0	0	0	0	0	0	1	0	1	0	0	0	0	0	0	0	0	0.0	0.0	0.0	0.0	0.0	0.0	0.0	0.0	0.0	0.0	0.0	0.0	0.0	0.0	0.0	0.0	0.0	0.0	0.0	0.0	0.0	0.0	0.0	0.0	0.0	0.0	0.0	0.0	0.0	0.0	0.0	0.0	
sp|P14866|HNRPL_HUMAN	P14866	HNRPL_HUMAN	HNRNPL	589	Homo sapiens	1:Experimental evidence at protein level	Heterogeneous nuclear ribonucleoprotein L	1.0	0.999	10	96	82	96	3	4	2	3	5	6	5	6	2	11	7	12	4	8	7	11	3	3	2	2	4	4	4	5	2	10	6	10	4	7	6	10	3	4	2	3	5	6	5	6	2	11	7	12	4	8	7	11	18654.396	19159.168	18812.086	20069.898	21947.918	24190.264	19813.262	27610.809	28371.355	28772.059	27990.123	30580.207	23175.18	34210.344	30570.56	28376.758	5364.278	5491.7573	5499.225	5762.4243	5370.2173	5475.2275	5113.3457	6310.6045	6096.2266	6316.987	5285.9854	6231.529	5006.4946	5751.784	5477.5605	5653.896	
sp|P15019|TAL1_YEAST	P15019	TAL1_YEAST	TAL1	335	Saccharomyces cerevisiae (strain ATCC 204508 / S288c)	1:Experimental evidence at protein level	Transaldolase	1.0	0.999	6	62	62	62	5	6	5	6	8	6	7	5	3	2	1	2	3	1	1	1	5	6	5	6	8	6	7	5	3	2	1	2	3	1	1	1	5	6	5	6	8	6	7	5	3	2	1	2	3	1	1	1	27625.137	26262.357	24759.285	22783.574	22147.115	18830.064	22914.53	24504.44	5409.267	11311.963	12956.788	11705.126	8816.44	8226.892	8891.461	13463.051	11429.193	10887.807	10511.96	10310.58	9866.623	10637.413	10464.599	10934.335	6619.188	5680.6875	5869.67	7863.2554	5509.657	5577.437	4591.9297	6031.69	
sp|P15108|HSC82_YEAST	P15108	HSC82_YEAST	HSC82	705	Saccharomyces cerevisiae (strain ATCC 204508 / S288c)	1:Experimental evidence at protein level	ATP-dependent molecular chaperone HSC82	1.0	0.999	21	133	64	205	11	16	11	5	17	15	16	16	1	5	5	5	2	2	3	3	6	8	5	0	9	6	8	8	1	3	2	4	1	0	2	1	16	19	17	7	22	18	22	21	5	10	9	12	4	5	8	10	69884.42	78234.62	56996.363	70263.54	66729.42	71140.445	75332.19	68271.04	39705.668	38836.848	41019.832	33360.617	30931.324	28545.586	37266.15	35868.812	10208.558	10859.805	9679.689	10306.378	10461.088	10067.936	10691.772	9933.815	6688.8003	6489.3467	6711.0166	6027.597	5613.6304	6823.418	6103.704	6555.228	
sp|P15170|ERF3A_HUMAN	P15170	ERF3A_HUMAN	GSPT1	499	Homo sapiens	1:Experimental evidence at protein level	Eukaryotic peptide chain release factor GTP-binding subunit ERF3A	1.0	0.999	3	29	19	29	0	2	1	1	4	0	1	2	1	2	5	3	0	3	1	3	0	1	1	1	2	0	0	1	1	1	4	3	0	1	1	2	0	2	1	1	4	0	1	2	1	2	5	3	0	3	1	3	2763.1423	0.0	0.0	0.0	3635.1035	0.0	0.0	4928.819	0.0	0.0	6524.161	0.0	0.0	3521.9578	0.0	5921.977	2763.1423	0.0	0.0	0.0	3635.1035	0.0	0.0	4928.819	0.0	0.0	4438.632	0.0	0.0	3521.9578	0.0	3743.5774	
sp|P15288|PEPD_ECOLI	P15288	PEPD_ECOLI	pepD	485	Escherichia coli (strain K12)	1:Experimental evidence at protein level	Cytosol non-specific dipeptidase	1.0	0.999	2	6	6	6	0	1	0	0	0	0	0	0	0	1	1	0	1	0	1	1	0	1	0	0	0	0	0	0	0	1	1	0	1	0	1	1	0	1	0	0	0	0	0	0	0	1	1	0	1	0	1	1	0.0	0.0	0.0	0.0	0.0	0.0	0.0	0.0	3120.9666	3058.6396	5178.669	6121.3125	3489.2559	521.3898	2144.4944	2823.9714	0.0	0.0	0.0	0.0	0.0	0.0	0.0	0.0	3074.641	1606.7675	2809.8262	3314.5586	4339.98	648.5111	2112.663	2782.0542	
sp|P15311|EZRI_HUMAN	P15311	EZRI_HUMAN	EZR	586	Homo sapiens	1:Experimental evidence at protein level	Ezrin	1.0	0.999	14	135	132	205	10	10	8	8	10	9	10	5	6	11	6	11	7	8	7	9	10	10	8	7	9	9	10	5	6	11	6	10	7	8	7	9	13	18	10	9	13	13	15	7	8	15	10	21	11	14	13	15	18269.242	25220.55	16537.473	12300.032	24782.268	17273.945	21891.459	15211.437	11631.768	20349.686	22705.88	23708.19	15250.694	16729.338	13725.524	21562.34	4313.1196	4264.6387	5033.391	4801.8853	5023.373	5878.9424	4792.4253	5105.929	3945.055	5058.5986	5290.2354	4629.6904	4378.762	4633.592	3820.9873	5310.6904	
sp|P15531|NDKA_HUMAN	P15531	NDKA_HUMAN	NME1	152	Homo sapiens	1:Experimental evidence at protein level	Nucleoside diphosphate kinase A	1.0	0.999	12	97	97	153	6	5	6	1	4	4	7	7	4	7	8	8	3	10	10	7	6	5	6	1	4	4	7	7	4	7	8	8	3	10	10	7	11	8	7	3	8	6	12	10	8	10	12	12	5	13	15	13	25604.834	23660.672	23226.828	18671.432	28146.209	27250.27	23476.63	30561.303	33840.246	37312.863	35777.28	32461.55	36304.668	35938.938	33954.223	29435.158	7375.6953	7162.5225	6970.5894	6583.8438	7095.498	7143.819	6976.3813	7543.717	8487.899	8362.798	8098.2607	7814.53	8016.4087	8190.471	8861.161	7740.2256	
sp|P15625|SYFA_YEAST	P15625	SYFA_YEAST	FRS2	503	Saccharomyces cerevisiae (strain ATCC 204508 / S288c)	1:Experimental evidence at protein level	Phenylalanine--tRNA ligase alpha subunit	0.9671	0.9988	1	2	2	2	0	0	0	0	0	0	0	1	0	0	0	0	1	0	0	0	0	0	0	0	0	0	0	1	0	0	0	0	1	0	0	0	0	0	0	0	0	0	0	1	0	0	0	0	1	0	0	0	0.0	0.0	0.0	0.0	0.0	0.0	0.0	0.0	0.0	0.0	0.0	0.0	0.0	0.0	0.0	0.0	0.0	0.0	0.0	0.0	0.0	0.0	0.0	0.0	0.0	0.0	0.0	0.0	0.0	0.0	0.0	0.0	
sp|P15731|UBC4_YEAST	P15731	UBC4_YEAST	UBC4	148	Saccharomyces cerevisiae (strain ATCC 204508 / S288c)	1:Experimental evidence at protein level	Ubiquitin-conjugating enzyme E2 4	0.9713	0.999	1	16	16	16	2	1	1	1	2	3	1	2	0	0	0	2	0	0	1	0	2	1	1	1	2	3	1	2	0	0	0	2	0	0	1	0	2	1	1	1	2	3	1	2	0	0	0	2	0	0	1	0	5416.4243	3660.199	0.0	3678.594	5986.862	3117.8455	2994.3496	3519.7432	0.0	0.0	0.0	0.0	0.0	0.0	0.0	0.0	5416.4243	3660.199	0.0	3678.594	5986.862	3117.8455	2994.3496	3519.7432	0.0	0.0	0.0	0.0	0.0	0.0	0.0	0.0	
sp|P15873|PCNA_YEAST	P15873	PCNA_YEAST	POL30	258	Saccharomyces cerevisiae (strain ATCC 204508 / S288c)	1:Experimental evidence at protein level	DNA sliding clamp PCNA	0.9538	0.9984	1	2	2	2	0	0	1	0	1	0	0	0	0	0	0	0	0	0	0	0	0	0	1	0	1	0	0	0	0	0	0	0	0	0	0	0	0	0	1	0	1	0	0	0	0	0	0	0	0	0	0	0	0.0	0.0	0.0	0.0	0.0	0.0	0.0	0.0	0.0	0.0	0.0	0.0	0.0	0.0	0.0	0.0	0.0	0.0	0.0	0.0	0.0	0.0	0.0	0.0	0.0	0.0	0.0	0.0	0.0	0.0	0.0	0.0	
sp|P15880|RS2_HUMAN	P15880	RS2_HUMAN	RPS2	293	Homo sapiens	1:Experimental evidence at protein level	Small ribosomal subunit protein uS5	1.0	0.999	10	157	157	157	6	8	8	8	13	12	10	9	7	12	10	12	8	12	10	12	6	8	8	8	13	12	10	9	7	12	10	12	8	12	10	12	6	8	8	8	13	12	10	9	7	12	10	12	8	12	10	12	40750.766	39381.027	37931.086	41855.234	36708.492	38561.832	34743.484	42183.453	25253.61	40778.094	43795.28	29335.07	39091.5	40642.17	41720.8	43558.21	16347.109	17245.0	15189.709	15414.44	16284.082	15596.156	14886.702	17444.67	11792.141	16261.15	15721.7	14043.317	14054.497	15393.706	15592.203	16299.344	
sp|P15891|ABP1_YEAST	P15891	ABP1_YEAST	ABP1	592	Saccharomyces cerevisiae (strain ATCC 204508 / S288c)	1:Experimental evidence at protein level	Actin-binding protein	1.0	0.9988	2	2	2	2	0	1	0	0	0	1	0	0	0	0	0	0	0	0	0	0	0	1	0	0	0	1	0	0	0	0	0	0	0	0	0	0	0	1	0	0	0	1	0	0	0	0	0	0	0	0	0	0	0.0	0.0	0.0	0.0	0.0	0.0	0.0	0.0	0.0	0.0	0.0	0.0	0.0	0.0	0.0	0.0	0.0	0.0	0.0	0.0	0.0	0.0	0.0	0.0	0.0	0.0	0.0	0.0	0.0	0.0	0.0	0.0	
sp|P15927|RFA2_HUMAN	P15927	RFA2_HUMAN	RPA2	270	Homo sapiens	1:Experimental evidence at protein level	Replication protein A 32 kDa subunit	0.9999	0.9954	2	3	3	3	1	0	0	0	1	0	0	0	0	0	0	1	0	0	0	0	1	0	0	0	1	0	0	0	0	0	0	1	0	0	0	0	1	0	0	0	1	0	0	0	0	0	0	1	0	0	0	0	2618.8374	2406.3486	0.0	0.0	2652.6868	2473.5974	2105.2754	2239.8381	0.0	2567.853	1877.384	0.0	0.0	0.0	2546.302	1565.6945	2618.8374	2406.3486	0.0	0.0	2652.6868	2473.5974	2105.2754	2239.8381	0.0	2567.853	1877.384	0.0	0.0	0.0	2546.302	1565.6945	
sp|P15992|HSP26_YEAST	P15992	HSP26_YEAST	HSP26	214	Saccharomyces cerevisiae (strain ATCC 204508 / S288c)	1:Experimental evidence at protein level	Heat shock protein 26	1.0	0.999	5	20	20	20	1	3	1	1	3	1	5	2	0	0	1	1	0	1	0	0	1	3	1	1	3	1	5	2	0	0	1	1	0	1	0	0	1	3	1	1	3	1	5	2	0	0	1	1	0	1	0	0	14862.414	12477.193	18473.984	19148.727	22249.148	9826.01	16642.41	18360.336	6323.9307	7357.7803	4529.422	5350.323	4610.53	6292.331	7072.2515	3524.7834	8527.052	7168.4404	8575.691	8907.739	9991.055	8723.679	7446.144	8490.009	3392.6287	4038.0837	3047.1924	3031.4858	6152.799	3240.725	3789.4558	3551.1519	
sp|P16104|H2AX_HUMAN	P16104	H2AX_HUMAN	H2AX	143	Homo sapiens	1:Experimental evidence at protein level	Histone H2AX	1.0	0.999	6	204	0	204	13	14	14	9	13	11	11	12	12	14	14	14	11	14	15	13	0	0	0	0	0	0	0	0	0	0	0	0	0	0	0	0	13	14	14	9	13	11	11	12	12	14	14	14	11	14	15	13	110580.34	109875.53	70666.67	98257.94	117945.96	98312.92	106768.48	111381.76	129074.0	139078.06	130737.85	128910.73	127301.87	142013.66	126533.484	90806.65	41995.17	39311.906	38940.1	38404.203	41249.12	42715.0	38769.434	40735.832	47531.324	49495.793	49386.645	50558.797	48053.715	46547.465	47071.582	44644.703	
sp|P16120|THRC_YEAST	P16120	THRC_YEAST	THR4	514	Saccharomyces cerevisiae (strain ATCC 204508 / S288c)	1:Experimental evidence at protein level	Threonine synthase	1.0	0.999	3	38	38	38	4	2	4	5	5	5	4	3	1	0	1	0	1	1	1	1	4	2	4	5	5	5	4	3	1	0	1	0	1	1	1	1	4	2	4	5	5	5	4	3	1	0	1	0	1	1	1	1	11944.407	4784.62	14226.14	6145.033	7053.59	13619.329	9400.0205	12247.299	0.0	2955.543	0.0	0.0	1374.0284	0.0	0.0	0.0	5349.289	4764.2266	5673.1895	4100.8794	4103.5063	5283.068	5504.3774	5015.588	0.0	2942.9453	0.0	0.0	1368.1719	0.0	0.0	0.0	
sp|P16140|VATB_YEAST	P16140	VATB_YEAST	VMA2	517	Saccharomyces cerevisiae (strain ATCC 204508 / S288c)	1:Experimental evidence at protein level	V-type proton ATPase subunit B	1.0	0.999	3	27	27	27	1	3	1	4	4	5	2	2	0	0	1	0	1	0	2	1	1	3	1	4	4	5	2	2	0	0	1	0	1	0	2	1	1	3	1	4	4	5	2	2	0	0	1	0	1	0	2	1	5053.3687	8020.039	10752.775	8108.192	11024.074	9541.859	8599.912	10194.658	0.0	0.0	0.0	0.0	0.0	0.0	0.0	0.0	6007.678	4594.4536	6042.255	4641.8535	5924.3887	5403.864	4713.135	5583.72	0.0	0.0	0.0	0.0	0.0	0.0	0.0	0.0	
sp|P16157|ANK1_HUMAN	P16157	ANK1_HUMAN	ANK1	1881	Homo sapiens	1:Experimental evidence at protein level	Ankyrin-1	0.9423	0.9979	1	1	1	1	0	0	0	0	0	0	0	0	0	0	1	0	0	0	0	0	0	0	0	0	0	0	0	0	0	0	1	0	0	0	0	0	0	0	0	0	0	0	0	0	0	0	1	0	0	0	0	0	0.0	0.0	0.0	0.0	0.0	0.0	0.0	0.0	0.0	0.0	0.0	0.0	0.0	0.0	0.0	0.0	0.0	0.0	0.0	0.0	0.0	0.0	0.0	0.0	0.0	0.0	0.0	0.0	0.0	0.0	0.0	0.0	
sp|P16467|PDC5_YEAST	P16467	PDC5_YEAST	PDC5	563	Saccharomyces cerevisiae (strain ATCC 204508 / S288c)	1:Experimental evidence at protein level	Pyruvate decarboxylase isozyme 2	1.0	0.999	3	10	10	53	1	1	1	1	0	1	0	0	0	0	1	1	1	1	1	0	1	1	1	1	0	1	0	0	0	0	1	1	1	1	1	0	4	8	5	2	6	4	6	4	1	1	2	2	1	2	3	2	0.0	0.0	0.0	0.0	0.0	0.0	0.0	0.0	0.0	0.0	0.0	0.0	0.0	0.0	0.0	0.0	0.0	0.0	0.0	0.0	0.0	0.0	0.0	0.0	0.0	0.0	0.0	0.0	0.0	0.0	0.0	0.0	
sp|P16474|BIP_YEAST	P16474	BIP_YEAST	KAR2	682	Saccharomyces cerevisiae (strain ATCC 204508 / S288c)	1:Experimental evidence at protein level	Endoplasmic reticulum chaperone BiP	1.0	0.9989	5	15	15	65	2	0	1	0	2	0	2	1	0	1	1	1	1	1	1	1	2	0	1	0	2	0	2	1	0	1	1	1	1	1	1	1	6	3	3	1	5	2	6	3	2	5	4	6	4	6	5	4	3826.2893	4716.8574	5617.8745	4626.351	4377.2227	4549.7983	3563.0679	4748.078	5003.4062	4467.267	6016.913	4812.63	0.0	4934.5786	6121.531	5500.8774	3826.2893	4716.8574	5617.8745	4626.351	4377.2227	4549.7983	3563.0679	4748.078	5003.4062	4467.267	6016.913	4812.63	0.0	4934.5786	6121.531	5500.8774	
sp|P16521|EF3A_YEAST	P16521	EF3A_YEAST	YEF3	1044	Saccharomyces cerevisiae (strain ATCC 204508 / S288c)	1:Experimental evidence at protein level	Elongation factor 3A	1.0	0.999	18	213	181	213	17	20	19	11	25	19	20	19	8	9	8	8	8	10	8	4	15	17	16	9	19	17	18	13	6	9	7	7	8	9	7	4	17	20	19	11	25	19	20	19	8	9	8	8	8	10	8	4	86658.79	77284.516	76038.7	52518.246	75462.945	79316.31	67379.23	63477.855	21419.734	21230.518	16330.727	9977.519	20499.434	20554.469	24337.066	27479.172	16619.977	16417.693	16375.645	15285.862	16408.098	15755.328	15733.762	15407.355	8062.0244	7416.3687	8029.183	6521.544	9313.91	9432.41	8041.3413	9380.464	
sp|P16550|APA1_YEAST	P16550	APA1_YEAST	APA1	321	Saccharomyces cerevisiae (strain ATCC 204508 / S288c)	1:Experimental evidence at protein level	Protein APA1	1.0	0.9988	3	13	13	13	4	2	1	0	2	1	1	0	0	0	0	0	1	1	0	0	4	2	1	0	2	1	1	0	0	0	0	0	1	1	0	0	4	2	1	0	2	1	1	0	0	0	0	0	1	1	0	0	7156.157	6701.574	4149.7915	4210.597	3812.974	4878.9355	4002.8486	3976.1687	0.0	0.0	0.0	0.0	0.0	0.0	0.0	0.0	4249.3647	3650.3403	4149.7915	4210.597	3812.974	4878.9355	4002.8486	3976.1687	0.0	0.0	0.0	0.0	0.0	0.0	0.0	0.0	
sp|P16659|SYP_ECOLI	P16659	SYP_ECOLI	proS	572	Escherichia coli (strain K12)	1:Experimental evidence at protein level	Proline--tRNA ligase	0.9713	0.999	1	8	8	8	0	0	0	0	0	0	0	0	0	0	1	1	2	2	1	1	0	0	0	0	0	0	0	0	0	0	1	1	2	2	1	1	0	0	0	0	0	0	0	0	0	0	1	1	2	2	1	1	0.0	0.0	0.0	0.0	0.0	0.0	0.0	0.0	0.0	2252.0488	1575.31	3818.998	3851.6643	2320.0923	0.0	3458.6414	0.0	0.0	0.0	0.0	0.0	0.0	0.0	0.0	0.0	2252.0488	1575.31	3818.998	3851.6643	2320.0923	0.0	3458.6414	
sp|P16861|PFKA1_YEAST	P16861	PFKA1_YEAST	PFK1	987	Saccharomyces cerevisiae (strain ATCC 204508 / S288c)	1:Experimental evidence at protein level	ATP-dependent 6-phosphofructokinase subunit alpha	1.0	0.999	4	33	33	33	3	4	3	4	4	3	4	5	0	0	0	0	0	1	0	2	3	4	3	4	4	3	4	5	0	0	0	0	0	1	0	2	3	4	3	4	4	3	4	5	0	0	0	0	0	1	0	2	7103.7705	8954.288	9873.654	10092.986	8450.235	5695.879	9507.264	10565.129	0.0	0.0	0.0	0.0	0.0	0.0	0.0	0.0	4092.0247	5188.6426	5732.7656	5867.1694	4913.803	5714.7134	5453.959	5991.591	0.0	0.0	0.0	0.0	0.0	0.0	0.0	0.0	
sp|P16862|PFKA2_YEAST	P16862	PFKA2_YEAST	PFK2	959	Saccharomyces cerevisiae (strain ATCC 204508 / S288c)	1:Experimental evidence at protein level	ATP-dependent 6-phosphofructokinase subunit beta	0.9684	0.9989	1	3	3	3	0	1	0	0	0	0	1	1	0	0	0	0	0	0	0	0	0	1	0	0	0	0	1	1	0	0	0	0	0	0	0	0	0	1	0	0	0	0	1	1	0	0	0	0	0	0	0	0	0.0	0.0	0.0	0.0	0.0	0.0	0.0	0.0	0.0	0.0	0.0	0.0	0.0	0.0	0.0	0.0	0.0	0.0	0.0	0.0	0.0	0.0	0.0	0.0	0.0	0.0	0.0	0.0	0.0	0.0	0.0	0.0	
sp|P16930|FAAA_HUMAN	P16930	FAAA_HUMAN	FAH	419	Homo sapiens	1:Experimental evidence at protein level	Fumarylacetoacetase	0.9713	0.999	1	12	12	12	0	1	1	1	1	1	1	1	1	1	0	0	1	0	1	1	0	1	1	1	1	1	1	1	1	1	0	0	1	0	1	1	0	1	1	1	1	1	1	1	1	1	0	0	1	0	1	1	5524.148	3751.3982	3857.0784	4584.867	4055.2595	0.0	3954.033	5962.359	2306.5815	2625.2751	2727.335	0.0	2983.4526	1627.0428	3195.8806	3676.9521	5524.148	3751.3982	3857.0784	4584.867	4055.2595	0.0	3954.033	5962.359	2306.5815	2625.2751	2727.335	0.0	2983.4526	1627.0428	3195.8806	3676.9521	
sp|P16949|STMN1_HUMAN	P16949	STMN1_HUMAN	STMN1	149	Homo sapiens	1:Experimental evidence at protein level	Stathmin	1.0	0.999	5	100	55	100	8	7	6	5	6	4	5	3	9	7	6	5	5	8	9	7	6	4	4	3	2	2	3	1	4	4	2	3	3	5	6	3	8	7	6	5	6	4	5	3	9	7	6	5	5	8	9	7	42472.535	51701.484	51816.184	50104.67	50431.89	44440.78	47985.203	47600.78	57824.73	53973.164	56958.812	39864.582	47458.6	37611.246	54271.035	52775.914	18480.383	23404.799	22673.172	22581.094	20902.195	20869.715	21355.615	20473.22	25606.639	23943.03	24755.236	25747.717	22373.127	22009.463	25739.09	24777.584	
sp|P17076|RL8A_YEAST	P17076	RL8A_YEAST	RPL8A	256	Saccharomyces cerevisiae (strain ATCC 204508 / S288c)	1:Experimental evidence at protein level	Large ribosomal subunit protein eL8A	1.0	0.999	6	31	0	31	4	4	2	2	4	3	4	3	1	1	0	1	0	0	1	1	0	0	0	0	0	0	0	0	0	0	0	0	0	0	0	0	4	4	2	2	4	3	4	3	1	1	0	1	0	0	1	1	30737.88	34651.53	27181.453	30138.594	30622.387	27208.64	31737.688	33572.2	13835.698	8056.6436	10036.822	11205.4	12634.998	9364.169	10071.782	13937.143	8570.393	9117.918	8604.156	8461.589	8631.767	8014.243	8110.179	8367.34	5091.6396	4394.3403	4511.187	4868.7466	3893.7908	4119.962	3570.3665	4445.049	sp|P29453|RL8B_YEAST
sp|P17096|HMGA1_HUMAN	P17096	HMGA1_HUMAN	HMGA1	107	Homo sapiens	1:Experimental evidence at protein level	High mobility group protein HMG-I/HMG-Y	1.0	0.9989	2	22	22	22	1	1	0	0	2	2	4	4	1	1	0	1	0	1	2	2	1	1	0	0	2	2	4	4	1	1	0	1	0	1	2	2	1	1	0	0	2	2	4	4	1	1	0	1	0	1	2	2	6247.9946	5389.77	5775.8457	6265.3726	5384.149	5920.404	6247.4995	5696.675	5935.599	4810.1587	5406.831	5902.9395	4566.3096	5995.7876	4757.8354	5362.0996	6247.9946	5389.77	5775.8457	6265.3726	5384.149	5920.404	6247.4995	5696.675	5935.599	4810.1587	5406.831	5902.9395	4566.3096	5995.7876	4757.8354	5362.0996	
sp|P17117|NFSA_ECOLI	P17117	NFSA_ECOLI	nfsA	240	Escherichia coli (strain K12)	1:Experimental evidence at protein level	Oxygen-insensitive NADPH nitroreductase	1.0	0.999	2	11	11	11	0	0	0	0	0	0	0	0	0	0	2	2	2	2	2	1	0	0	0	0	0	0	0	0	0	0	2	2	2	2	2	1	0	0	0	0	0	0	0	0	0	0	2	2	2	2	2	1	0.0	0.0	0.0	0.0	0.0	0.0	0.0	0.0	0.0	469.49646	1053.6324	0.0	3022.9949	2548.263	2878.99	0.0	0.0	0.0	0.0	0.0	0.0	0.0	0.0	0.0	0.0	469.49646	1053.6324	0.0	3022.9949	2548.263	2878.99	0.0	
sp|P17174|AATC_HUMAN	P17174	AATC_HUMAN	GOT1	413	Homo sapiens	1:Experimental evidence at protein level	Aspartate aminotransferase, cytoplasmic	1.0	0.999	3	27	27	27	1	1	1	1	1	1	1	1	1	2	4	2	2	3	2	3	1	1	1	1	1	1	1	1	1	2	4	2	2	3	2	3	1	1	1	1	1	1	1	1	1	2	4	2	2	3	2	3	4956.6313	6363.592	0.0	3236.315	5243.498	6179.2593	11202.459	13850.814	2270.883	4998.246	5356.561	6262.8164	4567.005	4383.089	3668.0554	4537.063	4956.6313	6363.592	0.0	3236.315	5243.498	6179.2593	11202.459	13850.814	2270.883	4998.246	5356.561	6262.8164	4567.005	4383.089	3668.0554	4537.063	
sp|P17255|VATA_YEAST	P17255	VATA_YEAST	VMA1	1071	Saccharomyces cerevisiae (strain ATCC 204508 / S288c)	1:Experimental evidence at protein level	V-type proton ATPase catalytic subunit A	1.0	0.999	9	71	62	71	5	6	8	10	10	5	8	10	1	2	1	0	2	0	1	2	4	6	7	9	10	4	7	9	0	1	1	0	2	0	0	2	5	6	8	10	10	5	8	10	1	2	1	0	2	0	1	2	33061.945	29277.271	23476.89	23643.152	21344.662	27752.086	29453.232	24647.709	4503.306	6271.564	5391.771	6174.132	4963.826	3423.1973	5734.4756	5035.7173	7468.0713	7410.284	6985.368	7427.5283	7239.347	6458.573	7189.586	5290.3423	3705.0742	5164.7563	4442.5264	5076.9653	4091.0762	5287.137	3843.914	4103.9023	
sp|P17505|MDHM_YEAST	P17505	MDHM_YEAST	MDH1	334	Saccharomyces cerevisiae (strain ATCC 204508 / S288c)	1:Experimental evidence at protein level	Malate dehydrogenase, mitochondrial	0.9999	0.999	2	17	17	17	1	1	2	3	2	3	0	2	0	1	0	0	0	2	0	0	1	1	2	3	2	3	0	2	0	1	0	0	0	2	0	0	1	1	2	3	2	3	0	2	0	1	0	0	0	2	0	0	0.0	0.0	1617.3553	0.0	0.0	1477.7218	1403.9641	2251.7322	0.0	0.0	0.0	0.0	0.0	34991.793	0.0	0.0	0.0	0.0	1617.3553	0.0	0.0	1477.7218	1403.9641	2251.7322	0.0	0.0	0.0	0.0	0.0	0.0	0.0	0.0	
sp|P17536|TPM1_YEAST	P17536	TPM1_YEAST	TPM1	199	Saccharomyces cerevisiae (strain ATCC 204508 / S288c)	1:Experimental evidence at protein level	Tropomyosin-1	0.867	0.9948	1	3	3	3	1	1	0	0	1	0	0	0	0	0	0	0	0	0	0	0	1	1	0	0	1	0	0	0	0	0	0	0	0	0	0	0	1	1	0	0	1	0	0	0	0	0	0	0	0	0	0	0	2591.5063	2655.7913	2534.2441	3453.0989	3573.314	2256.4949	0.0	2886.848	1606.5226	0.0	0.0	0.0	0.0	0.0	0.0	0.0	2591.5063	2655.7913	2534.2441	3453.0989	3573.314	2256.4949	0.0	2886.848	1606.5226	0.0	0.0	0.0	0.0	0.0	0.0	0.0	
sp|P17555|CAP_YEAST	P17555	CAP_YEAST	SRV2	526	Saccharomyces cerevisiae (strain ATCC 204508 / S288c)	1:Experimental evidence at protein level	Adenylyl cyclase-associated protein	0.9681	0.9989	1	1	1	1	1	0	0	0	0	0	0	0	0	0	0	0	0	0	0	0	1	0	0	0	0	0	0	0	0	0	0	0	0	0	0	0	1	0	0	0	0	0	0	0	0	0	0	0	0	0	0	0	0.0	0.0	0.0	0.0	0.0	0.0	0.0	0.0	0.0	0.0	0.0	0.0	0.0	0.0	0.0	0.0	0.0	0.0	0.0	0.0	0.0	0.0	0.0	0.0	0.0	0.0	0.0	0.0	0.0	0.0	0.0	0.0	
sp|P17709|HXKG_YEAST	P17709	HXKG_YEAST	GLK1	500	Saccharomyces cerevisiae (strain ATCC 204508 / S288c)	1:Experimental evidence at protein level	Glucokinase-1	1.0	0.999	6	29	18	29	3	4	1	3	4	3	5	4	0	0	0	1	0	1	0	0	1	3	0	2	3	2	4	3	0	0	0	0	0	0	0	0	3	4	1	3	4	3	5	4	0	0	0	1	0	1	0	0	8003.289	6220.511	6956.5913	6906.924	6701.6675	7296.4575	3328.3894	0.0	0.0	0.0	0.0	1727.9158	0.0	1414.2838	1814.6785	1734.9584	4094.7852	3342.666	3217.0708	3375.747	3594.0881	3726.407	3532.4177	0.0	0.0	0.0	0.0	1833.8359	0.0	1500.9785	1925.9172	1841.3103	
sp|P17844|DDX5_HUMAN	P17844	DDX5_HUMAN	DDX5	614	Homo sapiens	1:Experimental evidence at protein level	Probable ATP-dependent RNA helicase DDX5	1.0	0.999	15	89	60	89	4	5	6	4	4	4	6	6	3	6	5	8	1	5	11	11	3	4	5	4	2	1	4	3	1	3	3	6	1	4	8	8	4	5	6	4	4	4	6	6	3	6	5	8	1	5	11	11	15468.291	16797.49	14478.374	11868.016	20072.076	19169.562	18421.94	18938.164	20338.98	27046.209	21139.766	27419.742	24063.207	27917.76	30212.56	29420.438	4472.7495	4220.5503	4367.4844	4275.7417	4245.044	4708.2607	4577.5063	4621.7183	5211.6445	4550.957	4864.9365	4736.9326	4336.1104	4683.085	4681.116	4484.231	
sp|P17858|PFKAL_HUMAN	P17858	PFKAL_HUMAN	PFKL	780	Homo sapiens	1:Experimental evidence at protein level	ATP-dependent 6-phosphofructokinase, liver type	0.9612	0.9986	1	1	1	1	0	0	0	0	1	0	0	0	0	0	0	0	0	0	0	0	0	0	0	0	1	0	0	0	0	0	0	0	0	0	0	0	0	0	0	0	1	0	0	0	0	0	0	0	0	0	0	0	0.0	0.0	0.0	0.0	0.0	0.0	0.0	0.0	0.0	0.0	0.0	0.0	0.0	0.0	0.0	0.0	0.0	0.0	0.0	0.0	0.0	0.0	0.0	0.0	0.0	0.0	0.0	0.0	0.0	0.0	0.0	0.0	
sp|P17967|PDI_YEAST	P17967	PDI_YEAST	PDI1	522	Saccharomyces cerevisiae (strain ATCC 204508 / S288c)	1:Experimental evidence at protein level	Protein disulfide-isomerase	1.0	0.999	8	126	126	126	12	11	8	12	11	18	10	12	2	3	4	3	5	5	5	5	12	11	8	12	11	18	10	12	2	3	4	3	5	5	5	5	12	11	8	12	11	18	10	12	2	3	4	3	5	5	5	5	26898.262	27073.066	26520.025	27791.846	27377.943	31559.62	29299.422	32493.396	3122.5898	7687.646	8944.224	9031.525	11002.225	10297.51	8218.318	9324.719	9162.539	9102.077	9516.336	10749.256	8634.549	9711.054	9679.278	9309.126	5884.605	5028.596	4220.008	4081.0874	4981.985	4608.8096	3718.753	5679.279	
sp|P17980|PRS6A_HUMAN	P17980	PRS6A_HUMAN	PSMC3	439	Homo sapiens	1:Experimental evidence at protein level	26S proteasome regulatory subunit 6A	1.0	0.999	6	55	55	55	4	4	2	4	2	2	3	4	2	4	4	5	5	3	3	4	4	4	2	4	2	2	3	4	2	4	4	5	5	3	3	4	4	4	2	4	2	2	3	4	2	4	4	5	5	3	3	4	6161.197	10545.7705	10203.976	5683.9077	9704.096	10184.286	6510.659	13352.153	0.0	6263.847	6890.8354	7804.518	7882.327	7001.8154	5621.58	8599.639	6161.197	8133.978	7117.6353	5683.9077	7473.452	7852.5894	6510.659	7931.618	0.0	6263.847	6890.8354	5970.5146	6034.063	5250.5557	5621.58	6378.4087	
sp|P17987|TCPA_HUMAN	P17987	TCPA_HUMAN	TCP1	556	Homo sapiens	1:Experimental evidence at protein level	T-complex protein 1 subunit alpha	1.0	0.999	15	286	264	286	21	22	22	12	22	18	20	25	8	18	17	14	13	17	20	17	19	20	20	12	20	17	18	23	7	16	16	13	12	17	19	15	21	22	22	12	22	18	20	25	8	18	17	14	13	17	20	17	41461.7	46877.42	51885.37	58231.95	56245.664	58874.168	57452.473	47894.484	35971.562	43362.477	31954.121	49157.508	51817.637	44767.656	47349.973	42944.96	13438.734	14870.048	14212.138	15343.417	16650.863	15017.381	14782.039	15248.579	11458.813	11534.979	11695.533	12443.246	13198.786	12381.184	12110.813	11754.806	
sp|P18077|RL35A_HUMAN	P18077	RL35A_HUMAN	RPL35A	110	Homo sapiens	1:Experimental evidence at protein level	Large ribosomal subunit protein eL33	1.0	0.999	5	41	41	41	2	2	1	1	3	3	2	3	1	4	3	6	2	3	1	4	2	2	1	1	3	3	2	3	1	4	3	6	2	3	1	4	2	2	1	1	3	3	2	3	1	4	3	6	2	3	1	4	11194.276	10291.116	14209.283	14391.313	12437.357	9595.627	13887.508	10534.025	14222.299	13976.847	15632.121	14439.0625	13412.569	13957.659	15475.268	15380.119	4069.065	3763.9668	4393.529	4374.466	4715.053	3822.4856	4346.89	3860.6213	4379.486	4178.6514	3851.3782	4640.4326	3954.931	4228.62	4067.839	4631.073	
sp|P18124|RL7_HUMAN	P18124	RL7_HUMAN	RPL7	248	Homo sapiens	1:Experimental evidence at protein level	Large ribosomal subunit protein uL30	1.0	0.999	5	23	23	23	1	1	0	0	0	1	1	1	2	1	2	3	1	2	3	4	1	1	0	0	0	1	1	1	2	1	2	3	1	2	3	4	1	1	0	0	0	1	1	1	2	1	2	3	1	2	3	4	2874.8157	8508.439	6006.9277	3729.2598	11083.995	8221.165	3183.2878	9559.952	15055.486	17742.367	16929.309	14256.843	18157.967	17405.627	15740.107	15132.854	5045.3813	5312.274	5663.551	3516.0825	4840.1377	3711.4734	6267.924	4647.3667	6988.914	6049.645	6028.799	5234.678	6531.392	6080.179	5780.6646	5430.7515	
sp|P18206|VINC_HUMAN	P18206	VINC_HUMAN	VCL	1134	Homo sapiens	1:Experimental evidence at protein level	Vinculin	1.0	0.999	6	91	91	91	5	6	3	5	7	5	7	7	7	7	6	5	3	6	6	6	5	6	3	5	7	5	7	7	7	7	6	5	3	6	6	6	5	6	3	5	7	5	7	7	7	7	6	5	3	6	6	6	28261.797	28357.215	19281.98	39035.836	51888.598	41369.004	42140.89	44862.992	11944.5625	6820.341	7467.42	5142.0767	17840.902	13907.8125	6051.8384	9848.422	11822.256	12146.922	10778.91	13505.286	13146.571	11603.538	13448.674	12437.346	12805.327	14327.52	11119.828	10892.478	14273.65	12112.363	9011.868	18872.621	
sp|P18239|ADT2_YEAST	P18239	ADT2_YEAST	PET9	318	Saccharomyces cerevisiae (strain ATCC 204508 / S288c)	1:Experimental evidence at protein level	ADP/ATP translocase 2	1.0	0.999	1	13	13	13	1	1	1	2	2	1	1	2	0	0	1	0	1	0	0	0	1	1	1	2	2	1	1	2	0	0	1	0	1	0	0	0	1	1	1	2	2	1	1	2	0	0	1	0	1	0	0	0	0.0	0.0	0.0	0.0	0.0	0.0	0.0	0.0	0.0	0.0	0.0	0.0	0.0	0.0	0.0	0.0	0.0	0.0	0.0	0.0	0.0	0.0	0.0	0.0	0.0	0.0	0.0	0.0	0.0	0.0	0.0	0.0	
sp|P18583|SON_HUMAN	P18583	SON_HUMAN	SON	2426	Homo sapiens	1:Experimental evidence at protein level	Protein SON	0.9713	0.999	1	12	12	12	0	1	1	2	2	0	1	2	0	0	0	1	1	0	0	1	0	1	1	2	2	0	1	2	0	0	0	1	1	0	0	1	0	1	1	2	2	0	1	2	0	0	0	1	1	0	0	1	0.0	0.0	1871.9664	0.0	3535.1082	2309.4844	0.0	3449.3909	0.0	1289.8092	0.0	0.0	2017.0385	0.0	2033.2164	1898.1969	0.0	0.0	1871.9664	0.0	3535.1082	2309.4844	0.0	3449.3909	0.0	1289.8092	0.0	0.0	2017.0385	0.0	2033.2164	1898.1969	
sp|P18621|RL17_HUMAN	P18621	RL17_HUMAN	RPL17	184	Homo sapiens	1:Experimental evidence at protein level	Large ribosomal subunit protein uL22	1.0	0.999	1	20	20	20	1	1	0	1	2	2	0	1	2	1	1	2	2	2	1	1	1	1	0	1	2	2	0	1	2	1	1	2	2	2	1	1	1	1	0	1	2	2	0	1	2	1	1	2	2	2	1	1	3143.0444	553.21265	0.0	4203.2793	4022.44	3698.4163	5069.4707	2937.7837	0.0	5010.956	1969.9054	3859.375	5989.3286	3364.8535	1482.8029	2651.3499	3143.0444	553.21265	0.0	4203.2793	4022.44	3698.4163	5069.4707	2937.7837	0.0	5010.956	1969.9054	3859.375	5989.3286	3364.8535	1482.8029	2651.3499	
sp|P18669|PGAM1_HUMAN	P18669	PGAM1_HUMAN	PGAM1	254	Homo sapiens	1:Experimental evidence at protein level	Phosphoglycerate mutase 1	1.0	0.999	4	86	34	101	6	7	6	5	5	3	6	4	2	7	5	4	6	7	8	5	2	2	2	1	2	3	4	1	0	3	1	2	2	2	5	2	6	7	6	5	5	3	6	4	4	9	7	6	7	9	10	7	13117.189	11717.006	16107.929	11352.355	12309.24	12184.282	10002.807	15715.844	10101.851	13815.512	13091.489	11843.497	21416.027	14269.24	12747.683	12013.085	9188.628	7569.3364	10960.839	8068.559	8766.109	8666.786	7082.912	10877.865	10138.31	7651.182	7684.818	7804.101	13466.644	9856.61	8684.943	8074.3403	
sp|P18754|RCC1_HUMAN	P18754	RCC1_HUMAN	RCC1	421	Homo sapiens	1:Experimental evidence at protein level	Regulator of chromosome condensation	0.9713	0.999	1	6	6	6	0	1	0	0	1	0	1	0	0	1	0	2	0	0	0	0	0	1	0	0	1	0	1	0	0	1	0	2	0	0	0	0	0	1	0	0	1	0	1	0	0	1	0	2	0	0	0	0	0.0	0.0	0.0	0.0	0.0	0.0	0.0	0.0	0.0	0.0	0.0	0.0	0.0	0.0	0.0	0.0	0.0	0.0	0.0	0.0	0.0	0.0	0.0	0.0	0.0	0.0	0.0	0.0	0.0	0.0	0.0	0.0	
sp|P18843|NADE_ECOLI	P18843	NADE_ECOLI	nadE	275	Escherichia coli (strain K12)	1:Experimental evidence at protein level	NH(3)-dependent NAD(+) synthetase	1.0	0.9989	2	6	6	6	0	0	0	0	0	0	0	0	0	1	2	0	0	1	1	1	0	0	0	0	0	0	0	0	0	1	2	0	0	1	1	1	0	0	0	0	0	0	0	0	0	1	2	0	0	1	1	1	0.0	0.0	0.0	0.0	0.0	0.0	0.0	0.0	0.0	0.0	0.0	0.0	0.0	0.0	0.0	0.0	0.0	0.0	0.0	0.0	0.0	0.0	0.0	0.0	0.0	0.0	0.0	0.0	0.0	0.0	0.0	0.0	
sp|P18858|DNLI1_HUMAN	P18858	DNLI1_HUMAN	LIG1	919	Homo sapiens	1:Experimental evidence at protein level	DNA ligase 1	0.9484	0.9982	1	3	3	3	0	0	0	1	0	1	0	0	0	1	0	0	0	0	0	0	0	0	0	1	0	1	0	0	0	1	0	0	0	0	0	0	0	0	0	1	0	1	0	0	0	1	0	0	0	0	0	0	0.0	0.0	0.0	0.0	0.0	0.0	0.0	0.0	0.0	0.0	0.0	0.0	0.0	0.0	0.0	0.0	0.0	0.0	0.0	0.0	0.0	0.0	0.0	0.0	0.0	0.0	0.0	0.0	0.0	0.0	0.0	0.0	
sp|P19097|FAS2_YEAST	P19097	FAS2_YEAST	FAS2	1887	Saccharomyces cerevisiae (strain ATCC 204508 / S288c)	1:Experimental evidence at protein level	Fatty acid synthase subunit alpha	1.0	0.999	3	22	22	22	1	2	3	3	2	1	4	4	0	0	0	0	0	0	0	2	1	2	3	3	2	1	4	4	0	0	0	0	0	0	0	2	1	2	3	3	2	1	4	4	0	0	0	0	0	0	0	2	2656.6584	0.0	1270.546	1326.4722	0.0	1606.9712	2655.5527	5285.1006	0.0	0.0	0.0	0.0	0.0	0.0	0.0	0.0	2656.6584	0.0	1270.546	1326.4722	0.0	1606.9712	2655.5527	3074.601	0.0	0.0	0.0	0.0	0.0	0.0	0.0	0.0	
sp|P19338|NUCL_HUMAN	P19338	NUCL_HUMAN	NCL	710	Homo sapiens	1:Experimental evidence at protein level	Nucleolin	1.0	0.999	21	424	424	424	25	26	25	21	26	24	30	27	25	27	27	28	26	31	29	27	25	26	25	21	26	24	30	27	25	27	27	28	26	31	29	27	25	26	25	21	26	24	30	27	25	27	27	28	26	31	29	27	161442.81	156198.86	140150.83	140930.02	133146.17	154577.47	146158.12	148797.58	163514.19	160769.4	156511.86	158932.06	167157.16	170057.05	160994.45	162942.19	15901.189	15373.763	15428.336	15606.982	15518.174	15859.134	15201.771	15621.942	16622.87	16715.168	16402.348	16869.059	16115.674	16265.498	16623.979	16253.47	
sp|P19414|ACON_YEAST	P19414	ACON_YEAST	ACO1	778	Saccharomyces cerevisiae (strain ATCC 204508 / S288c)	1:Experimental evidence at protein level	Aconitate hydratase, mitochondrial	1.0	0.999	8	43	43	43	4	6	4	1	6	4	6	5	0	2	1	0	1	1	2	0	4	6	4	1	6	4	6	5	0	2	1	0	1	1	2	0	4	6	4	1	6	4	6	5	0	2	1	0	1	1	2	0	16651.455	15994.521	20474.318	15021.39	21455.125	11773.131	12014.54	16946.383	3592.381	5884.7256	7966.8784	7100.743	4074.0723	5043.0557	2601.829	0.0	5004.458	4702.2476	4926.9956	5292.3755	5050.919	4928.0073	5208.5273	5310.862	3522.526	2931.7522	3134.4	2771.8145	2088.519	2585.8674	2747.4487	0.0	
sp|P19623|SPEE_HUMAN	P19623	SPEE_HUMAN	SRM	302	Homo sapiens	1:Experimental evidence at protein level	Spermidine synthase	1.0	0.9986	2	3	3	3	0	0	0	0	0	0	0	0	0	0	1	0	0	1	0	1	0	0	0	0	0	0	0	0	0	0	1	0	0	1	0	1	0	0	0	0	0	0	0	0	0	0	1	0	0	1	0	1	0.0	0.0	0.0	0.0	0.0	0.0	0.0	0.0	0.0	0.0	0.0	0.0	0.0	0.0	0.0	0.0	0.0	0.0	0.0	0.0	0.0	0.0	0.0	0.0	0.0	0.0	0.0	0.0	0.0	0.0	0.0	0.0	
sp|P19882|HSP60_YEAST	P19882	HSP60_YEAST	HSP60	572	Saccharomyces cerevisiae (strain ATCC 204508 / S288c)	1:Experimental evidence at protein level	Heat shock protein 60, mitochondrial	1.0	0.999	7	49	49	49	4	3	4	5	7	4	8	7	1	0	1	0	0	2	1	2	4	3	4	5	7	4	8	7	1	0	1	0	0	2	1	2	4	3	4	5	7	4	8	7	1	0	1	0	0	2	1	2	16862.982	20695.527	13694.069	13459.479	19702.234	20738.264	21964.523	21563.936	1270.1167	1887.6548	0.0	1556.9493	0.0	3817.1836	8961.549	3115.2312	4890.037	5684.5107	4999.873	5291.4443	5815.551	5107.046	6086.698	5384.051	2213.406	2537.3704	0.0	2092.8389	0.0	2673.5276	3726.6506	1873.6134	
sp|P19926|AGP_ECOLI	P19926	AGP_ECOLI	agp	413	Escherichia coli (strain K12)	1:Experimental evidence at protein level	Glucose-1-phosphatase	1.0	0.999	7	52	52	52	0	1	0	0	0	0	0	0	3	10	4	6	5	10	7	6	0	1	0	0	0	0	0	0	3	10	4	6	5	10	7	6	0	1	0	0	0	0	0	0	3	10	4	6	5	10	7	6	0.0	0.0	0.0	0.0	0.0	1075.5024	0.0	0.0	28424.414	37280.47	18568.38	40817.703	28518.926	35297.48	34777.395	28814.406	0.0	0.0	0.0	0.0	0.0	2242.5676	0.0	0.0	7890.2227	8138.7046	6906.805	9169.1045	6966.4688	7757.6416	8421.6045	7523.269	
sp|P20042|IF2B_HUMAN	P20042	IF2B_HUMAN	EIF2S2	333	Homo sapiens	1:Experimental evidence at protein level	Eukaryotic translation initiation factor 2 subunit 2	1.0	0.999	3	6	6	6	0	2	0	0	0	1	0	0	0	0	1	1	0	0	1	0	0	2	0	0	0	1	0	0	0	0	1	1	0	0	1	0	0	2	0	0	0	1	0	0	0	0	1	1	0	0	1	0	0.0	0.0	0.0	0.0	0.0	0.0	0.0	0.0	1834.1189	2117.0476	2165.3274	1982.6506	0.0	0.0	0.0	0.0	0.0	0.0	0.0	0.0	0.0	0.0	0.0	0.0	1834.1189	2117.0476	2165.3274	1982.6506	0.0	0.0	0.0	0.0	
sp|P20081|FKBP_YEAST	P20081	FKBP_YEAST	FPR1	114	Saccharomyces cerevisiae (strain ATCC 204508 / S288c)	1:Experimental evidence at protein level	FK506-binding protein 1	1.0	0.999	2	22	22	22	2	2	3	1	3	2	3	2	0	1	0	0	0	0	3	0	2	2	3	1	3	2	3	2	0	1	0	0	0	0	3	0	2	2	3	1	3	2	3	2	0	1	0	0	0	0	3	0	9475.233	8334.11	7180.458	7821.9814	9636.92	7840.5293	7715.7773	8823.621	1584.0618	0.0	1414.3176	0.0	2470.81	1939.4613	0.0	2005.8431	5070.63	4633.03	3220.409	4358.485	5084.442	4375.789	4159.4663	4919.2417	1783.7223	0.0	1592.5831	0.0	2782.2395	2183.9177	0.0	2096.0913	
sp|P20290|BTF3_HUMAN	P20290	BTF3_HUMAN	BTF3	206	Homo sapiens	1:Experimental evidence at protein level	Transcription factor BTF3	1.0	0.999	5	99	99	99	7	6	5	4	7	8	8	9	6	4	7	6	5	6	7	4	7	6	5	4	7	8	8	9	6	4	7	6	5	6	7	4	7	6	5	4	7	8	8	9	6	4	7	6	5	6	7	4	30970.357	23286.99	15768.27	21169.979	25448.45	22264.035	21540.46	21964.75	21342.46	19517.74	25252.254	29852.258	19607.785	28698.598	21653.965	26312.807	10197.473	9076.724	9040.4	8619.22	9983.223	9269.677	8589.451	8604.77	7709.3564	8508.417	9908.353	8946.754	7429.425	9093.84	8723.83	8222.096	
sp|P20618|PSB1_HUMAN	P20618	PSB1_HUMAN	PSMB1	241	Homo sapiens	1:Experimental evidence at protein level	Proteasome subunit beta type-1	1.0	0.997	3	10	10	10	0	1	0	0	0	0	1	2	1	1	1	1	1	0	1	0	0	1	0	0	0	0	1	2	1	1	1	1	1	0	1	0	0	1	0	0	0	0	1	2	1	1	1	1	1	0	1	0	0.0	2156.9814	2307.1006	0.0	2810.1663	2807.699	1895.4401	1734.7686	5420.206	2244.5955	1803.4099	2524.4265	1549.4609	2642.5544	4118.552	2002.3934	0.0	2156.9814	2307.1006	0.0	2810.1663	2807.699	1895.4401	1734.7686	5420.206	2244.5955	1803.4099	2524.4265	1549.4609	2642.5544	4118.552	2002.3934	
sp|P20674|COX5A_HUMAN	P20674	COX5A_HUMAN	COX5A	150	Homo sapiens	1:Experimental evidence at protein level	Cytochrome c oxidase subunit 5A, mitochondrial	1.0	0.999	3	5	5	5	0	1	0	0	0	0	0	0	0	0	1	1	1	0	0	1	0	1	0	0	0	0	0	0	0	0	1	1	1	0	0	1	0	1	0	0	0	0	0	0	0	0	1	1	1	0	0	1	0.0	0.0	0.0	4177.875	0.0	0.0	0.0	0.0	3528.568	4105.696	5309.8135	7864.1963	8014.6074	3060.796	2847.7837	3400.4731	0.0	0.0	0.0	4288.86	0.0	0.0	0.0	0.0	3622.3042	4214.763	3135.3323	3770.6035	4335.572	3142.1055	2923.4346	3490.8064	
sp|P20700|LMNB1_HUMAN	P20700	LMNB1_HUMAN	LMNB1	586	Homo sapiens	1:Experimental evidence at protein level	Lamin-B1	1.0	0.999	12	86	86	99	5	3	5	4	5	4	11	6	2	7	9	7	2	6	7	3	5	3	5	4	5	4	11	6	2	7	9	7	2	6	7	3	6	4	5	4	6	4	12	7	3	8	10	8	2	8	8	4	11336.036	6594.7383	12223.847	10272.085	11430.967	16002.044	16514.982	9587.984	10035.898	8298.853	10300.513	9765.305	9987.736	8020.691	15534.688	15822.969	4503.9937	3651.8208	5177.931	5873.791	5061.1426	5074.87	4317.7256	5033.313	4761.7437	5014.561	4896.9233	4600.7617	3039.1128	3810.5156	4078.2705	4542.2397	
sp|P20930|FILA_HUMAN	P20930	FILA_HUMAN	FLG	4061	Homo sapiens	1:Experimental evidence at protein level	Filaggrin	0.9084	0.9966	1	1	1	1	0	0	0	0	0	0	0	0	1	0	0	0	0	0	0	0	0	0	0	0	0	0	0	0	1	0	0	0	0	0	0	0	0	0	0	0	0	0	0	0	1	0	0	0	0	0	0	0	0.0	0.0	0.0	0.0	0.0	0.0	0.0	0.0	6843.132	0.0	0.0	0.0	0.0	0.0	0.0	0.0	0.0	0.0	0.0	0.0	0.0	0.0	0.0	0.0	0.0	0.0	0.0	0.0	0.0	0.0	0.0	0.0	
sp|P20962|PTMS_HUMAN	P20962	PTMS_HUMAN	PTMS	102	Homo sapiens	1:Experimental evidence at protein level	Parathymosin	0.9713	0.999	1	7	7	7	0	0	0	0	1	0	0	0	0	1	0	1	0	2	1	1	0	0	0	0	1	0	0	0	0	1	0	1	0	2	1	1	0	0	0	0	1	0	0	0	0	1	0	1	0	2	1	1	3858.3347	4873.7295	4003.0413	4423.9663	3794.0642	4502.7056	3413.6116	4128.941	5327.4785	4162.6636	3793.6768	4501.009	3906.2627	5047.7773	5261.66	4472.6055	3858.3347	4873.7295	4003.0413	4423.9663	3794.0642	4502.7056	3413.6116	4128.941	5327.4785	4162.6636	3793.6768	4501.009	3906.2627	5047.7773	5261.66	4472.6055	
sp|P21242|PSA7_YEAST	P21242	PSA7_YEAST	PRE10	288	Saccharomyces cerevisiae (strain ATCC 204508 / S288c)	1:Experimental evidence at protein level	Probable proteasome subunit alpha type-7	1.0	0.9989	2	3	3	3	1	0	0	0	0	0	1	1	0	0	0	0	0	0	0	0	1	0	0	0	0	0	1	1	0	0	0	0	0	0	0	0	1	0	0	0	0	0	1	1	0	0	0	0	0	0	0	0	0.0	0.0	0.0	0.0	0.0	0.0	0.0	0.0	0.0	0.0	0.0	0.0	0.0	0.0	0.0	0.0	0.0	0.0	0.0	0.0	0.0	0.0	0.0	0.0	0.0	0.0	0.0	0.0	0.0	0.0	0.0	0.0	
sp|P21281|VATB2_HUMAN	P21281	VATB2_HUMAN	ATP6V1B2	511	Homo sapiens	1:Experimental evidence at protein level	V-type proton ATPase subunit B, brain isoform	0.8865	0.9957	1	3	3	3	0	0	0	0	0	0	0	1	0	0	1	0	0	1	0	0	0	0	0	0	0	0	0	1	0	0	1	0	0	1	0	0	0	0	0	0	0	0	0	1	0	0	1	0	0	1	0	0	0.0	0.0	0.0	0.0	0.0	0.0	0.0	0.0	0.0	0.0	0.0	0.0	0.0	0.0	0.0	0.0	0.0	0.0	0.0	0.0	0.0	0.0	0.0	0.0	0.0	0.0	0.0	0.0	0.0	0.0	0.0	0.0	
sp|P21333|FLNA_HUMAN	P21333	FLNA_HUMAN	FLNA	2647	Homo sapiens	1:Experimental evidence at protein level	Filamin-A	1.0	0.999	9	49	49	49	3	3	4	2	4	4	1	5	2	3	2	3	3	2	5	3	3	3	4	2	4	4	1	5	2	3	2	3	3	2	5	3	3	3	4	2	4	4	1	5	2	3	2	3	3	2	5	3	5109.777	3497.2805	3702.2268	5495.2964	6163.4976	12981.715	542.9678	5665.223	0.0	7779.375	0.0	4156.502	1312.6289	3058.581	1180.9335	6301.0176	4721.855	3231.7754	3421.1626	5078.1064	5695.5796	7914.2456	1015.8563	5235.133	0.0	4744.4346	0.0	3840.9502	2455.8408	2826.3809	2209.4475	3890.3367	
sp|P21513|RNE_ECOLI	P21513	RNE_ECOLI	rne	1061	Escherichia coli (strain K12)	1:Experimental evidence at protein level	Ribonuclease E	0.9246	0.9972	1	1	1	1	0	0	0	0	0	0	0	0	0	0	0	1	0	0	0	0	0	0	0	0	0	0	0	0	0	0	0	1	0	0	0	0	0	0	0	0	0	0	0	0	0	0	0	1	0	0	0	0	0.0	0.0	0.0	0.0	0.0	0.0	0.0	0.0	0.0	0.0	0.0	0.0	0.0	0.0	0.0	0.0	0.0	0.0	0.0	0.0	0.0	0.0	0.0	0.0	0.0	0.0	0.0	0.0	0.0	0.0	0.0	0.0	
sp|P21599|KPYK2_ECOLI	P21599	KPYK2_ECOLI	pykA	480	Escherichia coli (strain K12)	1:Experimental evidence at protein level	Pyruvate kinase II	1.0	0.999	4	17	17	17	0	0	0	0	0	0	0	0	2	2	3	2	2	1	3	2	0	0	0	0	0	0	0	0	2	2	3	2	2	1	3	2	0	0	0	0	0	0	0	0	2	2	3	2	2	1	3	2	0.0	0.0	0.0	0.0	0.0	0.0	0.0	0.0	0.0	2882.166	2659.8352	2599.7986	1835.2892	2900.4946	3134.9875	3042.8945	0.0	0.0	0.0	0.0	0.0	0.0	0.0	0.0	0.0	2882.166	2659.8352	2599.7986	1835.2892	2900.4946	3134.9875	3042.8945	
sp|P21796|VDAC1_HUMAN	P21796	VDAC1_HUMAN	VDAC1	283	Homo sapiens	1:Experimental evidence at protein level	Non-selective voltage-gated ion channel VDAC1	1.0	0.999	5	60	60	60	5	3	4	2	2	2	6	5	3	4	3	3	6	5	3	4	5	3	4	2	2	2	6	5	3	4	3	3	6	5	3	4	5	3	4	2	2	2	6	5	3	4	3	3	6	5	3	4	16399.672	12937.621	4881.7866	15128.756	13259.967	15882.086	17759.77	14938.6875	9243.477	15852.131	16933.027	13456.668	18969.94	18646.438	18754.854	5714.343	10876.747	9244.702	9837.427	9656.787	7772.1147	9536.354	8615.647	9746.343	8467.976	8263.267	8072.729	8458.627	10104.09	9869.963	9853.43	6936.4854	
sp|P21889|SYD_ECOLI	P21889	SYD_ECOLI	aspS	590	Escherichia coli (strain K12)	1:Experimental evidence at protein level	Aspartate--tRNA ligase	0.9713	0.999	1	8	8	8	0	0	0	0	0	0	0	0	1	2	1	2	1	0	1	0	0	0	0	0	0	0	0	0	1	2	1	2	1	0	1	0	0	0	0	0	0	0	0	0	1	2	1	2	1	0	1	0	0.0	0.0	0.0	0.0	0.0	0.0	0.0	0.0	0.0	0.0	0.0	1149.9247	1222.1748	0.0	0.0	2051.1416	0.0	0.0	0.0	0.0	0.0	0.0	0.0	0.0	0.0	0.0	0.0	1149.9247	1222.1748	0.0	0.0	2051.1416	
sp|P21912|SDHB_HUMAN	P21912	SDHB_HUMAN	SDHB	280	Homo sapiens	1:Experimental evidence at protein level	Succinate dehydrogenase [ubiquinone] iron-sulfur subunit, mitochondrial	0.9713	0.999	1	26	26	26	1	2	4	1	3	2	1	1	1	2	1	1	2	1	2	1	1	2	4	1	3	2	1	1	1	2	1	1	2	1	2	1	1	2	4	1	3	2	1	1	1	2	1	1	2	1	2	1	4899.702	5793.5996	7381.649	7854.048	5707.2114	7319.493	6103.7812	7475.9717	4290.5684	3810.6343	5014.863	4642.372	6313.9507	4332.412	4362.4707	5461.3784	4899.702	5793.5996	7381.649	7854.048	5707.2114	7319.493	6103.7812	7475.9717	4290.5684	3810.6343	5014.863	4642.372	6313.9507	4332.412	4362.4707	5461.3784	
sp|P21954|IDHP_YEAST	P21954	IDHP_YEAST	IDP1	428	Saccharomyces cerevisiae (strain ATCC 204508 / S288c)	1:Experimental evidence at protein level	Isocitrate dehydrogenase [NADP], mitochondrial	0.9395	0.9978	1	2	0	2	0	0	0	0	1	0	1	0	0	0	0	0	0	0	0	0	0	0	0	0	0	0	0	0	0	0	0	0	0	0	0	0	0	0	0	0	1	0	1	0	0	0	0	0	0	0	0	0	0.0	0.0	0.0	0.0	0.0	0.0	0.0	0.0	0.0	0.0	0.0	0.0	0.0	0.0	0.0	0.0	0.0	0.0	0.0	0.0	0.0	0.0	0.0	0.0	0.0	0.0	0.0	0.0	0.0	0.0	0.0	0.0	sp|P53982|IDHH_YEAST
sp|P21964|COMT_HUMAN	P21964	COMT_HUMAN	COMT	271	Homo sapiens	1:Experimental evidence at protein level	Catechol O-methyltransferase	0.9713	0.999	1	3	3	3	0	0	1	0	0	0	0	0	0	0	1	0	0	0	1	0	0	0	1	0	0	0	0	0	0	0	1	0	0	0	1	0	0	0	1	0	0	0	0	0	0	0	1	0	0	0	1	0	0.0	0.0	0.0	0.0	0.0	0.0	0.0	0.0	0.0	0.0	0.0	0.0	0.0	0.0	0.0	0.0	0.0	0.0	0.0	0.0	0.0	0.0	0.0	0.0	0.0	0.0	0.0	0.0	0.0	0.0	0.0	0.0	
sp|P21980|TGM2_HUMAN	P21980	TGM2_HUMAN	TGM2	687	Homo sapiens	1:Experimental evidence at protein level	Protein-glutamine gamma-glutamyltransferase 2	0.9371	0.9977	1	4	4	4	0	1	0	0	1	0	1	1	0	0	0	0	0	0	0	0	0	1	0	0	1	0	1	1	0	0	0	0	0	0	0	0	0	1	0	0	1	0	1	1	0	0	0	0	0	0	0	0	0.0	0.0	0.0	0.0	0.0	0.0	0.0	0.0	0.0	0.0	0.0	0.0	0.0	0.0	0.0	0.0	0.0	0.0	0.0	0.0	0.0	0.0	0.0	0.0	0.0	0.0	0.0	0.0	0.0	0.0	0.0	0.0	
sp|P22061|PIMT_HUMAN	P22061	PIMT_HUMAN	PCMT1	227	Homo sapiens	1:Experimental evidence at protein level	Protein-L-isoaspartate(D-aspartate) O-methyltransferase	1.0	0.999	4	46	46	46	2	3	4	2	3	2	1	3	3	2	5	2	0	5	5	4	2	3	4	2	3	2	1	3	3	2	5	2	0	5	5	4	2	3	4	2	3	2	1	3	3	2	5	2	0	5	5	4	0.0	2056.392	2760.0676	1719.4941	2017.2148	4668.1797	3087.5	1937.5964	3159.9429	2631.1045	5357.625	4267.113	5668.3403	3901.872	3558.75	5041.76	0.0	2464.1934	3307.414	2060.4854	2417.2468	2693.2017	3699.7793	2321.8394	3137.2212	2612.1853	2874.4663	2202.9028	3266.4495	2230.8164	1261.387	2814.3987	
sp|P22087|FBRL_HUMAN	P22087	FBRL_HUMAN	FBL	321	Homo sapiens	1:Experimental evidence at protein level	rRNA 2'-O-methyltransferase fibrillarin	1.0	0.999	2	7	7	7	0	0	1	0	0	0	0	0	1	1	0	2	0	1	1	0	0	0	1	0	0	0	0	0	1	1	0	2	0	1	1	0	0	0	1	0	0	0	0	0	1	1	0	2	0	1	1	0	0.0	0.0	0.0	0.0	0.0	0.0	0.0	0.0	0.0	0.0	0.0	0.0	0.0	0.0	0.0	0.0	0.0	0.0	0.0	0.0	0.0	0.0	0.0	0.0	0.0	0.0	0.0	0.0	0.0	0.0	0.0	0.0	
sp|P22102|PUR2_HUMAN	P22102	PUR2_HUMAN	GART	1010	Homo sapiens	1:Experimental evidence at protein level	Trifunctional purine biosynthetic protein adenosine-3	1.0	0.999	16	206	205	206	13	11	12	9	16	14	20	12	11	9	15	13	8	13	15	15	13	10	12	9	16	14	20	12	11	9	15	13	8	13	15	15	13	11	12	9	16	14	20	12	11	9	15	13	8	13	15	15	61522.605	51001.863	60008.56	63702.34	64034.53	67398.11	64620.75	65219.863	53612.45	59253.395	58354.055	52376.418	53254.523	49802.438	49134.137	53557.652	13465.391	13310.283	13614.566	13776.109	13343.269	13859.763	13855.737	14381.846	11982.441	14127.205	13174.04	12862.524	11674.987	12142.057	11421.453	12185.185	
sp|P22137|CLH_YEAST	P22137	CLH_YEAST	CHC1	1653	Saccharomyces cerevisiae (strain ATCC 204508 / S288c)	1:Experimental evidence at protein level	Clathrin heavy chain	1.0	0.999	3	8	8	8	2	1	0	0	1	0	3	0	0	0	0	1	0	0	0	0	2	1	0	0	1	0	3	0	0	0	0	1	0	0	0	0	2	1	0	0	1	0	3	0	0	0	0	1	0	0	0	0	0.0	0.0	0.0	0.0	0.0	0.0	0.0	0.0	0.0	1526.6152	0.0	1812.2753	1776.6896	1431.7323	1584.3839	2427.2246	0.0	0.0	0.0	0.0	0.0	0.0	0.0	0.0	0.0	1526.6152	0.0	1812.2753	1776.6896	1431.7323	1584.3839	2427.2246	
sp|P22202|HSP74_YEAST	P22202	HSP74_YEAST	SSA4	642	Saccharomyces cerevisiae (strain ATCC 204508 / S288c)	1:Experimental evidence at protein level	Heat shock protein SSA4	0.9999	0.9988	14	22	4	335	2	2	3	1	1	2	3	1	1	1	2	1	0	1	0	1	0	0	1	0	0	1	0	0	0	0	1	1	0	0	0	0	27	24	22	12	26	17	28	19	16	22	24	25	16	22	16	19	5367.8765	5773.3022	6494.187	7929.141	5297.544	7069.2056	6365.8384	5663.622	3249.738	2949.2312	3100.458	5196.9106	3367.1042	4132.72	3793.1367	4515.4844	5367.8765	5773.3022	6494.187	7929.141	5297.544	7069.2056	6365.8384	5663.622	3249.738	2949.2312	3100.458	5196.9106	3367.1042	4132.72	3793.1367	4515.4844	
sp|P22203|VATE_YEAST	P22203	VATE_YEAST	VMA4	233	Saccharomyces cerevisiae (strain ATCC 204508 / S288c)	1:Experimental evidence at protein level	V-type proton ATPase subunit E	1.0	0.9984	2	7	7	7	0	0	0	0	1	3	1	2	0	0	0	0	0	0	0	0	0	0	0	0	1	3	1	2	0	0	0	0	0	0	0	0	0	0	0	0	1	3	1	2	0	0	0	0	0	0	0	0	2383.5613	0.0	3165.5903	6856.1904	3550.3765	7908.6143	5989.759	8277.404	0.0	0.0	0.0	1678.9509	0.0	2257.3723	2187.3306	2618.19	2533.5327	0.0	3364.7664	3563.6965	3773.7627	3560.2573	3253.718	3889.31	0.0	0.0	0.0	1784.5889	0.0	2399.404	2324.9553	2782.9238	
sp|P22234|PUR6_HUMAN	P22234	PUR6_HUMAN	PAICS	425	Homo sapiens	1:Experimental evidence at protein level	Bifunctional phosphoribosylaminoimidazole carboxylase/phosphoribosylaminoimidazole succinocarboxamide synthetase	1.0	0.999	8	92	92	92	5	5	4	4	4	10	6	5	6	7	7	7	6	5	5	6	5	5	4	4	4	10	6	5	6	7	7	7	6	5	5	6	5	5	4	4	4	10	6	5	6	7	7	7	6	5	5	6	38868.586	41094.074	41557.758	43739.336	34297.46	39873.418	36349.31	33706.695	25555.385	27341.436	37659.496	28083.438	44787.67	26864.68	31278.965	37112.39	12881.868	13136.724	13235.566	14028.603	12649.403	12292.918	12482.932	10908.616	10343.106	11666.197	13363.369	11883.537	14400.088	11368.543	13019.278	12831.604	
sp|P22259|PCKA_ECOLI	P22259	PCKA_ECOLI	pckA	540	Escherichia coli (strain K12)	1:Experimental evidence at protein level	Phosphoenolpyruvate carboxykinase (ATP)	1.0	0.999	5	47	47	47	0	0	0	2	0	0	0	0	2	3	5	8	5	6	9	7	0	0	0	2	0	0	0	0	2	3	5	8	5	6	9	7	0	0	0	2	0	0	0	0	2	3	5	8	5	6	9	7	0.0	0.0	0.0	0.0	0.0	0.0	0.0	0.0	2443.4377	11640.732	14064.572	11819.402	16989.031	12102.832	13807.995	15628.026	0.0	0.0	0.0	0.0	0.0	0.0	0.0	0.0	4741.3555	4352.9907	4771.2563	4090.8306	4962.409	4222.832	4455.354	4807.196	
sp|P22314|UBA1_HUMAN	P22314	UBA1_HUMAN	UBA1	1058	Homo sapiens	1:Experimental evidence at protein level	Ubiquitin-like modifier-activating enzyme 1	1.0	0.999	9	113	113	113	8	5	11	7	8	5	9	6	3	9	7	4	10	6	8	7	8	5	11	7	8	5	9	6	3	9	7	4	10	6	8	7	8	5	11	7	8	5	9	6	3	9	7	4	10	6	8	7	12081.49	9348.88	9970.348	13323.785	16877.426	13207.346	6609.465	14162.979	0.0	8915.087	9244.52	8315.7	12344.443	13088.528	12114.741	17980.879	7157.245	7183.7314	8766.93	8951.495	7007.509	7806.0586	4548.1475	8254.897	0.0	6824.5913	7720.5054	7000.8706	7189.854	6598.449	7028.469	8179.8647	
sp|P22392|NDKB_HUMAN	P22392	NDKB_HUMAN	NME2	152	Homo sapiens	1:Experimental evidence at protein level	Nucleoside diphosphate kinase B	1.0	0.999	12	265	209	265	22	12	10	15	8	11	16	12	14	17	21	23	19	25	20	20	17	9	9	13	4	9	11	9	10	14	17	19	17	22	15	14	22	12	10	15	8	11	16	12	14	17	21	23	19	25	20	20	65975.64	55280.76	57160.43	54860.195	43196.445	64040.043	62445.43	57760.613	73424.875	76892.59	74057.78	85642.47	82021.08	64327.836	74908.64	69627.164	14545.09	14208.498	14464.271	12389.086	12231.066	12708.288	13357.711	14046.985	16212.737	15067.327	15645.798	16412.912	15096.715	14640.015	15718.487	13706.418	
sp|P22515|UBA1_YEAST	P22515	UBA1_YEAST	UBA1	1024	Saccharomyces cerevisiae (strain ATCC 204508 / S288c)	1:Experimental evidence at protein level	Ubiquitin-activating enzyme E1 1	1.0	0.9984	2	3	3	3	1	0	1	0	0	0	0	1	0	0	0	0	0	0	0	0	1	0	1	0	0	0	0	1	0	0	0	0	0	0	0	0	1	0	1	0	0	0	0	1	0	0	0	0	0	0	0	0	0.0	0.0	0.0	0.0	0.0	0.0	0.0	0.0	0.0	0.0	0.0	0.0	0.0	0.0	0.0	0.0	0.0	0.0	0.0	0.0	0.0	0.0	0.0	0.0	0.0	0.0	0.0	0.0	0.0	0.0	0.0	0.0	
sp|P22626|ROA2_HUMAN	P22626	ROA2_HUMAN	HNRNPA2B1	353	Homo sapiens	1:Experimental evidence at protein level	Heterogeneous nuclear ribonucleoproteins A2/B1	1.0	0.999	22	393	333	393	23	21	21	13	20	18	22	18	29	31	30	32	19	32	33	31	20	16	19	9	17	14	18	15	25	26	25	29	17	28	29	26	23	21	21	13	20	18	22	18	29	31	30	32	19	32	33	31	104044.48	113669.016	112017.91	100331.52	112793.33	123236.17	107474.73	90139.305	141646.28	144217.12	139182.97	124163.266	138875.98	138728.67	132401.78	144315.56	13815.236	15341.061	15065.231	14672.228	15141.819	15204.873	15108.324	14370.168	17235.078	17435.75	16891.14	16769.174	16000.117	16878.744	16821.79	17762.588	
sp|P22695|QCR2_HUMAN	P22695	QCR2_HUMAN	UQCRC2	453	Homo sapiens	1:Experimental evidence at protein level	Cytochrome b-c1 complex subunit 2, mitochondrial	0.9702	0.999	1	5	5	5	0	0	0	0	0	0	0	0	0	0	0	2	1	1	0	1	0	0	0	0	0	0	0	0	0	0	0	2	1	1	0	1	0	0	0	0	0	0	0	0	0	0	0	2	1	1	0	1	0.0	0.0	0.0	0.0	0.0	0.0	0.0	0.0	0.0	0.0	0.0	0.0	0.0	0.0	0.0	516.6643	0.0	0.0	0.0	0.0	0.0	0.0	0.0	0.0	0.0	0.0	0.0	0.0	0.0	0.0	0.0	0.0	
sp|P22803|TRX2_YEAST	P22803	TRX2_YEAST	TRX2	104	Saccharomyces cerevisiae (strain ATCC 204508 / S288c)	1:Experimental evidence at protein level	Thioredoxin-2	1.0	0.999	5	28	22	28	4	3	0	0	4	1	5	4	0	0	0	2	0	0	4	1	2	3	0	0	2	1	4	3	0	0	0	2	0	0	4	1	4	3	0	0	4	1	5	4	0	0	0	2	0	0	4	1	24849.367	24999.473	24119.295	19875.207	27944.027	24529.654	24249.148	18198.852	8667.966	13528.084	11561.105	9869.728	8521.718	11306.56	8727.944	9600.162	6844.3716	6964.4834	6534.094	7616.7905	7828.809	6814.52	6511.6943	6231.069	4204.9385	4494.466	3574.3984	3259.035	3458.4202	3045.6875	4178.781	3920.906	
sp|P22943|HSP12_YEAST	P22943	HSP12_YEAST	HSP12	109	Saccharomyces cerevisiae (strain ATCC 204508 / S288c)	1:Experimental evidence at protein level	12 kDa heat shock protein	1.0	0.9989	2	4	4	4	2	0	0	1	0	1	0	0	0	0	0	0	0	0	0	0	2	0	0	1	0	1	0	0	0	0	0	0	0	0	0	0	2	0	0	1	0	1	0	0	0	0	0	0	0	0	0	0	1419.9791	0.0	0.0	0.0	0.0	0.0	0.0	0.0	0.0	0.0	0.0	0.0	0.0	0.0	0.0	0.0	0.0	0.0	0.0	0.0	0.0	0.0	0.0	0.0	0.0	0.0	0.0	0.0	0.0	0.0	0.0	0.0	
sp|P23246|SFPQ_HUMAN	P23246	SFPQ_HUMAN	SFPQ	707	Homo sapiens	1:Experimental evidence at protein level	Splicing factor, proline- and glutamine-rich	1.0	0.999	10	66	65	66	4	3	2	2	4	5	3	5	4	3	5	5	2	6	6	7	4	3	2	2	4	5	2	5	4	3	5	5	2	6	6	7	4	3	2	2	4	5	3	5	4	3	5	5	2	6	6	7	10495.514	22236.6	24020.486	21390.006	23408.055	27750.348	23820.986	30547.607	29280.066	23262.73	31660.182	29749.752	26102.709	24072.445	32241.582	29814.338	6186.2393	7295.7573	7125.526	6902.3784	6819.774	6692.64	7002.512	7265.7773	7242.7803	6774.0015	7723.2007	7685.955	7609.364	7056.819	7729.3496	6702.2607	
sp|P23254|TKT1_YEAST	P23254	TKT1_YEAST	TKL1	680	Saccharomyces cerevisiae (strain ATCC 204508 / S288c)	1:Experimental evidence at protein level	Transketolase 1	1.0	0.999	4	14	14	14	1	5	1	1	1	1	2	2	0	0	0	0	0	0	0	0	1	5	1	1	1	1	2	2	0	0	0	0	0	0	0	0	1	5	1	1	1	1	2	2	0	0	0	0	0	0	0	0	9597.643	13399.26	13792.254	12571.752	11448.258	14836.248	10180.118	6732.516	0.0	0.0	1476.4238	2333.0007	2308.8022	2744.0266	2409.1067	3735.0996	6356.268	6919.83	7269.6274	6669.765	7483.424	7593.6157	6767.744	7699.2407	0.0	0.0	1421.8768	2246.8074	2223.503	2642.6477	2320.1016	2462.6711	
sp|P23284|PPIB_HUMAN	P23284	PPIB_HUMAN	PPIB	216	Homo sapiens	1:Experimental evidence at protein level	Peptidyl-prolyl cis-trans isomerase B	1.0	0.999	4	28	28	28	3	0	0	2	2	1	1	2	0	2	3	2	1	4	1	4	3	0	0	2	2	1	1	2	0	2	3	2	1	4	1	4	3	0	0	2	2	1	1	2	0	2	3	2	1	4	1	4	12815.504	10065.129	8821.854	7388.5127	7765.6445	7162.1504	9896.846	11682.506	11080.381	7960.576	14515.851	9725.318	14391.525	10500.923	10763.449	10423.21	4727.551	3941.3743	3679.2195	4071.9224	4273.1353	3961.8816	3642.5735	4179.489	4017.1904	4405.119	4051.3416	3363.7593	4165.9146	3882.4182	4126.4946	6446.4375	
sp|P23301|IF5A1_YEAST	P23301	IF5A1_YEAST	HYP2	157	Saccharomyces cerevisiae (strain ATCC 204508 / S288c)	1:Experimental evidence at protein level	Eukaryotic translation initiation factor 5A-1	1.0	0.999	5	16	16	50	2	2	2	1	2	2	2	0	1	1	1	0	0	0	0	0	2	2	2	1	2	2	2	0	1	1	1	0	0	0	0	0	4	6	5	3	4	4	4	3	2	2	3	3	2	2	1	2	3361.6204	1500.023	2853.6433	2322.531	4308.6797	1905.7695	2597.5486	2747.195	0.0	0.0	0.0	0.0	1558.959	0.0	0.0	0.0	3361.6204	1500.023	2853.6433	2322.531	4308.6797	1905.7695	2597.5486	2747.195	0.0	0.0	0.0	0.0	1558.959	0.0	0.0	0.0	
sp|P23381|SYWC_HUMAN	P23381	SYWC_HUMAN	WARS1	471	Homo sapiens	1:Experimental evidence at protein level	Tryptophan--tRNA ligase, cytoplasmic	1.0	0.999	5	29	29	29	2	1	1	1	1	1	3	2	0	3	3	3	2	2	2	2	2	1	1	1	1	1	3	2	0	3	3	3	2	2	2	2	2	1	1	1	1	1	3	2	0	3	3	3	2	2	2	2	0.0	0.0	0.0	0.0	2877.0574	3010.9375	0.0	3302.7126	2987.6233	2600.1538	0.0	2975.7402	2184.9026	1921.5509	2896.308	3416.6548	0.0	0.0	0.0	0.0	2877.0574	3010.9375	0.0	3302.7126	2987.6233	2600.1538	0.0	2975.7402	2184.9026	1921.5509	2896.308	3416.6548	
sp|P23396|RS3_HUMAN	P23396	RS3_HUMAN	RPS3	243	Homo sapiens	1:Experimental evidence at protein level	Small ribosomal subunit protein uS3	1.0	0.999	6	35	35	36	1	3	2	1	2	1	2	2	3	2	0	4	2	4	4	2	1	3	2	1	2	1	2	2	3	2	0	4	2	4	4	2	1	3	2	1	2	1	2	2	3	3	0	4	2	4	4	2	10800.331	12586.203	13871.076	14146.573	9783.701	13143.359	13172.744	13069.322	16357.082	13162.057	12371.784	14284.529	12008.652	9942.503	14439.96	13772.273	5214.615	6819.3647	8002.916	8264.511	7191.213	7575.067	8218.3545	8233.075	9532.51	7609.945	7476.9717	8026.738	6688.88	6822.927	8214.696	7795.7256	
sp|P23526|SAHH_HUMAN	P23526	SAHH_HUMAN	AHCY	432	Homo sapiens	1:Experimental evidence at protein level	Adenosylhomocysteinase	1.0	0.999	5	82	64	82	4	4	3	4	9	2	6	7	9	2	6	6	2	7	4	7	3	3	3	4	7	1	4	6	8	1	4	4	2	5	3	6	4	4	3	4	9	2	6	7	9	2	6	6	2	7	4	7	8917.527	13201.607	5844.4673	10818.667	11152.092	11174.706	14368.019	13147.384	16589.336	17239.758	12819.359	13594.109	10503.627	16131.838	12213.472	14002.783	3755.1174	4405.9395	4483.0415	4449.723	4813.362	4842.8843	4586.4204	4514.126	4905.054	4328.957	4077.482	3880.4976	3594.2751	3916.875	3557.333	4397.0195	
sp|P23528|COF1_HUMAN	P23528	COF1_HUMAN	CFL1	166	Homo sapiens	1:Experimental evidence at protein level	Cofilin-1	1.0	0.999	12	337	246	337	19	17	16	18	20	18	23	22	18	21	21	29	21	27	29	18	12	12	11	15	16	14	15	17	14	15	15	22	14	20	19	15	19	17	16	18	20	18	23	22	18	21	21	29	21	27	29	18	103948.805	109676.64	94768.74	97590.1	97752.43	98712.766	100644.72	102019.68	96030.125	108463.0	111966.46	109705.86	103508.9	104821.15	111022.43	106219.29	21001.285	21856.947	21663.717	19217.658	21629.393	21481.352	20403.928	20955.402	21884.703	21738.863	22758.555	21276.799	22122.154	21389.346	22335.646	21581.22	
sp|P23542|AATC_YEAST	P23542	AATC_YEAST	AAT2	418	Saccharomyces cerevisiae (strain ATCC 204508 / S288c)	1:Experimental evidence at protein level	Aspartate aminotransferase, cytoplasmic	1.0	0.999	2	25	25	25	3	2	4	2	4	2	1	5	0	0	1	0	0	0	1	0	3	2	4	2	4	2	1	5	0	0	1	0	0	0	1	0	3	2	4	2	4	2	1	5	0	0	1	0	0	0	1	0	2693.0842	3133.7378	3718.1016	3219.5735	2844.538	2748.927	2215.3972	3349.0679	0.0	0.0	0.0	0.0	0.0	0.0	0.0	0.0	2693.0842	3133.7378	3718.1016	3219.5735	2844.538	2748.927	2215.3972	3349.0679	0.0	0.0	0.0	0.0	0.0	0.0	0.0	0.0	
sp|P23588|IF4B_HUMAN	P23588	IF4B_HUMAN	EIF4B	611	Homo sapiens	1:Experimental evidence at protein level	Eukaryotic translation initiation factor 4B	1.0	0.999	2	66	66	66	5	6	2	4	7	5	7	7	1	3	1	5	3	3	3	4	5	6	2	4	7	5	7	7	1	3	1	5	3	3	3	4	5	6	2	4	7	5	7	7	1	3	1	5	3	3	3	4	8699.783	7337.7383	6300.005	8431.446	9549.047	10260.742	9457.348	9299.323	4083.3271	5630.3916	7189.171	5517.106	7411.2217	4042.74	8220.863	4369.9023	5344.194	4470.56	3886.158	4930.063	5836.151	6117.799	5233.021	5661.1597	4287.763	2576.0828	4368.857	5793.3257	4614.0747	4245.144	5092.7017	4588.686	
sp|P23644|TOM40_YEAST	P23644	TOM40_YEAST	TOM40	387	Saccharomyces cerevisiae (strain ATCC 204508 / S288c)	1:Experimental evidence at protein level	Mitochondrial import receptor subunit TOM40	0.9653	0.9988	1	2	2	2	0	0	0	0	1	0	1	0	0	0	0	0	0	0	0	0	0	0	0	0	1	0	1	0	0	0	0	0	0	0	0	0	0	0	0	0	1	0	1	0	0	0	0	0	0	0	0	0	0.0	0.0	0.0	3610.7449	1739.8115	0.0	3927.7402	2957.2905	0.0	0.0	0.0	0.0	0.0	0.0	0.0	0.0	0.0	0.0	0.0	3610.7449	1739.8115	0.0	3927.7402	2957.2905	0.0	0.0	0.0	0.0	0.0	0.0	0.0	0.0	
sp|P23827|ECOT_ECOLI	P23827	ECOT_ECOLI	eco	162	Escherichia coli (strain K12)	1:Experimental evidence at protein level	Ecotin	1.0	0.999	3	18	18	18	0	0	1	0	1	0	1	1	1	2	3	1	3	2	1	1	0	0	1	0	1	0	1	1	1	2	3	1	3	2	1	1	0	0	1	0	1	0	1	1	1	2	3	1	3	2	1	1	0.0	0.0	0.0	0.0	0.0	2711.3127	0.0	0.0	8737.37	9754.562	9591.447	6261.534	9830.792	5255.151	9471.964	11310.246	0.0	0.0	0.0	0.0	0.0	2713.6467	0.0	0.0	4857.4116	5697.6475	5528.23	6266.9243	5719.425	5259.675	5525.509	6629.1636	
sp|P23843|OPPA_ECOLI	P23843	OPPA_ECOLI	oppA	543	Escherichia coli (strain K12)	1:Experimental evidence at protein level	Periplasmic oligopeptide-binding protein OppA	0.9706	0.999	1	8	8	8	0	0	0	0	0	0	0	0	0	0	2	2	2	1	0	1	0	0	0	0	0	0	0	0	0	0	2	2	2	1	0	1	0	0	0	0	0	0	0	0	0	0	2	2	2	1	0	1	0.0	0.0	0.0	0.0	0.0	0.0	0.0	0.0	0.0	4059.6008	0.0	0.0	2366.9067	0.0	0.0	0.0	0.0	0.0	0.0	0.0	0.0	0.0	0.0	0.0	0.0	4059.6008	0.0	0.0	2366.9067	0.0	0.0	0.0	
sp|P23857|PSPE_ECOLI	P23857	PSPE_ECOLI	pspE	104	Escherichia coli (strain K12)	1:Experimental evidence at protein level	Thiosulfate sulfurtransferase PspE	1.0	0.9984	3	9	9	9	0	0	0	0	0	0	0	0	1	0	1	1	0	1	2	3	0	0	0	0	0	0	0	0	1	0	1	1	0	1	2	3	0	0	0	0	0	0	0	0	1	0	1	1	0	1	2	3	0.0	0.0	0.0	0.0	0.0	0.0	0.0	0.0	4431.9106	7927.6367	4796.437	8155.6284	9400.027	4638.4966	8479.239	9159.268	0.0	0.0	0.0	0.0	0.0	0.0	0.0	0.0	4466.388	4715.7334	4833.75	4761.7407	5490.6875	4674.581	4902.044	5022.0054	
sp|P23865|PRC_ECOLI	P23865	PRC_ECOLI	prc	682	Escherichia coli (strain K12)	1:Experimental evidence at protein level	Tail-specific protease	0.9709	0.999	1	1	1	1	0	0	0	0	0	0	0	0	0	0	0	0	0	0	1	0	0	0	0	0	0	0	0	0	0	0	0	0	0	0	1	0	0	0	0	0	0	0	0	0	0	0	0	0	0	0	1	0	0.0	0.0	0.0	0.0	0.0	0.0	0.0	0.0	0.0	0.0	0.0	0.0	0.0	0.0	0.0	0.0	0.0	0.0	0.0	0.0	0.0	0.0	0.0	0.0	0.0	0.0	0.0	0.0	0.0	0.0	0.0	0.0	
sp|P23869|PPIB_ECOLI	P23869	PPIB_ECOLI	ppiB	164	Escherichia coli (strain K12)	1:Experimental evidence at protein level	Peptidyl-prolyl cis-trans isomerase B	1.0	0.999	5	46	46	46	1	1	2	1	2	1	2	3	4	2	4	8	3	6	3	3	1	1	2	1	2	1	2	3	4	2	4	8	3	6	3	3	1	1	2	1	2	1	2	3	4	2	4	8	3	6	3	3	6560.049	6962.316	7143.8877	6870.6006	4701.608	6411.59	6051.5747	4995.7163	18080.379	16785.043	15201.874	20330.225	20053.148	16898.656	18689.176	8856.889	6386.1377	6777.74	6954.4985	6688.4565	4576.9653	6241.6143	5891.1436	4863.2764	9061.509	8611.81	9486.855	8754.947	8849.572	8874.28	8784.496	10497.988	
sp|P23921|RIR1_HUMAN	P23921	RIR1_HUMAN	RRM1	792	Homo sapiens	1:Experimental evidence at protein level	Ribonucleoside-diphosphate reductase large subunit	1.0	0.9987	2	2	2	2	0	0	0	0	0	0	0	0	0	0	0	1	1	0	0	0	0	0	0	0	0	0	0	0	0	0	0	1	1	0	0	0	0	0	0	0	0	0	0	0	0	0	0	1	1	0	0	0	0.0	0.0	0.0	0.0	0.0	0.0	0.0	0.0	0.0	0.0	0.0	0.0	0.0	0.0	0.0	0.0	0.0	0.0	0.0	0.0	0.0	0.0	0.0	0.0	0.0	0.0	0.0	0.0	0.0	0.0	0.0	0.0	
sp|P24534|EF1B_HUMAN	P24534	EF1B_HUMAN	EEF1B2	225	Homo sapiens	1:Experimental evidence at protein level	Elongation factor 1-beta	1.0	0.999	6	83	79	83	5	4	6	3	5	3	6	4	6	5	7	7	3	7	6	6	5	4	6	3	5	3	6	4	5	5	7	7	3	6	5	5	5	4	6	3	5	3	6	4	6	5	7	7	3	7	6	6	15738.955	18414.879	19095.799	14982.955	10062.547	19282.354	9823.324	16117.129	18364.686	15691.947	18956.393	15688.25	20103.748	16442.91	19968.395	12198.117	5428.2544	5967.978	6193.8345	6159.9185	5547.1816	6403.5923	5163.828	5437.2827	6391.0767	6928.6113	6328.251	6255.27	6409.107	6796.408	6595.9688	6330.1143	
sp|P24539|AT5F1_HUMAN	P24539	AT5F1_HUMAN	ATP5PB	256	Homo sapiens	1:Experimental evidence at protein level	ATP synthase peripheral stalk subunit b, mitochondrial	0.9712	0.999	1	9	9	9	0	0	0	0	0	0	0	0	1	0	2	1	1	2	1	1	0	0	0	0	0	0	0	0	1	0	2	1	1	2	1	1	0	0	0	0	0	0	0	0	1	0	2	1	1	2	1	1	0.0	0.0	0.0	0.0	0.0	0.0	0.0	0.0	0.0	0.0	0.0	0.0	0.0	0.0	0.0	0.0	0.0	0.0	0.0	0.0	0.0	0.0	0.0	0.0	0.0	0.0	0.0	0.0	0.0	0.0	0.0	0.0	
sp|P24752|THIL_HUMAN	P24752	THIL_HUMAN	ACAT1	427	Homo sapiens	1:Experimental evidence at protein level	Acetyl-CoA acetyltransferase, mitochondrial	1.0	0.999	3	39	39	39	0	1	2	4	1	0	4	4	2	2	3	5	3	3	2	3	0	1	2	4	1	0	4	4	2	2	3	5	3	3	2	3	0	1	2	4	1	0	4	4	2	2	3	5	3	3	2	3	0.0	0.0	2965.763	3993.714	0.0	3154.2502	3143.0767	4931.8667	0.0	3018.1018	0.0	2654.29	0.0	2266.098	3257.7903	3373.7576	0.0	0.0	2965.763	3993.714	0.0	3154.2502	3143.0767	4931.8667	0.0	3018.1018	0.0	2654.29	0.0	2266.098	3257.7903	3373.7576	
sp|P25205|MCM3_HUMAN	P25205	MCM3_HUMAN	MCM3	808	Homo sapiens	1:Experimental evidence at protein level	DNA replication licensing factor MCM3	1.0	0.999	8	103	103	103	7	6	5	5	6	5	10	8	4	7	5	9	7	5	6	8	7	6	5	5	6	5	10	8	4	7	5	9	7	5	6	8	7	6	5	5	6	5	10	8	4	7	5	9	7	5	6	8	6189.4175	6710.7207	5549.386	5306.6733	8103.5225	8485.846	13724.682	7451.8857	3676.0032	4029.52	0.0	4821.0527	7831.957	5413.2764	4967.8853	3326.144	4318.273	3648.9287	2696.068	3161.2615	3150.5222	3678.6968	5589.6924	4972.485	3740.5134	4100.234	0.0	2805.2131	4473.5703	2879.9004	3779.6611	1932.1191	
sp|P25398|RS12_HUMAN	P25398	RS12_HUMAN	RPS12	132	Homo sapiens	1:Experimental evidence at protein level	Small ribosomal subunit protein eS12	1.0	0.999	6	81	81	81	5	7	3	4	6	5	6	5	6	8	5	5	2	5	5	4	5	7	3	4	6	5	6	5	6	8	5	5	2	5	5	4	5	7	3	4	6	5	6	5	6	8	5	5	2	5	5	4	21158.318	18676.613	27747.96	28819.998	23140.293	22909.158	25985.97	19564.45	17061.408	24616.486	23412.041	23985.107	21844.057	17624.842	19626.672	19458.29	6031.815	5817.098	5454.117	5921.02	5695.749	6431.4326	5733.761	6261.647	6363.0044	6437.181	6248.503	6335.838	5952.651	6006.3086	6235.0283	6062.217	
sp|P25443|RS2_YEAST	P25443	RS2_YEAST	RPS2	254	Saccharomyces cerevisiae (strain ATCC 204508 / S288c)	1:Experimental evidence at protein level	Small ribosomal subunit protein uS5	1.0	0.999	5	97	97	97	10	11	7	8	7	3	9	7	5	7	5	4	1	6	5	2	10	11	7	8	7	3	9	7	5	7	5	4	1	6	5	2	10	11	7	8	7	3	9	7	5	7	5	4	1	6	5	2	48814.457	36232.773	46118.21	26746.582	38982.336	34414.195	34888.26	27614.434	11426.939	19961.922	13471.349	14257.389	15640.597	13249.246	5518.865	11638.771	11984.73	11688.324	14471.993	9516.141	12286.421	10893.952	10641.967	10766.173	6569.9053	5986.5815	5108.7764	6115.328	7989.523	5426.0547	5733.193	5299.8433	
sp|P25491|MAS5_YEAST	P25491	MAS5_YEAST	YDJ1	409	Saccharomyces cerevisiae (strain ATCC 204508 / S288c)	1:Experimental evidence at protein level	Mitochondrial protein import protein MAS5	0.8777	0.9953	1	3	3	3	0	0	0	1	0	0	1	1	0	0	0	0	0	0	0	0	0	0	0	1	0	0	1	1	0	0	0	0	0	0	0	0	0	0	0	1	0	0	1	1	0	0	0	0	0	0	0	0	0.0	0.0	0.0	1706.7312	0.0	0.0	0.0	0.0	0.0	0.0	0.0	0.0	0.0	0.0	0.0	0.0	0.0	0.0	0.0	0.0	0.0	0.0	0.0	0.0	0.0	0.0	0.0	0.0	0.0	0.0	0.0	0.0	
sp|P25516|ACNA_ECOLI	P25516	ACNA_ECOLI	acnA	891	Escherichia coli (strain K12)	1:Experimental evidence at protein level	Aconitate hydratase A	0.9593	0.9986	1	1	1	1	0	0	0	0	0	0	0	0	0	0	0	1	0	0	0	0	0	0	0	0	0	0	0	0	0	0	0	1	0	0	0	0	0	0	0	0	0	0	0	0	0	0	0	1	0	0	0	0	0.0	0.0	0.0	0.0	0.0	0.0	0.0	0.0	0.0	0.0	0.0	0.0	0.0	0.0	0.0	0.0	0.0	0.0	0.0	0.0	0.0	0.0	0.0	0.0	0.0	0.0	0.0	0.0	0.0	0.0	0.0	0.0	
sp|P25685|DNJB1_HUMAN	P25685	DNJB1_HUMAN	DNAJB1	340	Homo sapiens	1:Experimental evidence at protein level	DnaJ homolog subfamily B member 1	0.9694	0.9989	1	12	12	12	0	2	1	0	1	0	1	0	0	1	1	2	1	1	0	1	0	2	1	0	1	0	1	0	0	1	1	2	1	1	0	1	0	2	1	0	1	0	1	0	0	1	1	2	1	1	0	1	0.0	0.0	0.0	0.0	0.0	0.0	0.0	0.0	0.0	0.0	0.0	2060.8906	0.0	0.0	2030.6405	0.0	0.0	0.0	0.0	0.0	0.0	0.0	0.0	0.0	0.0	0.0	0.0	2060.8906	0.0	0.0	2030.6405	0.0	
sp|P25694|CDC48_YEAST	P25694	CDC48_YEAST	CDC48	835	Saccharomyces cerevisiae (strain ATCC 204508 / S288c)	1:Experimental evidence at protein level	AAA family ATPase involved in ubiquitin-mediated protein degradation CDC48	1.0	0.999	5	47	47	47	6	4	4	3	4	5	6	8	0	0	1	1	1	1	2	1	6	4	4	3	4	5	6	8	0	0	1	1	1	1	2	1	6	4	4	3	4	5	6	8	0	0	1	1	1	1	2	1	8351.487	8871.916	5694.306	0.0	9756.58	12174.555	8487.132	7596.0566	0.0	2519.4734	0.0	0.0	1268.5858	2764.8088	2404.3796	0.0	4793.7705	5192.729	5849.069	0.0	5845.6997	5408.8794	5790.063	3776.363	0.0	2587.949	0.0	0.0	1303.0641	2839.9521	2469.727	0.0	
sp|P25705|ATPA_HUMAN	P25705	ATPA_HUMAN	ATP5F1A	553	Homo sapiens	1:Experimental evidence at protein level	ATP synthase F(1) complex subunit alpha, mitochondrial	1.0	0.999	27	381	345	381	18	20	24	15	18	21	23	24	18	25	31	25	21	31	33	34	16	19	23	14	18	19	19	22	16	23	29	24	19	28	28	28	18	20	24	15	18	21	23	24	18	25	31	25	21	31	33	34	91686.35	92685.5	81106.81	92323.445	103100.79	102083.05	90296.15	98350.85	81611.68	75878.85	98114.65	104320.016	101738.836	99044.95	103239.74	92442.9	15848.209	16006.076	16540.393	17275.9	17220.281	15855.9	16984.47	16692.826	15355.142	14501.863	15784.587	16925.266	16676.559	15713.57	15952.085	15381.811	
sp|P25748|GALS_ECOLI	P25748	GALS_ECOLI	galS	346	Escherichia coli (strain K12)	1:Experimental evidence at protein level	HTH-type transcriptional regulator GalS	0.9713	0.999	1	1	1	1	0	0	0	0	0	0	0	0	0	0	0	0	0	0	1	0	0	0	0	0	0	0	0	0	0	0	0	0	0	0	1	0	0	0	0	0	0	0	0	0	0	0	0	0	0	0	1	0	0.0	0.0	0.0	0.0	0.0	0.0	0.0	0.0	0.0	0.0	0.0	0.0	0.0	0.0	0.0	0.0	0.0	0.0	0.0	0.0	0.0	0.0	0.0	0.0	0.0	0.0	0.0	0.0	0.0	0.0	0.0	0.0	
sp|P25786|PSA1_HUMAN	P25786	PSA1_HUMAN	PSMA1	263	Homo sapiens	1:Experimental evidence at protein level	Proteasome subunit alpha type-1	1.0	0.999	4	12	12	12	0	0	0	1	0	1	1	0	1	0	3	2	0	1	1	1	0	0	0	1	0	1	1	0	1	0	3	2	0	1	1	1	0	0	0	1	0	1	1	0	1	0	3	2	0	1	1	1	1900.424	3060.9146	0.0	3318.5393	3102.0444	6422.1763	6079.924	6636.046	7307.956	8235.758	9390.129	6041.6343	8092.5615	5906.371	8274.558	6651.5635	1974.429	3201.2078	0.0	3470.6406	3230.2615	3313.7156	3162.1575	3432.4333	3800.9688	2846.1016	3287.859	3161.0295	2807.602	3084.5247	2865.5215	3470.76	
sp|P25787|PSA2_HUMAN	P25787	PSA2_HUMAN	PSMA2	234	Homo sapiens	1:Experimental evidence at protein level	Proteasome subunit alpha type-2	1.0	0.999	4	83	83	83	4	4	4	4	3	4	7	6	6	6	5	7	5	6	6	6	4	4	4	4	3	4	7	6	6	6	5	7	5	6	6	6	4	4	4	4	3	4	7	6	6	6	5	7	5	6	6	6	36612.46	22560.123	23697.04	35052.773	35587.414	34672.01	31393.562	33991.723	27310.695	34712.184	28158.758	34147.3	33788.168	24179.068	29671.969	32241.398	12996.91	11891.017	12836.584	11969.964	11586.687	12445.77	13496.314	14330.313	11229.8545	13641.115	11208.985	13015.556	12004.728	10178.233	11613.031	12172.318	
sp|P25788|PSA3_HUMAN	P25788	PSA3_HUMAN	PSMA3	255	Homo sapiens	1:Experimental evidence at protein level	Proteasome subunit alpha type-3	1.0	0.999	3	9	9	9	0	1	0	0	1	0	1	1	0	0	1	0	0	1	1	2	0	1	0	0	1	0	1	1	0	0	1	0	0	1	1	2	0	1	0	0	1	0	1	1	0	0	1	0	0	1	1	2	7898.5566	6405.62	6728.2334	4187.794	9004.313	5852.1226	7643.8945	5296.5083	0.0	9454.545	4889.566	6885.8096	4459.256	9117.958	7877.047	4155.7197	4904.6787	4558.918	6728.2334	4187.794	6144.547	5852.1226	5531.956	5296.5083	0.0	4649.7812	4889.566	4527.0107	4459.256	4718.5503	5231.024	4155.7197	
sp|P25789|PSA4_HUMAN	P25789	PSA4_HUMAN	PSMA4	261	Homo sapiens	1:Experimental evidence at protein level	Proteasome subunit alpha type-4	1.0	0.999	3	31	29	31	2	1	3	2	1	2	2	2	1	2	3	2	1	2	3	2	2	1	3	2	1	2	2	2	1	2	2	2	1	2	3	1	2	1	3	2	1	2	2	2	1	2	3	2	1	2	3	2	11187.852	3853.3645	7976.8066	6511.885	4581.5605	5708.776	4499.446	6366.418	0.0	4783.3984	0.0	7636.1797	3450.4756	6813.201	5980.566	4584.514	6234.471	3963.3425	3731.8445	3421.7134	4878.156	6078.3433	4790.725	6778.559	0.0	5093.06	0.0	4064.9	3673.8481	3438.1982	6151.256	4881.301	
sp|P26038|MOES_HUMAN	P26038	MOES_HUMAN	MSN	577	Homo sapiens	1:Experimental evidence at protein level	Moesin	1.0	0.999	21	255	185	255	14	15	8	4	17	11	15	17	11	16	23	26	11	21	24	22	11	7	6	3	14	7	10	15	9	12	19	16	7	15	18	16	14	15	8	4	17	11	15	17	11	16	23	26	11	21	24	22	52657.316	52124.94	41849.277	47639.773	62189.824	56219.676	56618.676	56081.07	61034.977	57936.742	57477.44	61017.06	68757.99	59726.72	73398.13	64329.516	7750.198	8020.156	7330.4497	7576.295	8464.208	7690.6	7637.629	8102.284	7912.709	8389.723	7723.2905	7945.5806	8296.257	7485.9614	7711.652	7946.5107	
sp|P26321|RL5_YEAST	P26321	RL5_YEAST	RPL5	297	Saccharomyces cerevisiae (strain ATCC 204508 / S288c)	1:Experimental evidence at protein level	Large ribosomal subunit protein uL18	1.0	0.999	5	93	93	93	8	7	6	4	6	8	10	5	6	6	6	6	3	5	3	4	8	7	6	4	6	8	10	5	6	6	6	6	3	5	3	4	8	7	6	4	6	8	10	5	6	6	6	6	3	5	3	4	9822.399	23766.395	31485.57	12009.511	11799.74	17029.174	9972.918	10863.492	7094.7993	6951.69	0.0	6831.758	4589.316	6037.09	5664.8916	3849.1243	6400.9824	6241.8364	7789.294	7745.5176	7698.172	7797.328	6510.1904	7092.096	4607.8696	4527.486	0.0	3163.25	4850.7856	3940.3342	3653.2185	4068.4226	
sp|P26368|U2AF2_HUMAN	P26368	U2AF2_HUMAN	U2AF2	475	Homo sapiens	1:Experimental evidence at protein level	Splicing factor U2AF 65 kDa subunit	1.0	0.999	6	46	46	46	3	3	4	2	4	1	5	5	2	2	3	4	2	2	1	3	3	3	4	2	4	1	5	5	2	2	3	4	2	2	1	3	3	3	4	2	4	1	5	5	2	2	3	4	2	2	1	3	6349.6816	5879.944	9965.065	8357.036	9575.852	11996.89	8936.075	13084.858	8622.607	8521.585	8568.012	8256.836	6064.6816	9190.738	10436.396	10324.736	6052.1035	5604.3804	7154.0576	7965.3833	6974.1616	6616.931	5856.84	6903.091	4552.7036	5726.615	5775.842	5561.7188	5336.1074	4969.1274	5786.941	5471.902	
sp|P26373|RL13_HUMAN	P26373	RL13_HUMAN	RPL13	211	Homo sapiens	1:Experimental evidence at protein level	Large ribosomal subunit protein eL13	0.9712	0.999	1	3	3	3	0	0	1	0	0	0	0	0	0	1	0	0	1	0	0	0	0	0	1	0	0	0	0	0	0	1	0	0	1	0	0	0	0	0	1	0	0	0	0	0	0	1	0	0	1	0	0	0	5345.866	0.0	5304.331	5504.887	5532.383	4471.468	4223.9907	5425.0063	0.0	0.0	0.0	0.0	0.0	0.0	0.0	0.0	5345.866	0.0	5304.331	5504.887	5532.383	4471.468	4223.9907	5425.0063	0.0	0.0	0.0	0.0	0.0	0.0	0.0	0.0	
sp|P26583|HMGB2_HUMAN	P26583	HMGB2_HUMAN	HMGB2	209	Homo sapiens	1:Experimental evidence at protein level	High mobility group protein B2	1.0	0.9987	4	12	12	42	0	1	1	0	1	0	1	0	0	1	1	1	1	2	2	0	0	1	1	0	1	0	1	0	0	1	1	1	1	2	2	0	1	2	2	1	4	0	5	2	1	4	3	2	3	5	5	2	3980.9844	3766.341	4530.932	3104.058	8169.9707	8042.229	8360.023	8380.755	4812.1753	10608.892	9693.111	9566.064	9356.514	10170.956	9193.512	8730.521	5016.3916	4745.922	5709.3745	3911.3872	4240.3105	4437.7173	4229.9136	4257.7446	4470.938	5807.838	5323.788	5306.155	5178.544	5439.867	4699.023	4534.8413	
sp|P26599|PTBP1_HUMAN	P26599	PTBP1_HUMAN	PTBP1	557	Homo sapiens	1:Experimental evidence at protein level	Polypyrimidine tract-binding protein 1	1.0	0.999	16	319	295	319	20	18	15	15	25	21	23	20	17	23	19	18	16	24	28	17	17	17	15	14	24	19	22	18	15	21	18	16	15	22	26	16	20	18	15	15	25	21	23	20	17	23	19	18	16	24	28	17	44987.137	46912.184	41663.21	47485.64	52758.176	58009.46	51114.73	50948.734	48523.797	50170.42	48458.41	48836.16	41849.805	40636.96	45481.055	44340.906	14164.4795	13655.1455	13999.732	13520.222	14398.772	14608.868	13664.015	14846.429	15107.344	13654.746	15148.295	13709.811	13968.697	11966.403	14212.231	13243.272	
sp|P26639|SYTC_HUMAN	P26639	SYTC_HUMAN	TARS1	723	Homo sapiens	1:Experimental evidence at protein level	Threonine--tRNA ligase 1, cytoplasmic	1.0	0.999	3	10	7	10	0	0	0	0	1	1	0	1	0	2	1	3	0	0	0	1	0	0	0	0	0	1	0	1	0	1	1	2	0	0	0	1	0	0	0	0	1	1	0	1	0	2	1	3	0	0	0	1	0.0	0.0	0.0	0.0	0.0	0.0	0.0	0.0	0.0	0.0	0.0	0.0	0.0	0.0	0.0	0.0	0.0	0.0	0.0	0.0	0.0	0.0	0.0	0.0	0.0	0.0	0.0	0.0	0.0	0.0	0.0	0.0	
sp|P26641|EF1G_HUMAN	P26641	EF1G_HUMAN	EEF1G	437	Homo sapiens	1:Experimental evidence at protein level	Elongation factor 1-gamma	1.0	0.999	4	16	16	16	1	0	1	0	1	0	0	0	2	1	2	2	2	1	2	1	1	0	1	0	1	0	0	0	2	1	2	2	2	1	2	1	1	0	1	0	1	0	0	0	2	1	2	2	2	1	2	1	5618.272	3501.5232	10317.67	4777.7344	4673.7363	4647.233	7362.874	4260.1143	10151.759	10173.85	10888.561	13210.311	10164.956	10928.604	13825.773	10574.153	5989.2715	3732.7444	5116.042	4580.14	4982.364	4954.1104	4247.7227	4541.4287	4956.481	5214.8057	5511.321	5308.3726	5218.6694	5478.883	5415.3115	4091.391	
sp|P26783|RS5_YEAST	P26783	RS5_YEAST	RPS5	225	Saccharomyces cerevisiae (strain ATCC 204508 / S288c)	1:Experimental evidence at protein level	Small ribosomal subunit protein uS7	1.0	0.999	4	44	44	57	4	3	3	4	4	3	3	4	2	3	2	1	1	2	3	2	4	3	3	4	4	3	3	4	2	3	2	1	1	2	3	2	5	4	3	4	5	4	4	4	3	5	3	2	1	3	4	3	24008.047	24122.148	23576.852	25548.15	26990.023	26288.324	26580.35	26632.338	12719.606	12999.621	13857.422	13263.1	16357.796	12705.6455	13932.917	14805.143	24008.047	24122.148	23576.852	25548.15	26990.023	26288.324	26580.35	26632.338	12719.606	12999.621	13857.422	13263.1	16357.796	12705.6455	13932.917	14805.143	
sp|P26784|RL16A_YEAST	P26784	RL16A_YEAST	RPL16A	199	Saccharomyces cerevisiae (strain ATCC 204508 / S288c)	1:Experimental evidence at protein level	Large ribosomal subunit protein uL13A	0.9988	0.9986	2	1	1	2	0	0	0	0	0	0	0	0	0	0	0	1	0	0	0	0	0	0	0	0	0	0	0	0	0	0	0	1	0	0	0	0	0	0	1	0	0	0	0	0	0	0	0	1	0	0	0	0	0.0	0.0	0.0	0.0	0.0	0.0	0.0	0.0	0.0	0.0	0.0	4241.7153	0.0	0.0	0.0	0.0	0.0	0.0	0.0	0.0	0.0	0.0	0.0	0.0	0.0	0.0	0.0	0.0	0.0	0.0	0.0	0.0	
sp|P26785|RL16B_YEAST	P26785	RL16B_YEAST	RPL16B	198	Saccharomyces cerevisiae (strain ATCC 204508 / S288c)	1:Experimental evidence at protein level	Large ribosomal subunit protein uL13B	1.0	0.997	3	3	2	3	0	0	1	0	0	0	2	0	0	0	0	0	0	0	0	0	0	0	0	0	0	0	2	0	0	0	0	0	0	0	0	0	0	0	1	0	0	0	2	0	0	0	0	0	0	0	0	0	3578.3308	5617.74	3556.362	6336.786	3522.1477	5949.9277	6094.2944	3309.7175	0.0	1736.8966	1893.7515	0.0	0.0	0.0	0.0	0.0	3587.5671	3271.942	3565.5415	3269.0537	3531.239	3056.1045	3114.55	3318.2605	0.0	1741.3799	1898.6395	0.0	0.0	0.0	0.0	0.0	
sp|P26786|RS7A_YEAST	P26786	RS7A_YEAST	RPS7A	190	Saccharomyces cerevisiae (strain ATCC 204508 / S288c)	1:Experimental evidence at protein level	Small ribosomal subunit protein eS7A	1.0	0.999	6	82	58	82	7	7	7	3	7	7	6	6	4	5	3	4	2	5	4	5	5	5	4	3	5	6	4	4	1	3	2	2	2	4	4	4	7	7	7	3	7	7	6	6	4	5	3	4	2	5	4	5	21695.902	29187.87	24317.293	26390.393	32278.85	29292.703	29994.645	27079.232	8591.6	11114.635	7450.245	12300.871	14104.601	13350.511	10675.807	12032.925	6599.0405	7314.568	7517.3784	6882.6953	8273.318	7404.3604	7335.261	6625.074	3975.812	4502.722	5141.481	3943.626	4178.1333	4033.2866	4335.1616	3514.112	
sp|P26885|FKBP2_HUMAN	P26885	FKBP2_HUMAN	FKBP2	142	Homo sapiens	1:Experimental evidence at protein level	Peptidyl-prolyl cis-trans isomerase FKBP2	0.9467	0.9981	1	2	2	2	1	0	0	0	0	0	0	1	0	0	0	0	0	0	0	0	1	0	0	0	0	0	0	1	0	0	0	0	0	0	0	0	1	0	0	0	0	0	0	1	0	0	0	0	0	0	0	0	0.0	0.0	0.0	0.0	0.0	0.0	0.0	0.0	0.0	0.0	0.0	0.0	0.0	0.0	0.0	0.0	0.0	0.0	0.0	0.0	0.0	0.0	0.0	0.0	0.0	0.0	0.0	0.0	0.0	0.0	0.0	0.0	
sp|P27302|TKT1_ECOLI	P27302	TKT1_ECOLI	tktA	663	Escherichia coli (strain K12)	1:Experimental evidence at protein level	Transketolase 1	0.9709	0.999	1	3	3	3	0	0	0	0	0	0	0	0	0	0	1	0	2	0	0	0	0	0	0	0	0	0	0	0	0	0	1	0	2	0	0	0	0	0	0	0	0	0	0	0	0	0	1	0	2	0	0	0	0.0	0.0	0.0	0.0	0.0	0.0	0.0	0.0	0.0	0.0	0.0	0.0	0.0	0.0	0.0	0.0	0.0	0.0	0.0	0.0	0.0	0.0	0.0	0.0	0.0	0.0	0.0	0.0	0.0	0.0	0.0	0.0	
sp|P27348|1433T_HUMAN	P27348	1433T_HUMAN	YWHAQ	245	Homo sapiens	1:Experimental evidence at protein level	14-3-3 protein theta	1.0	0.999	6	54	54	151	1	2	0	3	2	3	4	5	3	4	5	5	4	5	4	4	1	2	0	3	2	3	4	5	3	4	5	5	4	5	4	4	7	8	5	8	8	9	10	12	9	11	11	12	9	13	9	10	19729.004	22761.277	15230.005	21003.42	21699.107	17357.693	20416.03	23567.086	17329.227	19809.898	13038.846	17843.176	18443.842	16182.083	18016.39	18049.021	9925.215	10623.73	10620.283	9893.276	10132.432	10412.756	9879.697	10754.026	8642.637	10164.786	7977.031	8923.407	9012.783	8347.176	10059.324	8379.762	
sp|P27635|RL10_HUMAN	P27635	RL10_HUMAN	RPL10	214	Homo sapiens	1:Experimental evidence at protein level	Large ribosomal subunit protein uL16	1.0	0.999	4	17	16	17	0	1	0	0	1	0	0	1	0	2	1	4	1	4	2	0	0	1	0	0	1	0	0	1	0	2	1	3	1	4	2	0	0	1	0	0	1	0	0	1	0	2	1	4	1	4	2	0	0.0	0.0	0.0	0.0	0.0	1466.8517	0.0	0.0	0.0	2280.6855	2139.4495	4514.2173	2125.3997	2647.2007	1130.092	2341.5022	0.0	0.0	0.0	0.0	0.0	1746.6365	0.0	0.0	0.0	2715.6997	1438.8453	1940.1128	2530.7947	3152.1233	760.02155	2788.1165	
sp|P27694|RFA1_HUMAN	P27694	RFA1_HUMAN	RPA1	616	Homo sapiens	1:Experimental evidence at protein level	Replication protein A 70 kDa DNA-binding subunit	1.0	0.999	2	8	8	8	0	0	0	1	0	0	1	0	0	0	0	1	1	2	1	1	0	0	0	1	0	0	1	0	0	0	0	1	1	2	1	1	0	0	0	1	0	0	1	0	0	0	0	1	1	2	1	1	0.0	0.0	0.0	0.0	0.0	0.0	0.0	0.0	0.0	0.0	0.0	0.0	0.0	0.0	0.0	0.0	0.0	0.0	0.0	0.0	0.0	0.0	0.0	0.0	0.0	0.0	0.0	0.0	0.0	0.0	0.0	0.0	
sp|P27695|APEX1_HUMAN	P27695	APEX1_HUMAN	APEX1	318	Homo sapiens	1:Experimental evidence at protein level	DNA repair nuclease/redox regulator APEX1	1.0	0.9959	2	2	2	2	0	0	0	0	0	0	0	0	0	0	0	2	0	0	0	0	0	0	0	0	0	0	0	0	0	0	0	2	0	0	0	0	0	0	0	0	0	0	0	0	0	0	0	2	0	0	0	0	0.0	0.0	0.0	0.0	0.0	0.0	0.0	0.0	2479.5596	2643.0857	2410.2761	2178.7043	1557.925	2453.6694	2815.5225	2816.0144	0.0	0.0	0.0	0.0	0.0	0.0	0.0	0.0	2479.5596	2643.0857	2410.2761	2178.7043	1557.925	2453.6694	2815.5225	2816.0144	
sp|P27708|PYR1_HUMAN	P27708	PYR1_HUMAN	CAD	2225	Homo sapiens	1:Experimental evidence at protein level	Multifunctional protein CAD	1.0	0.999	3	8	8	8	0	1	0	0	0	0	1	0	0	1	0	0	1	1	2	1	0	1	0	0	0	0	1	0	0	1	0	0	1	1	2	1	0	1	0	0	0	0	1	0	0	1	0	0	1	1	2	1	0.0	0.0	0.0	0.0	0.0	0.0	0.0	0.0	0.0	0.0	0.0	0.0	0.0	0.0	0.0	0.0	0.0	0.0	0.0	0.0	0.0	0.0	0.0	0.0	0.0	0.0	0.0	0.0	0.0	0.0	0.0	0.0	
sp|P27797|CALR_HUMAN	P27797	CALR_HUMAN	CALR	417	Homo sapiens	1:Experimental evidence at protein level	Calreticulin	1.0	0.999	10	146	146	146	9	8	11	5	11	8	8	7	5	10	13	12	8	7	12	12	9	8	11	5	11	8	8	7	5	10	13	12	8	7	12	12	9	8	11	5	11	8	8	7	5	10	13	12	8	7	12	12	59998.277	53134.523	48849.21	46256.94	49792.316	51932.547	49824.65	48422.137	41034.652	61698.89	59832.836	55210.58	48311.13	57810.086	54873.164	55932.836	17773.71	16799.934	16015.538	17033.404	16514.361	15234.34	16313.252	16871.521	18066.543	19599.441	17737.941	16728.291	15491.186	18765.934	17688.455	17344.898	
sp|P27816|MAP4_HUMAN	P27816	MAP4_HUMAN	MAP4	1152	Homo sapiens	1:Experimental evidence at protein level	Microtubule-associated protein 4	1.0	0.999	3	38	38	38	3	3	3	2	2	3	2	2	3	2	2	3	1	2	3	2	3	3	3	2	2	3	2	2	3	2	2	3	1	2	3	2	3	3	3	2	2	3	2	2	3	2	2	3	1	2	3	2	4075.703	4024.4	4946.8047	5827.9106	4290.9937	4641.3115	3671.2988	0.0	0.0	3800.655	3138.3394	0.0	3137.186	2538.1287	2821.0256	2607.7632	4075.703	4024.4	4946.8047	5827.9106	4290.9937	4641.3115	3671.2988	0.0	0.0	3800.655	3138.3394	0.0	3137.186	2538.1287	2821.0256	2607.7632	
sp|P28066|PSA5_HUMAN	P28066	PSA5_HUMAN	PSMA5	241	Homo sapiens	1:Experimental evidence at protein level	Proteasome subunit alpha type-5	1.0	0.999	8	93	72	93	6	6	5	5	5	6	7	5	4	6	9	7	3	7	6	6	5	5	4	4	4	5	5	4	3	4	7	5	2	6	5	4	6	6	5	5	5	6	7	5	4	6	9	7	3	7	6	6	31687.686	29775.57	28508.375	30216.297	29294.504	22890.977	29642.229	27671.506	22472.432	28840.469	28252.15	26016.86	29837.799	30083.262	31202.742	26771.225	7979.7603	7737.5083	8237.1875	9114.739	8551.986	8134.391	7970.289	8136.495	6834.7075	7754.538	6664.678	7683.775	7614.323	8153.1855	7755.5117	7177.282	
sp|P28070|PSB4_HUMAN	P28070	PSB4_HUMAN	PSMB4	264	Homo sapiens	1:Experimental evidence at protein level	Proteasome subunit beta type-4	1.0	0.999	1	21	21	21	2	1	2	0	2	2	3	0	0	1	1	1	2	2	1	1	2	1	2	0	2	2	3	0	0	1	1	1	2	2	1	1	2	1	2	0	2	2	3	0	0	1	1	1	2	2	1	1	0.0	0.0	1321.5471	0.0	0.0	906.4025	0.0	1651.637	0.0	0.0	0.0	0.0	0.0	0.0	0.0	1309.5386	0.0	0.0	1321.5471	0.0	0.0	906.4025	0.0	1651.637	0.0	0.0	0.0	0.0	0.0	0.0	0.0	1309.5386	
sp|P28072|PSB6_HUMAN	P28072	PSB6_HUMAN	PSMB6	239	Homo sapiens	1:Experimental evidence at protein level	Proteasome subunit beta type-6	1.0	0.999	3	14	14	14	0	1	0	0	1	1	0	1	0	1	0	1	2	2	4	0	0	1	0	0	1	1	0	1	0	1	0	1	2	2	4	0	0	1	0	0	1	1	0	1	0	1	0	1	2	2	4	0	0.0	0.0	0.0	1997.7571	2944.5408	0.0	0.0	0.0	2468.9082	3730.78	2037.0836	3092.0964	2004.3231	2439.6416	2184.3796	2622.3645	0.0	0.0	0.0	1997.7571	2944.5408	0.0	0.0	0.0	2468.9082	3730.78	2037.0836	3092.0964	2004.3231	2439.6416	2184.3796	2622.3645	
sp|P28241|IDH2_YEAST	P28241	IDH2_YEAST	IDH2	369	Saccharomyces cerevisiae (strain ATCC 204508 / S288c)	1:Experimental evidence at protein level	Isocitrate dehydrogenase [NAD] subunit 2, mitochondrial	1.0	0.999	4	51	51	51	5	5	5	3	4	4	5	7	2	1	2	1	1	2	1	3	5	5	5	3	4	4	5	7	2	1	2	1	1	2	1	3	5	5	5	3	4	4	5	7	2	1	2	1	1	2	1	3	18888.262	21345.133	24539.977	23864.713	21889.604	15116.199	27447.55	22381.535	3995.783	3231.279	3524.3557	4200.5205	6052.657	6568.646	5766.057	4393.851	14518.081	13963.531	12995.688	14921.388	15147.38	9093.14	14822.984	14167.973	3995.783	3231.279	3524.3557	4200.5205	6052.657	6568.646	5766.057	4393.851	
sp|P28272|PYRD_YEAST	P28272	PYRD_YEAST	URA1	314	Saccharomyces cerevisiae (strain ATCC 204508 / S288c)	1:Experimental evidence at protein level	Dihydroorotate dehydrogenase (fumarate)	1.0	0.999	1	21	21	21	2	5	3	1	1	1	3	3	1	1	0	0	0	0	0	0	2	5	3	1	1	1	3	3	1	1	0	0	0	0	0	0	2	5	3	1	1	1	3	3	1	1	0	0	0	0	0	0	3171.0166	3096.1616	4758.3066	3973.452	4503.2905	6382.478	4200.108	3738.0625	0.0	0.0	0.0	0.0	0.0	0.0	0.0	0.0	3101.557	5040.3	2929.8555	3886.4153	4404.648	3865.8481	4108.1064	3656.182	0.0	0.0	0.0	0.0	0.0	0.0	0.0	0.0	
sp|P28304|QOR1_ECOLI	P28304	QOR1_ECOLI	qorA	327	Escherichia coli (strain K12)	1:Experimental evidence at protein level	Quinone oxidoreductase 1	1.0	0.9981	2	3	3	3	0	0	0	0	0	0	0	0	0	0	0	0	0	1	1	1	0	0	0	0	0	0	0	0	0	0	0	0	0	1	1	1	0	0	0	0	0	0	0	0	0	0	0	0	0	1	1	1	0.0	0.0	0.0	0.0	0.0	0.0	0.0	0.0	0.0	0.0	0.0	0.0	0.0	0.0	0.0	0.0	0.0	0.0	0.0	0.0	0.0	0.0	0.0	0.0	0.0	0.0	0.0	0.0	0.0	0.0	0.0	0.0	
sp|P28331|NDUS1_HUMAN	P28331	NDUS1_HUMAN	NDUFS1	727	Homo sapiens	1:Experimental evidence at protein level	NADH-ubiquinone oxidoreductase 75 kDa subunit, mitochondrial	0.9707	0.999	1	8	8	8	1	0	1	1	1	1	1	1	0	0	0	0	0	1	0	0	1	0	1	1	1	1	1	1	0	0	0	0	0	1	0	0	1	0	1	1	1	1	1	1	0	0	0	0	0	1	0	0	0.0	0.0	0.0	0.0	0.0	0.0	0.0	0.0	0.0	0.0	0.0	0.0	0.0	0.0	0.0	0.0	0.0	0.0	0.0	0.0	0.0	0.0	0.0	0.0	0.0	0.0	0.0	0.0	0.0	0.0	0.0	0.0	
sp|P28482|MK01_HUMAN	P28482	MK01_HUMAN	MAPK1	360	Homo sapiens	1:Experimental evidence at protein level	Mitogen-activated protein kinase 1	1.0	0.9989	3	9	4	9	0	0	0	0	2	1	1	1	0	0	1	0	0	1	1	1	0	0	0	0	0	1	0	0	0	0	1	0	0	1	1	0	0	0	0	0	2	1	1	1	0	0	1	0	0	1	1	1	2617.675	1969.4302	1804.1477	2338.5452	2152.596	2321.0845	2659.3733	0.0	3097.4712	2955.8816	2678.3345	2194.32	1706.3245	2125.9246	2039.109	2953.3337	2617.675	1969.4302	1804.1477	2338.5452	2152.596	2321.0845	2659.3733	0.0	3097.4712	2955.8816	2678.3345	2194.32	1706.3245	2125.9246	2039.109	2953.3337	
sp|P28838|AMPL_HUMAN	P28838	AMPL_HUMAN	LAP3	519	Homo sapiens	1:Experimental evidence at protein level	Cytosol aminopeptidase	1.0	0.999	2	8	8	8	1	1	0	0	2	0	0	0	0	1	0	1	0	0	1	1	1	1	0	0	2	0	0	0	0	1	0	1	0	0	1	1	1	1	0	0	2	0	0	0	0	1	0	1	0	0	1	1	0.0	0.0	0.0	0.0	0.0	0.0	0.0	0.0	0.0	0.0	0.0	0.0	0.0	0.0	0.0	0.0	0.0	0.0	0.0	0.0	0.0	0.0	0.0	0.0	0.0	0.0	0.0	0.0	0.0	0.0	0.0	0.0	
sp|P29311|BMH1_YEAST	P29311	BMH1_YEAST	BMH1	267	Saccharomyces cerevisiae (strain ATCC 204508 / S288c)	1:Experimental evidence at protein level	Protein BMH1	1.0	0.999	6	101	27	175	7	7	9	5	10	6	9	8	5	4	6	4	5	6	4	6	1	2	2	1	2	3	4	2	1	1	2	1	1	1	1	2	11	11	13	9	14	10	14	14	9	9	10	10	9	14	7	11	38289.816	42699.934	31897.477	40020.297	41479.52	43947.168	40866.797	39938.234	13396.73	18117.115	21530.496	18544.781	18990.412	18634.828	19890.59	21036.219	20669.998	22183.86	19608.87	20888.184	21857.678	23910.555	21077.143	25691.416	8735.108	12129.237	10473.9375	10594.359	9838.745	10636.319	10454.441	11545.871	
sp|P29401|TKT_HUMAN	P29401	TKT_HUMAN	TKT	623	Homo sapiens	1:Experimental evidence at protein level	Transketolase	1.0	0.999	13	127	127	127	8	7	7	3	10	5	6	7	10	10	10	11	5	10	9	9	8	7	7	3	10	5	6	7	10	10	10	11	5	10	9	9	8	7	7	3	10	5	6	7	10	10	10	11	5	10	9	9	33905.996	26312.734	24872.223	23378.111	30724.174	24230.896	29403.275	31702.826	32887.477	48675.703	34558.633	40902.21	35919.742	43160.066	37925.2	31380.15	8191.987	6982.9243	8251.579	7884.877	7873.352	7275.1406	7910.2095	7894.7744	8613.657	8581.43	8963.739	7580.362	7223.755	7878.2437	7243.1777	8172.042	
sp|P29692|EF1D_HUMAN	P29692	EF1D_HUMAN	EEF1D	281	Homo sapiens	1:Experimental evidence at protein level	Elongation factor 1-delta	1.0	0.999	7	72	72	76	3	3	2	3	4	4	4	6	5	7	7	5	4	6	6	3	3	3	2	3	4	4	4	6	5	7	7	5	4	6	6	3	3	3	2	3	4	4	4	6	6	7	7	5	4	7	7	4	17607.434	20561.734	16987.193	16267.781	19429.166	15452.979	13109.316	15370.793	19367.414	25550.465	19000.9	19491.586	20322.053	21029.982	21425.621	18941.186	7933.948	8636.243	7442.03	7357.8433	7961.1655	6557.7915	7027.8555	6765.094	8533.804	8387.593	8463.891	7946.6196	8996.449	7657.1973	8452.342	7434.3677	
sp|P30041|PRDX6_HUMAN	P30041	PRDX6_HUMAN	PRDX6	224	Homo sapiens	1:Experimental evidence at protein level	Peroxiredoxin-6	1.0	0.999	12	169	169	169	11	14	8	10	12	8	4	6	8	15	13	11	12	12	12	13	11	14	8	10	12	8	4	6	8	15	13	11	12	12	12	13	11	14	8	10	12	8	4	6	8	15	13	11	12	12	12	13	45112.945	43785.51	46827.34	40416.28	37790.21	44157.29	32805.86	50093.84	45521.14	53699.066	53930.613	52998.383	45557.74	53287.938	42231.668	48497.902	11944.391	11585.679	12520.765	11082.116	11524.783	12739.779	10525.213	11889.378	11720.475	11921.562	13017.509	12519.619	12336.959	12123.689	11855.316	11551.198	
sp|P30043|BLVRB_HUMAN	P30043	BLVRB_HUMAN	BLVRB	206	Homo sapiens	1:Experimental evidence at protein level	Flavin reductase (NADPH)	1.0	0.999	9	232	232	232	10	18	17	12	17	13	14	15	14	14	11	18	16	15	13	15	10	18	17	12	17	13	14	15	14	14	11	18	16	15	13	15	10	18	17	12	17	13	14	15	14	14	11	18	16	15	13	15	46877.395	34583.57	28233.016	27524.965	40582.438	42783.895	40269.273	48618.945	33362.855	34652.168	41082.902	47355.438	34629.316	33765.457	37589.73	41201.668	11711.151	10808.95	11809.295	10634.777	11475.729	9975.092	11301.07	11124.538	8993.947	10255.431	9702.889	12308.949	9694.381	11283.593	10883.297	10326.526	
sp|P30044|PRDX5_HUMAN	P30044	PRDX5_HUMAN	PRDX5	214	Homo sapiens	1:Experimental evidence at protein level	Peroxiredoxin-5, mitochondrial	1.0	0.999	2	17	17	17	2	1	1	1	1	1	1	1	1	1	2	1	1	1	0	1	2	1	1	1	1	1	1	1	1	1	2	1	1	1	0	1	2	1	1	1	1	1	1	1	1	1	2	1	1	1	0	1	5775.0947	6238.672	3138.1614	5592.376	5482.055	5071.4517	4114.699	0.0	3146.6267	6353.813	3127.1848	4096.6396	6426.531	5694.5596	4518.7505	4114.4067	5775.0947	6238.672	3138.1614	5592.376	5482.055	5071.4517	4114.699	0.0	3146.6267	6353.813	3127.1848	4096.6396	6426.531	5694.5596	4518.7505	4114.4067	
sp|P30048|PRDX3_HUMAN	P30048	PRDX3_HUMAN	PRDX3	256	Homo sapiens	1:Experimental evidence at protein level	Thioredoxin-dependent peroxide reductase, mitochondrial	0.9691	0.9989	1	12	12	12	1	1	0	0	0	1	1	1	0	1	2	1	0	1	1	1	1	1	0	0	0	1	1	1	0	1	2	1	0	1	1	1	1	1	0	0	0	1	1	1	0	1	2	1	0	1	1	1	3012.0305	3111.9233	2474.5256	3288.2678	0.0	2959.4468	2889.1038	3674.462	2989.455	2866.3796	0.0	2711.6675	2239.473	3426.848	0.0	2262.993	3012.0305	3111.9233	2474.5256	3288.2678	0.0	2959.4468	2889.1038	3674.462	2989.455	2866.3796	0.0	2711.6675	2239.473	3426.848	0.0	2262.993	
sp|P30049|ATPD_HUMAN	P30049	ATPD_HUMAN	ATP5F1D	168	Homo sapiens	1:Experimental evidence at protein level	ATP synthase F(1) complex subunit delta, mitochondrial	0.9709	0.999	1	14	14	14	1	1	0	0	1	1	1	1	1	1	1	1	0	1	2	1	1	1	0	0	1	1	1	1	1	1	1	1	0	1	2	1	1	1	0	0	1	1	1	1	1	1	1	1	0	1	2	1	4486.285	3521.6472	4629.6445	4737.95	0.0	5073.2207	4646.271	4207.5176	5564.756	4285.1216	4078.5244	4946.5063	2986.4187	4714.379	4903.2124	4807.7666	4486.285	3521.6472	4629.6445	4737.95	0.0	5073.2207	4646.271	4207.5176	5564.756	4285.1216	4078.5244	4946.5063	2986.4187	4714.379	4903.2124	4807.7666	
sp|P30050|RL12_HUMAN	P30050	RL12_HUMAN	RPL12	165	Homo sapiens	1:Experimental evidence at protein level	Large ribosomal subunit protein uL11	1.0	0.999	4	41	24	41	2	2	2	2	2	2	4	3	3	2	3	3	2	3	3	3	1	1	1	1	1	1	2	2	2	1	2	2	1	2	2	2	2	2	2	2	2	2	4	3	3	2	3	3	2	3	3	3	15860.777	17156.285	18705.49	19383.8	18473.092	20783.242	19950.352	18531.836	13711.331	19082.484	19500.688	19718.428	22801.045	24098.992	23399.438	20314.973	8524.042	9224.185	8192.07	8500.72	8559.71	9485.202	9057.754	8442.44	8175.1694	8105.876	8215.514	8633.933	8813.987	9141.6	8939.106	7737.901	
sp|P30084|ECHM_HUMAN	P30084	ECHM_HUMAN	ECHS1	290	Homo sapiens	1:Experimental evidence at protein level	Enoyl-CoA hydratase, mitochondrial	1.0	0.999	3	39	39	39	4	3	3	1	2	2	2	4	1	2	2	2	2	3	2	4	4	3	3	1	2	2	2	4	1	2	2	2	2	3	2	4	4	3	3	1	2	2	2	4	1	2	2	2	2	3	2	4	7695.2266	2692.913	5912.6064	6081.7744	8893.574	7782.701	7362.34	7438.1123	0.0	7558.1978	5924.8037	6628.492	3016.6013	3747.6882	3635.062	6055.2144	4251.8496	2809.9119	3207.7285	3331.1157	4916.2266	4003.4666	4021.8892	4141.6836	0.0	3924.4077	3305.0178	3690.154	3553.5786	4414.804	2025.8215	3370.8389	
sp|P30085|KCY_HUMAN	P30085	KCY_HUMAN	CMPK1	196	Homo sapiens	1:Experimental evidence at protein level	UMP-CMP kinase	1.0	0.999	3	36	36	36	4	3	3	2	3	2	3	3	2	1	2	3	1	2	1	1	4	3	3	2	3	2	3	3	2	1	2	3	1	2	1	1	4	3	3	2	3	2	3	3	2	1	2	3	1	2	1	1	14122.328	4976.64	14669.861	16714.371	6112.3413	12880.476	14885.834	14958.305	12302.751	12407.086	12760.168	11579.209	12930.3125	12333.3	3296.7158	12324.315	8995.726	8823.941	9685.18	10899.634	10837.622	8464.254	9528.715	9710.083	6728.8545	5959.2324	6610.0264	5591.1016	6924.757	6751.2236	5845.315	5937.12	
sp|P30086|PEBP1_HUMAN	P30086	PEBP1_HUMAN	PEBP1	187	Homo sapiens	1:Experimental evidence at protein level	Phosphatidylethanolamine-binding protein 1	1.0	0.999	3	48	48	48	4	4	4	2	3	1	4	2	2	2	3	5	2	4	3	3	4	4	4	2	3	1	4	2	2	2	3	5	2	4	3	3	4	4	4	2	3	1	4	2	2	2	3	5	2	4	3	3	22403.945	10983.811	19109.766	10837.807	19884.475	19200.834	17121.756	20654.02	21519.176	21412.47	22713.309	21858.836	19744.766	22541.662	17772.195	19422.758	8337.996	11119.9375	10573.276	6500.0957	7922.7944	7827.1445	7131.142	8518.35	8814.681	8724.915	9113.635	8790.506	8061.737	8563.325	7246.6777	7789.9976	
sp|P30101|PDIA3_HUMAN	P30101	PDIA3_HUMAN	PDIA3	505	Homo sapiens	1:Experimental evidence at protein level	Protein disulfide-isomerase A3	1.0	0.999	11	119	119	119	8	9	6	6	6	6	8	8	6	7	8	10	7	9	8	7	8	9	6	6	6	6	8	8	6	7	8	10	7	9	8	7	8	9	6	6	6	6	8	8	6	7	8	10	7	9	8	7	25507.504	43411.883	38237.215	31373.768	48248.977	41144.77	35722.598	48949.945	37570.066	39305.637	40371.867	44300.01	34973.625	39819.766	44858.9	41563.305	12654.763	12808.679	12757.471	13533.56	13665.511	11477.676	10213.018	13703.026	11326.524	11956.143	11554.534	10875.524	11414.055	11018.964	11607.287	10882.683	
sp|P30153|2AAA_HUMAN	P30153	2AAA_HUMAN	PPP2R1A	589	Homo sapiens	1:Experimental evidence at protein level	Serine/threonine-protein phosphatase 2A 65 kDa regulatory subunit A alpha isoform	1.0	0.999	8	64	64	64	4	4	3	5	4	3	6	3	2	2	6	6	2	3	5	6	4	4	3	5	4	3	6	3	2	2	6	6	2	3	5	6	4	4	3	5	4	3	6	3	2	2	6	6	2	3	5	6	13090.712	10632.491	11737.124	11649.567	14383.195	13533.639	14770.902	12026.342	9561.213	10851.889	9377.818	10319.921	14850.051	11820.666	12891.528	12840.47	9605.745	8189.0283	8439.421	8643.951	10382.211	8952.873	8585.011	7305.4297	7278.4946	7386.508	7016.8125	7788.62	9319.089	8608.223	7905.087	8176.2744	
sp|P30154|2AAB_HUMAN	P30154	2AAB_HUMAN	PPP2R1B	601	Homo sapiens	1:Experimental evidence at protein level	Serine/threonine-protein phosphatase 2A 65 kDa regulatory subunit A beta isoform	0.9578	0.9985	1	1	1	1	0	0	0	0	0	0	0	0	0	1	0	0	0	0	0	0	0	0	0	0	0	0	0	0	0	1	0	0	0	0	0	0	0	0	0	0	0	0	0	0	0	1	0	0	0	0	0	0	0.0	0.0	0.0	0.0	0.0	0.0	0.0	0.0	0.0	0.0	0.0	0.0	0.0	0.0	0.0	0.0	0.0	0.0	0.0	0.0	0.0	0.0	0.0	0.0	0.0	0.0	0.0	0.0	0.0	0.0	0.0	0.0	
sp|P30419|NMT1_HUMAN	P30419	NMT1_HUMAN	NMT1	496	Homo sapiens	1:Experimental evidence at protein level	Glycylpeptide N-tetradecanoyltransferase 1	1.0	0.999	2	13	3	13	0	2	0	0	0	0	2	0	0	1	1	2	1	2	1	1	0	0	0	0	0	0	0	0	0	0	0	2	0	1	0	0	0	2	0	0	0	0	2	0	0	1	1	2	1	2	1	1	2242.1414	3756.1057	0.0	0.0	0.0	2217.0022	2774.8801	3518.4922	0.0	2713.942	0.0	0.0	2026.7955	2498.2146	2447.2285	3329.4888	2161.8477	3621.595	0.0	0.0	0.0	2660.5122	3329.9932	4222.3643	0.0	2616.7524	0.0	0.0	1954.2135	2408.7505	2359.5903	1780.078	
sp|P30520|PURA2_HUMAN	P30520	PURA2_HUMAN	ADSS2	456	Homo sapiens	1:Experimental evidence at protein level	Adenylosuccinate synthetase isozyme 2	0.8542	0.9943	1	1	1	1	0	0	0	0	0	0	1	0	0	0	0	0	0	0	0	0	0	0	0	0	0	0	1	0	0	0	0	0	0	0	0	0	0	0	0	0	0	0	1	0	0	0	0	0	0	0	0	0	0.0	0.0	0.0	0.0	0.0	0.0	0.0	0.0	0.0	0.0	0.0	0.0	0.0	0.0	0.0	0.0	0.0	0.0	0.0	0.0	0.0	0.0	0.0	0.0	0.0	0.0	0.0	0.0	0.0	0.0	0.0	0.0	
sp|P30624|LCF1_YEAST	P30624	LCF1_YEAST	FAA1	700	Saccharomyces cerevisiae (strain ATCC 204508 / S288c)	1:Experimental evidence at protein level	Long-chain-fatty-acid--CoA ligase 1	0.9704	0.999	1	4	4	4	1	0	0	0	1	0	1	1	0	0	0	0	0	0	0	0	1	0	0	0	1	0	1	1	0	0	0	0	0	0	0	0	1	0	0	0	1	0	1	1	0	0	0	0	0	0	0	0	0.0	0.0	0.0	2240.246	2271.0476	0.0	3640.525	0.0	0.0	0.0	0.0	0.0	0.0	0.0	0.0	0.0	0.0	0.0	0.0	2240.246	2271.0476	0.0	3640.525	0.0	0.0	0.0	0.0	0.0	0.0	0.0	0.0	0.0	
sp|P30740|ILEU_HUMAN	P30740	ILEU_HUMAN	SERPINB1	379	Homo sapiens	1:Experimental evidence at protein level	Leukocyte elastase inhibitor	0.9694	0.9989	1	1	1	1	0	0	0	0	0	0	0	0	0	0	1	0	0	0	0	0	0	0	0	0	0	0	0	0	0	0	1	0	0	0	0	0	0	0	0	0	0	0	0	0	0	0	1	0	0	0	0	0	0.0	0.0	0.0	0.0	0.0	0.0	0.0	0.0	0.0	0.0	0.0	0.0	0.0	0.0	0.0	0.0	0.0	0.0	0.0	0.0	0.0	0.0	0.0	0.0	0.0	0.0	0.0	0.0	0.0	0.0	0.0	0.0	
sp|P30859|ARTI_ECOLI	P30859	ARTI_ECOLI	artI	243	Escherichia coli (strain K12)	1:Experimental evidence at protein level	Putative ABC transporter arginine-binding protein 2	1.0	0.999	6	52	52	52	0	0	0	1	1	1	0	0	3	6	5	7	6	6	9	7	0	0	0	1	1	1	0	0	3	6	5	7	6	6	9	7	0	0	0	1	1	1	0	0	3	6	5	7	6	6	9	7	1790.5897	0.0	3093.1133	0.0	0.0	0.0	0.0	0.0	16923.799	11598.689	22225.838	13938.629	21165.58	19316.436	19604.531	19640.457	1993.6887	0.0	3443.9521	0.0	0.0	0.0	0.0	0.0	3981.91	3674.027	5490.3364	5468.2314	5320.431	4577.797	4687.8345	4723.594	
sp|P30860|ARTJ_ECOLI	P30860	ARTJ_ECOLI	artJ	243	Escherichia coli (strain K12)	1:Experimental evidence at protein level	ABC transporter arginine-binding protein 1	0.9583	0.9985	1	1	1	1	0	0	0	0	0	0	0	0	0	0	0	0	0	0	1	0	0	0	0	0	0	0	0	0	0	0	0	0	0	0	1	0	0	0	0	0	0	0	0	0	0	0	0	0	0	0	1	0	0.0	0.0	0.0	0.0	0.0	0.0	0.0	0.0	0.0	0.0	0.0	0.0	0.0	0.0	0.0	0.0	0.0	0.0	0.0	0.0	0.0	0.0	0.0	0.0	0.0	0.0	0.0	0.0	0.0	0.0	0.0	0.0	
sp|P31040|SDHA_HUMAN	P31040	SDHA_HUMAN	SDHA	664	Homo sapiens	1:Experimental evidence at protein level	Succinate dehydrogenase [ubiquinone] flavoprotein subunit, mitochondrial	1.0	0.999	2	23	5	23	1	1	2	3	2	2	1	2	0	2	1	1	1	1	1	2	0	0	0	1	1	1	0	1	0	0	0	0	0	0	0	1	1	1	2	3	2	2	1	2	0	2	1	1	1	1	1	2	2693.1577	0.0	0.0	1580.5472	2912.148	1570.0214	2466.897	2480.55	0.0	0.0	0.0	0.0	1484.0273	0.0	0.0	0.0	2693.1577	0.0	0.0	1580.5472	2912.148	1570.0214	2466.897	2480.55	0.0	0.0	0.0	0.0	1484.0273	0.0	0.0	0.0	
sp|P31116|DHOM_YEAST	P31116	DHOM_YEAST	HOM6	359	Saccharomyces cerevisiae (strain ATCC 204508 / S288c)	1:Experimental evidence at protein level	Homoserine dehydrogenase	1.0	0.999	7	30	30	30	3	10	0	0	4	2	3	6	0	1	0	1	0	0	0	0	3	10	0	0	4	2	3	6	0	1	0	1	0	0	0	0	3	10	0	0	4	2	3	6	0	1	0	1	0	0	0	0	10530.303	14246.315	14414.166	17882.81	4870.5337	17330.777	11168.117	16301.394	1126.0597	0.0	0.0	1175.1367	378.7696	1892.5464	1488.1091	0.0	4821.0195	5474.3643	5243.133	5763.3926	4411.865	5718.8096	5204.8525	6023.515	2154.525	0.0	0.0	1974.0596	636.2781	3179.2039	2499.8079	0.0	
sp|P31323|KAP3_HUMAN	P31323	KAP3_HUMAN	PRKAR2B	418	Homo sapiens	1:Experimental evidence at protein level	cAMP-dependent protein kinase type II-beta regulatory subunit	1.0	0.9989	2	3	3	3	0	0	0	0	0	1	0	0	0	0	0	0	2	0	0	0	0	0	0	0	0	1	0	0	0	0	0	0	2	0	0	0	0	0	0	0	0	1	0	0	0	0	0	0	2	0	0	0	0.0	0.0	0.0	0.0	0.0	0.0	0.0	0.0	0.0	0.0	0.0	0.0	0.0	0.0	0.0	0.0	0.0	0.0	0.0	0.0	0.0	0.0	0.0	0.0	0.0	0.0	0.0	0.0	0.0	0.0	0.0	0.0	
sp|P31373|CYS3_YEAST	P31373	CYS3_YEAST	CYS3	394	Saccharomyces cerevisiae (strain ATCC 204508 / S288c)	1:Experimental evidence at protein level	Cystathionine gamma-lyase	1.0	0.999	3	42	42	42	4	5	4	1	3	5	3	6	0	2	1	2	2	1	2	1	4	5	4	1	3	5	3	6	0	2	1	2	2	1	2	1	4	5	4	1	3	5	3	6	0	2	1	2	2	1	2	1	18261.87	18253.393	13722.975	10850.103	16147.021	13109.781	14362.15	14852.4795	2769.7224	5398.9507	5785.6357	4907.291	4444.203	2868.844	0.0	4206.3228	14535.867	14773.294	11149.635	10850.103	13176.391	10723.455	11650.617	12129.901	2769.7224	5398.9507	5785.6357	4907.291	4444.203	2868.844	0.0	4206.3228	
sp|P31412|VATC_YEAST	P31412	VATC_YEAST	VMA5	392	Saccharomyces cerevisiae (strain ATCC 204508 / S288c)	1:Experimental evidence at protein level	V-type proton ATPase subunit C	0.9709	0.999	1	6	6	6	0	1	1	1	1	1	0	1	0	0	0	0	0	0	0	0	0	1	1	1	1	1	0	1	0	0	0	0	0	0	0	0	0	1	1	1	1	1	0	1	0	0	0	0	0	0	0	0	0.0	2680.7668	3544.0933	2809.157	3624.4314	2677.616	1994.505	3790.0159	0.0	0.0	0.0	0.0	0.0	0.0	0.0	0.0	0.0	2680.7668	3544.0933	2809.157	3624.4314	2677.616	1994.505	3790.0159	0.0	0.0	0.0	0.0	0.0	0.0	0.0	0.0	
sp|P31539|HS104_YEAST	P31539	HS104_YEAST	HSP104	908	Saccharomyces cerevisiae (strain ATCC 204508 / S288c)	1:Experimental evidence at protein level	Heat shock protein 104	1.0	0.999	4	23	23	23	3	2	1	2	2	4	3	3	1	0	0	0	1	0	0	1	3	2	1	2	2	4	3	3	1	0	0	0	1	0	0	1	3	2	1	2	2	4	3	3	1	0	0	0	1	0	0	1	3317.8027	1698.9778	4351.138	0.0	4042.1057	7730.3276	5549.853	5223.276	0.0	0.0	0.0	0.0	3047.7852	0.0	0.0	0.0	3231.9978	5242.6885	4238.6094	0.0	3937.5688	5723.649	5406.3228	5088.1914	0.0	0.0	0.0	0.0	2968.9634	0.0	0.0	0.0	
sp|P31663|PANC_ECOLI	P31663	PANC_ECOLI	panC	283	Escherichia coli (strain K12)	1:Experimental evidence at protein level	Pantothenate synthetase	0.9713	0.999	1	19	19	19	2	1	0	0	1	1	1	1	1	2	2	1	1	2	1	2	2	1	0	0	1	1	1	1	1	2	2	1	1	2	1	2	2	1	0	0	1	1	1	1	1	2	2	1	1	2	1	2	0.0	0.0	0.0	0.0	1123.9918	0.0	0.0	0.0	2238.5918	0.0	5036.7656	3870.7458	4553.2925	0.0	4982.715	5910.159	0.0	0.0	0.0	0.0	1123.9918	0.0	0.0	0.0	2238.5918	0.0	5036.7656	3870.7458	4553.2925	0.0	4982.715	5910.159	
sp|P31689|DNJA1_HUMAN	P31689	DNJA1_HUMAN	DNAJA1	397	Homo sapiens	1:Experimental evidence at protein level	DnaJ homolog subfamily A member 1	1.0	0.999	2	43	43	43	1	2	2	1	3	4	4	4	4	3	4	3	1	2	1	4	1	2	2	1	3	4	4	4	4	3	4	3	1	2	1	4	1	2	2	1	3	4	4	4	4	3	4	3	1	2	1	4	12734.748	13510.971	0.0	0.0	7469.831	8862.307	11892.794	13947.473	9886.645	12427.026	6287.348	8633.705	9872.396	10617.579	8852.326	11517.325	7848.442	8160.0767	0.0	0.0	7267.093	4326.8633	6965.825	7751.7046	6250.0996	7637.15	10359.901	5462.579	5913.3237	6702.757	5539.646	7200.8286	
sp|P31787|ACBP_YEAST	P31787	ACBP_YEAST	ACB1	87	Saccharomyces cerevisiae (strain ATCC 204508 / S288c)	1:Experimental evidence at protein level	Acyl-CoA-binding protein	1.0	0.999	3	43	43	43	7	5	5	3	2	3	5	4	1	1	0	3	1	2	0	1	7	5	5	3	2	3	5	4	1	1	0	3	1	2	0	1	7	5	5	3	2	3	5	4	1	1	0	3	1	2	0	1	16115.05	14988.545	12110.91	15392.377	13956.251	7192.8267	13668.516	15039.391	1475.8721	5207.058	2272.8208	2641.8242	2541.8276	3005.7378	1869.948	2058.8174	6404.94	5419.737	6390.935	6042.3745	5848.9844	5515.538	5632.7163	6335.419	1748.1595	2715.0352	2692.1394	3129.2212	3010.7761	1853.9526	2214.9395	2438.654	
sp|P31930|QCR1_HUMAN	P31930	QCR1_HUMAN	UQCRC1	480	Homo sapiens	1:Experimental evidence at protein level	Cytochrome b-c1 complex subunit 1, mitochondrial	0.9689	0.9989	1	6	6	6	0	1	0	0	1	0	0	0	1	1	0	1	0	0	0	1	0	1	0	0	1	0	0	0	1	1	0	1	0	0	0	1	0	1	0	0	1	0	0	0	1	1	0	1	0	0	0	1	0.0	0.0	0.0	0.0	0.0	0.0	0.0	0.0	0.0	0.0	0.0	0.0	0.0	0.0	0.0	0.0	0.0	0.0	0.0	0.0	0.0	0.0	0.0	0.0	0.0	0.0	0.0	0.0	0.0	0.0	0.0	0.0	
sp|P31939|PUR9_HUMAN	P31939	PUR9_HUMAN	ATIC	592	Homo sapiens	1:Experimental evidence at protein level	Bifunctional purine biosynthesis protein ATIC	1.0	0.999	11	126	126	126	7	8	10	5	9	11	9	10	5	5	8	9	7	8	6	9	7	8	10	5	9	11	9	10	5	5	8	9	7	8	6	9	7	8	10	5	9	11	9	10	5	5	8	9	7	8	6	9	17772.21	8549.829	16633.016	19640.283	22648.938	21370.387	22274.508	26854.605	2983.0215	22216.586	18966.09	26889.705	26437.69	18192.203	19337.877	23744.69	5200.7295	5545.366	5720.4365	6272.7593	6050.4976	7347.759	6525.2007	6685.8394	3337.6853	4800.2236	4741.585	5752.2085	5718.1084	4656.635	5066.984	5076.323	
sp|P31942|HNRH3_HUMAN	P31942	HNRH3_HUMAN	HNRNPH3	346	Homo sapiens	1:Experimental evidence at protein level	Heterogeneous nuclear ribonucleoprotein H3	1.0	0.999	4	37	37	37	4	1	1	0	2	2	2	1	1	4	3	5	0	3	3	5	4	1	1	0	2	2	2	1	1	4	3	5	0	3	3	5	4	1	1	0	2	2	2	1	1	4	3	5	0	3	3	5	9620.806	9180.766	11734.605	14709.479	9468.705	14932.154	10013.002	11399.318	16251.375	13651.388	13233.988	15352.532	9229.352	15461.988	14674.689	14859.687	5298.417	5114.6094	5247.7856	6639.3193	5420.491	5912.472	5737.0107	6529.624	5984.7427	6209.7695	5779.3843	5704.1665	5438.6914	5530.016	5483.529	5586.189	
sp|P31943|HNRH1_HUMAN	P31943	HNRH1_HUMAN	HNRNPH1	449	Homo sapiens	1:Experimental evidence at protein level	Heterogeneous nuclear ribonucleoprotein H	1.0	0.999	7	111	31	111	6	6	8	5	10	5	7	7	6	8	7	6	4	9	8	9	2	3	2	1	2	1	2	2	2	3	1	1	1	5	2	1	6	6	8	5	10	5	7	7	6	8	7	6	4	9	8	9	21722.014	26509.527	24142.291	16943.744	16072.658	26010.793	21741.225	23587.855	24349.092	19357.477	26191.174	24552.088	19286.492	19291.285	25729.78	27065.334	6534.7983	7379.2476	7520.661	7356.0557	6997.0054	7914.024	6367.715	7486.3496	6663.6167	7355.3965	7741.1216	7123.1484	6771.315	7955.3965	7114.8623	7497.681	
sp|P31946|1433B_HUMAN	P31946	1433B_HUMAN	YWHAB	246	Homo sapiens	1:Experimental evidence at protein level	14-3-3 protein beta/alpha	1.0	0.999	8	98	98	226	4	5	5	8	5	4	7	7	10	5	8	5	5	6	9	5	4	5	5	8	5	4	7	7	10	5	8	5	5	6	9	5	12	13	10	13	13	11	15	18	17	16	17	14	10	16	18	13	30727.543	25005.564	24265.395	26696.523	26223.57	29130.855	29004.25	31217.121	23734.383	27369.777	24149.953	22297.615	14519.668	25348.348	23600.617	22752.217	13210.408	12192.876	11502.02	10615.626	11155.265	12106.383	11292.604	12095.118	11374.834	12822.339	10428.732	11844.911	10758.053	11525.573	12486.166	11500.551	
sp|P31948|STIP1_HUMAN	P31948	STIP1_HUMAN	STIP1	543	Homo sapiens	1:Experimental evidence at protein level	Stress-induced-phosphoprotein 1	1.0	0.999	20	283	283	283	18	13	12	9	20	13	24	20	14	18	18	24	13	21	25	21	18	13	12	9	20	13	24	20	14	18	18	24	13	21	25	21	18	13	12	9	20	13	24	20	14	18	18	24	13	21	25	21	75639.75	81777.45	70361.17	64561.445	77813.875	84060.29	82611.07	77530.15	71438.23	77793.02	69907.086	83681.59	74292.38	84419.88	79032.234	85071.555	7932.2725	8246.495	8784.792	8551.891	8438.567	8245.797	8329.137	8631.156	8749.94	8690.783	8325.625	8779.08	8464.145	8752.129	8396.287	8413.769	
sp|P31949|S10AB_HUMAN	P31949	S10AB_HUMAN	S100A11	105	Homo sapiens	1:Experimental evidence at protein level	Protein S100-A11	1.0	0.999	4	42	42	42	2	3	1	1	6	4	3	4	3	1	4	1	1	3	3	2	2	3	1	1	6	4	3	4	3	1	4	1	1	3	3	2	2	3	1	1	6	4	3	4	3	1	4	1	1	3	3	2	10237.965	13222.129	6471.6	10159.668	21654.46	20898.96	12523.1455	17103.361	8979.289	11405.676	12051.606	14279.499	10751.55	10290.01	10628.408	16748.518	5596.8813	7786.1284	6569.9277	8109.4253	9679.249	10126.772	9239.293	10389.778	5943.6846	8421.017	7093.992	7624.434	7266.875	7204.058	7880.346	9924.343	
sp|P32074|COPG_YEAST	P32074	COPG_YEAST	SEC21	935	Saccharomyces cerevisiae (strain ATCC 204508 / S288c)	1:Experimental evidence at protein level	Coatomer subunit gamma	0.8952	0.9961	1	2	2	2	1	0	0	0	1	0	0	0	0	0	0	0	0	0	0	0	1	0	0	0	1	0	0	0	0	0	0	0	0	0	0	0	1	0	0	0	1	0	0	0	0	0	0	0	0	0	0	0	0.0	0.0	0.0	0.0	0.0	0.0	0.0	0.0	0.0	0.0	0.0	0.0	0.0	0.0	0.0	0.0	0.0	0.0	0.0	0.0	0.0	0.0	0.0	0.0	0.0	0.0	0.0	0.0	0.0	0.0	0.0	0.0	
sp|P32119|PRDX2_HUMAN	P32119	PRDX2_HUMAN	PRDX2	198	Homo sapiens	1:Experimental evidence at protein level	Peroxiredoxin-2	1.0	0.999	9	177	177	197	13	11	13	7	14	11	12	12	13	9	9	13	7	13	12	8	13	11	13	7	14	11	12	12	13	9	9	13	7	13	12	8	14	12	14	8	15	12	14	13	15	10	10	14	8	16	13	9	39171.367	46912.797	49046.75	42703.582	45254.375	37598.902	43567.906	28205.67	42139.43	41001.46	49228.055	48621.266	40319.656	46010.516	36052.89	51290.117	13635.306	14754.368	14750.571	15306.4795	14735.287	14795.484	13802.448	14112.24	16312.176	14771.453	15889.464	15153.264	13454.214	14454.777	15815.624	16165.899	
sp|P32322|P5CR1_HUMAN	P32322	P5CR1_HUMAN	PYCR1	319	Homo sapiens	1:Experimental evidence at protein level	Pyrroline-5-carboxylate reductase 1, mitochondrial	1.0	0.999	2	25	25	25	1	2	3	3	1	1	2	1	2	1	1	1	2	1	1	2	1	2	3	3	1	1	2	1	2	1	1	1	2	1	1	2	1	2	3	3	1	1	2	1	2	1	1	1	2	1	1	2	8940.515	9119.187	8257.974	9189.51	8366.55	0.0	9350.944	9940.789	5939.108	0.0	5695.046	6164.9463	9700.831	5678.2046	6163.714	6293.2524	8940.515	9119.187	8257.974	9189.51	8366.55	0.0	9350.944	9940.789	5939.108	0.0	5695.046	6164.9463	9700.831	5678.2046	6163.714	6293.2524	
sp|P32324|EF2_YEAST	P32324	EF2_YEAST	EFT1	842	Saccharomyces cerevisiae (strain ATCC 204508 / S288c)	1:Experimental evidence at protein level	Elongation factor 2	1.0	0.999	24	286	286	298	26	27	22	19	29	26	32	23	7	10	9	9	7	13	15	12	26	27	22	19	29	26	32	23	7	10	9	9	7	13	15	12	27	28	22	19	29	27	34	24	9	11	9	10	7	13	15	14	99692.87	124260.19	97871.16	106706.43	108770.445	114525.42	115088.18	108166.53	17552.57	57029.29	30412.848	30164.006	41624.727	30668.975	65134.402	44842.07	15059.934	16994.643	15432.515	15383.849	15809.147	15117.756	15577.377	15068.129	9290.997	9018.238	8134.5903	7925.675	7414.6606	8695.536	9621.055	9382.841	
sp|P32366|VA0D_YEAST	P32366	VA0D_YEAST	VMA6	345	Saccharomyces cerevisiae (strain ATCC 204508 / S288c)	1:Experimental evidence at protein level	V-type proton ATPase subunit d	0.9456	0.9981	1	1	1	1	0	0	0	0	0	0	0	0	0	0	0	0	0	0	0	1	0	0	0	0	0	0	0	0	0	0	0	0	0	0	0	1	0	0	0	0	0	0	0	0	0	0	0	0	0	0	0	1	0.0	0.0	0.0	0.0	0.0	0.0	0.0	0.0	0.0	0.0	0.0	0.0	0.0	0.0	0.0	0.0	0.0	0.0	0.0	0.0	0.0	0.0	0.0	0.0	0.0	0.0	0.0	0.0	0.0	0.0	0.0	0.0	
sp|P32471|EF1B_YEAST	P32471	EF1B_YEAST	EFB1	206	Saccharomyces cerevisiae (strain ATCC 204508 / S288c)	1:Experimental evidence at protein level	Elongation factor 1-beta	1.0	0.999	7	69	69	69	11	11	7	4	8	5	5	7	0	2	2	0	0	3	1	3	11	11	7	4	8	5	5	7	0	2	2	0	0	3	1	3	11	11	7	4	8	5	5	7	0	2	2	0	0	3	1	3	34294.43	34129.582	28554.617	26882.027	35670.42	24985.75	26020.889	29792.494	3940.6726	5518.8936	2603.5457	0.0	5557.8813	4384.8506	4834.471	5015.8623	12763.298	14028.422	13334.815	14217.164	14862.593	12662.425	12506.527	14501.921	3940.6726	4265.4355	2603.5457	0.0	5557.8813	4384.8506	4834.471	5015.8623	
sp|P32527|ZUO1_YEAST	P32527	ZUO1_YEAST	ZUO1	433	Saccharomyces cerevisiae (strain ATCC 204508 / S288c)	1:Experimental evidence at protein level	Zuotin	0.971	0.999	1	5	5	5	2	0	1	1	1	0	0	0	0	0	0	0	0	0	0	0	2	0	1	1	1	0	0	0	0	0	0	0	0	0	0	0	2	0	1	1	1	0	0	0	0	0	0	0	0	0	0	0	0.0	0.0	0.0	0.0	0.0	0.0	0.0	0.0	0.0	0.0	0.0	0.0	0.0	0.0	0.0	0.0	0.0	0.0	0.0	0.0	0.0	0.0	0.0	0.0	0.0	0.0	0.0	0.0	0.0	0.0	0.0	0.0	
sp|P32563|VPP1_YEAST	P32563	VPP1_YEAST	VPH1	840	Saccharomyces cerevisiae (strain ATCC 204508 / S288c)	1:Experimental evidence at protein level	V-type proton ATPase subunit a, vacuolar isoform	0.9552	0.9984	1	5	5	5	0	0	0	1	1	1	0	1	0	0	0	0	0	0	1	0	0	0	0	1	1	1	0	1	0	0	0	0	0	0	1	0	0	0	0	1	1	1	0	1	0	0	0	0	0	0	1	0	0.0	0.0	0.0	0.0	0.0	0.0	0.0	0.0	0.0	0.0	0.0	0.0	0.0	0.0	0.0	0.0	0.0	0.0	0.0	0.0	0.0	0.0	0.0	0.0	0.0	0.0	0.0	0.0	0.0	0.0	0.0	0.0	
sp|P32582|CBS_YEAST	P32582	CBS_YEAST	CYS4	507	Saccharomyces cerevisiae (strain ATCC 204508 / S288c)	1:Experimental evidence at protein level	Cystathionine beta-synthase	0.9998	0.999	1	6	6	6	0	0	0	1	1	1	1	2	0	0	0	0	0	0	0	0	0	0	0	1	1	1	1	2	0	0	0	0	0	0	0	0	0	0	0	1	1	1	1	2	0	0	0	0	0	0	0	0	0.0	0.0	0.0	3316.4148	0.0	0.0	0.0	4212.281	0.0	0.0	0.0	0.0	0.0	0.0	0.0	0.0	0.0	0.0	0.0	3316.4148	0.0	0.0	0.0	4212.281	0.0	0.0	0.0	0.0	0.0	0.0	0.0	0.0	
sp|P32589|HSP7F_YEAST	P32589	HSP7F_YEAST	SSE1	693	Saccharomyces cerevisiae (strain ATCC 204508 / S288c)	1:Experimental evidence at protein level	Heat shock protein homolog SSE1	1.0	0.999	3	36	13	36	4	3	3	4	3	3	3	5	1	0	2	0	0	2	2	1	2	1	1	1	1	1	1	3	0	0	1	0	0	1	0	0	4	3	3	4	3	3	3	5	1	0	2	0	0	2	2	1	14409.377	16265.956	14541.223	15001.635	14323.728	14092.81	15277.109	13014.564	0.0	0.0	0.0	2514.4917	0.0	0.0	0.0	916.0177	6157.093	6307.1626	5665.271	6406.678	5553.1626	5609.375	5932.3374	5173.284	0.0	0.0	0.0	4279.998	0.0	0.0	0.0	1114.2744	
sp|P32598|PP12_YEAST	P32598	PP12_YEAST	GLC7	312	Saccharomyces cerevisiae (strain ATCC 204508 / S288c)	1:Experimental evidence at protein level	Serine/threonine-protein phosphatase PP1-2	0.999	0.9988	2	1	1	2	0	0	1	0	0	0	0	0	0	0	0	0	0	0	0	0	0	0	1	0	0	0	0	0	0	0	0	0	0	0	0	0	0	0	1	0	1	0	0	0	0	0	0	0	0	0	0	0	0.0	0.0	0.0	0.0	0.0	0.0	0.0	0.0	0.0	0.0	0.0	0.0	0.0	0.0	0.0	0.0	0.0	0.0	0.0	0.0	0.0	0.0	0.0	0.0	0.0	0.0	0.0	0.0	0.0	0.0	0.0	0.0	
sp|P32599|FIMB_YEAST	P32599	FIMB_YEAST	SAC6	642	Saccharomyces cerevisiae (strain ATCC 204508 / S288c)	1:Experimental evidence at protein level	Fimbrin	1.0	0.9989	2	4	4	4	0	1	0	1	0	0	2	0	0	0	0	0	0	0	0	0	0	1	0	1	0	0	2	0	0	0	0	0	0	0	0	0	0	1	0	1	0	0	2	0	0	0	0	0	0	0	0	0	0.0	0.0	0.0	0.0	0.0	0.0	0.0	0.0	0.0	0.0	0.0	0.0	0.0	0.0	0.0	0.0	0.0	0.0	0.0	0.0	0.0	0.0	0.0	0.0	0.0	0.0	0.0	0.0	0.0	0.0	0.0	0.0	
sp|P32614|FRDS_YEAST	P32614	FRDS_YEAST	FRD1	470	Saccharomyces cerevisiae (strain ATCC 204508 / S288c)	1:Experimental evidence at protein level	Fumarate reductase 1	0.8456	0.9939	1	5	5	5	0	1	1	1	0	1	1	0	0	0	0	0	0	0	0	0	0	1	1	1	0	1	1	0	0	0	0	0	0	0	0	0	0	1	1	1	0	1	1	0	0	0	0	0	0	0	0	0	0.0	0.0	0.0	0.0	0.0	0.0	0.0	0.0	0.0	0.0	0.0	0.0	0.0	0.0	0.0	0.0	0.0	0.0	0.0	0.0	0.0	0.0	0.0	0.0	0.0	0.0	0.0	0.0	0.0	0.0	0.0	0.0	
sp|P32905|RSSA1_YEAST	P32905	RSSA1_YEAST	RPS0A	252	Saccharomyces cerevisiae (strain ATCC 204508 / S288c)	1:Experimental evidence at protein level	Small ribosomal subunit protein uS2A	1.0	0.999	3	27	0	27	3	3	2	2	1	2	2	2	0	1	1	1	2	2	1	2	0	0	0	0	0	0	0	0	0	0	0	0	0	0	0	0	3	3	2	2	1	2	2	2	0	1	1	1	2	2	1	2	9765.332	9958.229	8699.015	12267.913	11331.263	12582.327	11242.237	11355.612	3984.9146	5292.2573	5326.5312	3926.9067	8417.851	4762.47	4867.5034	6289.4873	9765.332	9958.229	8699.015	12267.913	11331.263	12582.327	11242.237	11355.612	3984.9146	5292.2573	5326.5312	3926.9067	8417.851	4762.47	4867.5034	6289.4873	sp|P46654|RSSA2_YEAST
sp|P32969|RL9_HUMAN	P32969	RL9_HUMAN	RPL9	192	Homo sapiens	1:Experimental evidence at protein level	Large ribosomal subunit protein uL6	1.0	0.999	7	169	169	169	9	8	11	11	14	9	15	13	6	12	11	9	9	12	10	10	9	8	11	11	14	9	15	13	6	12	11	9	9	12	10	10	9	8	11	11	14	9	15	13	6	12	11	9	9	12	10	10	47046.4	36430.508	46467.094	38393.26	52918.51	52128.543	41967.61	48971.066	39015.84	40539.65	35666.32	38963.543	46789.496	47305.383	41136.953	41667.223	19849.879	20571.37	18084.064	20890.828	21185.918	21523.934	19028.02	20830.6	16191.551	17681.615	15490.317	16414.613	18469.592	18507.666	17752.096	16426.326	
sp|P33176|KINH_HUMAN	P33176	KINH_HUMAN	KIF5B	963	Homo sapiens	1:Experimental evidence at protein level	Kinesin-1 heavy chain	1.0	0.9988	2	5	1	5	1	1	0	0	0	1	0	0	0	0	0	1	0	0	1	0	1	0	0	0	0	0	0	0	0	0	0	0	0	0	0	0	1	1	0	0	0	1	0	0	0	0	0	1	0	0	1	0	0.0	0.0	0.0	0.0	0.0	0.0	0.0	0.0	0.0	0.0	0.0	0.0	0.0	0.0	0.0	0.0	0.0	0.0	0.0	0.0	0.0	0.0	0.0	0.0	0.0	0.0	0.0	0.0	0.0	0.0	0.0	0.0	
sp|P33195|GCSP_ECOLI	P33195	GCSP_ECOLI	gcvP	957	Escherichia coli (strain K12)	1:Experimental evidence at protein level	Glycine dehydrogenase (decarboxylating)	0.9697	0.9989	1	1	1	1	0	0	0	0	0	0	0	0	0	0	1	0	0	0	0	0	0	0	0	0	0	0	0	0	0	0	1	0	0	0	0	0	0	0	0	0	0	0	0	0	0	0	1	0	0	0	0	0	0.0	0.0	0.0	0.0	0.0	0.0	0.0	0.0	0.0	0.0	0.0	0.0	0.0	0.0	0.0	0.0	0.0	0.0	0.0	0.0	0.0	0.0	0.0	0.0	0.0	0.0	0.0	0.0	0.0	0.0	0.0	0.0	
sp|P33218|YEBE_ECOLI	P33218	YEBE_ECOLI	yebE	219	Escherichia coli (strain K12)	1:Experimental evidence at protein level	Inner membrane protein YebE	0.94	0.9978	1	1	1	1	0	0	0	0	0	0	0	0	0	0	0	0	0	1	0	0	0	0	0	0	0	0	0	0	0	0	0	0	0	1	0	0	0	0	0	0	0	0	0	0	0	0	0	0	0	1	0	0	0.0	0.0	0.0	0.0	0.0	0.0	0.0	0.0	0.0	0.0	0.0	0.0	0.0	0.0	0.0	0.0	0.0	0.0	0.0	0.0	0.0	0.0	0.0	0.0	0.0	0.0	0.0	0.0	0.0	0.0	0.0	0.0	
sp|P33316|DUT_HUMAN	P33316	DUT_HUMAN	DUT	252	Homo sapiens	1:Experimental evidence at protein level	Deoxyuridine 5'-triphosphate nucleotidohydrolase, mitochondrial	1.0	0.9984	4	8	8	8	0	0	0	0	0	0	1	1	1	2	0	0	1	0	1	1	0	0	0	0	0	0	1	1	1	2	0	0	1	0	1	1	0	0	0	0	0	0	1	1	1	2	0	0	1	0	1	1	3205.3035	0.0	3191.2056	0.0	0.0	3125.3345	3238.2869	3005.0408	3165.8398	3717.9917	2798.2612	3213.7427	7432.669	3078.935	3507.322	2872.922	3283.4414	0.0	3268.9998	0.0	0.0	3201.523	3317.2288	3078.2966	3243.0156	3808.6277	2866.4763	3292.0862	3215.7998	3153.9924	3592.8225	2942.9573	
sp|P33330|SERC_YEAST	P33330	SERC_YEAST	SER1	395	Saccharomyces cerevisiae (strain ATCC 204508 / S288c)	1:Experimental evidence at protein level	Phosphoserine aminotransferase	1.0	0.999	2	10	10	10	2	1	2	1	1	1	1	1	0	0	0	0	0	0	0	0	2	1	2	1	1	1	1	1	0	0	0	0	0	0	0	0	2	1	2	1	1	1	1	1	0	0	0	0	0	0	0	0	0.0	0.0	0.0	0.0	0.0	0.0	0.0	0.0	0.0	0.0	0.0	0.0	0.0	0.0	0.0	0.0	0.0	0.0	0.0	0.0	0.0	0.0	0.0	0.0	0.0	0.0	0.0	0.0	0.0	0.0	0.0	0.0	
sp|P33416|HSP78_YEAST	P33416	HSP78_YEAST	HSP78	811	Saccharomyces cerevisiae (strain ATCC 204508 / S288c)	1:Experimental evidence at protein level	Heat shock protein 78, mitochondrial	0.9279	0.9974	1	1	1	1	0	0	0	0	0	1	0	0	0	0	0	0	0	0	0	0	0	0	0	0	0	1	0	0	0	0	0	0	0	0	0	0	0	0	0	0	0	1	0	0	0	0	0	0	0	0	0	0	0.0	0.0	0.0	0.0	0.0	0.0	0.0	0.0	0.0	0.0	0.0	0.0	0.0	0.0	0.0	0.0	0.0	0.0	0.0	0.0	0.0	0.0	0.0	0.0	0.0	0.0	0.0	0.0	0.0	0.0	0.0	0.0	
sp|P33442|RS3A1_YEAST	P33442	RS3A1_YEAST	RPS1A	255	Saccharomyces cerevisiae (strain ATCC 204508 / S288c)	1:Experimental evidence at protein level	Small ribosomal subunit protein eS1A	1.0	0.9989	5	29	10	29	4	5	3	2	5	2	5	3	0	0	0	0	0	0	0	0	2	1	1	0	2	1	1	2	0	0	0	0	0	0	0	0	4	5	3	2	5	2	5	3	0	0	0	0	0	0	0	0	19058.117	17941.412	16900.19	18025.03	17115.98	17147.906	16176.947	20019.902	0.0	2012.7991	2471.0757	2663.5037	5878.1953	4297.499	4764.9785	4943.6396	5570.3086	5091.838	4876.0986	5186.687	5064.0454	5560.3345	5427.8716	4973.6265	0.0	2659.8967	2542.1155	2740.0754	3297.2341	2485.9836	2674.9019	3038.6602	
sp|P33602|NUOG_ECOLI	P33602	NUOG_ECOLI	nuoG	908	Escherichia coli (strain K12)	1:Experimental evidence at protein level	NADH-quinone oxidoreductase subunit G	1.0	0.999	2	2	2	2	0	0	1	0	0	0	0	0	0	0	0	1	0	0	0	0	0	0	1	0	0	0	0	0	0	0	0	1	0	0	0	0	0	0	1	0	0	0	0	0	0	0	0	1	0	0	0	0	0.0	0.0	0.0	0.0	0.0	0.0	0.0	0.0	0.0	0.0	0.0	0.0	0.0	0.0	0.0	0.0	0.0	0.0	0.0	0.0	0.0	0.0	0.0	0.0	0.0	0.0	0.0	0.0	0.0	0.0	0.0	0.0	
sp|P33892|GCN1_YEAST	P33892	GCN1_YEAST	GCN1	2672	Saccharomyces cerevisiae (strain ATCC 204508 / S288c)	1:Experimental evidence at protein level	eIF-2-alpha kinase activator GCN1	1.0	0.9987	3	3	3	3	0	0	0	0	1	0	1	0	0	0	0	0	0	1	0	0	0	0	0	0	1	0	1	0	0	0	0	0	0	1	0	0	0	0	0	0	1	0	1	0	0	0	0	0	0	1	0	0	0.0	0.0	0.0	0.0	0.0	0.0	0.0	0.0	0.0	0.0	0.0	0.0	0.0	0.0	0.0	0.0	0.0	0.0	0.0	0.0	0.0	0.0	0.0	0.0	0.0	0.0	0.0	0.0	0.0	0.0	0.0	0.0	
sp|P33991|MCM4_HUMAN	P33991	MCM4_HUMAN	MCM4	863	Homo sapiens	1:Experimental evidence at protein level	DNA replication licensing factor MCM4	1.0	0.999	7	57	57	57	6	1	2	7	8	1	4	8	1	5	3	0	4	2	4	1	6	1	2	7	8	1	4	8	1	5	3	0	4	2	4	1	6	1	2	7	8	1	4	8	1	5	3	0	4	2	4	1	3414.5664	3083.8171	5740.8555	10740.327	7890.1553	13885.475	3444.6155	11974.434	3209.9495	3614.648	5250.0874	4192.4688	2354.0916	2559.2415	2424.4517	4758.047	3739.1252	3309.402	3725.469	4332.0923	4002.235	3876.2893	3772.0305	4491.8647	3515.0593	2551.444	3057.026	4590.9683	2577.851	2802.5007	2654.899	3617.6985	
sp|P33993|MCM7_HUMAN	P33993	MCM7_HUMAN	MCM7	719	Homo sapiens	1:Experimental evidence at protein level	DNA replication licensing factor MCM7	1.0	0.999	2	17	17	17	0	3	0	0	1	0	2	1	1	0	2	1	1	1	3	1	0	3	0	0	1	0	2	1	1	0	2	1	1	1	3	1	0	3	0	0	1	0	2	1	1	0	2	1	1	1	3	1	2849.962	6433.578	3139.9292	5769.636	6986.3594	6568.7686	4105.144	5615.838	3543.7717	2633.452	6732.2314	0.0	4487.7964	5399.3926	4725.2036	6159.4707	2895.8281	3644.9604	3190.462	3442.15	3825.5977	3649.8062	4171.2104	2827.0867	3600.8037	2675.8337	3808.7993	0.0	4560.021	2992.9111	4801.249	3397.561	
sp|P34760|TSA1_YEAST	P34760	TSA1_YEAST	TSA1	196	Saccharomyces cerevisiae (strain ATCC 204508 / S288c)	1:Experimental evidence at protein level	Peroxiredoxin TSA1	1.0	0.999	3	48	48	48	5	3	3	2	4	3	3	2	2	3	4	3	1	4	3	3	5	3	3	2	4	3	3	2	2	3	4	3	1	4	3	3	5	3	3	2	4	3	3	2	2	3	4	3	1	4	3	3	23884.219	18534.29	19765.016	20537.469	19429.715	22250.102	21851.568	23615.889	11199.4795	10063.446	11857.912	9427.037	15178.348	14822.895	13792.889	13090.863	10188.764	9965.404	10692.63	10903.599	10430.813	11995.21	9257.833	10192.552	6043.474	5422.654	6383.477	5100.2017	6457.8535	6209.5454	6054.9453	5990.126	
sp|P34897|GLYM_HUMAN	P34897	GLYM_HUMAN	SHMT2	504	Homo sapiens	1:Experimental evidence at protein level	Serine hydroxymethyltransferase, mitochondrial	0.9713	0.999	1	9	9	9	1	0	2	1	1	0	2	0	0	0	0	0	1	0	1	0	1	0	2	1	1	0	2	0	0	0	0	0	1	0	1	0	1	0	2	1	1	0	2	0	0	0	0	0	1	0	1	0	4840.6924	2550.1665	2817.7659	3781.0513	4553.829	3667.0967	4178.243	2879.7112	0.0	0.0	0.0	1807.7355	0.0	1572.9846	0.0	0.0	4840.6924	2550.1665	2817.7659	3781.0513	4553.829	3667.0967	4178.243	2879.7112	0.0	0.0	0.0	1807.7355	0.0	1572.9846	0.0	0.0	
sp|P34932|HSP74_HUMAN	P34932	HSP74_HUMAN	HSPA4	840	Homo sapiens	1:Experimental evidence at protein level	Heat shock 70 kDa protein 4	1.0	0.999	12	116	116	116	6	11	6	6	11	6	5	4	5	8	11	10	6	7	7	7	6	11	6	6	11	6	5	4	5	8	11	10	6	7	7	7	6	11	6	6	11	6	5	4	5	8	11	10	6	7	7	7	7651.6147	13567.2295	15481.517	8814.301	13674.322	18688.473	16795.598	14903.344	11093.854	17838.691	19116.33	21125.209	17911.23	11462.491	15816.001	22359.77	4478.4175	6582.218	5675.456	5547.298	5477.559	5377.3833	5473.0522	5242.8945	4700.0674	5140.775	5546.052	5516.626	5251.8013	4737.905	4551.25	5371.2803	
sp|P35176|CYPD_YEAST	P35176	CYPD_YEAST	CPR5	225	Saccharomyces cerevisiae (strain ATCC 204508 / S288c)	1:Experimental evidence at protein level	Peptidyl-prolyl cis-trans isomerase D	0.9712	0.999	1	6	6	6	0	1	1	0	2	0	2	0	0	0	0	0	0	0	0	0	0	1	1	0	2	0	2	0	0	0	0	0	0	0	0	0	0	1	1	0	2	0	2	0	0	0	0	0	0	0	0	0	0.0	0.0	0.0	0.0	0.0	0.0	0.0	0.0	0.0	0.0	0.0	0.0	0.0	0.0	0.0	0.0	0.0	0.0	0.0	0.0	0.0	0.0	0.0	0.0	0.0	0.0	0.0	0.0	0.0	0.0	0.0	0.0	
sp|P35219|CAH8_HUMAN	P35219	CAH8_HUMAN	CA8	290	Homo sapiens	1:Experimental evidence at protein level	Carbonic anhydrase-related protein	0.9713	0.999	1	11	11	11	1	0	0	1	2	0	1	2	0	1	0	0	1	1	1	0	1	0	0	1	2	0	1	2	0	1	0	0	1	1	1	0	1	0	0	1	2	0	1	2	0	1	0	0	1	1	1	0	0.0	0.0	2854.815	2749.257	3020.789	0.0	1839.5262	3208.3352	0.0	0.0	0.0	0.0	0.0	0.0	0.0	0.0	0.0	0.0	2854.815	2749.257	3020.789	0.0	1839.5262	3208.3352	0.0	0.0	0.0	0.0	0.0	0.0	0.0	0.0	
sp|P35232|PHB1_HUMAN	P35232	PHB1_HUMAN	PHB1	272	Homo sapiens	1:Experimental evidence at protein level	Prohibitin 1	1.0	0.999	11	159	159	159	6	10	9	7	11	11	11	12	9	13	11	12	9	9	10	9	6	10	9	7	11	11	11	12	9	13	11	12	9	9	10	9	6	10	9	7	11	11	11	12	9	13	11	12	9	9	10	9	30454.068	28644.36	35532.926	29344.688	28413.922	33069.355	30065.527	41935.207	35035.547	34742.48	30801.764	33767.383	34576.926	33171.855	39793.56	38104.64	6961.967	6135.93	6449.5513	6428.8813	6348.651	6155.128	6185.812	7106.5625	6597.397	6807.55	6757.7427	6361.2056	6291.396	6231.2686	6634.1924	6442.9033	
sp|P35237|SPB6_HUMAN	P35237	SPB6_HUMAN	SERPINB6	376	Homo sapiens	1:Experimental evidence at protein level	Serpin B6	1.0	0.999	3	14	14	14	0	0	0	1	0	1	1	2	0	2	0	1	4	0	2	0	0	0	0	1	0	1	1	2	0	2	0	1	4	0	2	0	0	0	0	1	0	1	1	2	0	2	0	1	4	0	2	0	0.0	0.0	0.0	0.0	0.0	0.0	0.0	0.0	0.0	0.0	0.0	0.0	0.0	0.0	0.0	0.0	0.0	0.0	0.0	0.0	0.0	0.0	0.0	0.0	0.0	0.0	0.0	0.0	0.0	0.0	0.0	0.0	
sp|P35241|RADI_HUMAN	P35241	RADI_HUMAN	RDX	583	Homo sapiens	1:Experimental evidence at protein level	Radixin	0.9998	0.9978	7	1	1	71	0	0	0	0	0	0	0	0	0	0	0	0	0	0	1	0	0	0	0	0	0	0	0	0	0	0	0	0	0	0	1	0	3	8	2	1	3	4	5	2	2	4	4	10	4	6	7	6	0.0	0.0	0.0	0.0	0.0	0.0	0.0	0.0	0.0	0.0	0.0	0.0	0.0	0.0	0.0	0.0	0.0	0.0	0.0	0.0	0.0	0.0	0.0	0.0	0.0	0.0	0.0	0.0	0.0	0.0	0.0	0.0	
sp|P35244|RFA3_HUMAN	P35244	RFA3_HUMAN	RPA3	121	Homo sapiens	1:Experimental evidence at protein level	Replication protein A 14 kDa subunit	0.9713	0.999	1	25	25	25	1	3	1	0	2	1	2	1	1	2	2	2	1	2	2	2	1	3	1	0	2	1	2	1	1	2	2	2	1	2	2	2	1	3	1	0	2	1	2	1	1	2	2	2	1	2	2	2	0.0	3159.1968	0.0	0.0	0.0	0.0	0.0	2871.397	0.0	4513.096	4596.722	4024.2573	2733.5347	1963.7366	2756.1006	3914.7783	0.0	3159.1968	0.0	0.0	0.0	0.0	0.0	2871.397	0.0	4513.096	4596.722	4024.2573	2733.5347	1963.7366	2756.1006	3914.7783	
sp|P35249|RFC4_HUMAN	P35249	RFC4_HUMAN	RFC4	363	Homo sapiens	1:Experimental evidence at protein level	Replication factor C subunit 4	0.9713	0.999	1	6	6	6	0	0	0	0	0	0	0	0	1	1	1	0	1	0	1	1	0	0	0	0	0	0	0	0	1	1	1	0	1	0	1	1	0	0	0	0	0	0	0	0	1	1	1	0	1	0	1	1	0.0	0.0	0.0	0.0	0.0	0.0	0.0	0.0	0.0	0.0	0.0	0.0	0.0	0.0	0.0	0.0	0.0	0.0	0.0	0.0	0.0	0.0	0.0	0.0	0.0	0.0	0.0	0.0	0.0	0.0	0.0	0.0	
sp|P35268|RL22_HUMAN	P35268	RL22_HUMAN	RPL22	128	Homo sapiens	1:Experimental evidence at protein level	Large ribosomal subunit protein eL22	1.0	0.999	3	33	33	33	2	2	1	1	1	2	3	2	2	3	2	2	1	3	3	3	2	2	1	1	1	2	3	2	2	3	2	2	1	3	3	3	2	2	1	1	1	2	3	2	2	3	2	2	1	3	3	3	14724.086	11120.927	13367.903	12493.327	13715.976	12711.492	14286.025	13856.803	16467.164	14844.719	13266.375	6557.7827	18753.35	14488.368	15148.885	13587.383	6979.4224	6595.3857	6252.904	6334.9873	6544.106	6448.832	6670.7505	6645.1685	8365.687	7494.672	7538.4644	5266.6997	7616.912	7740.778	7548.702	6793.371	
sp|P35520|CBS_HUMAN	P35520	CBS_HUMAN	CBS	551	Homo sapiens	1:Experimental evidence at protein level	Cystathionine beta-synthase	1.0	0.9989	2	3	3	3	0	0	0	0	0	0	1	1	0	1	0	0	0	0	0	0	0	0	0	0	0	0	1	1	0	1	0	0	0	0	0	0	0	0	0	0	0	0	1	1	0	1	0	0	0	0	0	0	0.0	0.0	0.0	0.0	0.0	0.0	0.0	0.0	0.0	0.0	0.0	0.0	0.0	0.0	0.0	0.0	0.0	0.0	0.0	0.0	0.0	0.0	0.0	0.0	0.0	0.0	0.0	0.0	0.0	0.0	0.0	0.0	
sp|P35579|MYH9_HUMAN	P35579	MYH9_HUMAN	MYH9	1960	Homo sapiens	1:Experimental evidence at protein level	Myosin-9	1.0	0.9989	6	9	9	14	0	1	0	2	0	1	1	0	0	0	0	2	1	1	0	0	0	1	0	2	0	1	1	0	0	0	0	2	1	1	0	0	0	2	0	2	0	1	2	0	0	1	1	3	1	1	0	0	0.0	0.0	0.0	0.0	0.0	2972.8542	0.0	0.0	0.0	0.0	0.0	0.0	0.0	0.0	0.0	0.0	0.0	0.0	0.0	0.0	0.0	0.0	0.0	0.0	0.0	0.0	0.0	0.0	0.0	0.0	0.0	0.0	
sp|P35580|MYH10_HUMAN	P35580	MYH10_HUMAN	MYH10	1976	Homo sapiens	1:Experimental evidence at protein level	Myosin-10	1.0	0.999	8	47	41	47	4	3	5	3	3	5	2	3	0	2	3	6	2	2	3	1	4	2	5	3	3	5	1	3	0	1	2	5	2	2	2	1	4	3	5	3	3	5	2	3	0	2	3	6	2	2	3	1	0.0	0.0	1274.7172	0.0	0.0	3109.8018	0.0	0.0	0.0	0.0	0.0	0.0	0.0	0.0	1442.4354	1324.5206	0.0	0.0	0.0	0.0	0.0	2135.1794	0.0	0.0	0.0	0.0	0.0	0.0	0.0	0.0	1442.4354	1324.5206	
sp|P35606|COPB2_HUMAN	P35606	COPB2_HUMAN	COPB2	906	Homo sapiens	1:Experimental evidence at protein level	Coatomer subunit beta'	0.9713	0.999	1	34	34	34	2	2	2	3	2	3	2	3	3	1	1	2	3	1	2	2	2	2	2	3	2	3	2	3	3	1	1	2	3	1	2	2	2	2	2	3	2	3	2	3	3	1	1	2	3	1	2	2	3207.9521	2215.2454	3166.277	3474.5007	0.0	3871.186	3211.04	4839.941	0.0	906.54626	0.0	0.0	2910.3806	0.0	1645.8892	874.80035	3207.9521	2215.2454	3166.277	3474.5007	0.0	3871.186	3211.04	4839.941	0.0	906.54626	0.0	0.0	2910.3806	0.0	1645.8892	874.80035	
sp|P35637|FUS_HUMAN	P35637	FUS_HUMAN	FUS	526	Homo sapiens	1:Experimental evidence at protein level	RNA-binding protein FUS	1.0	0.999	5	52	21	52	4	3	5	0	3	2	3	4	3	2	2	5	3	4	4	5	1	2	3	0	2	0	1	2	1	1	1	1	1	2	2	1	4	3	5	0	3	2	3	4	3	2	2	5	3	4	4	5	15887.975	15043.805	17235.783	8140.1797	16172.6875	9528.396	7023.0146	17122.936	15361.634	17504.316	16206.158	17604.105	18216.832	16577.768	19057.72	5742.9116	6399.6304	5980.0947	6939.246	5425.322	5697.6816	6359.492	4768.834	5908.0967	7575.367	6982.608	6418.1484	6920.1064	6815.22	6632.4077	6589.734	5623.636	
sp|P35658|NU214_HUMAN	P35658	NU214_HUMAN	NUP214	2090	Homo sapiens	1:Experimental evidence at protein level	Nuclear pore complex protein Nup214	1.0	0.999	4	35	35	35	2	3	2	2	2	2	2	1	1	3	2	3	1	4	2	3	2	3	2	2	2	2	2	1	1	3	2	3	1	4	2	3	2	3	2	2	2	2	2	1	1	3	2	3	1	4	2	3	0.0	4289.347	5497.694	4527.6167	5360.185	5052.2993	5993.16	5164.553	2260.684	7912.2246	0.0	5372.701	6040.1865	6738.8413	0.0	3912.0603	0.0	4289.347	5497.694	4527.6167	5360.185	5052.2993	5993.16	5164.553	2260.684	4630.5474	0.0	3368.2654	3238.9084	4331.8076	0.0	3912.0603	
sp|P35691|TCTP_YEAST	P35691	TCTP_YEAST	TMA19	167	Saccharomyces cerevisiae (strain ATCC 204508 / S288c)	1:Experimental evidence at protein level	Translationally-controlled tumor protein homolog	1.0	0.999	2	17	17	17	1	1	3	2	3	2	1	1	0	0	1	1	0	1	0	0	1	1	3	2	3	2	1	1	0	0	1	1	0	1	0	0	1	1	3	2	3	2	1	1	0	0	1	1	0	1	0	0	3596.4111	7001.5415	8438.719	7766.7334	12140.78	8988.4	6864.8794	9513.188	0.0	0.0	0.0	0.0	0.0	0.0	2120.6895	0.0	3521.0986	4076.337	4881.719	4266.155	6832.104	4934.4556	4000.999	5488.772	0.0	0.0	0.0	0.0	0.0	0.0	2947.6638	0.0	
sp|P35719|MRP8_YEAST	P35719	MRP8_YEAST	MRP8	219	Saccharomyces cerevisiae (strain ATCC 204508 / S288c)	1:Experimental evidence at protein level	Uncharacterized protein MRP8	0.9442	0.998	1	2	2	2	0	1	1	0	0	0	0	0	0	0	0	0	0	0	0	0	0	1	1	0	0	0	0	0	0	0	0	0	0	0	0	0	0	1	1	0	0	0	0	0	0	0	0	0	0	0	0	0	0.0	0.0	0.0	0.0	0.0	0.0	0.0	0.0	0.0	0.0	0.0	0.0	0.0	0.0	0.0	0.0	0.0	0.0	0.0	0.0	0.0	0.0	0.0	0.0	0.0	0.0	0.0	0.0	0.0	0.0	0.0	0.0	
sp|P35998|PRS7_HUMAN	P35998	PRS7_HUMAN	PSMC2	433	Homo sapiens	1:Experimental evidence at protein level	26S proteasome regulatory subunit 7	1.0	0.999	3	20	20	20	1	3	2	1	2	1	2	3	0	0	1	0	2	0	1	1	1	3	2	1	2	1	2	3	0	0	1	0	2	0	1	1	1	3	2	1	2	1	2	3	0	0	1	0	2	0	1	1	0.0	0.0	3111.1824	3268.2024	1941.6362	2158.8357	1617.0433	2376.7314	0.0	3507.8132	0.0	2923.7844	2519.154	2979.6572	1847.4956	0.0	0.0	0.0	3111.1824	3268.2024	1941.6362	2158.8357	1617.0433	2376.7314	0.0	3507.8132	0.0	2923.7844	2519.154	2979.6572	1847.4956	0.0	
sp|P36008|EF1G2_YEAST	P36008	EF1G2_YEAST	TEF4	412	Saccharomyces cerevisiae (strain ATCC 204508 / S288c)	1:Experimental evidence at protein level	Elongation factor 1-gamma 2	1.0	0.999	3	24	24	24	2	1	3	2	2	1	2	2	2	1	1	2	0	0	1	2	2	1	3	2	2	1	2	2	2	1	1	2	0	0	1	2	2	1	3	2	2	1	2	2	2	1	1	2	0	0	1	2	7072.312	0.0	8963.893	9718.538	0.0	0.0	8673.641	8405.875	2631.7544	2915.4683	3547.6704	0.0	3815.3164	2248.7305	3314.4846	3115.4023	7072.312	0.0	8963.893	9718.538	0.0	0.0	8673.641	8405.875	2631.7544	2915.4683	3547.6704	0.0	3815.3164	2248.7305	3314.4846	3115.4023	
sp|P36105|RL14A_YEAST	P36105	RL14A_YEAST	RPL14A	138	Saccharomyces cerevisiae (strain ATCC 204508 / S288c)	1:Experimental evidence at protein level	Large ribosomal subunit protein eL14A	1.0	0.999	6	60	0	60	12	7	3	5	7	8	8	5	0	1	0	3	0	1	0	0	0	0	0	0	0	0	0	0	0	0	0	0	0	0	0	0	12	7	3	5	7	8	8	5	0	1	0	3	0	1	0	0	17827.637	17648.441	8623.467	10680.1875	8559.242	3931.535	7206.347	15736.766	707.08484	2819.9197	0.0	1755.6116	1082.8517	521.2992	0.0	1397.4956	3792.8552	3977.0945	3494.8735	3469.18	4250.1577	4041.7515	3166.7837	4258.4243	1713.6129	2035.3297	0.0	4254.707	2624.28	1263.3633	0.0	3386.8164	sp|P38754|RL14B_YEAST
sp|P36421|SYYC_YEAST	P36421	SYYC_YEAST	TYS1	394	Saccharomyces cerevisiae (strain ATCC 204508 / S288c)	1:Experimental evidence at protein level	Tyrosine--tRNA ligase, cytoplasmic	0.8645	0.9947	1	1	1	1	0	0	0	0	0	1	0	0	0	0	0	0	0	0	0	0	0	0	0	0	0	1	0	0	0	0	0	0	0	0	0	0	0	0	0	0	0	1	0	0	0	0	0	0	0	0	0	0	0.0	0.0	0.0	0.0	0.0	0.0	0.0	0.0	0.0	0.0	0.0	0.0	0.0	0.0	0.0	0.0	0.0	0.0	0.0	0.0	0.0	0.0	0.0	0.0	0.0	0.0	0.0	0.0	0.0	0.0	0.0	0.0	
sp|P36542|ATPG_HUMAN	P36542	ATPG_HUMAN	ATP5F1C	298	Homo sapiens	1:Experimental evidence at protein level	ATP synthase F(1) complex subunit gamma, mitochondrial	1.0	0.999	2	24	24	24	1	1	1	2	3	2	1	2	2	2	2	1	0	2	0	2	1	1	1	2	3	2	1	2	2	2	2	1	0	2	0	2	1	1	1	2	3	2	1	2	2	2	2	1	0	2	0	2	6386.9863	6864.1504	6999.874	4672.034	7482.9727	3485.9868	3791.5762	6206.707	3967.9287	2384.4128	5240.413	2248.7788	5400.334	5589.6753	5268.21	3590.356	3578.3079	3870.5886	3899.0525	4597.6323	4218.1235	3430.473	3731.1958	3498.642	5228.591	2346.4414	2921.2998	2212.9673	2975.3347	3129.7375	2888.0754	4731.058	
sp|P36543|VATE1_HUMAN	P36543	VATE1_HUMAN	ATP6V1E1	226	Homo sapiens	1:Experimental evidence at protein level	V-type proton ATPase subunit E 1	0.9706	0.999	1	10	10	10	1	1	0	2	2	1	0	0	1	0	0	0	0	1	1	0	1	1	0	2	2	1	0	0	1	0	0	0	0	1	1	0	1	1	0	2	2	1	0	0	1	0	0	0	0	1	1	0	3729.682	0.0	1955.3892	4862.962	2119.6414	2698.2517	3520.7512	3306.572	0.0	2314.7642	0.0	0.0	2611.2124	3651.5789	0.0	0.0	3729.682	0.0	1955.3892	4862.962	2119.6414	2698.2517	3520.7512	3306.572	0.0	2314.7642	0.0	0.0	2611.2124	3651.5789	0.0	0.0	
sp|P36578|RL4_HUMAN	P36578	RL4_HUMAN	RPL4	427	Homo sapiens	1:Experimental evidence at protein level	Large ribosomal subunit protein uL4	1.0	0.999	6	32	32	32	1	1	1	0	4	0	2	1	3	2	5	3	1	3	3	2	1	1	1	0	4	0	2	1	3	2	5	3	1	3	3	2	1	1	1	0	4	0	2	1	3	2	5	3	1	3	3	2	13947.108	17340.14	8703.073	8791.711	8850.289	16572.72	15668.627	14504.111	20070.018	23533.19	19989.498	17088.113	17873.916	21545.664	20327.688	18632.576	4860.995	5597.419	5735.777	5520.405	5199.171	6247.478	5618.2485	5447.0938	6536.7427	6304.089	5808.5967	4922.136	5680.0386	5959.0586	5699.95	5124.9414	
sp|P37012|PGM2_YEAST	P37012	PGM2_YEAST	PGM2	569	Saccharomyces cerevisiae (strain ATCC 204508 / S288c)	1:Experimental evidence at protein level	Phosphoglucomutase 2	1.0	0.9984	2	9	9	9	1	1	0	2	1	0	1	2	0	0	0	0	1	0	0	0	1	1	0	2	1	0	1	2	0	0	0	0	1	0	0	0	1	1	0	2	1	0	1	2	0	0	0	0	1	0	0	0	0.0	3205.8267	0.0	0.0	1900.9679	0.0	0.0	0.0	0.0	0.0	0.0	0.0	0.0	0.0	0.0	0.0	0.0	3205.8267	0.0	0.0	1900.9679	0.0	0.0	0.0	0.0	0.0	0.0	0.0	0.0	0.0	0.0	0.0	
sp|P37108|SRP14_HUMAN	P37108	SRP14_HUMAN	SRP14	136	Homo sapiens	1:Experimental evidence at protein level	Signal recognition particle 14 kDa protein	1.0	0.999	2	24	24	24	2	1	1	1	1	2	1	2	2	1	2	1	2	2	2	1	2	1	1	1	1	2	1	2	2	1	2	1	2	2	2	1	2	1	1	1	1	2	1	2	2	1	2	1	2	2	2	1	0.0	4273.8394	4880.955	6634.468	5873.2896	5029.0996	4819.425	4867.292	4008.6543	4406.746	5215.548	4609.2993	6328.7725	3425.2927	4959.551	5488.727	0.0	4273.8394	4880.955	6634.468	5873.2896	5029.0996	4819.425	4867.292	4008.6543	4406.746	5215.548	4609.2993	6328.7725	3425.2927	4959.551	5488.727	
sp|P37188|PTKB_ECOLI	P37188	PTKB_ECOLI	gatB	94	Escherichia coli (strain K12)	1:Experimental evidence at protein level	PTS system galactitol-specific EIIB component	1.0	0.999	3	95	95	95	1	2	0	2	1	0	0	1	9	12	12	11	8	11	11	14	1	2	0	2	1	0	0	1	9	12	12	11	8	11	11	14	1	2	0	2	1	0	0	1	9	12	12	11	8	11	11	14	2014.0497	0.0	0.0	0.0	0.0	0.0	0.0	0.0	40731.64	56033.402	57572.23	52851.215	49736.98	39085.56	34260.168	49677.383	3877.4885	0.0	0.0	0.0	0.0	0.0	0.0	0.0	17746.994	22368.043	22378.025	19805.934	18891.863	18949.223	17095.959	20154.992	
sp|P37198|NUP62_HUMAN	P37198	NUP62_HUMAN	NUP62	522	Homo sapiens	1:Experimental evidence at protein level	Nuclear pore glycoprotein p62	1.0	0.999	2	27	27	27	2	2	1	3	1	2	2	2	1	1	2	1	1	1	4	1	2	2	1	3	1	2	2	2	1	1	2	1	1	1	4	1	2	2	1	3	1	2	2	2	1	1	2	1	1	1	4	1	5561.041	5873.878	5713.1772	6578.6626	6446.706	0.0	4182.2144	0.0	4816.974	0.0	4478.721	3939.566	4996.7695	4772.8706	4727.2607	0.0	5561.041	5873.878	5713.1772	6578.6626	6446.706	0.0	4182.2144	0.0	4816.974	0.0	4478.721	3939.566	4996.7695	4772.8706	4727.2607	0.0	
sp|P37291|GLYC_YEAST	P37291	GLYC_YEAST	SHM2	469	Saccharomyces cerevisiae (strain ATCC 204508 / S288c)	1:Experimental evidence at protein level	Serine hydroxymethyltransferase, cytosolic	1.0	0.999	9	29	29	29	3	3	1	2	2	2	5	3	1	2	1	0	2	1	1	0	3	3	1	2	2	2	5	3	1	2	1	0	2	1	1	0	3	3	1	2	2	2	5	3	1	2	1	0	2	1	1	0	25733.473	24822.373	27447.383	12239.886	20616.088	22601.0	18858.09	17923.191	1701.1329	2636.2834	6319.148	8059.6553	5045.2437	3510.1304	4147.499	5007.646	6841.349	6527.7363	6547.0566	6409.647	5871.5493	6116.1206	5986.786	7405.314	2784.2651	2269.2043	3772.7979	4493.078	4342.7383	2632.399	3146.0083	3534.7898	
sp|P37666|GHRB_ECOLI	P37666	GHRB_ECOLI	ghrB	324	Escherichia coli (strain K12)	1:Experimental evidence at protein level	Glyoxylate/hydroxypyruvate reductase B	0.9205	0.9971	1	1	1	1	0	0	0	0	0	0	0	0	0	0	0	1	0	0	0	0	0	0	0	0	0	0	0	0	0	0	0	1	0	0	0	0	0	0	0	0	0	0	0	0	0	0	0	1	0	0	0	0	0.0	0.0	0.0	0.0	0.0	0.0	0.0	0.0	0.0	0.0	0.0	0.0	0.0	0.0	0.0	0.0	0.0	0.0	0.0	0.0	0.0	0.0	0.0	0.0	0.0	0.0	0.0	0.0	0.0	0.0	0.0	0.0	
sp|P37802|TAGL2_HUMAN	P37802	TAGL2_HUMAN	TAGLN2	199	Homo sapiens	1:Experimental evidence at protein level	Transgelin-2	1.0	0.999	12	266	266	266	16	16	13	10	22	16	16	15	18	18	20	22	10	17	19	18	16	16	13	10	22	16	16	15	18	18	20	22	10	17	19	18	16	16	13	10	22	16	16	15	18	18	20	22	10	17	19	18	66540.17	54532.695	57265.76	51694.03	56356.133	53359.094	59428.406	56370.137	63963.484	67548.99	69781.82	72635.81	58750.17	70579.125	64221.72	53618.574	11722.876	12544.076	11079.923	10496.56	10974.604	10987.419	10965.798	10615.224	12020.303	11157.578	11413.235	12514.44	11068.229	11768.282	10900.976	11594.085	
sp|P37837|TALDO_HUMAN	P37837	TALDO_HUMAN	TALDO1	337	Homo sapiens	1:Experimental evidence at protein level	Transaldolase	1.0	0.999	7	75	75	75	3	4	2	1	5	3	6	6	5	5	4	7	4	9	6	5	3	4	2	1	5	3	6	6	5	5	4	7	4	9	6	5	3	4	2	1	5	3	6	6	5	5	4	7	4	9	6	5	25411.08	24903.684	22345.88	27666.453	28924.27	22862.234	30173.986	26741.436	25897.867	27982.602	26647.465	28503.11	27811.365	24048.236	28904.86	30240.822	6669.1147	6765.9565	6761.5923	7287.246	6696.704	6538.524	6865.6494	6270.605	6280.597	6485.497	6462.8677	6685.0923	6725.2417	6305.546	6513.083	7216.3535	
sp|P37902|GLTI_ECOLI	P37902	GLTI_ECOLI	gltI	302	Escherichia coli (strain K12)	1:Experimental evidence at protein level	Glutamate/aspartate import solute-binding protein	0.9713	0.999	1	2	2	2	0	0	0	0	0	0	0	0	0	0	0	0	0	1	1	0	0	0	0	0	0	0	0	0	0	0	0	0	0	1	1	0	0	0	0	0	0	0	0	0	0	0	0	0	0	1	1	0	0.0	0.0	0.0	0.0	0.0	0.0	0.0	0.0	0.0	1161.6432	0.0	1479.7692	2351.3267	2571.9734	0.0	0.0	0.0	0.0	0.0	0.0	0.0	0.0	0.0	0.0	0.0	1161.6432	0.0	1479.7692	2351.3267	2571.9734	0.0	0.0	
sp|P38009|PUR92_YEAST	P38009	PUR92_YEAST	ADE17	592	Saccharomyces cerevisiae (strain ATCC 204508 / S288c)	1:Experimental evidence at protein level	Bifunctional purine biosynthesis protein ADE17	1.0	0.999	9	51	50	51	3	4	5	4	4	3	6	5	2	3	1	4	1	0	3	3	3	4	5	4	4	3	6	5	2	2	1	4	1	0	3	3	3	4	5	4	4	3	6	5	2	3	1	4	1	0	3	3	20017.86	16880.863	16399.6	16428.291	17182.266	9007.197	15877.787	16097.742	0.0	4957.363	0.0	2508.8318	0.0	3026.7366	3799.7747	0.0	8260.5205	6624.205	6077.7256	6210.027	6298.552	6308.939	6568.964	7994.3154	0.0	5834.602	0.0	2952.7869	0.0	3562.3384	4472.171	0.0	
sp|P38011|GBLP_YEAST	P38011	GBLP_YEAST	ASC1	319	Saccharomyces cerevisiae (strain ATCC 204508 / S288c)	1:Experimental evidence at protein level	Small ribosomal subunit protein RACK1	1.0	0.999	4	19	19	19	0	1	3	1	3	2	2	4	0	1	2	0	0	0	0	0	0	1	3	1	3	2	2	4	0	1	2	0	0	0	0	0	0	1	3	1	3	2	2	4	0	1	2	0	0	0	0	0	23613.793	26813.668	25389.8	20783.3	16912.145	24709.355	27468.38	29025.65	4360.4478	5085.476	3200.8784	4296.8633	4067.833	3491.244	4436.5425	8155.0303	9154.013	10054.309	10129.0205	9539.499	9211.328	9922.194	9338.862	10789.015	5473.871	6384.0327	4018.2102	5394.0503	5106.538	4382.719	5569.3965	7352.2007	
sp|P38013|AHP1_YEAST	P38013	AHP1_YEAST	AHP1	176	Saccharomyces cerevisiae (strain ATCC 204508 / S288c)	1:Experimental evidence at protein level	Peroxiredoxin AHP1	1.0	0.999	8	180	180	180	19	16	17	10	9	13	17	15	5	9	6	11	8	6	10	9	19	16	17	10	9	13	17	15	5	9	6	11	8	6	10	9	19	16	17	10	9	13	17	15	5	9	6	11	8	6	10	9	91502.07	77296.164	77555.33	74841.55	75198.21	84095.06	72538.25	45987.87	25145.027	23551.729	40537.414	26784.922	28208.068	35835.668	11400.869	32284.883	26911.293	22467.186	25358.998	23766.975	23149.031	24273.756	23596.053	25200.238	12335.7	13076.535	12372.917	11233.836	14650.738	12997.999	11188.194	9891.573	
sp|P38061|RL32_YEAST	P38061	RL32_YEAST	RPL32	130	Saccharomyces cerevisiae (strain ATCC 204508 / S288c)	1:Experimental evidence at protein level	Large ribosomal subunit protein eL32	1.0	0.9988	5	36	36	36	3	2	3	2	5	5	7	6	0	0	0	0	0	1	1	1	3	2	3	2	5	5	7	6	0	0	0	0	0	1	1	1	3	2	3	2	5	5	7	6	0	0	0	0	0	1	1	1	23181.277	24475.377	24225.617	24909.535	25342.826	25546.346	25205.305	21860.145	8953.598	9468.92	7484.722	13233.197	5410.1987	11041.927	13263.141	15321.065	5948.362	6313.2847	6261.621	6336.406	6512.91	6671.9707	6473.063	6763.9062	5100.2964	3529.128	4205.214	4062.8735	4172.222	3433.652	4099.023	4070.2869	
sp|P38088|SYG_YEAST	P38088	SYG_YEAST	GRS1	690	Saccharomyces cerevisiae (strain ATCC 204508 / S288c)	1:Experimental evidence at protein level	Glycine--tRNA ligase 1, mitochondrial	1.0	0.999	2	8	8	8	1	1	0	2	1	1	2	0	0	0	0	0	0	0	0	0	1	1	0	2	1	1	2	0	0	0	0	0	0	0	0	0	1	1	0	2	1	1	2	0	0	0	0	0	0	0	0	0	4079.1848	4544.8306	5828.8037	5685.4175	4980.0376	5291.989	6006.2563	6008.68	0.0	0.0	0.0	0.0	0.0	0.0	0.0	0.0	4079.1848	4544.8306	5828.8037	5685.4175	4980.0376	5291.989	6006.2563	6008.68	0.0	0.0	0.0	0.0	0.0	0.0	0.0	0.0	
sp|P38117|ETFB_HUMAN	P38117	ETFB_HUMAN	ETFB	255	Homo sapiens	1:Experimental evidence at protein level	Electron transfer flavoprotein subunit beta	0.9424	0.9979	1	4	4	4	0	0	0	0	0	0	0	0	0	1	0	1	0	1	0	1	0	0	0	0	0	0	0	0	0	1	0	1	0	1	0	1	0	0	0	0	0	0	0	0	0	1	0	1	0	1	0	1	2901.5518	3505.7727	3875.4346	0.0	3238.2017	3260.5513	3635.921	3069.3936	0.0	7393.1113	8309.283	7909.897	0.0	7540.5815	0.0	7397.9307	2901.5518	3505.7727	3875.4346	0.0	3238.2017	3260.5513	3635.921	3069.3936	0.0	7393.1113	8309.283	7909.897	0.0	7540.5815	0.0	7397.9307	
sp|P38159|RBMX_HUMAN	P38159	RBMX_HUMAN	RBMX	391	Homo sapiens	1:Experimental evidence at protein level	RNA-binding motif protein, X chromosome	1.0	0.999	7	42	6	42	1	1	1	2	2	2	4	2	6	3	3	3	2	3	3	4	0	0	0	1	1	0	1	0	0	1	0	2	0	0	0	0	1	1	1	2	2	2	4	2	6	3	3	3	2	3	3	4	14281.11	16626.367	17138.623	20840.074	16839.615	18903.303	18799.197	16770.93	22187.395	23665.25	20135.994	21548.059	17819.943	24661.162	23623.732	19811.443	6454.232	6289.722	6339.2314	6766.7646	6142.316	6496.4844	6877.8296	6361.7173	8411.794	7126.537	7171.92	6319.9634	6821.638	7042.0703	7078.827	6234.6343	
sp|P38248|ECM33_YEAST	P38248	ECM33_YEAST	ECM33	429	Saccharomyces cerevisiae (strain ATCC 204508 / S288c)	1:Experimental evidence at protein level	Cell wall protein ECM33	0.8875	0.9957	1	1	1	1	0	1	0	0	0	0	0	0	0	0	0	0	0	0	0	0	0	1	0	0	0	0	0	0	0	0	0	0	0	0	0	0	0	1	0	0	0	0	0	0	0	0	0	0	0	0	0	0	0.0	0.0	0.0	0.0	0.0	0.0	0.0	0.0	0.0	0.0	0.0	0.0	0.0	0.0	0.0	0.0	0.0	0.0	0.0	0.0	0.0	0.0	0.0	0.0	0.0	0.0	0.0	0.0	0.0	0.0	0.0	0.0	
sp|P38325|OM14_YEAST	P38325	OM14_YEAST	OM14	134	Saccharomyces cerevisiae (strain ATCC 204508 / S288c)	1:Experimental evidence at protein level	Mitochondrial outer membrane protein OM14	0.9634	0.9987	1	1	1	1	0	0	0	0	0	0	1	0	0	0	0	0	0	0	0	0	0	0	0	0	0	0	1	0	0	0	0	0	0	0	0	0	0	0	0	0	0	0	1	0	0	0	0	0	0	0	0	0	0.0	0.0	0.0	0.0	0.0	0.0	0.0	0.0	0.0	0.0	0.0	0.0	0.0	0.0	0.0	0.0	0.0	0.0	0.0	0.0	0.0	0.0	0.0	0.0	0.0	0.0	0.0	0.0	0.0	0.0	0.0	0.0	
sp|P38432|COIL_HUMAN	P38432	COIL_HUMAN	COIL	576	Homo sapiens	1:Experimental evidence at protein level	Coilin	0.8827	0.9955	1	2	2	2	0	0	0	0	1	0	0	1	0	0	0	0	0	0	0	0	0	0	0	0	1	0	0	1	0	0	0	0	0	0	0	0	0	0	0	0	1	0	0	1	0	0	0	0	0	0	0	0	0.0	0.0	0.0	0.0	0.0	0.0	0.0	0.0	0.0	0.0	0.0	0.0	0.0	0.0	0.0	0.0	0.0	0.0	0.0	0.0	0.0	0.0	0.0	0.0	0.0	0.0	0.0	0.0	0.0	0.0	0.0	0.0	
sp|P38606|VATA_HUMAN	P38606	VATA_HUMAN	ATP6V1A	617	Homo sapiens	1:Experimental evidence at protein level	V-type proton ATPase catalytic subunit A	1.0	0.999	4	38	38	47	3	0	4	3	3	2	2	3	0	1	3	3	3	3	4	1	3	0	4	3	3	2	2	3	0	1	3	3	3	3	4	1	4	0	5	4	3	3	3	4	1	2	3	3	3	3	5	1	0.0	0.0	0.0	0.0	0.0	0.0	0.0	0.0	0.0	0.0	0.0	0.0	0.0	0.0	0.0	0.0	0.0	0.0	0.0	0.0	0.0	0.0	0.0	0.0	0.0	0.0	0.0	0.0	0.0	0.0	0.0	0.0	
sp|P38616|YGP1_YEAST	P38616	YGP1_YEAST	YGP1	354	Saccharomyces cerevisiae (strain ATCC 204508 / S288c)	1:Experimental evidence at protein level	Protein YGP1	0.9712	0.999	1	3	3	3	1	0	0	0	0	1	0	1	0	0	0	0	0	0	0	0	1	0	0	0	0	1	0	1	0	0	0	0	0	0	0	0	1	0	0	0	0	1	0	1	0	0	0	0	0	0	0	0	0.0	0.0	0.0	0.0	0.0	0.0	0.0	0.0	0.0	0.0	0.0	0.0	0.0	0.0	0.0	0.0	0.0	0.0	0.0	0.0	0.0	0.0	0.0	0.0	0.0	0.0	0.0	0.0	0.0	0.0	0.0	0.0	
sp|P38646|HSPA9_HUMAN	P38646	HSPA9_HUMAN	HSPA9	679	Homo sapiens	1:Experimental evidence at protein level	Stress-70 protein, mitochondrial	1.0	0.999	30	239	239	239	12	16	10	8	11	10	12	17	12	21	21	18	7	19	25	20	12	16	10	8	11	10	12	17	12	21	21	18	7	19	25	20	12	16	10	8	11	10	12	17	12	21	21	18	7	19	25	20	49607.67	53728.918	61431.45	44406.0	42209.016	62166.12	58123.285	59045.28	62645.96	81222.85	74611.22	79322.37	73530.8	70649.61	76079.96	80013.83	6627.6074	6454.8623	6660.177	6692.119	5824.8867	6788.5967	6960.373	6634.448	6681.9517	6433.0273	6824.3125	6928.79	7043.373	5793.338	6374.0703	7013.0835	
sp|P38701|RS20_YEAST	P38701	RS20_YEAST	RPS20	121	Saccharomyces cerevisiae (strain ATCC 204508 / S288c)	1:Experimental evidence at protein level	Small ribosomal subunit protein uS10	1.0	0.999	3	16	16	16	1	2	1	2	3	1	1	2	0	0	1	0	0	1	0	1	1	2	1	2	3	1	1	2	0	0	1	0	0	1	0	1	1	2	1	2	3	1	1	2	0	0	1	0	0	1	0	1	6237.2065	6211.7695	5943.333	7810.9546	7412.668	6025.576	6498.343	8538.604	0.0	0.0	0.0	0.0	0.0	0.0	3237.565	1828.3768	3463.5237	3445.164	3072.511	4358.605	4142.9814	3355.7607	3647.17	4795.3647	0.0	0.0	0.0	0.0	0.0	0.0	3523.4517	2120.596	
sp|P38715|GRE3_YEAST	P38715	GRE3_YEAST	GRE3	327	Saccharomyces cerevisiae (strain ATCC 204508 / S288c)	1:Experimental evidence at protein level	NADPH-dependent aldose reductase GRE3	0.9619	0.9987	1	2	2	2	0	0	1	0	0	0	1	0	0	0	0	0	0	0	0	0	0	0	1	0	0	0	1	0	0	0	0	0	0	0	0	0	0	0	1	0	0	0	1	0	0	0	0	0	0	0	0	0	0.0	0.0	0.0	0.0	0.0	0.0	0.0	0.0	0.0	0.0	0.0	0.0	0.0	0.0	0.0	0.0	0.0	0.0	0.0	0.0	0.0	0.0	0.0	0.0	0.0	0.0	0.0	0.0	0.0	0.0	0.0	0.0	
sp|P38720|6PGD1_YEAST	P38720	6PGD1_YEAST	GND1	489	Saccharomyces cerevisiae (strain ATCC 204508 / S288c)	1:Experimental evidence at protein level	6-phosphogluconate dehydrogenase, decarboxylating 1	1.0	0.999	9	93	93	101	6	9	7	6	7	4	10	11	4	4	3	6	4	3	4	5	6	9	7	6	7	4	10	11	4	4	3	6	4	3	4	5	7	10	7	6	7	5	11	12	4	4	3	7	4	3	5	6	37790.97	33870.055	32286.463	40286.22	41927.15	41457.81	39600.598	39328.168	10933.995	11783.744	10172.831	12372.782	15814.672	8095.536	11611.35	15815.77	25445.643	22352.273	23785.012	24729.176	24454.014	25280.723	24389.709	26422.1	10933.995	11783.744	10172.831	11000.414	15290.343	8095.536	11611.35	13437.873	
sp|P38788|SSZ1_YEAST	P38788	SSZ1_YEAST	SSZ1	538	Saccharomyces cerevisiae (strain ATCC 204508 / S288c)	1:Experimental evidence at protein level	Ribosome-associated complex subunit SSZ1	1.0	0.999	7	88	88	88	11	11	9	6	8	7	9	10	1	2	2	2	2	2	3	3	11	11	9	6	8	7	9	10	1	2	2	2	2	2	3	3	11	11	9	6	8	7	9	10	1	2	2	2	2	2	3	3	23320.432	17522.94	13234.901	19866.598	21607.344	17292.668	26624.51	19146.16	0.0	0.0	0.0	0.0	0.0	0.0	0.0	1823.3274	6353.364	5973.793	5248.6904	6612.559	5928.737	5941.66	6654.218	6553.345	0.0	0.0	0.0	0.0	0.0	0.0	0.0	2600.4814	
sp|P38791|DHYS_YEAST	P38791	DHYS_YEAST	DYS1	387	Saccharomyces cerevisiae (strain ATCC 204508 / S288c)	1:Experimental evidence at protein level	Deoxyhypusine synthase	0.9649	0.9988	1	1	1	1	0	0	1	0	0	0	0	0	0	0	0	0	0	0	0	0	0	0	1	0	0	0	0	0	0	0	0	0	0	0	0	0	0	0	1	0	0	0	0	0	0	0	0	0	0	0	0	0	0.0	0.0	0.0	0.0	0.0	0.0	0.0	0.0	0.0	0.0	0.0	0.0	0.0	0.0	0.0	0.0	0.0	0.0	0.0	0.0	0.0	0.0	0.0	0.0	0.0	0.0	0.0	0.0	0.0	0.0	0.0	0.0	
sp|P38841|YHT8_YEAST	P38841	YHT8_YEAST	YHR138C	114	Saccharomyces cerevisiae (strain ATCC 204508 / S288c)	1:Experimental evidence at protein level	Uncharacterized protein YHR138C	0.9713	0.999	1	25	25	25	3	2	3	4	3	2	3	2	0	0	0	1	1	0	1	0	3	2	3	4	3	2	3	2	0	0	0	1	1	0	1	0	3	2	3	4	3	2	3	2	0	0	0	1	1	0	1	0	3531.7825	4550.0605	3829.0457	5967.955	3495.3716	3837.1204	4299.9907	4314.181	0.0	0.0	0.0	0.0	0.0	0.0	0.0	0.0	3531.7825	4550.0605	3829.0457	5967.955	3495.3716	3837.1204	4299.9907	4314.181	0.0	0.0	0.0	0.0	0.0	0.0	0.0	0.0	
sp|P38879|NACA_YEAST	P38879	NACA_YEAST	EGD2	174	Saccharomyces cerevisiae (strain ATCC 204508 / S288c)	1:Experimental evidence at protein level	Nascent polypeptide-associated complex subunit alpha	1.0	0.9966	2	3	3	3	1	1	0	0	0	0	0	1	0	0	0	0	0	0	0	0	1	1	0	0	0	0	0	1	0	0	0	0	0	0	0	0	1	1	0	0	0	0	0	1	0	0	0	0	0	0	0	0	0.0	0.0	0.0	0.0	0.0	0.0	0.0	0.0	0.0	0.0	0.0	0.0	0.0	0.0	0.0	0.0	0.0	0.0	0.0	0.0	0.0	0.0	0.0	0.0	0.0	0.0	0.0	0.0	0.0	0.0	0.0	0.0	
sp|P38910|CH10_YEAST	P38910	CH10_YEAST	HSP10	106	Saccharomyces cerevisiae (strain ATCC 204508 / S288c)	1:Experimental evidence at protein level	10 kDa heat shock protein, mitochondrial	0.9709	0.999	1	2	2	2	0	0	0	0	0	0	0	1	0	0	0	1	0	0	0	0	0	0	0	0	0	0	0	1	0	0	0	1	0	0	0	0	0	0	0	0	0	0	0	1	0	0	0	1	0	0	0	0	3293.501	3002.8394	3659.8313	0.0	3174.9343	1791.605	0.0	3860.8425	0.0	0.0	0.0	2043.9482	0.0	0.0	0.0	0.0	3293.501	3002.8394	3659.8313	0.0	3174.9343	1791.605	0.0	3860.8425	0.0	0.0	0.0	2043.9482	0.0	0.0	0.0	0.0	
sp|P38919|IF4A3_HUMAN	P38919	IF4A3_HUMAN	EIF4A3	411	Homo sapiens	1:Experimental evidence at protein level	Eukaryotic initiation factor 4A-III	1.0	0.999	4	7	7	9	1	0	0	1	1	1	1	0	0	0	0	1	0	0	1	0	1	0	0	1	1	1	1	0	0	0	0	1	0	0	1	0	1	0	0	1	1	1	2	0	0	0	0	1	0	1	1	0	0.0	0.0	2759.3245	0.0	2827.364	0.0	2134.1953	0.0	0.0	1204.8844	2419.43	0.0	0.0	2380.097	3256.61	2393.1545	0.0	0.0	2759.3245	0.0	2827.364	0.0	2134.1953	0.0	0.0	1204.8844	2419.43	0.0	0.0	2380.097	3256.61	2393.1545	
sp|P38972|PUR4_YEAST	P38972	PUR4_YEAST	ADE6	1358	Saccharomyces cerevisiae (strain ATCC 204508 / S288c)	1:Experimental evidence at protein level	Phosphoribosylformylglycinamidine synthase	1.0	0.9988	2	2	2	2	0	0	1	0	0	1	0	0	0	0	0	0	0	0	0	0	0	0	1	0	0	1	0	0	0	0	0	0	0	0	0	0	0	0	1	0	0	1	0	0	0	0	0	0	0	0	0	0	0.0	0.0	0.0	0.0	0.0	0.0	0.0	0.0	0.0	0.0	0.0	0.0	0.0	0.0	0.0	0.0	0.0	0.0	0.0	0.0	0.0	0.0	0.0	0.0	0.0	0.0	0.0	0.0	0.0	0.0	0.0	0.0	
sp|P39003|HXT6_YEAST	P39003	HXT6_YEAST	HXT6	570	Saccharomyces cerevisiae (strain ATCC 204508 / S288c)	1:Experimental evidence at protein level	High-affinity hexose transporter HXT6	1.0	0.999	1	49	0	49	2	2	3	3	3	2	3	3	3	5	4	4	4	3	3	2	0	0	0	0	0	0	0	0	0	0	0	0	0	0	0	0	2	2	3	3	3	2	3	3	3	5	4	4	4	3	3	2	7808.2666	6938.595	6459.9946	5267.3877	4748.2524	5746.6113	4927.513	5472.2324	0.0	3878.9026	4651.7207	2709.5083	0.0	3427.2505	0.0	3909.2234	7808.2666	6938.595	6459.9946	5267.3877	4748.2524	5746.6113	4927.513	5472.2324	0.0	3878.9026	4651.7207	2709.5083	0.0	3427.2505	0.0	3909.2234	sp|P39004|HXT7_YEAST
sp|P39015|STM1_YEAST	P39015	STM1_YEAST	STM1	273	Saccharomyces cerevisiae (strain ATCC 204508 / S288c)	1:Experimental evidence at protein level	Suppressor protein STM1	1.0	0.999	4	83	83	83	9	7	7	3	10	4	7	5	2	5	3	4	5	3	5	4	9	7	7	3	10	4	7	5	2	5	3	4	5	3	5	4	9	7	7	3	10	4	7	5	2	5	3	4	5	3	5	4	15832.086	14983.26	16950.326	17395.527	17880.285	10208.981	19078.256	16242.393	2523.0127	8001.5566	2925.1345	5955.111	9142.899	6769.1973	7076.866	8706.34	8934.603	8382.303	9522.963	8454.748	8427.133	7888.1694	9261.6455	8977.341	3160.9111	4516.6387	2994.161	3361.8503	5153.0786	3632.742	3992.1104	4901.3574	
sp|P39019|RS19_HUMAN	P39019	RS19_HUMAN	RPS19	145	Homo sapiens	1:Experimental evidence at protein level	Small ribosomal subunit protein eS19	1.0	0.999	5	57	57	57	2	5	2	0	3	2	4	3	2	3	7	7	3	4	6	4	2	5	2	0	3	2	4	3	2	3	7	7	3	4	6	4	2	5	2	0	3	2	4	3	2	3	7	7	3	4	6	4	17991.127	22756.834	19121.766	14492.941	4787.074	13741.401	13174.989	15820.538	14479.807	16598.824	19827.543	18889.219	10892.511	19716.594	20709.297	16646.018	8249.214	8284.715	8499.164	7465.76	5648.356	7397.6304	6810.4927	6600.008	7557.6514	7329.438	7622.535	7799.322	7378.6694	7906.5356	7920.8037	7410.443	
sp|P39023|RL3_HUMAN	P39023	RL3_HUMAN	RPL3	403	Homo sapiens	1:Experimental evidence at protein level	Large ribosomal subunit protein uL3	1.0	0.999	9	168	168	168	13	14	10	14	12	9	12	8	11	10	13	9	5	8	9	11	13	14	10	14	12	9	12	8	11	10	13	9	5	8	9	11	13	14	10	14	12	9	12	8	11	10	13	9	5	8	9	11	42183.312	43960.555	42712.844	59552.453	53219.62	33714.605	58743.91	57515.957	35725.562	45567.89	37923.965	44943.4	41671.164	32398.0	39262.477	45539.5	17718.834	17079.307	18009.5	16947.285	18068.537	16673.738	18045.904	17380.027	18188.537	17873.354	18681.72	17932.855	16152.451	16703.436	17097.2	16274.301	
sp|P39078|TCPD_YEAST	P39078	TCPD_YEAST	CCT4	528	Saccharomyces cerevisiae (strain ATCC 204508 / S288c)	1:Experimental evidence at protein level	T-complex protein 1 subunit delta	0.9368	0.9977	1	1	1	1	0	0	0	0	0	0	0	1	0	0	0	0	0	0	0	0	0	0	0	0	0	0	0	1	0	0	0	0	0	0	0	0	0	0	0	0	0	0	0	1	0	0	0	0	0	0	0	0	0.0	0.0	0.0	0.0	0.0	0.0	0.0	0.0	0.0	0.0	0.0	0.0	0.0	0.0	0.0	0.0	0.0	0.0	0.0	0.0	0.0	0.0	0.0	0.0	0.0	0.0	0.0	0.0	0.0	0.0	0.0	0.0	
sp|P39173|YEAD_ECOLI	P39173	YEAD_ECOLI	yeaD	294	Escherichia coli (strain K12)	1:Experimental evidence at protein level	Putative glucose-6-phosphate 1-epimerase	0.9713	0.999	1	24	24	24	1	2	1	1	2	1	2	1	1	2	2	2	1	2	1	2	1	2	1	1	2	1	2	1	1	2	2	2	1	2	1	2	1	2	1	1	2	1	2	1	1	2	2	2	1	2	1	2	0.0	0.0	0.0	0.0	0.0	0.0	0.0	0.0	4569.366	4616.145	4388.945	5465.5894	5152.5986	5183.105	4918.205	4523.5337	0.0	0.0	0.0	0.0	0.0	0.0	0.0	0.0	4569.366	4616.145	4388.945	5465.5894	5152.5986	5183.105	4918.205	4523.5337	
sp|P39177|USPG_ECOLI	P39177	USPG_ECOLI	uspG	142	Escherichia coli (strain K12)	1:Experimental evidence at protein level	Universal stress protein UP12	1.0	0.999	3	56	56	56	2	1	2	3	1	1	1	4	4	6	4	7	7	3	3	7	2	1	2	3	1	1	1	4	4	6	4	7	7	3	3	7	2	1	2	3	1	1	1	4	4	6	4	7	7	3	3	7	0.0	0.0	3041.026	0.0	1132.0393	2006.4747	0.0	3172.1252	4593.6133	3570.7375	5446.099	4826.63	7957.9824	2885.1743	7440.875	6538.2573	0.0	0.0	3076.9246	0.0	1145.4028	2030.1608	0.0	3209.5715	4647.84	3612.8894	3676.5627	2965.943	4290.1357	2919.2332	4638.2153	4208.2944	
sp|P39325|YTFQ_ECOLI	P39325	YTFQ_ECOLI	ytfQ	318	Escherichia coli (strain K12)	1:Experimental evidence at protein level	Galactofuranose-binding protein YtfQ	1.0	0.999	8	33	33	33	0	0	0	0	0	0	0	0	2	2	6	6	3	5	6	3	0	0	0	0	0	0	0	0	2	2	6	6	3	5	6	3	0	0	0	0	0	0	0	0	2	2	6	6	3	5	6	3	0.0	0.0	0.0	2757.7598	0.0	0.0	0.0	0.0	5623.472	17123.844	12091.887	18951.475	12925.992	12822.096	12039.422	13842.078	0.0	0.0	0.0	4201.149	0.0	0.0	0.0	0.0	3878.405	3967.6353	3393.828	3819.911	3917.1406	3837.4355	3697.044	4405.936	
sp|P39683|NPT1_YEAST	P39683	NPT1_YEAST	NPT1	429	Saccharomyces cerevisiae (strain ATCC 204508 / S288c)	1:Experimental evidence at protein level	Nicotinate phosphoribosyltransferase	0.9999	0.999	1	14	14	14	0	1	2	1	1	2	2	3	0	0	0	0	0	1	1	0	0	1	2	1	1	2	2	3	0	0	0	0	0	1	1	0	0	1	2	1	1	2	2	3	0	0	0	0	0	1	1	0	0.0	1806.7874	3717.6472	3950.633	4553.228	2894.1804	4122.334	3300.9714	0.0	0.0	0.0	0.0	0.0	0.0	0.0	0.0	0.0	1806.7874	3717.6472	3950.633	4553.228	2894.1804	4122.334	3300.9714	0.0	0.0	0.0	0.0	0.0	0.0	0.0	0.0	
sp|P39687|AN32A_HUMAN	P39687	AN32A_HUMAN	ANP32A	249	Homo sapiens	1:Experimental evidence at protein level	Acidic leucine-rich nuclear phosphoprotein 32 family member A	1.0	0.999	7	43	43	137	3	4	3	1	1	1	3	2	4	4	2	3	1	3	3	5	3	4	3	1	1	1	3	2	4	4	2	3	1	3	3	5	7	11	10	6	7	8	10	10	9	9	5	9	5	9	12	10	19504.908	19449.297	18340.957	12714.79	16644.928	6428.33	19439.406	19319.3	13236.856	18117.96	20327.305	19535.459	19802.648	16412.543	18983.027	20602.271	9285.857	8393.309	9176.699	8756.291	8278.805	6717.9194	9746.246	9441.003	7052.984	8419.779	10222.283	9601.503	9730.152	8916.456	9628.782	10004.712	
sp|P39726|GCSH_YEAST	P39726	GCSH_YEAST	GCV3	170	Saccharomyces cerevisiae (strain ATCC 204508 / S288c)	1:Experimental evidence at protein level	Glycine cleavage system H protein, mitochondrial	1.0	0.9989	1	5	5	5	1	0	1	1	0	1	1	0	0	0	0	0	0	0	0	0	1	0	1	1	0	1	1	0	0	0	0	0	0	0	0	0	1	0	1	1	0	1	1	0	0	0	0	0	0	0	0	0	0.0	0.0	0.0	0.0	0.0	0.0	0.0	0.0	0.0	0.0	0.0	0.0	0.0	0.0	0.0	0.0	0.0	0.0	0.0	0.0	0.0	0.0	0.0	0.0	0.0	0.0	0.0	0.0	0.0	0.0	0.0	0.0	
sp|P39748|FEN1_HUMAN	P39748	FEN1_HUMAN	FEN1	380	Homo sapiens	1:Experimental evidence at protein level	Flap endonuclease 1	1.0	0.999	3	6	6	6	0	0	1	0	1	0	0	0	0	1	0	0	1	2	0	0	0	0	1	0	1	0	0	0	0	1	0	0	1	2	0	0	0	0	1	0	1	0	0	0	0	1	0	0	1	2	0	0	2170.7527	2251.9768	0.0	0.0	0.0	0.0	0.0	0.0	2980.8457	3163.3066	2539.849	2694.193	2260.9785	2263.4243	2593.0623	2275.3066	2170.7527	2251.9768	0.0	0.0	0.0	0.0	0.0	0.0	2980.8457	3163.3066	2539.849	2694.193	2260.9785	2263.4243	2593.0623	2275.3066	
sp|P39831|YDFG_ECOLI	P39831	YDFG_ECOLI	ydfG	248	Escherichia coli (strain K12)	1:Experimental evidence at protein level	NADP-dependent 3-hydroxy acid dehydrogenase YdfG	0.9713	0.999	1	1	1	1	0	0	0	0	0	0	0	0	0	0	0	0	0	0	0	1	0	0	0	0	0	0	0	0	0	0	0	0	0	0	0	1	0	0	0	0	0	0	0	0	0	0	0	0	0	0	0	1	0.0	0.0	0.0	0.0	0.0	0.0	0.0	0.0	0.0	0.0	0.0	0.0	0.0	0.0	0.0	725.8308	0.0	0.0	0.0	0.0	0.0	0.0	0.0	0.0	0.0	0.0	0.0	0.0	0.0	0.0	0.0	0.0	
sp|P39954|SAHH_YEAST	P39954	SAHH_YEAST	SAH1	449	Saccharomyces cerevisiae (strain ATCC 204508 / S288c)	1:Experimental evidence at protein level	Adenosylhomocysteinase	1.0	0.999	5	9	9	27	0	2	1	1	3	1	0	0	0	1	0	0	0	0	0	0	0	2	1	1	3	1	0	0	0	1	0	0	0	0	0	0	1	3	1	1	5	2	2	1	1	2	2	2	0	2	1	1	3295.0864	3537.775	3520.7598	4938.5464	6394.6543	3783.9495	4399.9834	3576.431	0.0	0.0	0.0	0.0	0.0	0.0	0.0	2417.5295	3295.0864	3537.775	3520.7598	3317.8723	3977.096	3783.9495	4399.9834	3576.431	0.0	0.0	0.0	0.0	0.0	0.0	0.0	2417.5295	
sp|P39976|DLD3_YEAST	P39976	DLD3_YEAST	DLD3	496	Saccharomyces cerevisiae (strain ATCC 204508 / S288c)	1:Experimental evidence at protein level	D-2-hydroxyglutarate--pyruvate transhydrogenase DLD3	1.0	0.999	3	13	13	13	3	2	2	1	0	1	1	2	1	0	0	0	0	0	0	0	3	2	2	1	0	1	1	2	1	0	0	0	0	0	0	0	3	2	2	1	0	1	1	2	1	0	0	0	0	0	0	0	1314.1771	0.0	0.0	2890.7246	0.0	0.0	6317.381	3507.9949	0.0	0.0	0.0	0.0	0.0	0.0	0.0	0.0	0.0	0.0	0.0	2890.7246	0.0	0.0	6317.381	3507.9949	0.0	0.0	0.0	0.0	0.0	0.0	0.0	0.0	
sp|P40037|HMF1_YEAST	P40037	HMF1_YEAST	HMF1	129	Saccharomyces cerevisiae (strain ATCC 204508 / S288c)	1:Experimental evidence at protein level	Protein HMF1	1.0	0.999	2	7	7	7	2	0	0	0	0	1	2	1	0	0	0	0	1	0	0	0	2	0	0	0	0	1	2	1	0	0	0	0	1	0	0	0	2	0	0	0	0	1	2	1	0	0	0	0	1	0	0	0	4796.4155	3842.113	0.0	0.0	5037.4453	3654.0884	5117.309	6267.507	0.0	3070.7593	0.0	2893.605	0.0	0.0	2314.5398	1469.422	4796.4155	3842.113	0.0	0.0	5037.4453	3654.0884	5117.309	6267.507	0.0	3070.7593	0.0	2893.605	0.0	0.0	2314.5398	1469.422	
sp|P40069|IMB4_YEAST	P40069	IMB4_YEAST	KAP123	1113	Saccharomyces cerevisiae (strain ATCC 204508 / S288c)	1:Experimental evidence at protein level	Importin subunit beta-4	0.9713	0.999	1	7	7	7	0	1	2	2	1	1	0	0	0	0	0	0	0	0	0	0	0	1	2	2	1	1	0	0	0	0	0	0	0	0	0	0	0	1	2	2	1	1	0	0	0	0	0	0	0	0	0	0	0.0	0.0	0.0	3346.7004	0.0	0.0	2890.2766	3501.179	0.0	0.0	0.0	0.0	0.0	0.0	0.0	0.0	0.0	0.0	0.0	3346.7004	0.0	0.0	2890.2766	3501.179	0.0	0.0	0.0	0.0	0.0	0.0	0.0	0.0	
sp|P40075|SCS2_YEAST	P40075	SCS2_YEAST	SCS2	244	Saccharomyces cerevisiae (strain ATCC 204508 / S288c)	1:Experimental evidence at protein level	Vesicle-associated membrane protein-associated protein SCS2	1.0	0.999	2	24	24	24	4	4	4	3	2	1	1	2	0	1	0	2	0	0	0	0	4	4	4	3	2	1	1	2	0	1	0	2	0	0	0	0	4	4	4	3	2	1	1	2	0	1	0	2	0	0	0	0	7947.976	6854.4795	7497.9634	7988.9463	4904.413	5450.5454	6407.338	5349.0664	0.0	0.0	0.0	1614.8706	0.0	0.0	0.0	0.0	4490.689	3835.0532	4162.7007	4041.329	2704.763	2981.993	3586.8638	2882.0151	0.0	0.0	0.0	2032.8221	0.0	0.0	0.0	0.0	
sp|P40089|LSM5_YEAST	P40089	LSM5_YEAST	LSM5	93	Saccharomyces cerevisiae (strain ATCC 204508 / S288c)	1:Experimental evidence at protein level	LSM complex subunit LSM5	0.9712	0.999	1	16	16	16	2	2	1	2	2	2	1	1	0	0	0	1	1	1	0	0	2	2	1	2	2	2	1	1	0	0	0	1	1	1	0	0	2	2	1	2	2	2	1	1	0	0	0	1	1	1	0	0	2764.5396	3556.2664	3664.882	2617.1636	3429.3096	0.0	2615.7354	3001.7493	0.0	0.0	0.0	0.0	0.0	0.0	0.0	0.0	2764.5396	3556.2664	3664.882	2617.1636	3429.3096	0.0	2615.7354	3001.7493	0.0	0.0	0.0	0.0	0.0	0.0	0.0	0.0	
sp|P40159|YNU8_YEAST	P40159	YNU8_YEAST	YNL208W	199	Saccharomyces cerevisiae (strain ATCC 204508 / S288c)	1:Experimental evidence at protein level	Uncharacterized protein YNL208W	0.9711	0.999	1	4	4	4	1	0	1	0	1	0	1	0	0	0	0	0	0	0	0	0	1	0	1	0	1	0	1	0	0	0	0	0	0	0	0	0	1	0	1	0	1	0	1	0	0	0	0	0	0	0	0	0	3977.0078	3627.881	3497.8616	2544.7502	3750.874	2289.2573	0.0	3918.6975	0.0	1647.9048	0.0	0.0	0.0	0.0	862.1694	0.0	3977.0078	3627.881	3497.8616	2544.7502	3750.874	2289.2573	0.0	3918.6975	0.0	1647.9048	0.0	0.0	0.0	0.0	862.1694	0.0	
sp|P40185|MMF1_YEAST	P40185	MMF1_YEAST	MMF1	145	Saccharomyces cerevisiae (strain ATCC 204508 / S288c)	1:Experimental evidence at protein level	Protein MMF1, mitochondrial	1.0	0.999	3	36	36	36	2	3	3	2	3	3	5	3	0	2	2	1	0	2	3	2	2	3	3	2	3	3	5	3	0	2	2	1	0	2	3	2	2	3	3	2	3	3	5	3	0	2	2	1	0	2	3	2	15586.564	11823.46	17741.803	17290.04	8574.867	11554.729	17418.426	10921.209	4386.3633	6039.447	3480.888	3806.5745	6332.5737	6908.2754	5026.954	5682.3994	6146.932	5144.065	6796.6396	5268.0547	5598.3735	6264.128	6027.634	7080.768	4907.278	3809.538	3894.27	4258.6343	4135.7134	4498.129	3265.0288	3678.0347	
sp|P40212|RL13B_YEAST	P40212	RL13B_YEAST	RPL13B	199	Saccharomyces cerevisiae (strain ATCC 204508 / S288c)	1:Experimental evidence at protein level	Large ribosomal subunit protein eL13B	1.0	0.999	3	16	1	16	1	4	2	1	1	2	1	1	1	0	1	0	0	0	1	0	0	0	1	0	0	0	0	0	0	0	0	0	0	0	0	0	1	4	2	1	1	2	1	1	1	0	1	0	0	0	1	0	4962.691	5461.872	4575.904	5043.22	4991.4106	5464.0195	6318.255	5439.7466	4115.011	3586.878	3559.152	2781.474	2868.283	2966.115	3406.9465	3641.0354	4962.691	5461.872	4575.904	5043.22	4991.4106	5464.0195	6318.255	5439.7466	4115.011	3586.878	3559.152	2781.474	2868.283	2966.115	3406.9465	3641.0354	
sp|P40227|TCPZ_HUMAN	P40227	TCPZ_HUMAN	CCT6A	531	Homo sapiens	1:Experimental evidence at protein level	T-complex protein 1 subunit zeta	1.0	0.999	23	298	251	298	17	20	19	11	20	15	23	19	18	18	18	24	15	22	21	18	16	16	16	11	16	11	20	16	15	14	15	21	14	18	16	16	17	20	19	11	20	15	23	19	18	18	18	24	15	22	21	18	91193.68	85361.13	83473.35	78122.91	82983.336	84195.016	78189.3	83472.43	83435.2	90678.14	64708.707	93874.56	86590.18	87526.28	83981.31	91267.32	9724.085	9522.985	9666.512	8651.047	9951.445	9725.937	8988.479	9196.571	9824.985	9972.29	10073.068	9880.082	9841.679	9843.848	9737.938	9809.468	
sp|P40303|PSA4_YEAST	P40303	PSA4_YEAST	PRE6	254	Saccharomyces cerevisiae (strain ATCC 204508 / S288c)	1:Experimental evidence at protein level	Proteasome subunit alpha type-4	0.8681	0.9949	1	9	9	9	1	1	1	0	0	0	0	1	0	1	1	1	0	1	1	0	1	1	1	0	0	0	0	1	0	1	1	1	0	1	1	0	1	1	1	0	0	0	0	1	0	1	1	1	0	1	1	0	13874.218	13787.676	14248.143	9829.506	12427.663	12024.434	13146.138	16125.055	0.0	14555.932	15548.05	15408.46	0.0	16135.451	13972.04	13811.5625	13874.218	13787.676	14248.143	9829.506	12427.663	12024.434	13146.138	16125.055	0.0	14555.932	15548.05	15408.46	0.0	16135.451	13972.04	13811.5625	
sp|P40327|PRS4_YEAST	P40327	PRS4_YEAST	RPT2	437	Saccharomyces cerevisiae (strain ATCC 204508 / S288c)	1:Experimental evidence at protein level	26S proteasome regulatory subunit 4 homolog	0.8842	0.9956	1	1	1	1	0	0	1	0	0	0	0	0	0	0	0	0	0	0	0	0	0	0	1	0	0	0	0	0	0	0	0	0	0	0	0	0	0	0	1	0	0	0	0	0	0	0	0	0	0	0	0	0	0.0	0.0	0.0	0.0	0.0	0.0	0.0	0.0	0.0	0.0	0.0	0.0	0.0	0.0	0.0	0.0	0.0	0.0	0.0	0.0	0.0	0.0	0.0	0.0	0.0	0.0	0.0	0.0	0.0	0.0	0.0	0.0	
sp|P40429|RL13A_HUMAN	P40429	RL13A_HUMAN	RPL13A	203	Homo sapiens	1:Experimental evidence at protein level	Large ribosomal subunit protein uL13	1.0	0.999	4	15	6	15	0	1	0	0	0	1	1	1	2	2	1	2	0	1	1	2	0	1	0	0	0	0	1	0	1	1	0	1	0	0	0	1	0	1	0	0	0	1	1	1	2	2	1	2	0	1	1	2	5549.6724	5490.8843	4948.603	5647.2295	5188.5986	4131.968	7302.104	6357.9067	8445.861	7373.6987	6503.4556	8330.581	4879.995	8056.0176	8673.518	7538.104	5549.6724	5490.8843	4948.603	3906.0774	5188.5986	4131.968	5135.1772	4352.5186	5921.6055	5188.443	6503.4556	4840.3564	4879.995	5664.8887	6099.0596	5271.0083	
sp|P40554|URM1_YEAST	P40554	URM1_YEAST	URM1	99	Saccharomyces cerevisiae (strain ATCC 204508 / S288c)	1:Experimental evidence at protein level	Ubiquitin-related modifier 1	0.9288	0.9974	1	1	1	1	0	0	0	0	1	0	0	0	0	0	0	0	0	0	0	0	0	0	0	0	1	0	0	0	0	0	0	0	0	0	0	0	0	0	0	0	1	0	0	0	0	0	0	0	0	0	0	0	0.0	0.0	0.0	0.0	0.0	0.0	0.0	0.0	0.0	0.0	0.0	0.0	0.0	0.0	0.0	0.0	0.0	0.0	0.0	0.0	0.0	0.0	0.0	0.0	0.0	0.0	0.0	0.0	0.0	0.0	0.0	0.0	
sp|P40581|GPX3_YEAST	P40581	GPX3_YEAST	HYR1	163	Saccharomyces cerevisiae (strain ATCC 204508 / S288c)	1:Experimental evidence at protein level	Glutathione peroxidase-like peroxiredoxin HYR1	0.95	0.9982	1	7	7	7	0	1	1	0	0	1	0	2	1	0	0	0	0	1	0	0	0	1	1	0	0	1	0	2	1	0	0	0	0	1	0	0	0	1	1	0	0	1	0	2	1	0	0	0	0	1	0	0	2755.0862	1718.3392	0.0	0.0	0.0	3988.9685	0.0	4244.1255	5283.308	6841.593	0.0	6020.4966	0.0	4719.9775	4805.2134	0.0	2755.0862	1718.3392	0.0	0.0	0.0	3988.9685	0.0	4244.1255	5283.308	6841.593	0.0	6020.4966	0.0	4719.9775	4805.2134	0.0	
sp|P40763|STAT3_HUMAN	P40763	STAT3_HUMAN	STAT3	770	Homo sapiens	1:Experimental evidence at protein level	Signal transducer and activator of transcription 3	0.9349	0.9976	1	1	1	1	0	0	0	0	0	0	0	0	0	0	0	0	0	0	1	0	0	0	0	0	0	0	0	0	0	0	0	0	0	0	1	0	0	0	0	0	0	0	0	0	0	0	0	0	0	0	1	0	0.0	0.0	0.0	0.0	0.0	0.0	0.0	0.0	0.0	0.0	0.0	0.0	0.0	0.0	0.0	0.0	0.0	0.0	0.0	0.0	0.0	0.0	0.0	0.0	0.0	0.0	0.0	0.0	0.0	0.0	0.0	0.0	
sp|P40825|SYA_YEAST	P40825	SYA_YEAST	ALA1	983	Saccharomyces cerevisiae (strain ATCC 204508 / S288c)	1:Experimental evidence at protein level	Alanine--tRNA ligase, mitochondrial	0.9671	0.9988	1	7	7	7	0	1	1	0	2	1	1	1	0	0	0	0	0	0	0	0	0	1	1	0	2	1	1	1	0	0	0	0	0	0	0	0	0	1	1	0	2	1	1	1	0	0	0	0	0	0	0	0	1525.4882	1779.0808	0.0	3285.377	2816.5913	3557.9	3203.7175	2756.4812	0.0	0.0	0.0	0.0	0.0	0.0	0.0	0.0	1525.4882	1779.0808	0.0	3285.377	2816.5913	3557.9	3203.7175	2756.4812	0.0	0.0	0.0	0.0	0.0	0.0	0.0	0.0	
sp|P40855|PEX19_HUMAN	P40855	PEX19_HUMAN	PEX19	299	Homo sapiens	1:Experimental evidence at protein level	Peroxisomal biogenesis factor 19	0.9708	0.999	1	10	10	10	0	0	1	0	1	1	1	1	1	1	0	1	1	1	0	0	0	0	1	0	1	1	1	1	1	1	0	1	1	1	0	0	0	0	1	0	1	1	1	1	1	1	0	1	1	1	0	0	0.0	0.0	0.0	0.0	0.0	0.0	0.0	0.0	0.0	0.0	0.0	0.0	0.0	0.0	0.0	0.0	0.0	0.0	0.0	0.0	0.0	0.0	0.0	0.0	0.0	0.0	0.0	0.0	0.0	0.0	0.0	0.0	
sp|P40925|MDHC_HUMAN	P40925	MDHC_HUMAN	MDH1	334	Homo sapiens	1:Experimental evidence at protein level	Malate dehydrogenase, cytoplasmic	1.0	0.999	7	66	66	66	5	5	2	2	5	5	5	4	1	4	4	6	4	3	5	6	5	5	2	2	5	5	5	4	1	4	4	6	4	3	5	6	5	5	2	2	5	5	5	4	1	4	4	6	4	3	5	6	23341.889	26258.816	25401.64	25050.549	17658.797	23702.076	22503.307	21541.91	14604.814	16288.663	16746.334	24387.723	24907.916	22447.46	18468.11	19182.898	4955.8237	5450.6865	5473.985	5354.3096	6262.7383	4813.9023	5027.0923	4611.203	4731.422	5363.5127	5541.543	5343.054	5064.973	4975.6694	4302.059	4812.825	
sp|P40926|MDHM_HUMAN	P40926	MDHM_HUMAN	MDH2	338	Homo sapiens	1:Experimental evidence at protein level	Malate dehydrogenase, mitochondrial	1.0	0.999	16	370	370	370	21	15	17	21	23	23	25	23	19	23	32	25	22	30	29	22	21	15	17	21	23	23	25	23	19	23	32	25	22	30	29	22	21	15	17	21	23	23	25	23	19	23	32	25	22	30	29	22	124448.2	138879.2	128996.19	124156.45	131160.86	120896.66	123590.67	123105.625	112890.14	145948.27	150334.86	152593.16	146615.48	144588.61	142287.08	150018.03	32301.828	33263.723	33667.945	34923.625	34781.457	33081.684	34406.45	30877.623	32782.754	34505.504	34869.07	35911.73	37073.562	34707.61	35051.418	36739.336	
sp|P40939|ECHA_HUMAN	P40939	ECHA_HUMAN	HADHA	763	Homo sapiens	1:Experimental evidence at protein level	Trifunctional enzyme subunit alpha, mitochondrial	1.0	0.999	8	86	86	86	5	7	6	5	4	3	7	9	2	4	5	7	6	6	6	4	5	7	6	5	4	3	7	9	2	4	5	7	6	6	6	4	5	7	6	5	4	3	7	9	2	4	5	7	6	6	6	4	11608.086	8432.793	10845.516	8089.8896	10276.949	11997.697	13462.727	13866.06	2188.5464	7585.2363	10061.854	4552.1377	13583.145	4580.18	6614.048	6339.871	4919.576	4570.171	4582.642	5719.653	4493.681	4714.7017	5698.2925	5830.8257	2342.9155	4645.5327	3399.602	3286.5664	4163.894	4903.243	3537.543	2546.865	
sp|P41057|RS29A_YEAST	P41057	RS29A_YEAST	RPS29A	56	Saccharomyces cerevisiae (strain ATCC 204508 / S288c)	1:Experimental evidence at protein level	Small ribosomal subunit protein uS14A	0.971	0.999	1	5	5	5	1	1	0	0	1	0	1	1	0	0	0	0	0	0	0	0	1	1	0	0	1	0	1	1	0	0	0	0	0	0	0	0	1	1	0	0	1	0	1	1	0	0	0	0	0	0	0	0	2864.0898	1426.4141	3189.5574	2878.723	2940.6753	2940.4417	3457.5315	3139.0183	0.0	753.81854	1098.6428	0.0	0.0	0.0	0.0	0.0	2864.0898	1426.4141	3189.5574	2878.723	2940.6753	2940.4417	3457.5315	3139.0183	0.0	753.81854	1098.6428	0.0	0.0	0.0	0.0	0.0	
sp|P41091|IF2G_HUMAN	P41091	IF2G_HUMAN	EIF2S3	472	Homo sapiens	1:Experimental evidence at protein level	Eukaryotic translation initiation factor 2 subunit 3	1.0	0.999	4	19	2	19	2	1	0	0	2	0	2	2	0	1	2	2	0	2	1	2	0	0	0	0	0	0	1	0	0	0	0	0	0	0	0	1	2	1	0	0	2	0	2	2	0	1	2	2	0	2	1	2	0.0	0.0	0.0	0.0	0.0	0.0	1911.1686	0.0	0.0	0.0	0.0	0.0	0.0	2650.343	0.0	2697.0552	0.0	0.0	0.0	0.0	0.0	0.0	0.0	0.0	0.0	0.0	0.0	0.0	0.0	2650.343	0.0	2697.0552	
sp|P41208|CETN2_HUMAN	P41208	CETN2_HUMAN	CETN2	172	Homo sapiens	1:Experimental evidence at protein level	Centrin-2	0.9644	0.9988	1	1	1	1	0	0	0	0	1	0	0	0	0	0	0	0	0	0	0	0	0	0	0	0	1	0	0	0	0	0	0	0	0	0	0	0	0	0	0	0	1	0	0	0	0	0	0	0	0	0	0	0	0.0	0.0	0.0	0.0	0.0	0.0	0.0	0.0	0.0	0.0	0.0	0.0	0.0	0.0	0.0	0.0	0.0	0.0	0.0	0.0	0.0	0.0	0.0	0.0	0.0	0.0	0.0	0.0	0.0	0.0	0.0	0.0	
sp|P41227|NAA10_HUMAN	P41227	NAA10_HUMAN	NAA10	235	Homo sapiens	1:Experimental evidence at protein level	N-alpha-acetyltransferase 10	0.9289	0.9974	1	1	1	1	0	0	0	0	0	0	0	0	0	1	0	0	0	0	0	0	0	0	0	0	0	0	0	0	0	1	0	0	0	0	0	0	0	0	0	0	0	0	0	0	0	1	0	0	0	0	0	0	0.0	0.0	0.0	0.0	0.0	0.0	0.0	0.0	0.0	0.0	0.0	0.0	0.0	0.0	0.0	0.0	0.0	0.0	0.0	0.0	0.0	0.0	0.0	0.0	0.0	0.0	0.0	0.0	0.0	0.0	0.0	0.0	
sp|P41250|GARS_HUMAN	P41250	GARS_HUMAN	GARS1	739	Homo sapiens	1:Experimental evidence at protein level	Glycine--tRNA ligase	1.0	0.999	4	52	52	52	3	4	3	5	4	4	5	8	1	2	1	0	3	3	3	3	3	4	3	5	4	4	5	8	1	2	1	0	3	3	3	3	3	4	3	5	4	4	5	8	1	2	1	0	3	3	3	3	8505.09	13069.923	6606.701	11440.019	10756.941	12075.833	10369.743	12542.2705	4277.2207	5394.343	7707.2344	5285.655	9738.377	5571.6323	6951.735	5019.615	5712.591	6288.3394	3499.5303	7497.659	7129.255	7730.2993	6834.6445	7623.7256	3045.553	3822.9304	3867.8572	3755.5032	4328.1587	3866.656	4807.6333	3422.8223	
sp|P41252|SYIC_HUMAN	P41252	SYIC_HUMAN	IARS1	1262	Homo sapiens	1:Experimental evidence at protein level	Isoleucine--tRNA ligase, cytoplasmic	1.0	0.999	2	30	30	30	3	2	2	1	1	1	1	2	2	3	2	2	2	1	2	3	3	2	2	1	1	1	1	2	2	3	2	2	2	1	2	3	3	2	2	1	1	1	1	2	2	3	2	2	2	1	2	3	0.0	0.0	0.0	5390.6245	3584.1318	5663.5063	0.0	4637.036	0.0	0.0	0.0	0.0	0.0	0.0	0.0	0.0	0.0	0.0	0.0	5390.6245	3584.1318	5663.5063	0.0	4637.036	0.0	0.0	0.0	0.0	0.0	0.0	0.0	0.0	
sp|P41277|GPP1_YEAST	P41277	GPP1_YEAST	GPP1	250	Saccharomyces cerevisiae (strain ATCC 204508 / S288c)	1:Experimental evidence at protein level	Glycerol-1-phosphate phosphohydrolase 1	1.0	0.999	4	30	30	30	4	3	1	1	6	3	5	3	0	1	0	0	0	2	1	0	4	3	1	1	6	3	5	3	0	1	0	0	0	2	1	0	4	3	1	1	6	3	5	3	0	1	0	0	0	2	1	0	33834.67	20346.646	34422.164	37205.797	25689.918	14375.938	26816.074	23059.996	6266.6465	7756.9385	5014.2183	5644.2896	2913.1736	5800.883	5630.003	5665.0874	8368.516	7477.644	9491.831	9051.072	7878.302	8184.118	8513.434	7202.5723	5313.1226	6576.656	4248.8823	4785.8657	4915.6216	4906.1816	4389.4917	4729.0845	
sp|P41567|EIF1_HUMAN	P41567	EIF1_HUMAN	EIF1	113	Homo sapiens	1:Experimental evidence at protein level	Eukaryotic translation initiation factor 1	1.0	0.999	3	18	18	21	0	1	1	1	2	1	1	1	1	2	2	1	0	1	2	1	0	1	1	1	2	1	1	1	1	2	2	1	0	1	2	1	0	1	1	2	3	1	1	1	1	2	2	1	0	1	2	2	6006.597	4266.0	4914.166	4501.102	5946.767	5231.071	5196.8228	5086.6206	4206.215	4338.23	5231.06	0.0	4848.1177	3513.5593	3790.2788	5280.766	6006.597	4266.0	4914.166	4501.102	5946.767	5231.071	5196.8228	5086.6206	4206.215	4338.23	5231.06	0.0	4848.1177	3513.5593	3790.2788	5280.766	
sp|P41805|RL10_YEAST	P41805	RL10_YEAST	RPL10	221	Saccharomyces cerevisiae (strain ATCC 204508 / S288c)	1:Experimental evidence at protein level	Large ribosomal subunit protein uL16	1.0	0.9984	4	23	23	23	2	2	1	2	2	1	3	5	1	0	0	2	0	0	1	1	2	2	1	2	2	1	3	5	1	0	0	2	0	0	1	1	2	2	1	2	2	1	3	5	1	0	0	2	0	0	1	1	8415.496	11618.725	10290.169	9380.907	8556.035	5290.8486	8750.15	11774.346	3877.5972	2561.36	5672.7275	0.0	3085.3596	3390.8098	4736.0483	4311.7046	5440.3945	5492.4224	5315.6943	4396.1587	5468.502	5926.487	5664.3276	5835.77	3767.6216	2488.7153	3652.5593	0.0	2997.8535	3294.6404	2570.2651	2674.0332	
sp|P41807|VATH_YEAST	P41807	VATH_YEAST	VMA13	478	Saccharomyces cerevisiae (strain ATCC 204508 / S288c)	1:Experimental evidence at protein level	V-type proton ATPase subunit H	0.971	0.999	1	14	14	14	1	0	2	1	1	1	2	2	0	1	0	0	1	1	1	0	1	0	2	1	1	1	2	2	0	1	0	0	1	1	1	0	1	0	2	1	1	1	2	2	0	1	0	0	1	1	1	0	3278.1746	3167.5073	2247.909	4866.7256	3509.7144	3375.4207	3120.134	3560.8826	0.0	0.0	0.0	0.0	0.0	0.0	0.0	1524.0094	3278.1746	3167.5073	2247.909	4866.7256	3509.7144	3375.4207	3120.134	3560.8826	0.0	0.0	0.0	0.0	0.0	0.0	0.0	1524.0094	
sp|P41940|MPG1_YEAST	P41940	MPG1_YEAST	PSA1	361	Saccharomyces cerevisiae (strain ATCC 204508 / S288c)	1:Experimental evidence at protein level	Mannose-1-phosphate guanyltransferase	1.0	0.999	9	72	72	72	8	4	7	6	8	6	8	8	1	4	2	1	2	3	3	1	8	4	7	6	8	6	8	8	1	4	2	1	2	3	3	1	8	4	7	6	8	6	8	8	1	4	2	1	2	3	3	1	27573.941	28074.418	28796.82	21960.877	30849.582	29713.578	28678.111	19201.125	1368.222	6287.767	5879.733	3069.7378	10743.169	11132.912	2836.9924	9118.641	10171.347	9240.4	10836.96	9716.444	11228.357	10239.977	10547.084	7415.695	1368.222	4377.2285	4371.4673	2303.688	6264.903	5289.394	2836.9924	4391.8867	
sp|P42025|ACTY_HUMAN	P42025	ACTY_HUMAN	ACTR1B	376	Homo sapiens	1:Experimental evidence at protein level	Beta-centractin	0.9602	0.9986	1	2	0	2	0	0	0	0	0	0	0	0	0	0	1	0	0	0	1	0	0	0	0	0	0	0	0	0	0	0	0	0	0	0	0	0	0	0	0	0	0	0	0	0	0	0	1	0	0	0	1	0	0.0	0.0	0.0	0.0	0.0	0.0	0.0	0.0	0.0	0.0	0.0	0.0	0.0	0.0	0.0	0.0	0.0	0.0	0.0	0.0	0.0	0.0	0.0	0.0	0.0	0.0	0.0	0.0	0.0	0.0	0.0	0.0	sp|P61163|ACTZ_HUMAN
sp|P42126|ECI1_HUMAN	P42126	ECI1_HUMAN	ECI1	302	Homo sapiens	1:Experimental evidence at protein level	Enoyl-CoA delta isomerase 1, mitochondrial	0.9603	0.9986	1	1	1	1	0	0	0	0	0	0	0	0	0	0	0	0	0	0	0	1	0	0	0	0	0	0	0	0	0	0	0	0	0	0	0	1	0	0	0	0	0	0	0	0	0	0	0	0	0	0	0	1	0.0	0.0	0.0	0.0	0.0	0.0	0.0	0.0	0.0	0.0	0.0	0.0	0.0	0.0	0.0	0.0	0.0	0.0	0.0	0.0	0.0	0.0	0.0	0.0	0.0	0.0	0.0	0.0	0.0	0.0	0.0	0.0	
sp|P42166|LAP2A_HUMAN	P42166	LAP2A_HUMAN	TMPO	694	Homo sapiens	1:Experimental evidence at protein level	Lamina-associated polypeptide 2, isoform alpha	1.0	0.999	5	40	4	40	3	4	2	3	2	3	3	2	1	2	3	3	2	3	2	2	0	1	0	1	0	0	0	0	0	0	1	1	0	0	0	0	3	4	2	3	2	3	3	2	1	2	3	3	2	3	2	2	5791.9053	6921.4604	8070.9507	9080.453	6582.108	6415.153	7196.977	6994.6094	3982.4429	4833.8916	3138.8271	4957.847	6596.032	5620.3604	5263.0854	5990.951	5791.9053	6921.4604	8070.9507	9080.453	6582.108	6415.153	7196.977	6994.6094	3982.4429	4833.8916	3138.8271	4957.847	6596.032	5620.3604	5263.0854	5990.951	
sp|P42229|STA5A_HUMAN	P42229	STA5A_HUMAN	STAT5A	794	Homo sapiens	1:Experimental evidence at protein level	Signal transducer and activator of transcription 5A	1.0	0.9982	1	3	3	3	0	0	0	1	0	0	1	0	0	0	0	1	0	0	0	0	0	0	0	1	0	0	1	0	0	0	0	1	0	0	0	0	0	0	0	1	0	0	1	0	0	0	0	1	0	0	0	0	0.0	0.0	0.0	0.0	0.0	0.0	0.0	0.0	0.0	0.0	0.0	0.0	0.0	0.0	0.0	0.0	0.0	0.0	0.0	0.0	0.0	0.0	0.0	0.0	0.0	0.0	0.0	0.0	0.0	0.0	0.0	0.0	
sp|P42285|MTREX_HUMAN	P42285	MTREX_HUMAN	MTREX	1042	Homo sapiens	1:Experimental evidence at protein level	Exosome RNA helicase MTR4	1.0	0.9989	3	20	20	20	1	3	0	1	1	0	3	4	1	1	2	0	1	1	0	1	1	3	0	1	1	0	3	4	1	1	2	0	1	1	0	1	1	3	0	1	1	0	3	4	1	1	2	0	1	1	0	1	0.0	0.0	0.0	0.0	1181.2715	0.0	1919.9183	4451.452	0.0	0.0	0.0	0.0	0.0	0.0	0.0	0.0	0.0	0.0	0.0	0.0	1181.2715	0.0	1919.9183	0.0	0.0	0.0	0.0	0.0	0.0	0.0	0.0	0.0	
sp|P42356|PI4KA_HUMAN	P42356	PI4KA_HUMAN	PI4KA	2102	Homo sapiens	1:Experimental evidence at protein level	Phosphatidylinositol 4-kinase alpha	0.9998	0.9971	2	2	2	2	0	0	0	0	0	0	0	1	0	0	0	1	0	0	0	0	0	0	0	0	0	0	0	1	0	0	0	1	0	0	0	0	0	0	0	0	0	0	0	1	0	0	0	1	0	0	0	0	0.0	0.0	0.0	0.0	0.0	0.0	0.0	0.0	0.0	0.0	0.0	0.0	0.0	0.0	0.0	0.0	0.0	0.0	0.0	0.0	0.0	0.0	0.0	0.0	0.0	0.0	0.0	0.0	0.0	0.0	0.0	0.0	
sp|P42677|RS27_HUMAN	P42677	RS27_HUMAN	RPS27	84	Homo sapiens	1:Experimental evidence at protein level	Small ribosomal subunit protein eS27	0.9677	0.9989	1	5	0	5	0	0	0	0	0	0	0	0	1	2	0	0	0	0	1	1	0	0	0	0	0	0	0	0	0	0	0	0	0	0	0	0	0	0	0	0	0	0	0	0	1	2	0	0	0	0	1	1	0.0	0.0	0.0	0.0	0.0	3355.3945	0.0	0.0	0.0	3246.9016	0.0	0.0	1790.8623	0.0	0.0	2607.545	0.0	0.0	0.0	0.0	0.0	3355.3945	0.0	0.0	0.0	3246.9016	0.0	0.0	1790.8623	0.0	0.0	2607.545	sp|Q71UM5|RS27L_HUMAN
sp|P42704|LPPRC_HUMAN	P42704	LPPRC_HUMAN	LRPPRC	1394	Homo sapiens	1:Experimental evidence at protein level	Leucine-rich PPR motif-containing protein, mitochondrial	1.0	0.999	10	87	87	87	10	3	7	5	3	5	5	7	3	5	5	8	4	5	7	5	10	3	7	5	3	5	5	7	3	5	5	8	4	5	7	5	10	3	7	5	3	5	5	7	3	5	5	8	4	5	7	5	14521.402	10300.121	7049.0283	6597.5356	6212.7246	16116.277	10415.478	9506.194	3438.895	11380.586	4304.4185	8436.779	7947.164	8035.9062	5254.876	8351.104	5932.8228	4582.2246	5034.4736	6811.078	4275.835	6390.412	5856.532	7000.9155	3550.2017	4409.0005	4443.7393	3801.5325	4511.646	3994.4026	3626.2725	4378.0913	
sp|P42766|RL35_HUMAN	P42766	RL35_HUMAN	RPL35	123	Homo sapiens	1:Experimental evidence at protein level	Large ribosomal subunit protein uL29	1.0	0.9985	2	5	5	5	0	1	0	0	0	0	0	1	0	0	0	1	0	2	0	0	0	1	0	0	0	0	0	1	0	0	0	1	0	2	0	0	0	1	0	0	0	0	0	1	0	0	0	1	0	2	0	0	6209.0195	6633.395	0.0	0.0	3075.794	0.0	3498.657	0.0	7030.8564	5516.5957	6318.117	5737.752	5862.4385	7281.388	5878.2144	7293.931	3342.1912	3752.8218	0.0	0.0	4029.369	0.0	4583.33	0.0	3807.2473	2862.4705	3362.649	3190.9688	3335.5962	4033.8677	3372.8037	3871.3435	
sp|P43243|MATR3_HUMAN	P43243	MATR3_HUMAN	MATR3	847	Homo sapiens	1:Experimental evidence at protein level	Matrin-3	1.0	0.999	10	85	85	85	5	2	5	5	8	4	3	9	5	5	6	5	3	8	7	5	5	2	5	5	8	4	3	9	5	5	6	5	3	8	7	5	5	2	5	5	8	4	3	9	5	5	6	5	3	8	7	5	28362.125	16725.78	24510.996	23577.645	30341.611	27607.719	27032.064	31991.006	25165.586	27327.09	25575.258	24015.469	21520.768	27578.451	28546.621	27554.016	13926.653	12703.003	13975.044	14134.081	13450.793	13240.771	12666.17	15516.994	13122.231	14085.287	11933.548	12522.13	12639.378	13532.453	13036.469	12089.457	
sp|P43246|MSH2_HUMAN	P43246	MSH2_HUMAN	MSH2	934	Homo sapiens	1:Experimental evidence at protein level	DNA mismatch repair protein Msh2	0.9544	0.9984	1	1	1	1	0	0	1	0	0	0	0	0	0	0	0	0	0	0	0	0	0	0	1	0	0	0	0	0	0	0	0	0	0	0	0	0	0	0	1	0	0	0	0	0	0	0	0	0	0	0	0	0	0.0	0.0	0.0	0.0	0.0	0.0	0.0	0.0	0.0	0.0	0.0	0.0	0.0	0.0	0.0	0.0	0.0	0.0	0.0	0.0	0.0	0.0	0.0	0.0	0.0	0.0	0.0	0.0	0.0	0.0	0.0	0.0	
sp|P43487|RANG_HUMAN	P43487	RANG_HUMAN	RANBP1	201	Homo sapiens	1:Experimental evidence at protein level	Ran-specific GTPase-activating protein	1.0	0.999	7	84	64	84	3	4	3	3	3	3	3	7	4	8	10	8	5	9	6	5	2	3	2	2	2	2	2	5	3	6	9	7	4	7	5	3	3	4	3	3	3	3	3	7	4	8	10	8	5	9	6	5	41589.543	41295.89	26502.125	33972.36	38693.38	35962.832	38970.75	34582.52	32532.75	49220.3	48010.047	48727.5	46789.246	49842.918	45042.996	43237.51	13212.163	12882.201	13399.361	12737.124	13197.844	12551.083	13104.922	12997.413	14669.954	14425.055	14145.664	14307.066	13789.682	14806.559	13994.305	12888.437	
sp|P43490|NAMPT_HUMAN	P43490	NAMPT_HUMAN	NAMPT	491	Homo sapiens	1:Experimental evidence at protein level	Nicotinamide phosphoribosyltransferase	1.0	0.999	2	32	32	32	3	2	3	4	2	1	3	3	1	1	1	3	2	2	0	1	3	2	3	4	2	1	3	3	1	1	1	3	2	2	0	1	3	2	3	4	2	1	3	3	1	1	1	3	2	2	0	1	0.0	0.0	0.0	0.0	0.0	777.68243	0.0	0.0	0.0	0.0	0.0	0.0	0.0	0.0	0.0	0.0	0.0	0.0	0.0	0.0	0.0	0.0	0.0	0.0	0.0	0.0	0.0	0.0	0.0	0.0	0.0	0.0	
sp|P43616|DUG1_YEAST	P43616	DUG1_YEAST	DUG1	481	Saccharomyces cerevisiae (strain ATCC 204508 / S288c)	1:Experimental evidence at protein level	Cys-Gly metallodipeptidase DUG1	0.9707	0.999	1	3	3	3	0	1	1	0	0	0	1	0	0	0	0	0	0	0	0	0	0	1	1	0	0	0	1	0	0	0	0	0	0	0	0	0	0	1	1	0	0	0	1	0	0	0	0	0	0	0	0	0	0.0	0.0	0.0	0.0	0.0	0.0	0.0	0.0	0.0	0.0	0.0	0.0	0.0	0.0	0.0	0.0	0.0	0.0	0.0	0.0	0.0	0.0	0.0	0.0	0.0	0.0	0.0	0.0	0.0	0.0	0.0	0.0	
sp|P43686|PRS6B_HUMAN	P43686	PRS6B_HUMAN	PSMC4	418	Homo sapiens	1:Experimental evidence at protein level	26S proteasome regulatory subunit 6B	1.0	0.999	3	53	53	53	3	5	4	3	4	4	2	2	4	5	4	3	2	2	5	1	3	5	4	3	4	4	2	2	4	5	4	3	2	2	5	1	3	5	4	3	4	4	2	2	4	5	4	3	2	2	5	1	7729.3936	6343.7485	7074.5366	10302.439	11989.164	10153.569	6835.7627	8630.264	5983.804	9633.837	6802.3755	6298.3276	6581.3013	6372.876	5608.38	8945.677	7729.3936	6343.7485	7074.5366	8238.076	9333.304	7829.313	6835.7627	6899.3843	5983.804	6741.3823	6802.3755	6298.3276	6581.3013	6372.876	5608.38	5992.666	
sp|P45523|FKBA_ECOLI	P45523	FKBA_ECOLI	fkpA	270	Escherichia coli (strain K12)	1:Experimental evidence at protein level	FKBP-type peptidyl-prolyl cis-trans isomerase FkpA	1.0	0.999	5	28	28	28	0	0	2	0	0	0	0	0	2	4	2	5	2	2	5	4	0	0	2	0	0	0	0	0	2	4	2	5	2	2	5	4	0	0	2	0	0	0	0	0	2	4	2	5	2	2	5	4	0.0	0.0	0.0	0.0	0.0	0.0	0.0	0.0	12462.672	16391.406	12134.264	12659.614	10798.266	13769.427	11719.58	14526.585	0.0	0.0	0.0	0.0	0.0	0.0	0.0	0.0	4104.5967	5469.0166	4096.6304	4316.04	4468.204	4663.1196	3881.082	4846.351	
sp|P45565|AIS_ECOLI	P45565	AIS_ECOLI	ais	200	Escherichia coli (strain K12)	2:Experimental evidence at transcript level	Lipopolysaccharide core heptose(II)-phosphate phosphatase	0.9706	0.999	1	8	8	8	0	0	0	0	0	0	0	0	2	1	1	2	0	1	0	1	0	0	0	0	0	0	0	0	2	1	1	2	0	1	0	1	0	0	0	0	0	0	0	0	2	1	1	2	0	1	0	1	0.0	0.0	0.0	0.0	0.0	0.0	0.0	0.0	0.0	0.0	0.0	0.0	0.0	0.0	0.0	0.0	0.0	0.0	0.0	0.0	0.0	0.0	0.0	0.0	0.0	0.0	0.0	0.0	0.0	0.0	0.0	0.0	
sp|P45578|LUXS_ECOLI	P45578	LUXS_ECOLI	luxS	171	Escherichia coli (strain K12)	1:Experimental evidence at protein level	S-ribosylhomocysteine lyase	1.0	0.9988	2	6	6	6	0	0	0	0	0	0	0	0	1	1	0	2	0	1	1	0	0	0	0	0	0	0	0	0	1	1	0	2	0	1	1	0	0	0	0	0	0	0	0	0	1	1	0	2	0	1	1	0	0.0	0.0	0.0	0.0	0.0	0.0	0.0	0.0	0.0	5081.033	2707.163	6118.895	7574.592	5365.4336	4507.997	2497.2034	0.0	0.0	0.0	0.0	0.0	0.0	0.0	0.0	0.0	2887.1782	3617.3367	3563.153	4249.3774	3051.614	2589.841	2555.2856	
sp|P45880|VDAC2_HUMAN	P45880	VDAC2_HUMAN	VDAC2	294	Homo sapiens	1:Experimental evidence at protein level	Non-selective voltage-gated ion channel VDAC2	1.0	0.999	11	105	105	105	5	4	5	3	5	6	8	7	5	5	9	8	6	8	11	10	5	4	5	3	5	6	8	7	5	5	9	8	6	8	11	10	5	4	5	3	5	6	8	7	5	5	9	8	6	8	11	10	25843.79	26109.463	25421.244	21890.186	22177.61	27769.213	23795.371	24472.83	32068.342	25644.215	24188.098	19170.293	25382.49	33262.29	25732.805	31668.125	9180.676	8321.901	8985.762	7090.2695	7978.837	9771.333	8530.652	9113.636	10068.066	8325.551	8433.285	9235.539	9447.749	10017.109	9487.884	9273.024	
sp|P45974|UBP5_HUMAN	P45974	UBP5_HUMAN	USP5	858	Homo sapiens	1:Experimental evidence at protein level	Ubiquitin carboxyl-terminal hydrolase 5	0.9713	0.999	1	26	26	26	1	2	2	1	2	2	2	2	1	2	0	1	2	2	1	3	1	2	2	1	2	2	2	2	1	2	0	1	2	2	1	3	1	2	2	1	2	2	2	2	1	2	0	1	2	2	1	3	3954.2678	0.0	2918.5886	0.0	1667.512	3007.1997	2772.85	3181.6187	0.0	1698.7664	0.0	0.0	2954.454	0.0	1143.1517	1407.4775	3954.2678	0.0	2918.5886	0.0	1667.512	3007.1997	2772.85	3181.6187	0.0	1698.7664	0.0	0.0	2954.454	0.0	1143.1517	1407.4775	
sp|P46060|RAGP1_HUMAN	P46060	RAGP1_HUMAN	RANGAP1	587	Homo sapiens	1:Experimental evidence at protein level	Ran GTPase-activating protein 1	0.9262	0.9973	1	1	1	1	0	0	0	1	0	0	0	0	0	0	0	0	0	0	0	0	0	0	0	1	0	0	0	0	0	0	0	0	0	0	0	0	0	0	0	1	0	0	0	0	0	0	0	0	0	0	0	0	0.0	0.0	0.0	0.0	0.0	0.0	0.0	0.0	0.0	0.0	0.0	0.0	0.0	0.0	0.0	0.0	0.0	0.0	0.0	0.0	0.0	0.0	0.0	0.0	0.0	0.0	0.0	0.0	0.0	0.0	0.0	0.0	
sp|P46108|CRK_HUMAN	P46108	CRK_HUMAN	CRK	304	Homo sapiens	1:Experimental evidence at protein level	Adapter molecule crk	0.961	0.9986	1	2	2	2	0	0	0	1	1	0	0	0	0	0	0	0	0	0	0	0	0	0	0	1	1	0	0	0	0	0	0	0	0	0	0	0	0	0	0	1	1	0	0	0	0	0	0	0	0	0	0	0	0.0	0.0	0.0	0.0	0.0	0.0	0.0	0.0	0.0	0.0	0.0	0.0	0.0	0.0	0.0	0.0	0.0	0.0	0.0	0.0	0.0	0.0	0.0	0.0	0.0	0.0	0.0	0.0	0.0	0.0	0.0	0.0	
sp|P46109|CRKL_HUMAN	P46109	CRKL_HUMAN	CRKL	303	Homo sapiens	1:Experimental evidence at protein level	Crk-like protein	1.0	0.999	4	43	43	43	3	2	2	2	3	3	3	3	1	3	2	3	2	2	6	3	3	2	2	2	3	3	3	3	1	3	2	3	2	2	6	3	3	2	2	2	3	3	3	3	1	3	2	3	2	2	6	3	13587.326	15787.677	15931.883	11673.65	8293.527	11696.971	13252.234	14005.961	12525.529	13366.477	10364.839	13356.756	9326.861	9906.773	13053.417	11485.665	10256.616	11832.351	12037.449	8810.577	8293.527	8487.276	9692.66	10314.683	7447.987	9406.147	8010.199	9498.577	9326.861	7518.982	9762.601	7530.8745	
sp|P46367|ALDH4_YEAST	P46367	ALDH4_YEAST	ALD4	519	Saccharomyces cerevisiae (strain ATCC 204508 / S288c)	1:Experimental evidence at protein level	Potassium-activated aldehyde dehydrogenase, mitochondrial	0.9713	0.999	1	9	9	9	1	1	1	1	2	1	1	1	0	0	0	0	0	0	0	0	1	1	1	1	2	1	1	1	0	0	0	0	0	0	0	0	1	1	1	1	2	1	1	1	0	0	0	0	0	0	0	0	4551.081	0.0	4889.2793	6637.108	6567.7583	5810.168	3905.521	4922.898	0.0	0.0	0.0	0.0	0.0	0.0	0.0	0.0	4551.081	0.0	4889.2793	6637.108	6567.7583	5810.168	3905.521	4922.898	0.0	0.0	0.0	0.0	0.0	0.0	0.0	0.0	
sp|P46655|SYEC_YEAST	P46655	SYEC_YEAST	GUS1	708	Saccharomyces cerevisiae (strain ATCC 204508 / S288c)	1:Experimental evidence at protein level	Glutamate--tRNA ligase, cytoplasmic	1.0	0.999	4	21	21	21	2	2	2	3	1	2	5	1	0	0	0	1	1	0	0	1	2	2	2	3	1	2	5	1	0	0	0	1	1	0	0	1	2	2	2	3	1	2	5	1	0	0	0	1	1	0	0	1	5389.8027	5364.4917	7427.549	7727.32	6804.9854	6756.6006	6417.4326	6805.862	0.0	0.0	2195.3179	3328.1255	2471.6567	2294.5874	1713.4541	0.0	5389.8027	5364.4917	7427.549	7727.32	6804.9854	6756.6006	6417.4326	6805.862	0.0	0.0	2195.3179	3328.1255	2471.6567	2294.5874	1713.4541	0.0	
sp|P46776|RL27A_HUMAN	P46776	RL27A_HUMAN	RPL27A	148	Homo sapiens	1:Experimental evidence at protein level	Large ribosomal subunit protein uL15	1.0	0.999	3	22	22	42	1	1	1	1	1	2	2	1	1	1	1	1	2	3	2	1	1	1	1	1	1	2	2	1	1	1	1	1	2	3	2	1	4	3	2	2	1	2	3	2	3	3	2	3	3	4	4	1	4883.66	4857.3296	4084.9204	4388.1387	4010.4602	5297.539	5218.5435	5415.7217	5638.316	5857.6733	5348.6973	5630.391	8351.75	7479.012	5743.809	5769.039	4883.66	4857.3296	4084.9204	4388.1387	4010.4602	5297.539	5218.5435	5415.7217	5638.316	4894.8657	5348.6973	5630.391	6742.913	5907.5806	5743.809	5769.039	
sp|P46777|RL5_HUMAN	P46777	RL5_HUMAN	RPL5	297	Homo sapiens	1:Experimental evidence at protein level	Large ribosomal subunit protein uL18	1.0	0.999	6	95	95	95	6	6	3	3	3	2	6	10	6	7	8	10	2	9	9	5	6	6	3	3	3	2	6	10	6	7	8	10	2	9	9	5	6	6	3	3	3	2	6	10	6	7	8	10	2	9	9	5	16274.603	20143.059	19491.904	19786.504	15348.891	21478.71	16315.3125	21156.771	23494.09	25326.443	23267.74	20969.146	21857.443	16900.156	18411.299	25961.93	4155.9463	4952.005	5010.0977	4805.0283	5037.6196	4911.1353	5090.5312	5206.2046	5654.802	5597.2295	5065.5215	5452.1284	4922.3555	5016.006	5141.578	6818.5747	
sp|P46778|RL21_HUMAN	P46778	RL21_HUMAN	RPL21	160	Homo sapiens	1:Experimental evidence at protein level	Large ribosomal subunit protein eL21	1.0	0.999	5	67	67	67	5	5	2	1	5	5	3	6	4	3	4	4	3	6	7	4	5	5	2	1	5	5	3	6	4	3	4	4	3	6	7	4	5	5	2	1	5	5	3	6	4	3	4	4	3	6	7	4	11627.772	12676.029	7163.662	10483.823	9845.315	15066.0625	10320.454	11329.916	10551.177	10605.068	9615.543	8281.175	13557.228	13776.68	12312.113	9662.733	5067.0166	5639.0884	4189.377	4632.1914	8123.8857	6385.335	5717.239	4927.7026	4387.444	4009.8467	4254.3296	5279.0835	4486.544	4596.8506	5563.335	4247.7915	
sp|P46782|RS5_HUMAN	P46782	RS5_HUMAN	RPS5	204	Homo sapiens	1:Experimental evidence at protein level	Small ribosomal subunit protein uS7	1.0	0.999	6	94	81	94	6	8	4	7	3	3	6	4	6	6	9	5	6	10	7	4	5	7	4	7	2	2	5	4	5	4	8	4	6	9	6	3	6	8	4	7	3	3	6	4	6	6	9	5	6	10	7	4	19379.627	21809.07	14160.738	19050.39	15672.337	21600.89	20602.668	19120.83	15654.046	23316.096	20847.396	15241.036	22537.85	23454.004	16435.355	22579.39	7010.0063	8223.195	6355.629	7207.5396	5733.1865	7914.9087	7049.713	6742.1846	5872.558	7199.4233	7078.0366	6946.3765	7987.7476	7429.699	5828.397	7082.529	
sp|P46783|RS10_HUMAN	P46783	RS10_HUMAN	RPS10	165	Homo sapiens	1:Experimental evidence at protein level	Small ribosomal subunit protein eS10	1.0	0.9987	2	7	4	7	0	0	0	0	1	0	0	0	0	0	0	2	0	1	0	3	0	0	0	0	1	0	0	0	0	0	0	1	0	1	0	1	0	0	0	0	1	0	0	0	0	0	0	2	0	1	0	3	5148.7534	5632.173	5776.561	4405.6206	5257.093	3775.7078	5814.8306	5817.1772	5266.7837	0.0	6801.725	7420.63	5801.992	7000.454	6772.875	7759.0005	5148.7534	5632.173	5776.561	4405.6206	5257.093	3775.7078	5814.8306	5817.1772	5266.7837	0.0	6801.725	7420.63	5801.992	7000.454	6772.875	7016.334	
sp|P46940|IQGA1_HUMAN	P46940	IQGA1_HUMAN	IQGAP1	1657	Homo sapiens	1:Experimental evidence at protein level	Ras GTPase-activating-like protein IQGAP1	1.0	0.999	3	21	21	21	1	0	2	1	3	2	3	0	0	0	0	2	2	1	2	2	1	0	2	1	3	2	3	0	0	0	0	2	2	1	2	2	1	0	2	1	3	2	3	0	0	0	0	2	2	1	2	2	2335.9912	3724.353	4992.051	1844.8939	6947.5693	5830.584	4460.6836	6236.799	0.0	0.0	0.0	0.0	0.0	0.0	0.0	701.89374	2671.4343	3515.6199	2512.392	2109.8167	3698.0298	3092.3345	2320.3748	3047.1902	0.0	0.0	0.0	0.0	0.0	0.0	0.0	802.68414	
sp|P47018|MTC1_YEAST	P47018	MTC1_YEAST	MTC1	478	Saccharomyces cerevisiae (strain ATCC 204508 / S288c)	1:Experimental evidence at protein level	Maintenance of telomere capping protein 1	0.9713	0.999	1	4	4	4	0	0	1	1	1	0	1	0	0	0	0	0	0	0	0	0	0	0	1	1	1	0	1	0	0	0	0	0	0	0	0	0	0	0	1	1	1	0	1	0	0	0	0	0	0	0	0	0	0.0	0.0	0.0	0.0	0.0	0.0	0.0	0.0	0.0	0.0	0.0	0.0	0.0	0.0	0.0	0.0	0.0	0.0	0.0	0.0	0.0	0.0	0.0	0.0	0.0	0.0	0.0	0.0	0.0	0.0	0.0	0.0	
sp|P47143|ADK_YEAST	P47143	ADK_YEAST	ADO1	340	Saccharomyces cerevisiae (strain ATCC 204508 / S288c)	1:Experimental evidence at protein level	Adenosine kinase	1.0	0.999	6	21	21	21	4	4	3	0	1	2	3	3	0	1	0	0	0	0	0	0	4	4	3	0	1	2	3	3	0	1	0	0	0	0	0	0	4	4	3	0	1	2	3	3	0	1	0	0	0	0	0	0	1650.3896	5376.7227	6376.6943	0.0	4443.914	3936.2615	0.0	3144.0623	0.0	0.0	0.0	0.0	0.0	749.1934	0.0	1583.1804	1709.635	2484.7163	3191.309	0.0	4603.441	4077.5645	0.0	3256.9272	0.0	0.0	0.0	0.0	0.0	776.0878	0.0	1640.0131	
sp|P47176|BCA2_YEAST	P47176	BCA2_YEAST	BAT2	376	Saccharomyces cerevisiae (strain ATCC 204508 / S288c)	1:Experimental evidence at protein level	Branched-chain-amino-acid aminotransferase, cytosolic	0.9609	0.9986	1	3	3	3	0	1	0	0	1	0	1	0	0	0	0	0	0	0	0	0	0	1	0	0	1	0	1	0	0	0	0	0	0	0	0	0	0	1	0	0	1	0	1	0	0	0	0	0	0	0	0	0	0.0	0.0	0.0	0.0	0.0	0.0	0.0	0.0	0.0	0.0	0.0	0.0	0.0	0.0	0.0	0.0	0.0	0.0	0.0	0.0	0.0	0.0	0.0	0.0	0.0	0.0	0.0	0.0	0.0	0.0	0.0	0.0	
sp|P47756|CAPZB_HUMAN	P47756	CAPZB_HUMAN	CAPZB	272	Homo sapiens	1:Experimental evidence at protein level	F-actin-capping protein subunit beta	1.0	0.9989	2	8	8	8	0	0	0	0	0	1	0	1	0	1	1	1	1	1	1	0	0	0	0	0	0	1	0	1	0	1	1	1	1	1	1	0	0	0	0	0	0	1	0	1	0	1	1	1	1	1	1	0	3597.3816	0.0	3134.5928	0.0	0.0	2923.52	2434.6904	3147.6255	2466.8252	2952.6929	2828.2778	2894.5583	3567.1875	2937.24	3349.6865	3617.8481	3597.3816	0.0	3134.5928	0.0	0.0	2923.52	2434.6904	3147.6255	2466.8252	2952.6929	2828.2778	2894.5583	3567.1875	2937.24	3349.6865	3617.8481	
sp|P47897|SYQ_HUMAN	P47897	SYQ_HUMAN	QARS1	775	Homo sapiens	1:Experimental evidence at protein level	Glutamine--tRNA ligase	0.9713	0.999	1	22	22	22	2	1	1	2	2	1	2	2	1	1	2	1	1	1	1	1	2	1	1	2	2	1	2	2	1	1	2	1	1	1	1	1	2	1	1	2	2	1	2	2	1	1	2	1	1	1	1	1	3511.0881	0.0	3576.4346	4559.1724	3990.0637	3908.7092	4170.8706	4052.2903	0.0	0.0	0.0	0.0	0.0	2759.634	0.0	3264.574	3511.0881	0.0	3576.4346	4559.1724	3990.0637	3908.7092	4170.8706	4052.2903	0.0	0.0	0.0	0.0	0.0	2759.634	0.0	3264.574	
sp|P48047|ATPO_HUMAN	P48047	ATPO_HUMAN	ATP5PO	213	Homo sapiens	1:Experimental evidence at protein level	ATP synthase peripheral stalk subunit OSCP, mitochondrial	1.0	0.999	3	13	13	13	0	1	0	1	1	1	0	1	0	1	2	1	1	1	2	0	0	1	0	1	1	1	0	1	0	1	2	1	1	1	2	0	0	1	0	1	1	1	0	1	0	1	2	1	1	1	2	0	2966.326	0.0	2268.083	2042.8209	0.0	3693.0422	1706.3077	2061.2766	0.0	2604.146	2861.219	2197.6604	1421.4323	2188.6797	3073.8936	1738.7297	2966.326	0.0	2268.083	2042.8209	0.0	3693.0422	1706.3077	2061.2766	0.0	2604.146	2861.219	2197.6604	1421.4323	2188.6797	3073.8936	1738.7297	
sp|P48164|RS7B_YEAST	P48164	RS7B_YEAST	RPS7B	190	Saccharomyces cerevisiae (strain ATCC 204508 / S288c)	1:Experimental evidence at protein level	Small ribosomal subunit protein eS7B	0.9987	0.9984	3	3	3	27	0	0	0	0	1	1	0	1	0	0	0	0	0	0	0	0	0	0	0	0	1	1	0	1	0	0	0	0	0	0	0	0	2	2	3	0	3	2	2	3	3	2	1	2	0	1	0	1	0.0	0.0	0.0	0.0	0.0	0.0	0.0	0.0	0.0	0.0	0.0	0.0	0.0	0.0	0.0	0.0	0.0	0.0	0.0	0.0	0.0	0.0	0.0	0.0	0.0	0.0	0.0	0.0	0.0	0.0	0.0	0.0	
sp|P48510|DSK2_YEAST	P48510	DSK2_YEAST	DSK2	373	Saccharomyces cerevisiae (strain ATCC 204508 / S288c)	1:Experimental evidence at protein level	Ubiquitin domain-containing protein DSK2	1.0	0.9989	2	6	6	6	1	0	1	0	1	1	1	1	0	0	0	0	0	0	0	0	1	0	1	0	1	1	1	1	0	0	0	0	0	0	0	0	1	0	1	0	1	1	1	1	0	0	0	0	0	0	0	0	4270.8047	4085.032	3686.4521	6188.499	4330.753	4921.8003	3986.8315	3198.5693	0.0	0.0	0.0	0.0	0.0	0.0	0.0	0.0	4270.8047	4085.032	3686.4521	6188.499	4330.753	4921.8003	3986.8315	3198.5693	0.0	0.0	0.0	0.0	0.0	0.0	0.0	0.0	
sp|P48556|PSMD8_HUMAN	P48556	PSMD8_HUMAN	PSMD8	350	Homo sapiens	1:Experimental evidence at protein level	26S proteasome non-ATPase regulatory subunit 8	0.952	0.9983	1	2	2	2	0	0	0	1	0	0	1	0	0	0	0	0	0	0	0	0	0	0	0	1	0	0	1	0	0	0	0	0	0	0	0	0	0	0	0	1	0	0	1	0	0	0	0	0	0	0	0	0	0.0	0.0	0.0	1809.5983	0.0	0.0	2998.554	3560.7102	0.0	0.0	0.0	0.0	0.0	0.0	0.0	0.0	0.0	0.0	0.0	1809.5983	0.0	0.0	2998.554	3560.7102	0.0	0.0	0.0	0.0	0.0	0.0	0.0	0.0	
sp|P48637|GSHB_HUMAN	P48637	GSHB_HUMAN	GSS	474	Homo sapiens	1:Experimental evidence at protein level	Glutathione synthetase	0.8953	0.9961	1	4	4	4	0	0	0	0	0	1	0	0	0	0	0	1	1	0	0	1	0	0	0	0	0	1	0	0	0	0	0	1	1	0	0	1	0	0	0	0	0	1	0	0	0	0	0	1	1	0	0	1	0.0	0.0	0.0	0.0	0.0	0.0	0.0	0.0	0.0	0.0	0.0	0.0	0.0	0.0	0.0	0.0	0.0	0.0	0.0	0.0	0.0	0.0	0.0	0.0	0.0	0.0	0.0	0.0	0.0	0.0	0.0	0.0	
sp|P48643|TCPE_HUMAN	P48643	TCPE_HUMAN	CCT5	541	Homo sapiens	1:Experimental evidence at protein level	T-complex protein 1 subunit epsilon	1.0	0.999	15	274	274	274	15	17	14	10	18	14	19	21	12	20	16	20	12	19	26	21	15	17	14	10	18	14	19	21	12	20	16	20	12	19	26	21	15	17	14	10	18	14	19	21	12	20	16	20	12	19	26	21	82243.56	70936.59	81396.99	83128.625	87960.625	92177.016	73173.73	89219.25	72048.94	79301.984	72907.57	70194.4	86162.41	74769.125	79377.664	62082.39	14986.462	14784.361	15108.43	15768.466	15140.665	15386.291	14671.683	15142.455	14190.588	14279.436	13046.179	14676.656	14631.408	14029.379	14192.524	13873.758	
sp|P48735|IDHP_HUMAN	P48735	IDHP_HUMAN	IDH2	452	Homo sapiens	1:Experimental evidence at protein level	Isocitrate dehydrogenase [NADP], mitochondrial	0.9713	0.999	1	11	11	11	0	0	0	2	0	0	1	1	0	0	1	1	2	1	0	2	0	0	0	2	0	0	1	1	0	0	1	1	2	1	0	2	0	0	0	2	0	0	1	1	0	0	1	1	2	1	0	2	0.0	0.0	0.0	0.0	0.0	0.0	0.0	0.0	0.0	0.0	0.0	0.0	0.0	0.0	0.0	0.0	0.0	0.0	0.0	0.0	0.0	0.0	0.0	0.0	0.0	0.0	0.0	0.0	0.0	0.0	0.0	0.0	
sp|P49006|MRP_HUMAN	P49006	MRP_HUMAN	MARCKSL1	195	Homo sapiens	1:Experimental evidence at protein level	MARCKS-related protein	0.9712	0.999	1	4	4	4	0	0	0	0	0	0	0	0	0	1	0	2	0	0	0	1	0	0	0	0	0	0	0	0	0	1	0	2	0	0	0	1	0	0	0	0	0	0	0	0	0	1	0	2	0	0	0	1	0.0	0.0	0.0	0.0	0.0	0.0	0.0	0.0	0.0	0.0	0.0	0.0	0.0	0.0	0.0	0.0	0.0	0.0	0.0	0.0	0.0	0.0	0.0	0.0	0.0	0.0	0.0	0.0	0.0	0.0	0.0	0.0	
sp|P49321|NASP_HUMAN	P49321	NASP_HUMAN	NASP	788	Homo sapiens	1:Experimental evidence at protein level	Nuclear autoantigenic sperm protein	1.0	0.999	14	236	236	236	13	16	15	10	15	10	14	11	13	18	19	20	11	15	20	16	13	16	15	10	15	10	14	11	13	18	19	20	11	15	20	16	13	16	15	10	15	10	14	11	13	18	19	20	11	15	20	16	54308.94	34669.2	47073.71	39948.527	53168.996	47472.867	51943.57	45714.727	56960.613	67776.555	64214.29	62919.754	63015.145	70670.14	59562.54	58795.887	9874.901	9132.206	9482.092	9472.581	9256.034	8844.395	9808.804	9131.31	10379.857	11090.784	10139.793	9571.555	9715.111	10837.503	10449.355	9692.767	
sp|P49327|FAS_HUMAN	P49327	FAS_HUMAN	FASN	2511	Homo sapiens	1:Experimental evidence at protein level	Fatty acid synthase	1.0	0.999	7	69	69	69	4	4	6	1	4	3	4	4	2	3	7	7	4	7	4	5	4	4	6	1	4	3	4	4	2	3	7	7	4	7	4	5	4	4	6	1	4	3	4	4	2	3	7	7	4	7	4	5	17137.207	15949.168	16938.326	10305.0625	7131.075	16698.713	9939.871	16854.64	8505.196	17434.4	13802.679	15494.163	16119.107	13028.234	15355.63	20211.068	7860.9497	5702.747	7849.6353	6770.9883	6209.22	7615.273	6758.6646	8079.2603	4291.769	7125.151	6222.0156	6021.871	7633.6255	7025.0137	6125.437	7927.432	
sp|P49368|TCPG_HUMAN	P49368	TCPG_HUMAN	CCT3	545	Homo sapiens	1:Experimental evidence at protein level	T-complex protein 1 subunit gamma	1.0	0.999	14	128	122	128	3	6	6	12	10	6	10	11	4	8	10	7	8	9	9	9	3	6	4	12	10	6	10	11	4	8	10	6	7	7	9	9	3	6	6	12	10	6	10	11	4	8	10	7	8	9	9	9	31488.006	17890.83	11527.3125	28243.86	23972.58	25847.033	32216.121	33621.527	27797.113	29330.965	35787.418	34325.355	42148.33	45789.027	36197.812	35054.11	8011.5005	6825.617	6925.126	8055.019	8403.202	7901.493	8532.608	8399.492	8049.7144	7828.1807	9125.74	7818.0034	7254.0425	7988.804	8165.29	8455.698	
sp|P49411|EFTU_HUMAN	P49411	EFTU_HUMAN	TUFM	455	Homo sapiens	1:Experimental evidence at protein level	Elongation factor Tu, mitochondrial	1.0	0.999	10	92	75	92	6	5	5	3	7	4	7	5	6	7	5	7	2	8	7	8	4	4	3	3	6	3	6	4	4	5	5	6	2	8	6	6	6	5	5	3	7	4	7	5	6	7	5	7	2	8	7	8	25947.904	32109.715	28145.191	27815.809	24163.13	25280.28	20414.848	30594.584	29410.377	32138.754	28246.756	33351.086	24055.023	25994.646	26089.543	30756.754	11010.088	11804.389	11398.447	11227.453	10834.486	10890.23	9838.7	13007.638	11455.125	11337.126	11182.57	12121.0205	9158.73	10162.356	10682.778	10566.949	
sp|P49458|SRP09_HUMAN	P49458	SRP09_HUMAN	SRP9	86	Homo sapiens	1:Experimental evidence at protein level	Signal recognition particle 9 kDa protein	0.9712	0.999	1	3	3	3	0	0	1	0	0	0	0	0	0	0	0	0	0	1	1	0	0	0	1	0	0	0	0	0	0	0	0	0	0	1	1	0	0	0	1	0	0	0	0	0	0	0	0	0	0	1	1	0	0.0	0.0	0.0	0.0	0.0	0.0	0.0	0.0	0.0	2602.8616	0.0	0.0	0.0	2432.5103	2326.7183	919.7523	0.0	0.0	0.0	0.0	0.0	0.0	0.0	0.0	0.0	2602.8616	0.0	0.0	0.0	2432.5103	2326.7183	919.7523	
sp|P49588|SYAC_HUMAN	P49588	SYAC_HUMAN	AARS1	968	Homo sapiens	1:Experimental evidence at protein level	Alanine--tRNA ligase, cytoplasmic	1.0	0.999	6	105	105	105	8	5	7	7	9	6	7	6	6	6	6	9	7	7	5	4	8	5	7	7	9	6	7	6	6	6	6	9	7	7	5	4	8	5	7	7	9	6	7	6	6	6	6	9	7	7	5	4	6082.9775	6662.196	10097.257	6002.545	5294.3306	734.94916	10670.6045	9565.144	0.0	7356.503	3969.3542	7485.7896	9486.031	5215.8647	2250.392	4640.7095	3689.952	4116.9434	4571.151	4936.0654	4223.6064	970.3962	4162.3564	4935.8965	0.0	4149.3477	3824.8804	4282.1997	3393.9656	2388.11	2572.0027	2318.7327	
sp|P49591|SYSC_HUMAN	P49591	SYSC_HUMAN	SARS1	514	Homo sapiens	1:Experimental evidence at protein level	Serine--tRNA ligase, cytoplasmic	1.0	0.999	3	11	11	11	0	1	0	0	2	0	1	2	0	1	1	0	1	1	1	0	0	1	0	0	2	0	1	2	0	1	1	0	1	1	1	0	0	1	0	0	2	0	1	2	0	1	1	0	1	1	1	0	0.0	0.0	0.0	0.0	0.0	0.0	0.0	0.0	0.0	0.0	0.0	0.0	0.0	0.0	0.0	0.0	0.0	0.0	0.0	0.0	0.0	0.0	0.0	0.0	0.0	0.0	0.0	0.0	0.0	0.0	0.0	0.0	
sp|P49720|PSB3_HUMAN	P49720	PSB3_HUMAN	PSMB3	205	Homo sapiens	1:Experimental evidence at protein level	Proteasome subunit beta type-3	1.0	0.999	1	43	43	43	4	3	3	3	3	1	3	5	1	2	2	3	2	3	2	3	4	3	3	3	3	1	3	5	1	2	2	3	2	3	2	3	4	3	3	3	3	1	3	5	1	2	2	3	2	3	2	3	0.0	0.0	0.0	0.0	2151.8877	0.0	2341.1846	0.0	0.0	2640.1216	0.0	1912.0308	2237.841	1462.522	0.0	0.0	0.0	0.0	0.0	0.0	2151.8877	0.0	2341.1846	0.0	0.0	2640.1216	0.0	1912.0308	2237.841	1462.522	0.0	0.0	
sp|P49723|RIR4_YEAST	P49723	RIR4_YEAST	RNR4	345	Saccharomyces cerevisiae (strain ATCC 204508 / S288c)	1:Experimental evidence at protein level	Ribonucleoside-diphosphate reductase small chain 2	1.0	0.999	5	83	83	83	7	11	4	7	13	9	11	8	1	2	2	1	2	3	1	1	7	11	4	7	13	9	11	8	1	2	2	1	2	3	1	1	7	11	4	7	13	9	11	8	1	2	2	1	2	3	1	1	24483.486	21649.096	21212.23	24283.213	26483.928	25806.236	26181.895	23352.508	0.0	7614.4766	3933.212	3199.5627	4623.2417	5188.8174	3859.07	4266.737	7829.3687	7963.353	8542.626	8034.275	8153.512	8206.631	8350.345	7372.4297	0.0	4223.548	3806.5708	3096.5437	3085.5051	3811.7417	3928.587	4129.357	
sp|P49736|MCM2_HUMAN	P49736	MCM2_HUMAN	MCM2	904	Homo sapiens	1:Experimental evidence at protein level	DNA replication licensing factor MCM2	1.0	0.9987	2	2	2	2	1	0	0	0	0	0	0	0	0	0	0	0	0	1	0	0	1	0	0	0	0	0	0	0	0	0	0	0	0	1	0	0	1	0	0	0	0	0	0	0	0	0	0	0	0	1	0	0	2452.8076	1779.2172	0.0	0.0	0.0	0.0	0.0	0.0	2627.7175	2938.9321	2732.4697	2636.3853	1721.7266	2845.3787	2491.9487	1635.601	2452.8076	1779.2172	0.0	0.0	0.0	0.0	0.0	0.0	2627.7175	2938.9321	2732.4697	2636.3853	1721.7266	2845.3787	2491.9487	1635.601	
sp|P49748|ACADV_HUMAN	P49748	ACADV_HUMAN	ACADVL	655	Homo sapiens	1:Experimental evidence at protein level	Very long-chain acyl-CoA dehydrogenase, mitochondrial	1.0	0.9964	2	4	4	4	0	1	0	0	0	0	0	0	0	0	1	1	0	0	1	0	0	1	0	0	0	0	0	0	0	0	1	1	0	0	1	0	0	1	0	0	0	0	0	0	0	0	1	1	0	0	1	0	0.0	0.0	0.0	0.0	0.0	0.0	0.0	0.0	0.0	0.0	0.0	0.0	0.0	0.0	0.0	0.0	0.0	0.0	0.0	0.0	0.0	0.0	0.0	0.0	0.0	0.0	0.0	0.0	0.0	0.0	0.0	0.0	
sp|P49773|HINT1_HUMAN	P49773	HINT1_HUMAN	HINT1	126	Homo sapiens	1:Experimental evidence at protein level	Adenosine 5'-monophosphoramidase HINT1	1.0	0.999	4	39	39	39	2	2	1	2	1	1	3	1	6	5	4	4	2	2	2	1	2	2	1	2	1	1	3	1	6	5	4	4	2	2	2	1	2	2	1	2	1	1	3	1	6	5	4	4	2	2	2	1	10560.564	10765.966	9626.801	10666.32	9642.739	10793.784	0.0	10190.561	8951.575	10685.86	10771.15	3951.1528	8932.504	9075.679	10282.842	10952.089	6098.6265	6228.7812	5578.0454	6171.0425	5555.708	6246.002	0.0	5850.12	4762.2	6181.2354	6230.442	3951.1528	5147.4873	5044.104	5945.2476	6341.08	
sp|P49915|GUAA_HUMAN	P49915	GUAA_HUMAN	GMPS	693	Homo sapiens	1:Experimental evidence at protein level	GMP synthase [glutamine-hydrolyzing]	1.0	0.999	11	102	102	102	7	9	4	6	6	4	8	8	2	9	5	7	4	7	7	9	7	9	4	6	6	4	8	8	2	9	5	7	4	7	7	9	7	9	4	6	6	4	8	8	2	9	5	7	4	7	7	9	10169.039	6720.658	11560.854	3157.376	13037.797	12143.659	7456.5156	11796.55	5735.7446	8982.07	4198.234	0.0	14191.508	3841.516	5709.2197	11810.2	4616.2393	3153.497	4026.8608	2476.2642	4850.2773	4198.5923	4985.0044	4683.395	4279.709	3222.92	3751.253	0.0	3806.1455	3341.0063	3257.1472	2393.879	
sp|P50395|GDIB_HUMAN	P50395	GDIB_HUMAN	GDI2	445	Homo sapiens	1:Experimental evidence at protein level	Rab GDP dissociation inhibitor beta	1.0	0.999	9	144	65	144	7	8	10	10	14	7	8	7	4	10	11	12	9	9	10	8	2	3	5	5	7	4	3	3	0	6	5	5	4	4	5	4	7	8	10	10	14	7	8	7	4	10	11	12	9	9	10	8	31796.848	24190.008	31799.168	28521.633	31870.092	27398.314	27901.3	31011.99	24162.635	27645.6	28467.74	18955.54	27831.102	25835.473	28857.744	30059.191	11113.002	10437.008	11130.789	10345.694	9965.366	10363.987	10346.925	11584.123	10181.694	9802.081	9529.717	8483.777	9139.117	8394.146	10269.385	9359.235	
sp|P50454|SERPH_HUMAN	P50454	SERPH_HUMAN	SERPINH1	418	Homo sapiens	1:Experimental evidence at protein level	Serpin H1	0.9713	0.999	1	22	22	22	1	2	1	2	2	1	1	1	1	2	2	1	0	1	3	1	1	2	1	2	2	1	1	1	1	2	2	1	0	1	3	1	1	2	1	2	2	1	1	1	1	2	2	1	0	1	3	1	0.0	0.0	4644.334	0.0	0.0	0.0	3967.2683	0.0	0.0	0.0	0.0	0.0	4512.456	0.0	0.0	4398.226	0.0	0.0	4644.334	0.0	0.0	0.0	3967.2683	0.0	0.0	0.0	0.0	0.0	4512.456	0.0	0.0	4398.226	
sp|P50570|DYN2_HUMAN	P50570	DYN2_HUMAN	DNM2	870	Homo sapiens	1:Experimental evidence at protein level	Dynamin-2	1.0	0.9988	3	12	12	12	1	1	2	1	0	1	1	1	0	0	0	1	1	0	1	1	1	1	2	1	0	1	1	1	0	0	0	1	1	0	1	1	1	1	2	1	0	1	1	1	0	0	0	1	1	0	1	1	1067.7954	0.0	2689.79	2282.3079	3010.9717	2363.7068	2644.358	0.0	0.0	0.0	0.0	0.0	0.0	0.0	0.0	0.0	1067.7954	0.0	2689.79	2282.3079	3010.9717	2363.7068	2644.358	0.0	0.0	0.0	0.0	0.0	0.0	0.0	0.0	0.0	
sp|P50579|MAP2_HUMAN	P50579	MAP2_HUMAN	METAP2	478	Homo sapiens	1:Experimental evidence at protein level	Methionine aminopeptidase 2	1.0	0.999	2	11	11	11	0	2	0	0	2	1	1	1	0	2	0	0	0	0	2	0	0	2	0	0	2	1	1	1	0	2	0	0	0	0	2	0	0	2	0	0	2	1	1	1	0	2	0	0	0	0	2	0	0.0	0.0	0.0	0.0	2070.4487	2676.3486	0.0	3002.9644	2105.366	0.0	2390.7136	3230.276	2691.2146	2551.1392	2863.66	0.0	0.0	0.0	0.0	0.0	2070.4487	2676.3486	0.0	3002.9644	2105.366	0.0	2390.7136	3230.276	2691.2146	2551.1392	2863.66	0.0	
sp|P50990|TCPQ_HUMAN	P50990	TCPQ_HUMAN	CCT8	548	Homo sapiens	1:Experimental evidence at protein level	T-complex protein 1 subunit theta	1.0	0.999	23	226	226	226	6	14	9	7	16	8	16	17	12	14	21	19	9	16	24	18	6	14	9	7	16	8	16	17	12	14	21	19	9	16	24	18	6	14	9	7	16	8	16	17	12	14	21	19	9	16	24	18	71554.37	70295.87	69295.69	48190.305	74464.484	65498.74	74686.25	66605.89	71699.77	74462.43	83410.266	85971.44	72637.945	69928.836	74205.8	75631.35	7908.701	7647.338	7784.2524	7421.018	8163.8003	7916.321	7718.719	7944.06	8409.175	7811.96	9022.169	8777.306	8005.4585	8070.5786	8005.6733	8391.808	
sp|P50991|TCPD_HUMAN	P50991	TCPD_HUMAN	CCT4	539	Homo sapiens	1:Experimental evidence at protein level	T-complex protein 1 subunit delta	1.0	0.999	16	85	85	85	4	3	4	2	5	3	7	5	2	11	5	5	8	7	9	5	4	3	4	2	5	3	7	5	2	11	5	5	8	7	9	5	4	3	4	2	5	3	7	5	2	11	5	5	8	7	9	5	24851.18	21540.52	19006.08	17850.566	21838.668	16224.46	27541.834	26485.94	15763.995	15680.422	19400.363	18274.562	13019.532	18459.705	22971.254	24530.984	7002.202	6527.7812	6649.95	6729.0186	7035.55	9414.935	7744.441	7443.5923	5565.7695	5377.47	5771.3647	5979.77	5396.293	6020.658	6146.7446	5793.0044	
sp|P50995|ANX11_HUMAN	P50995	ANX11_HUMAN	ANXA11	505	Homo sapiens	1:Experimental evidence at protein level	Annexin A11	0.9689	0.9989	1	4	4	4	0	0	1	0	0	0	0	0	0	1	0	0	1	0	0	1	0	0	1	0	0	0	0	0	0	1	0	0	1	0	0	1	0	0	1	0	0	0	0	0	0	1	0	0	1	0	0	1	0.0	0.0	0.0	0.0	0.0	0.0	0.0	0.0	0.0	0.0	759.64453	0.0	3158.2778	1573.2339	0.0	0.0	0.0	0.0	0.0	0.0	0.0	0.0	0.0	0.0	0.0	0.0	759.64453	0.0	3158.2778	1573.2339	0.0	0.0	
sp|P51398|RT29_HUMAN	P51398	RT29_HUMAN	DAP3	398	Homo sapiens	1:Experimental evidence at protein level	Small ribosomal subunit protein mS29	0.9711	0.999	1	2	2	2	0	0	1	1	0	0	0	0	0	0	0	0	0	0	0	0	0	0	1	1	0	0	0	0	0	0	0	0	0	0	0	0	0	0	1	1	0	0	0	0	0	0	0	0	0	0	0	0	0.0	0.0	0.0	0.0	0.0	0.0	0.0	0.0	0.0	0.0	0.0	0.0	0.0	0.0	0.0	0.0	0.0	0.0	0.0	0.0	0.0	0.0	0.0	0.0	0.0	0.0	0.0	0.0	0.0	0.0	0.0	0.0	
sp|P51401|RL9B_YEAST	P51401	RL9B_YEAST	RPL9B	191	Saccharomyces cerevisiae (strain ATCC 204508 / S288c)	1:Experimental evidence at protein level	Large ribosomal subunit protein uL6B	1.0	0.999	7	59	40	59	5	6	5	4	5	5	5	7	0	4	2	3	0	2	3	3	2	4	4	3	3	2	3	4	0	3	2	3	0	2	3	2	5	6	5	4	5	5	5	7	0	4	2	3	0	2	3	3	17824.826	21007.404	13692.477	19465.865	13136.771	17094.16	15887.448	22548.748	6329.698	5959.442	2922.537	5099.1045	0.0	6552.3086	7684.169	6510.08	4977.9014	4934.1216	5114.5103	5171.471	4680.0923	5156.424	5824.1826	5446.741	3757.2043	3523.752	3673.634	3025.96	0.0	3853.9048	3306.0415	3866.03	
sp|P51659|DHB4_HUMAN	P51659	DHB4_HUMAN	HSD17B4	736	Homo sapiens	1:Experimental evidence at protein level	Peroxisomal multifunctional enzyme type 2	1.0	0.9978	2	2	2	2	0	0	0	0	0	1	0	0	0	0	0	0	0	0	1	0	0	0	0	0	0	1	0	0	0	0	0	0	0	0	1	0	0	0	0	0	0	1	0	0	0	0	0	0	0	0	1	0	0.0	0.0	0.0	0.0	0.0	0.0	0.0	0.0	0.0	0.0	0.0	0.0	0.0	0.0	0.0	0.0	0.0	0.0	0.0	0.0	0.0	0.0	0.0	0.0	0.0	0.0	0.0	0.0	0.0	0.0	0.0	0.0	
sp|P51665|PSMD7_HUMAN	P51665	PSMD7_HUMAN	PSMD7	324	Homo sapiens	1:Experimental evidence at protein level	26S proteasome non-ATPase regulatory subunit 7	1.0	0.999	3	17	17	17	2	0	2	0	0	2	2	1	0	0	1	1	1	2	2	1	2	0	2	0	0	2	2	1	0	0	1	1	1	2	2	1	2	0	2	0	0	2	2	1	0	0	1	1	1	2	2	1	0.0	0.0	4983.5254	5576.7173	0.0	7399.375	7200.7114	5371.115	0.0	0.0	3637.164	0.0	6571.9976	3869.8896	5700.931	3757.1912	0.0	0.0	4983.5254	5576.7173	0.0	7399.375	7200.7114	5371.115	0.0	0.0	3637.164	0.0	6571.9976	3869.8896	5700.931	3757.1912	
sp|P51858|HDGF_HUMAN	P51858	HDGF_HUMAN	HDGF	240	Homo sapiens	1:Experimental evidence at protein level	Hepatoma-derived growth factor	1.0	0.999	6	55	55	55	2	2	1	3	3	3	6	4	4	2	5	4	2	5	5	4	2	2	1	3	3	3	6	4	4	2	5	4	2	5	5	4	2	2	1	3	3	3	6	4	4	2	5	4	2	5	5	4	15409.64	13698.503	18763.434	15547.222	18651.727	11951.069	14596.767	16581.49	13908.625	15671.915	15668.078	20807.137	11781.268	19625.715	21135.662	19715.645	6487.8286	6110.287	7087.4507	5800.894	6917.3804	5757.0796	6722.8765	6006.334	6403.614	7043.837	7008.4917	7147.091	5194.004	6162.8545	7110.7915	6980.438	
sp|P51991|ROA3_HUMAN	P51991	ROA3_HUMAN	HNRNPA3	378	Homo sapiens	1:Experimental evidence at protein level	Heterogeneous nuclear ribonucleoprotein A3	1.0	0.999	11	97	97	171	6	4	4	3	9	7	7	6	5	6	5	7	6	8	8	6	6	4	4	3	9	7	7	6	5	6	5	7	6	8	8	6	10	10	8	7	13	11	12	10	10	12	11	11	8	13	13	12	45378.703	39820.32	39539.492	35797.88	37969.645	44413.4	43194.38	43433.86	41844.742	51855.51	53418.04	52513.793	49972.14	44831.95	35594.797	32452.229	14113.791	13560.677	12698.112	12559.81	13341.288	13123.176	13581.3	14179.382	15328.654	15896.444	16622.746	16848.945	15522.593	14207.538	12123.16	14723.463	
sp|P52209|6PGD_HUMAN	P52209	6PGD_HUMAN	PGD	483	Homo sapiens	1:Experimental evidence at protein level	6-phosphogluconate dehydrogenase, decarboxylating	1.0	0.999	12	116	108	116	5	8	3	4	3	7	9	6	6	10	8	9	6	10	11	11	4	7	3	4	3	6	8	5	6	10	8	8	6	10	10	10	5	8	3	4	3	7	9	6	6	10	8	9	6	10	11	11	21175.39	21530.748	23780.277	23867.861	20787.92	24097.506	19031.62	24588.045	16093.832	23378.79	26544.352	21359.69	28115.21	18945.941	22476.006	23671.61	5635.7124	5511.309	5831.022	5793.951	5898.0713	6178.7114	5603.9756	6044.333	5600.211	5743.5063	5761.445	5851.031	5730.413	4891.051	5443.332	5707.285	
sp|P52272|HNRPM_HUMAN	P52272	HNRPM_HUMAN	HNRNPM	730	Homo sapiens	1:Experimental evidence at protein level	Heterogeneous nuclear ribonucleoprotein M	1.0	0.999	19	223	223	223	9	13	11	8	11	14	13	14	15	20	19	15	7	20	15	19	9	13	11	8	11	14	13	14	15	20	19	15	7	20	15	19	9	13	11	8	11	14	13	14	15	20	19	15	7	20	15	19	64827.176	64174.05	69046.664	72116.17	60897.008	76932.77	69087.39	75740.945	74519.32	65665.78	78438.28	67204.89	74825.664	76341.266	79717.22	85991.375	11397.781	11627.748	11715.055	11268.686	11793.515	11408.552	11301.601	11910.38	11326.576	11633.369	12488.61	11717.308	11852.676	12347.008	11713.397	12316.927	
sp|P52292|IMA1_HUMAN	P52292	IMA1_HUMAN	KPNA2	529	Homo sapiens	1:Experimental evidence at protein level	Importin subunit alpha-1	1.0	0.999	4	11	11	11	0	2	2	1	0	0	2	1	0	0	1	0	0	0	2	0	0	2	2	1	0	0	2	1	0	0	1	0	0	0	2	0	0	2	2	1	0	0	2	1	0	0	1	0	0	0	2	0	3976.7605	6411.767	4006.8074	4215.862	3426.243	3736.7349	0.0	3183.6997	0.0	8902.251	5075.317	2567.0488	9560.187	5273.5884	8801.225	4485.5674	3794.076	3566.9575	3822.7427	4022.1936	3268.8481	3565.0767	0.0	3037.447	0.0	3694.903	3699.1301	3491.029	3980.8916	3181.211	3489.29	3312.695	
sp|P52434|RPAB3_HUMAN	P52434	RPAB3_HUMAN	POLR2H	150	Homo sapiens	1:Experimental evidence at protein level	DNA-directed RNA polymerases I, II, and III subunit RPABC3	0.9713	0.999	1	21	21	21	2	1	2	2	1	2	1	1	2	1	1	0	1	2	1	1	2	1	2	2	1	2	1	1	2	1	1	0	1	2	1	1	2	1	2	2	1	2	1	1	2	1	1	0	1	2	1	1	3797.5037	0.0	5065.7803	4861.602	4077.174	5868.5312	0.0	5851.868	0.0	0.0	2609.9734	0.0	2752.455	0.0	3694.599	3332.1643	3797.5037	0.0	5065.7803	4861.602	4077.174	5868.5312	0.0	5851.868	0.0	0.0	2609.9734	0.0	2752.455	0.0	3694.599	3332.1643	
sp|P52565|GDIR1_HUMAN	P52565	GDIR1_HUMAN	ARHGDIA	204	Homo sapiens	1:Experimental evidence at protein level	Rho GDP-dissociation inhibitor 1	1.0	0.999	4	28	28	28	3	1	0	0	1	1	2	2	1	3	3	2	1	3	2	3	3	1	0	0	1	1	2	2	1	3	3	2	1	3	2	3	3	1	0	0	1	1	2	2	1	3	3	2	1	3	2	3	9225.303	10329.16	9335.551	9175.193	7643.803	7491.6675	4011.718	4163.0034	5000.708	10814.234	3832.5107	16559.227	9949.482	10219.472	6754.695	8344.238	5500.121	3982.7896	4847.4507	4561.1494	4519.5625	4093.8193	4048.3782	4201.0464	5046.406	4308.2114	5813.03	5418.107	5478.6436	4738.3516	4100.176	5095.592	
sp|P52597|HNRPF_HUMAN	P52597	HNRPF_HUMAN	HNRNPF	415	Homo sapiens	1:Experimental evidence at protein level	Heterogeneous nuclear ribonucleoprotein F	1.0	0.999	5	36	36	67	2	2	2	2	2	1	3	2	2	4	4	2	1	2	1	4	2	2	2	2	2	1	3	2	2	4	4	2	1	2	1	4	3	3	5	4	5	2	5	4	4	6	7	4	2	4	3	6	20686.336	18013.367	21307.316	19335.926	19182.79	24532.77	20194.352	20367.889	20393.93	19790.035	19234.102	18452.377	22560.12	17766.832	20556.867	22413.951	13476.102	11865.116	13635.544	12904.985	12067.519	15116.77	12232.483	13184.337	13892.79	12741.212	12465.306	11859.302	13794.75	11022.33	12843.278	13999.184	
sp|P52701|MSH6_HUMAN	P52701	MSH6_HUMAN	MSH6	1360	Homo sapiens	1:Experimental evidence at protein level	DNA mismatch repair protein Msh6	0.9711	0.999	1	2	2	2	0	0	0	0	0	0	0	0	0	0	0	0	0	1	1	0	0	0	0	0	0	0	0	0	0	0	0	0	0	1	1	0	0	0	0	0	0	0	0	0	0	0	0	0	0	1	1	0	0.0	0.0	0.0	0.0	0.0	0.0	0.0	0.0	0.0	0.0	0.0	0.0	0.0	0.0	0.0	0.0	0.0	0.0	0.0	0.0	0.0	0.0	0.0	0.0	0.0	0.0	0.0	0.0	0.0	0.0	0.0	0.0	
sp|P52758|RIDA_HUMAN	P52758	RIDA_HUMAN	RIDA	137	Homo sapiens	1:Experimental evidence at protein level	2-iminobutanoate/2-iminopropanoate deaminase	1.0	0.999	2	6	6	6	1	0	1	0	1	1	0	0	0	0	0	0	1	1	0	0	1	0	1	0	1	1	0	0	0	0	0	0	1	1	0	0	1	0	1	0	1	1	0	0	0	0	0	0	1	1	0	0	0.0	0.0	0.0	0.0	0.0	0.0	0.0	0.0	0.0	0.0	0.0	0.0	0.0	0.0	0.0	0.0	0.0	0.0	0.0	0.0	0.0	0.0	0.0	0.0	0.0	0.0	0.0	0.0	0.0	0.0	0.0	0.0	
sp|P52788|SPSY_HUMAN	P52788	SPSY_HUMAN	SMS	366	Homo sapiens	1:Experimental evidence at protein level	Spermine synthase	1.0	0.999	2	32	32	32	2	1	1	2	2	4	2	2	1	3	1	3	1	3	2	2	2	1	1	2	2	4	2	2	1	3	1	3	1	3	2	2	2	1	1	2	2	4	2	2	1	3	1	3	1	3	2	2	5712.173	3035.7546	4007.0693	3905.04	4564.417	4643.995	4557.201	4282.9683	3036.0037	2522.7715	0.0	3376.7908	4366.4883	2786.7615	2855.7866	3262.5447	5712.173	3035.7546	4007.0693	3905.04	4564.417	4643.995	4557.201	4282.9683	3036.0037	2522.7715	0.0	3376.7908	4366.4883	2786.7615	2855.7866	3262.5447	
sp|P52815|RM12_HUMAN	P52815	RM12_HUMAN	MRPL12	198	Homo sapiens	1:Experimental evidence at protein level	Large ribosomal subunit protein bL12m	1.0	0.999	2	19	19	19	0	0	1	2	4	2	2	2	0	1	2	0	0	1	1	1	0	0	1	2	4	2	2	2	0	1	2	0	0	1	1	1	0	0	1	2	4	2	2	2	0	1	2	0	0	1	1	1	2807.4253	0.0	3236.469	3320.9941	3574.5657	2902.9675	2974.485	1512.5292	0.0	0.0	2144.1414	0.0	1073.2557	0.0	0.0	1478.6863	2807.4253	0.0	3236.469	3320.9941	3574.5657	2902.9675	2974.485	1512.5292	0.0	0.0	2144.1414	0.0	1073.2557	0.0	0.0	1478.6863	
sp|P52907|CAZA1_HUMAN	P52907	CAZA1_HUMAN	CAPZA1	286	Homo sapiens	1:Experimental evidence at protein level	F-actin-capping protein subunit alpha-1	1.0	0.9981	5	6	4	6	0	0	0	0	0	1	0	2	0	0	0	1	1	0	0	1	0	0	0	0	0	1	0	2	0	0	0	0	1	0	0	0	0	0	0	0	0	1	0	2	0	0	0	1	1	0	0	1	0.0	0.0	0.0	0.0	0.0	0.0	0.0	0.0	0.0	2154.604	0.0	2425.1897	2406.739	0.0	2175.8699	2968.7627	0.0	0.0	0.0	0.0	0.0	0.0	0.0	0.0	0.0	2154.604	0.0	2425.1897	1723.409	0.0	2175.8699	1621.4209	
sp|P52948|NUP98_HUMAN	P52948	NUP98_HUMAN	NUP98	1817	Homo sapiens	1:Experimental evidence at protein level	Nuclear pore complex protein Nup98-Nup96	0.8977	0.9962	1	1	1	1	0	0	0	0	0	0	0	1	0	0	0	0	0	0	0	0	0	0	0	0	0	0	0	1	0	0	0	0	0	0	0	0	0	0	0	0	0	0	0	1	0	0	0	0	0	0	0	0	0.0	0.0	0.0	0.0	0.0	0.0	0.0	0.0	0.0	0.0	0.0	0.0	0.0	0.0	0.0	0.0	0.0	0.0	0.0	0.0	0.0	0.0	0.0	0.0	0.0	0.0	0.0	0.0	0.0	0.0	0.0	0.0	
sp|P53004|BIEA_HUMAN	P53004	BIEA_HUMAN	BLVRA	296	Homo sapiens	1:Experimental evidence at protein level	Biliverdin reductase A	0.9537	0.9984	1	1	1	1	0	0	0	0	0	0	0	0	0	0	0	1	0	0	0	0	0	0	0	0	0	0	0	0	0	0	0	1	0	0	0	0	0	0	0	0	0	0	0	0	0	0	0	1	0	0	0	0	0.0	0.0	0.0	0.0	0.0	0.0	0.0	0.0	0.0	0.0	0.0	0.0	0.0	0.0	0.0	0.0	0.0	0.0	0.0	0.0	0.0	0.0	0.0	0.0	0.0	0.0	0.0	0.0	0.0	0.0	0.0	0.0	
sp|P53184|PNC1_YEAST	P53184	PNC1_YEAST	PNC1	216	Saccharomyces cerevisiae (strain ATCC 204508 / S288c)	1:Experimental evidence at protein level	Nicotinamidase	1.0	0.999	2	14	14	14	1	3	1	0	1	2	2	0	0	1	0	1	1	0	1	0	1	3	1	0	1	2	2	0	0	1	0	1	1	0	1	0	1	3	1	0	1	2	2	0	0	1	0	1	1	0	1	0	0.0	0.0	3174.0745	0.0	0.0	0.0	2777.1252	2263.343	0.0	0.0	0.0	0.0	0.0	0.0	0.0	0.0	0.0	0.0	3174.0745	0.0	0.0	0.0	2777.1252	2263.343	0.0	0.0	0.0	0.0	0.0	0.0	0.0	0.0	
sp|P53252|PIL1_YEAST	P53252	PIL1_YEAST	PIL1	339	Saccharomyces cerevisiae (strain ATCC 204508 / S288c)	1:Experimental evidence at protein level	Sphingolipid long chain base-responsive protein PIL1	1.0	0.999	2	22	22	22	3	1	1	3	2	2	4	1	0	3	0	0	1	0	1	0	3	1	1	3	2	2	4	1	0	3	0	0	1	0	1	0	3	1	1	3	2	2	4	1	0	3	0	0	1	0	1	0	3586.855	0.0	0.0	4186.2983	0.0	0.0	7782.8276	0.0	0.0	0.0	0.0	0.0	0.0	0.0	0.0	0.0	3586.855	0.0	0.0	4186.2983	0.0	0.0	7782.8276	0.0	0.0	0.0	0.0	0.0	0.0	0.0	0.0	0.0	
sp|P53281|LSB1_YEAST	P53281	LSB1_YEAST	LSB1	241	Saccharomyces cerevisiae (strain ATCC 204508 / S288c)	1:Experimental evidence at protein level	LAS seventeen-binding protein 1	0.9433	0.998	1	2	2	2	0	0	0	0	0	1	1	0	0	0	0	0	0	0	0	0	0	0	0	0	0	1	1	0	0	0	0	0	0	0	0	0	0	0	0	0	0	1	1	0	0	0	0	0	0	0	0	0	0.0	0.0	0.0	0.0	0.0	0.0	0.0	0.0	0.0	0.0	0.0	0.0	0.0	0.0	0.0	0.0	0.0	0.0	0.0	0.0	0.0	0.0	0.0	0.0	0.0	0.0	0.0	0.0	0.0	0.0	0.0	0.0	
sp|P53396|ACLY_HUMAN	P53396	ACLY_HUMAN	ACLY	1101	Homo sapiens	1:Experimental evidence at protein level	ATP-citrate synthase	1.0	0.999	4	49	49	49	3	5	4	3	4	3	4	3	2	3	2	1	3	3	4	2	3	5	4	3	4	3	4	3	2	3	2	1	3	3	4	2	3	5	4	3	4	3	4	3	2	3	2	1	3	3	4	2	10099.665	9384.33	10034.558	3211.6362	11415.088	10358.309	9709.625	10463.071	4650.75	7483.5596	5071.577	6180.9585	4158.694	8198.509	5035.2	8115.226	5955.7593	5583.8203	5904.071	5116.084	6794.727	6296.999	5595.3154	5972.844	2827.8162	4343.7515	2733.2144	3789.4414	6624.731	4713.138	3115.9153	4614.983	
sp|P53618|COPB_HUMAN	P53618	COPB_HUMAN	COPB1	953	Homo sapiens	1:Experimental evidence at protein level	Coatomer subunit beta	0.9623	0.9987	1	2	2	2	0	1	0	0	0	0	0	1	0	0	0	0	0	0	0	0	0	1	0	0	0	0	0	1	0	0	0	0	0	0	0	0	0	1	0	0	0	0	0	1	0	0	0	0	0	0	0	0	0.0	0.0	0.0	0.0	0.0	0.0	0.0	0.0	0.0	0.0	0.0	0.0	0.0	0.0	0.0	0.0	0.0	0.0	0.0	0.0	0.0	0.0	0.0	0.0	0.0	0.0	0.0	0.0	0.0	0.0	0.0	0.0	
sp|P53675|CLH2_HUMAN	P53675	CLH2_HUMAN	CLTCL1	1640	Homo sapiens	1:Experimental evidence at protein level	Clathrin heavy chain 2	0.9985	0.9983	2	1	1	21	0	0	0	0	0	0	0	0	0	0	0	0	0	0	1	0	0	0	0	0	0	0	0	0	0	0	0	0	0	0	1	0	1	0	1	2	2	1	1	1	1	1	3	1	0	1	4	1	0.0	0.0	0.0	0.0	0.0	0.0	0.0	0.0	0.0	0.0	0.0	0.0	0.0	0.0	0.0	0.0	0.0	0.0	0.0	0.0	0.0	0.0	0.0	0.0	0.0	0.0	0.0	0.0	0.0	0.0	0.0	0.0	
sp|P53912|YNN4_YEAST	P53912	YNN4_YEAST	YNL134C	376	Saccharomyces cerevisiae (strain ATCC 204508 / S288c)	1:Experimental evidence at protein level	Uncharacterized protein YNL134C	1.0	0.999	3	29	29	29	3	3	2	3	4	4	3	3	0	0	1	1	0	2	0	0	3	3	2	3	4	4	3	3	0	0	1	1	0	2	0	0	3	3	2	3	4	4	3	3	0	0	1	1	0	2	0	0	8825.936	13861.695	13606.433	15062.289	16797.527	16015.428	16675.8	15583.958	0.0	2883.5986	2851.0378	2955.0605	0.0	0.0	2632.3594	2852.1472	5543.179	5851.2563	5801.366	6906.3726	7362.04	6575.7207	7004.4995	6857.5815	0.0	2883.5986	2851.0378	2955.0605	0.0	0.0	2632.3594	2852.1472	
sp|P53999|TCP4_HUMAN	P53999	TCP4_HUMAN	SUB1	127	Homo sapiens	1:Experimental evidence at protein level	Activated RNA polymerase II transcriptional coactivator p15	1.0	0.999	2	23	23	23	1	1	0	0	1	1	1	1	1	2	3	2	3	2	3	1	1	1	0	0	1	1	1	1	1	2	3	2	3	2	3	1	1	1	0	0	1	1	1	1	1	2	3	2	3	2	3	1	7010.9453	8684.906	9980.601	5732.2456	5792.2183	2878.228	7656.6177	6117.306	10343.648	9029.453	9312.621	12356.8	9839.374	7282.618	10030.067	10989.518	4398.776	5910.4453	7031.5444	5491.0303	5548.479	6827.7495	4841.4126	5859.887	7258.543	6057.962	6342.6763	8595.904	6756.0767	6976.162	6783.28	7602.174	
sp|P54115|ALDH6_YEAST	P54115	ALDH6_YEAST	ALD6	500	Saccharomyces cerevisiae (strain ATCC 204508 / S288c)	1:Experimental evidence at protein level	Magnesium-activated aldehyde dehydrogenase, cytosolic	1.0	0.999	14	119	114	119	9	11	8	7	13	8	15	12	5	6	4	2	4	4	6	5	9	10	8	7	12	7	14	12	5	6	4	2	4	4	6	4	9	11	8	7	13	8	15	12	5	6	4	2	4	4	6	5	34759.168	29792.95	33040.48	31864.893	29501.752	31574.422	32498.547	31569.174	5623.303	2304.1167	8310.101	7334.6387	6737.675	10156.646	10645.606	14018.607	6405.331	7527.3286	6766.629	6278.1465	6727.7656	6944.2	6708.0767	7110.541	4328.0645	2293.487	3528.8518	4253.0776	2699.963	3374.8413	3569.9763	3701.9043	
sp|P54577|SYYC_HUMAN	P54577	SYYC_HUMAN	YARS1	528	Homo sapiens	1:Experimental evidence at protein level	Tyrosine--tRNA ligase, cytoplasmic	1.0	0.9986	6	12	12	12	0	1	0	0	2	0	0	1	0	2	4	0	0	1	1	0	0	1	0	0	2	0	0	1	0	2	4	0	0	1	1	0	0	1	0	0	2	0	0	1	0	2	4	0	0	1	1	0	0.0	6029.149	0.0	3890.7869	0.0	3053.6697	1403.3147	0.0	7433.204	6967.3706	3919.6675	4666.5547	0.0	5614.3115	9166.588	2396.9294	0.0	3014.151	0.0	3147.9746	0.0	3984.4814	1831.0695	0.0	2725.1716	3495.6365	2829.359	2843.5405	0.0	4120.8643	3033.4712	3127.5554	
sp|P54578|UBP14_HUMAN	P54578	UBP14_HUMAN	USP14	494	Homo sapiens	1:Experimental evidence at protein level	Ubiquitin carboxyl-terminal hydrolase 14	1.0	0.999	3	10	10	10	1	0	0	0	0	0	1	2	1	1	1	1	1	0	1	0	1	0	0	0	0	0	1	2	1	1	1	1	1	0	1	0	1	0	0	0	0	0	1	2	1	1	1	1	1	0	1	0	0.0	1096.703	0.0	0.0	2352.7356	1739.1694	0.0	0.0	2488.8567	2417.7522	4801.7324	1887.8721	0.0	2004.7478	3882.051	2020.1875	0.0	1159.3108	0.0	0.0	2134.9312	1578.166	0.0	0.0	2630.9387	2555.7751	2325.254	1995.6455	0.0	2119.1934	1910.7219	2135.5144	
sp|P54652|HSP72_HUMAN	P54652	HSP72_HUMAN	HSPA2	639	Homo sapiens	1:Experimental evidence at protein level	Heat shock-related 70 kDa protein 2	1.0	0.9947	15	4	4	281	0	0	0	0	0	0	0	1	0	0	1	1	0	0	0	1	0	0	0	0	0	0	0	1	0	0	1	1	0	0	0	1	23	21	17	10	20	14	21	19	13	16	18	23	14	19	18	15	0.0	0.0	0.0	0.0	0.0	0.0	0.0	0.0	0.0	0.0	0.0	0.0	0.0	0.0	0.0	0.0	0.0	0.0	0.0	0.0	0.0	0.0	0.0	0.0	0.0	0.0	0.0	0.0	0.0	0.0	0.0	0.0	
sp|P54725|RD23A_HUMAN	P54725	RD23A_HUMAN	RAD23A	363	Homo sapiens	1:Experimental evidence at protein level	Lysine-specific demethylase RAD23A	0.9992	0.999	2	22	22	30	1	1	2	2	1	1	1	2	0	1	2	1	1	2	3	1	1	1	2	2	1	1	1	2	0	1	2	1	1	2	3	1	2	1	2	2	1	1	2	3	0	2	3	1	1	4	3	2	4385.145	5127.362	5896.2026	4544.434	5668.8467	4527.954	4842.4434	5316.704	3144.2185	4091.8872	3652.2114	2710.334	4573.7974	3980.0388	3051.2048	2738.486	4385.145	5127.362	5896.2026	4544.434	5668.8467	4527.954	4842.4434	5316.704	3144.2185	4091.8872	3652.2114	2710.334	4573.7974	3980.0388	3051.2048	2738.486	
sp|P54727|RD23B_HUMAN	P54727	RD23B_HUMAN	RAD23B	409	Homo sapiens	1:Experimental evidence at protein level	Lysine-specific demethylase RAD23B	1.0	0.999	3	61	53	61	4	4	2	4	5	3	5	5	3	2	5	2	2	7	3	5	3	4	2	4	5	3	4	4	3	1	4	2	2	5	3	4	4	4	2	4	5	3	5	5	3	2	5	2	2	7	3	5	15110.602	15781.137	10779.51	12759.436	16258.504	15434.143	14233.82	16253.676	10253.729	13235.561	16764.693	7050.4844	13957.09	15431.923	12761.8125	13554.197	7036.822	7325.3833	6028.511	7991.09	7168.867	6711.735	7149.184	7925.413	7044.797	6946.7437	8363.073	6897.307	6800.004	7233.112	6193.238	6519.102	
sp|P54819|KAD2_HUMAN	P54819	KAD2_HUMAN	AK2	239	Homo sapiens	1:Experimental evidence at protein level	Adenylate kinase 2, mitochondrial	1.0	0.999	10	124	110	124	10	5	4	6	7	7	9	9	7	11	7	10	4	8	11	9	10	5	4	6	7	7	9	9	6	8	7	8	3	5	10	6	10	5	4	6	7	7	9	9	7	11	7	10	4	8	11	9	26845.057	22336.184	20096.018	21843.156	18054.52	26002.887	17725.023	22192.32	25705.748	27433.043	22786.93	27318.49	26751.91	22557.727	21310.18	19769.893	5209.1914	4991.941	5052.635	5856.822	5091.759	5293.9355	6024.333	5150.731	5348.768	5106.4355	6186.1934	4574.2495	5255.821	4264.2344	5456.659	4538.1836	
sp|P55010|IF5_HUMAN	P55010	IF5_HUMAN	EIF5	431	Homo sapiens	1:Experimental evidence at protein level	Eukaryotic translation initiation factor 5	1.0	0.999	3	21	21	21	1	3	1	0	2	1	3	1	0	2	1	1	0	0	4	1	1	3	1	0	2	1	3	1	0	2	1	1	0	0	4	1	1	3	1	0	2	1	3	1	0	2	1	1	0	0	4	1	0.0	1580.8711	1835.8909	1745.0721	1895.7523	5139.3965	2106.0913	4227.261	666.58887	2475.2905	1697.7241	2720.2964	3619.145	1689.6469	2775.7058	4245.716	0.0	1599.8135	1857.8889	1765.982	1918.4677	2870.6484	2131.327	4277.913	674.5761	3211.8066	2202.8774	3529.7134	1795.712	2192.3967	2808.965	2412.8333	
sp|P55060|XPO2_HUMAN	P55060	XPO2_HUMAN	CSE1L	971	Homo sapiens	1:Experimental evidence at protein level	Exportin-2	1.0	0.999	6	32	32	32	1	1	2	2	2	1	2	3	2	1	3	4	2	2	2	2	1	1	2	2	2	1	2	3	2	1	3	4	2	2	2	2	1	1	2	2	2	1	2	3	2	1	3	4	2	2	2	2	3675.2402	4333.28	4787.818	1888.641	3752.2437	3805.0447	0.0	3996.6091	2243.5305	8166.323	63906.35	8956.45	2808.1523	0.0	7566.71	66807.9	5576.047	6574.4194	7264.0415	2865.432	5692.876	5772.9854	0.0	6063.6255	3403.8677	3508.8086	7341.162	4458.709	4260.508	0.0	3352.6882	29902.695	
sp|P55072|TERA_HUMAN	P55072	TERA_HUMAN	VCP	806	Homo sapiens	1:Experimental evidence at protein level	Transitional endoplasmic reticulum ATPase	1.0	0.999	13	193	193	193	16	15	10	11	12	10	17	12	10	12	16	12	7	11	13	9	16	15	10	11	12	10	17	12	10	12	16	12	7	11	13	9	16	15	10	11	12	10	17	12	10	12	16	12	7	11	13	9	23532.926	27702.719	28851.654	23448.035	28397.098	37717.543	29141.285	32523.773	21337.229	32391.535	42028.227	49150.953	31670.86	26345.523	55836.125	62049.152	12476.201	12199.519	11625.689	9528.431	10543.573	12031.676	10597.26	11278.52	11291.913	9848.77	12227.898	12439.792	12086.334	9997.569	11516.437	11169.164	
sp|P55084|ECHB_HUMAN	P55084	ECHB_HUMAN	HADHB	474	Homo sapiens	1:Experimental evidence at protein level	Trifunctional enzyme subunit beta, mitochondrial	1.0	0.998	1	4	4	4	0	0	0	0	1	0	1	0	0	1	1	0	0	0	0	0	0	0	0	0	1	0	1	0	0	1	1	0	0	0	0	0	0	0	0	0	1	0	1	0	0	1	1	0	0	0	0	0	0.0	0.0	0.0	0.0	0.0	0.0	0.0	0.0	0.0	0.0	0.0	0.0	0.0	0.0	0.0	0.0	0.0	0.0	0.0	0.0	0.0	0.0	0.0	0.0	0.0	0.0	0.0	0.0	0.0	0.0	0.0	0.0	
sp|P55209|NP1L1_HUMAN	P55209	NP1L1_HUMAN	NAP1L1	391	Homo sapiens	1:Experimental evidence at protein level	Nucleosome assembly protein 1-like 1	1.0	0.999	7	143	138	143	7	7	8	5	8	12	9	10	8	9	10	11	4	12	12	11	7	7	8	5	8	12	9	10	8	8	10	10	4	11	11	10	7	7	8	5	8	12	9	10	8	9	10	11	4	12	12	11	18084.436	20271.258	16100.096	18844.584	17979.693	22752.652	20679.271	26464.262	14353.132	20263.598	11852.598	17270.775	25176.217	17792.752	19622.715	20553.457	8742.415	9597.33	7809.317	7520.8066	7223.376	7988.515	7175.0337	9148.133	6906.66	8596.689	7583.7964	8641.595	9504.639	8350.233	8025.8105	7069.474	
sp|P55263|ADK_HUMAN	P55263	ADK_HUMAN	ADK	362	Homo sapiens	1:Experimental evidence at protein level	Adenosine kinase	1.0	0.9984	1	9	9	9	0	0	0	0	3	1	1	1	0	1	0	1	0	1	0	0	0	0	0	0	3	1	1	1	0	1	0	1	0	1	0	0	0	0	0	0	3	1	1	1	0	1	0	1	0	1	0	0	0.0	0.0	0.0	0.0	0.0	0.0	0.0	0.0	0.0	0.0	0.0	0.0	0.0	0.0	0.0	0.0	0.0	0.0	0.0	0.0	0.0	0.0	0.0	0.0	0.0	0.0	0.0	0.0	0.0	0.0	0.0	0.0	
sp|P55786|PSA_HUMAN	P55786	PSA_HUMAN	NPEPPS	919	Homo sapiens	1:Experimental evidence at protein level	Puromycin-sensitive aminopeptidase	0.9279	0.9974	1	3	3	3	1	0	0	0	0	0	0	1	1	0	0	0	0	0	0	0	1	0	0	0	0	0	0	1	1	0	0	0	0	0	0	0	1	0	0	0	0	0	0	1	1	0	0	0	0	0	0	0	0.0	0.0	0.0	0.0	0.0	0.0	0.0	0.0	0.0	0.0	0.0	0.0	0.0	0.0	0.0	0.0	0.0	0.0	0.0	0.0	0.0	0.0	0.0	0.0	0.0	0.0	0.0	0.0	0.0	0.0	0.0	0.0	
sp|P55795|HNRH2_HUMAN	P55795	HNRH2_HUMAN	HNRNPH2	449	Homo sapiens	1:Experimental evidence at protein level	Heterogeneous nuclear ribonucleoprotein H2	0.9997	0.999	4	2	2	51	0	1	0	0	0	0	0	0	0	0	1	0	0	0	0	0	0	1	0	0	0	0	0	0	0	0	1	0	0	0	0	0	3	3	3	2	5	3	3	3	2	3	4	3	2	2	4	6	0.0	0.0	0.0	0.0	0.0	0.0	0.0	0.0	0.0	0.0	0.0	0.0	0.0	0.0	0.0	0.0	0.0	0.0	0.0	0.0	0.0	0.0	0.0	0.0	0.0	0.0	0.0	0.0	0.0	0.0	0.0	0.0	
sp|P55809|SCOT1_HUMAN	P55809	SCOT1_HUMAN	OXCT1	520	Homo sapiens	1:Experimental evidence at protein level	Succinyl-CoA:3-ketoacid coenzyme A transferase 1, mitochondrial	0.9713	0.999	1	12	12	12	2	1	1	1	2	0	1	1	1	0	0	0	0	0	1	1	2	1	1	1	2	0	1	1	1	0	0	0	0	0	1	1	2	1	1	1	2	0	1	1	1	0	0	0	0	0	1	1	0.0	0.0	0.0	0.0	0.0	0.0	0.0	3158.4375	0.0	0.0	0.0	0.0	0.0	0.0	0.0	0.0	0.0	0.0	0.0	0.0	0.0	0.0	0.0	0.0	0.0	0.0	0.0	0.0	0.0	0.0	0.0	0.0	
sp|P55854|SUMO3_HUMAN	P55854	SUMO3_HUMAN	SUMO3	103	Homo sapiens	1:Experimental evidence at protein level	Small ubiquitin-related modifier 3	0.9995	0.9989	2	2	2	15	1	0	0	0	0	0	0	0	0	0	1	0	0	0	0	0	1	0	0	0	0	0	0	0	0	0	1	0	0	0	0	0	2	1	0	0	1	1	1	1	1	1	2	1	0	1	1	1	0.0	0.0	0.0	0.0	0.0	0.0	2263.1885	0.0	1843.18	1658.783	771.7798	0.0	1884.8564	0.0	0.0	1305.998	0.0	0.0	0.0	0.0	0.0	0.0	2263.1885	0.0	1843.18	1658.783	771.7798	0.0	1884.8564	0.0	0.0	1305.998	
sp|P55884|EIF3B_HUMAN	P55884	EIF3B_HUMAN	EIF3B	814	Homo sapiens	1:Experimental evidence at protein level	Eukaryotic translation initiation factor 3 subunit B	1.0	0.999	2	10	10	10	0	0	1	0	1	0	0	0	1	2	0	2	0	1	2	0	0	0	1	0	1	0	0	0	1	2	0	2	0	1	2	0	0	0	1	0	1	0	0	0	1	2	0	2	0	1	2	0	0.0	0.0	0.0	0.0	0.0	0.0	0.0	0.0	0.0	0.0	0.0	0.0	0.0	0.0	0.0	0.0	0.0	0.0	0.0	0.0	0.0	0.0	0.0	0.0	0.0	0.0	0.0	0.0	0.0	0.0	0.0	0.0	
sp|P56385|ATP5I_HUMAN	P56385	ATP5I_HUMAN	ATP5ME	69	Homo sapiens	1:Experimental evidence at protein level	ATP synthase F(0) complex subunit e, mitochondrial	0.9364	0.9977	1	4	4	4	0	0	0	0	0	0	0	0	1	0	0	0	0	1	1	1	0	0	0	0	0	0	0	0	1	0	0	0	0	1	1	1	0	0	0	0	0	0	0	0	1	0	0	0	0	1	1	1	2814.1072	0.0	0.0	2980.1394	4035.9739	3631.5488	3570.0789	4222.5273	4363.2075	4119.819	3649.5024	4202.0327	2788.5203	3423.7136	3809.6248	4491.2314	2814.1072	0.0	0.0	2980.1394	4035.9739	3631.5488	3570.0789	4222.5273	4363.2075	4119.819	3649.5024	4202.0327	2788.5203	3423.7136	3809.6248	4491.2314	
sp|P56537|IF6_HUMAN	P56537	IF6_HUMAN	EIF6	245	Homo sapiens	1:Experimental evidence at protein level	Eukaryotic translation initiation factor 6	0.969	0.9989	1	2	2	2	0	0	0	0	0	0	0	0	0	0	0	0	0	0	1	1	0	0	0	0	0	0	0	0	0	0	0	0	0	0	1	1	0	0	0	0	0	0	0	0	0	0	0	0	0	0	1	1	0.0	0.0	0.0	0.0	0.0	0.0	0.0	0.0	0.0	0.0	0.0	0.0	0.0	0.0	0.0	0.0	0.0	0.0	0.0	0.0	0.0	0.0	0.0	0.0	0.0	0.0	0.0	0.0	0.0	0.0	0.0	0.0	
sp|P56628|RL22B_YEAST	P56628	RL22B_YEAST	RPL22B	122	Saccharomyces cerevisiae (strain ATCC 204508 / S288c)	1:Experimental evidence at protein level	Large ribosomal subunit protein eL22B	0.9991	0.999	2	2	2	13	0	0	1	0	0	0	0	1	0	0	0	0	0	0	0	0	0	0	1	0	0	0	0	1	0	0	0	0	0	0	0	0	1	1	2	1	2	1	1	2	0	1	0	0	0	1	0	0	0.0	0.0	0.0	0.0	0.0	0.0	0.0	0.0	0.0	0.0	0.0	0.0	0.0	0.0	0.0	0.0	0.0	0.0	0.0	0.0	0.0	0.0	0.0	0.0	0.0	0.0	0.0	0.0	0.0	0.0	0.0	0.0	
sp|P57076|CF298_HUMAN	P57076	CF298_HUMAN	CFAP298	290	Homo sapiens	1:Experimental evidence at protein level	Cilia- and flagella-associated protein 298	0.9991	0.9955	2	3	3	3	0	0	0	0	0	0	0	0	0	1	0	1	0	0	0	1	0	0	0	0	0	0	0	0	0	1	0	1	0	0	0	1	0	0	0	0	0	0	0	0	0	1	0	1	0	0	0	1	0.0	0.0	0.0	0.0	0.0	0.0	0.0	0.0	0.0	0.0	0.0	0.0	0.0	0.0	0.0	0.0	0.0	0.0	0.0	0.0	0.0	0.0	0.0	0.0	0.0	0.0	0.0	0.0	0.0	0.0	0.0	0.0	
sp|P57740|NU107_HUMAN	P57740	NU107_HUMAN	NUP107	925	Homo sapiens	1:Experimental evidence at protein level	Nuclear pore complex protein Nup107	0.8447	0.9938	1	2	2	2	0	0	0	2	0	0	0	0	0	0	0	0	0	0	0	0	0	0	0	2	0	0	0	0	0	0	0	0	0	0	0	0	0	0	0	2	0	0	0	0	0	0	0	0	0	0	0	0	0.0	0.0	0.0	0.0	0.0	0.0	0.0	0.0	0.0	0.0	0.0	0.0	0.0	0.0	0.0	0.0	0.0	0.0	0.0	0.0	0.0	0.0	0.0	0.0	0.0	0.0	0.0	0.0	0.0	0.0	0.0	0.0	
sp|P58107|EPIPL_HUMAN	P58107	EPIPL_HUMAN	EPPK1	5088	Homo sapiens	1:Experimental evidence at protein level	Epiplakin	0.9637	0.9987	1	1	1	1	0	0	0	0	0	0	0	0	0	0	0	1	0	0	0	0	0	0	0	0	0	0	0	0	0	0	0	1	0	0	0	0	0	0	0	0	0	0	0	0	0	0	0	1	0	0	0	0	0.0	0.0	0.0	0.0	0.0	0.0	0.0	0.0	0.0	0.0	0.0	0.0	0.0	0.0	0.0	0.0	0.0	0.0	0.0	0.0	0.0	0.0	0.0	0.0	0.0	0.0	0.0	0.0	0.0	0.0	0.0	0.0	
sp|P58546|MTPN_HUMAN	P58546	MTPN_HUMAN	MTPN	118	Homo sapiens	1:Experimental evidence at protein level	Myotrophin	1.0	0.999	2	5	5	5	0	0	0	0	0	1	0	0	0	0	0	1	0	1	0	2	0	0	0	0	0	1	0	0	0	0	0	1	0	1	0	2	0	0	0	0	0	1	0	0	0	0	0	1	0	1	0	2	3882.3784	3913.3838	0.0	0.0	4805.399	6245.3696	0.0	5160.895	0.0	4337.8945	3166.0073	5029.184	4944.367	5666.3613	4794.6997	6674.5913	2518.7957	3913.3838	0.0	0.0	4805.399	3589.5479	0.0	5160.895	0.0	4337.8945	3166.0073	5029.184	4944.367	5666.3613	4794.6997	6674.5913	
sp|P60010|ACT_YEAST	P60010	ACT_YEAST	ACT1	375	Saccharomyces cerevisiae (strain ATCC 204508 / S288c)	1:Experimental evidence at protein level	Actin	1.0	0.999	15	168	168	450	15	16	17	12	16	17	13	15	2	7	6	7	4	9	6	6	15	16	17	12	16	17	13	15	2	7	6	7	4	9	6	6	33	30	29	21	30	35	33	32	21	29	26	27	14	32	31	27	19315.758	20150.154	26204.922	20417.979	24500.418	27006.133	29167.258	25961.23	7081.3296	0.0	5160.6084	0.0	0.0	3893.4424	4843.95	4656.0894	7930.001	7216.582	8377.981	8048.825	10119.918	8832.433	9234.542	8522.521	3710.7632	0.0	2976.4287	0.0	0.0	2208.7244	2788.8262	2638.6482	
sp|P60174|TPIS_HUMAN	P60174	TPIS_HUMAN	TPI1	249	Homo sapiens	1:Experimental evidence at protein level	Triosephosphate isomerase	1.0	0.999	14	210	210	210	13	15	11	9	10	12	10	15	10	17	15	21	14	11	13	14	13	15	11	9	10	12	10	15	10	17	15	21	14	11	13	14	13	15	11	9	10	12	10	15	10	17	15	21	14	11	13	14	89633.984	87026.69	76303.49	81950.15	85534.65	72467.414	67691.25	76650.62	104164.0	88559.875	96458.69	113477.38	100518.56	86633.04	78561.695	106295.99	22956.074	20866.486	22938.092	20178.111	21128.744	19828.578	19533.771	21458.84	23397.514	24733.375	25727.818	25164.02	21580.82	21431.115	23160.861	23975.363	
sp|P60422|RL2_ECOLI	P60422	RL2_ECOLI	rplB	273	Escherichia coli (strain K12)	1:Experimental evidence at protein level	Large ribosomal subunit protein uL2	1.0	0.999	10	101	101	101	0	0	1	0	0	2	1	0	11	10	12	14	6	14	16	14	0	0	1	0	0	2	1	0	11	10	12	14	6	14	16	14	0	0	1	0	0	2	1	0	11	10	12	14	6	14	16	14	8780.104	9285.394	11138.588	5843.491	10427.137	14742.455	12505.82	5692.2715	65717.375	61840.504	61951.504	70175.76	67218.25	66680.54	70956.04	66726.555	3350.7878	3734.533	3214.246	3769.8125	3938.569	3461.7039	3389.6277	3202.538	10081.769	10270.475	10708.217	9868.822	9994.261	9954.585	10196.043	10195.402	
sp|P60438|RL3_ECOLI	P60438	RL3_ECOLI	rplC	209	Escherichia coli (strain K12)	1:Experimental evidence at protein level	Large ribosomal subunit protein uL3	1.0	0.999	9	159	159	159	6	4	3	4	2	7	4	6	18	15	13	15	14	16	17	15	6	4	3	4	2	7	4	6	18	15	13	15	14	16	17	15	6	4	3	4	2	7	4	6	18	15	13	15	14	16	17	15	15130.801	15617.574	20636.63	14522.284	17144.229	17848.557	20041.432	21909.553	62084.848	76596.14	70810.266	68617.11	77995.734	69741.086	70511.53	69480.01	15130.801	12048.114	13284.129	11317.205	11807.136	14031.698	13139.471	14879.916	29214.81	34904.39	32651.35	30697.559	33499.52	32297.258	29847.133	32280.596	
sp|P60624|RL24_ECOLI	P60624	RL24_ECOLI	rplX	104	Escherichia coli (strain K12)	1:Experimental evidence at protein level	Large ribosomal subunit protein uL24	1.0	0.999	6	81	81	81	2	2	2	1	2	1	3	1	10	7	7	8	7	11	6	11	2	2	2	1	2	1	3	1	10	7	7	8	7	11	6	11	2	2	2	1	2	1	3	1	10	7	7	8	7	11	6	11	6166.402	9466.132	7645.7217	9095.656	9113.889	5366.3774	8249.485	9242.557	43858.426	34930.47	38654.58	22001.215	35599.477	41123.57	42099.977	39588.65	5920.2886	6183.2915	4434.37	5881.864	5699.579	5152.195	5058.3447	5717.2466	15799.687	13916.769	14378.909	17512.047	15102.195	15465.075	15733.759	14570.801	
sp|P60660|MYL6_HUMAN	P60660	MYL6_HUMAN	MYL6	151	Homo sapiens	1:Experimental evidence at protein level	Myosin light polypeptide 6	1.0	0.9986	1	6	6	6	0	1	0	0	1	0	1	0	1	1	0	0	0	0	0	1	0	1	0	0	1	0	1	0	1	1	0	0	0	0	0	1	0	1	0	0	1	0	1	0	1	1	0	0	0	0	0	1	0.0	0.0	0.0	0.0	0.0	0.0	0.0	0.0	0.0	0.0	0.0	0.0	0.0	0.0	0.0	0.0	0.0	0.0	0.0	0.0	0.0	0.0	0.0	0.0	0.0	0.0	0.0	0.0	0.0	0.0	0.0	0.0	
sp|P60709|ACTB_HUMAN	P60709	ACTB_HUMAN	ACTB	375	Homo sapiens	1:Experimental evidence at protein level	Actin, cytoplasmic 1	1.0	0.999	24	1082	53	1082	64	64	48	55	69	64	65	70	68	75	75	76	49	73	86	81	3	3	2	4	4	3	3	5	3	5	2	4	2	2	4	4	64	64	48	55	69	64	65	70	68	75	75	76	49	73	86	81	456936.28	422831.9	460384.75	429682.72	468229.34	472658.6	437934.84	451471.75	493488.3	464935.0	495333.38	509517.0	490284.7	519705.9	509921.56	492372.53	60971.047	62677.883	60809.453	58688.125	61789.18	62555.848	57330.8	60945.477	68049.23	65534.98	67073.016	67501.95	62413.03	67580.914	65740.31	69371.53	
sp|P60723|RL4_ECOLI	P60723	RL4_ECOLI	rplD	201	Escherichia coli (strain K12)	1:Experimental evidence at protein level	Large ribosomal subunit protein uL4	1.0	0.999	7	130	130	130	3	5	2	2	4	2	3	4	11	15	14	13	7	15	16	14	3	5	2	2	4	2	3	4	11	15	14	13	7	15	16	14	3	5	2	2	4	2	3	4	11	15	14	13	7	15	16	14	11434.275	13198.193	8107.3784	9227.298	13353.51	2977.9924	9646.48	16581.035	68434.08	55345.387	64268.906	56582.156	70610.79	60890.934	67216.91	69534.445	6113.527	5222.3696	5254.3667	5966.488	5201.6313	4733.887	6000.808	6648.21	14420.33	11347.302	13879.34	16051.5	15377.651	15379.176	14559.171	14674.879	
sp|P60842|IF4A1_HUMAN	P60842	IF4A1_HUMAN	EIF4A1	406	Homo sapiens	1:Experimental evidence at protein level	Eukaryotic initiation factor 4A-I	1.0	0.999	11	51	45	51	2	1	3	4	4	2	5	4	0	2	4	5	2	1	4	8	2	1	3	3	3	1	5	4	0	2	3	4	2	1	4	7	2	1	3	4	4	2	5	4	0	2	4	5	2	1	4	8	10250.541	10192.85	8826.932	6808.836	6166.4185	13446.667	7468.301	5372.4233	13672.238	12499.434	10683.153	13139.364	8090.4697	13276.836	10732.526	10728.592	3944.382	3989.1382	3407.8079	4052.247	3485.5735	4383.836	4216.657	3028.6401	4355.3223	4078.0806	4166.1123	4283.5454	3454.3596	4335.5356	3545.0352	3493.8474	
sp|P60866|RS20_HUMAN	P60866	RS20_HUMAN	RPS20	119	Homo sapiens	1:Experimental evidence at protein level	Small ribosomal subunit protein uS10	1.0	0.999	4	11	11	11	0	1	0	0	1	0	1	0	1	2	2	2	0	1	0	0	0	1	0	0	1	0	1	0	1	2	2	2	0	1	0	0	0	1	0	0	1	0	1	0	1	2	2	2	0	1	0	0	3339.8926	9867.186	0.0	0.0	0.0	0.0	0.0	1630.0798	15994.407	13957.588	9344.447	10288.442	12395.948	9964.663	7683.4346	7249.1577	3806.1587	3814.4004	0.0	0.0	0.0	0.0	0.0	2270.692	4916.3677	3985.6428	3773.8235	3050.2637	3685.261	4115.98	2930.3662	4136.565	
sp|P60900|PSA6_HUMAN	P60900	PSA6_HUMAN	PSMA6	246	Homo sapiens	1:Experimental evidence at protein level	Proteasome subunit alpha type-6	1.0	0.9988	3	5	5	5	0	0	0	0	1	0	0	0	0	0	0	0	1	1	1	1	0	0	0	0	1	0	0	0	0	0	0	0	1	1	1	1	0	0	0	0	1	0	0	0	0	0	0	0	1	1	1	1	2753.152	0.0	0.0	0.0	0.0	2985.5212	0.0	0.0	2370.2566	2350.836	2309.2507	2643.5557	1738.3083	2459.092	3047.1409	2275.4438	2753.152	0.0	0.0	0.0	0.0	2985.5212	0.0	0.0	2370.2566	2350.836	2309.2507	2643.5557	1738.3083	2459.092	3047.1409	2275.4438	
sp|P60953|CDC42_HUMAN	P60953	CDC42_HUMAN	CDC42	191	Homo sapiens	1:Experimental evidence at protein level	Cell division control protein 42 homolog	1.0	0.999	2	28	28	28	2	4	3	3	1	2	3	2	2	2	2	0	0	1	0	1	2	4	3	3	1	2	3	2	2	2	2	0	0	1	0	1	2	4	3	3	1	2	3	2	2	2	2	0	0	1	0	1	0.0	4167.0664	0.0	5247.1123	6143.823	7853.707	5533.6777	5728.8003	2953.254	2577.3164	2959.4556	1837.1627	2949.7847	2151.5505	3161.6196	2151.5503	0.0	4167.0664	0.0	5247.1123	6143.823	5517.2695	5533.6777	5728.8003	2953.254	2577.3164	2959.4556	1837.1627	2949.7847	2151.5505	3161.6196	2151.5503	
sp|P60981|DEST_HUMAN	P60981	DEST_HUMAN	DSTN	165	Homo sapiens	1:Experimental evidence at protein level	Destrin	0.9713	0.999	1	16	16	16	2	2	1	2	2	1	2	1	0	0	0	1	0	1	1	0	2	2	1	2	2	1	2	1	0	0	0	1	0	1	1	0	2	2	1	2	2	1	2	1	0	0	0	1	0	1	1	0	3553.75	3477.9253	3657.7524	3078.5676	3784.5193	2841.329	0.0	4230.7163	0.0	0.0	0.0	1697.9374	2733.3967	1179.7484	0.0	945.81635	3553.75	3477.9253	3657.7524	3078.5676	3784.5193	2841.329	0.0	4230.7163	0.0	0.0	0.0	1697.9374	2733.3967	1179.7484	0.0	945.81635	
sp|P61077|UB2D3_HUMAN	P61077	UB2D3_HUMAN	UBE2D3	147	Homo sapiens	1:Experimental evidence at protein level	Ubiquitin-conjugating enzyme E2 D3	1.0	0.999	2	15	0	15	0	1	2	2	1	0	1	1	0	0	1	2	1	1	1	1	0	0	0	0	0	0	0	0	0	0	0	0	0	0	0	0	0	1	2	2	1	0	1	1	0	0	1	2	1	1	1	1	0.0	0.0	3628.2715	0.0	0.0	2294.6653	0.0	0.0	0.0	2001.7548	543.34705	0.0	2182.465	1994.1974	1856.2932	0.0	0.0	0.0	3628.2715	0.0	0.0	2294.6653	0.0	0.0	0.0	2001.7548	543.34705	0.0	2182.465	1994.1974	1856.2932	0.0	sp|P62837|UB2D2_HUMAN
sp|P61081|UBC12_HUMAN	P61081	UBC12_HUMAN	UBE2M	183	Homo sapiens	1:Experimental evidence at protein level	NEDD8-conjugating enzyme Ubc12	0.9527	0.9983	1	4	4	4	0	1	0	1	1	0	1	0	0	0	0	0	0	0	0	0	0	1	0	1	1	0	1	0	0	0	0	0	0	0	0	0	0	1	0	1	1	0	1	0	0	0	0	0	0	0	0	0	0.0	0.0	0.0	0.0	0.0	0.0	0.0	0.0	0.0	0.0	0.0	0.0	0.0	0.0	0.0	0.0	0.0	0.0	0.0	0.0	0.0	0.0	0.0	0.0	0.0	0.0	0.0	0.0	0.0	0.0	0.0	0.0	
sp|P61086|UBE2K_HUMAN	P61086	UBE2K_HUMAN	UBE2K	200	Homo sapiens	1:Experimental evidence at protein level	Ubiquitin-conjugating enzyme E2 K	1.0	0.999	2	5	5	5	1	2	0	0	0	0	1	0	0	1	0	0	0	0	0	0	1	2	0	0	0	0	1	0	0	1	0	0	0	0	0	0	1	2	0	0	0	0	1	0	0	1	0	0	0	0	0	0	3053.1328	3608.827	2924.9658	950.5664	0.0	2122.271	2222.3284	2640.5195	0.0	0.0	0.0	1914.8643	0.0	2832.4558	0.0	1949.5421	3053.1328	3608.827	2924.9658	950.5664	0.0	2122.271	2222.3284	2640.5195	0.0	0.0	0.0	1914.8643	0.0	2832.4558	0.0	1949.5421	
sp|P61088|UBE2N_HUMAN	P61088	UBE2N_HUMAN	UBE2N	152	Homo sapiens	1:Experimental evidence at protein level	Ubiquitin-conjugating enzyme E2 N	1.0	0.999	3	40	4	40	0	1	1	0	3	3	4	3	3	3	4	2	0	4	5	4	0	0	0	0	0	0	1	0	0	0	1	0	0	1	1	0	0	1	1	0	3	3	4	3	3	3	4	2	0	4	5	4	7770.4556	4553.517	7680.4785	7842.1084	7668.5293	9193.242	8127.1357	7676.173	8178.292	8874.439	8593.444	3282.5137	7391.9663	10903.123	11180.199	8115.0244	4936.595	4374.3677	4979.776	5196.228	4846.833	4578.855	4778.543	4842.3564	5070.147	5841.5713	5535.782	6239.3506	4046.5745	5908.2446	4948.8975	5013.0645	
sp|P61158|ARP3_HUMAN	P61158	ARP3_HUMAN	ACTR3	418	Homo sapiens	1:Experimental evidence at protein level	Actin-related protein 3	0.8823	0.9955	1	5	0	5	0	1	0	0	0	1	0	0	0	1	1	0	1	0	0	0	0	0	0	0	0	0	0	0	0	0	0	0	0	0	0	0	0	1	0	0	0	1	0	0	0	1	1	0	1	0	0	0	0.0	0.0	0.0	0.0	0.0	0.0	0.0	0.0	0.0	0.0	0.0	0.0	0.0	0.0	0.0	0.0	0.0	0.0	0.0	0.0	0.0	0.0	0.0	0.0	0.0	0.0	0.0	0.0	0.0	0.0	0.0	0.0	sp|Q9C0K3|ARP3C_HUMAN, sp|Q9P1U1|ARP3B_HUMAN
sp|P61160|ARP2_HUMAN	P61160	ARP2_HUMAN	ACTR2	394	Homo sapiens	1:Experimental evidence at protein level	Actin-related protein 2	0.9682	0.9989	1	4	4	4	0	0	2	0	1	0	0	1	0	0	0	0	0	0	0	0	0	0	2	0	1	0	0	1	0	0	0	0	0	0	0	0	0	0	2	0	1	0	0	1	0	0	0	0	0	0	0	0	0.0	0.0	0.0	0.0	0.0	0.0	0.0	0.0	0.0	0.0	0.0	0.0	0.0	0.0	0.0	0.0	0.0	0.0	0.0	0.0	0.0	0.0	0.0	0.0	0.0	0.0	0.0	0.0	0.0	0.0	0.0	0.0	
sp|P61175|RL22_ECOLI	P61175	RL22_ECOLI	rplV	110	Escherichia coli (strain K12)	1:Experimental evidence at protein level	Large ribosomal subunit protein uL22	1.0	0.999	6	60	60	60	1	0	1	0	3	2	1	0	4	6	10	9	3	7	6	7	1	0	1	0	3	2	1	0	4	6	10	9	3	7	6	7	1	0	1	0	3	2	1	0	4	6	10	9	3	7	6	7	5506.5137	5511.018	9920.33	0.0	7958.4844	7652.922	3030.3486	2526.9734	37837.188	30410.117	33154.69	40579.543	36174.04	39399.5	40777.84	38345.74	2953.479	4041.7874	3304.4631	0.0	3004.811	3456.5886	3056.1128	3237.891	8979.42	9265.31	9178.311	9694.051	7932.5586	8976.769	9941.79	9210.798	
sp|P61221|ABCE1_HUMAN	P61221	ABCE1_HUMAN	ABCE1	599	Homo sapiens	1:Experimental evidence at protein level	ATP-binding cassette sub-family E member 1	1.0	0.999	4	6	6	6	0	0	0	1	2	0	0	1	0	0	0	0	0	2	0	0	0	0	0	1	2	0	0	1	0	0	0	0	0	2	0	0	0	0	0	1	2	0	0	1	0	0	0	0	0	2	0	0	0.0	0.0	1627.1672	0.0	793.0771	0.0	0.0	2112.622	0.0	0.0	0.0	0.0	0.0	0.0	0.0	2774.4138	0.0	0.0	1627.1672	0.0	793.0771	0.0	0.0	2112.622	0.0	0.0	0.0	0.0	0.0	0.0	0.0	2774.4138	
sp|P61247|RS3A_HUMAN	P61247	RS3A_HUMAN	RPS3A	264	Homo sapiens	1:Experimental evidence at protein level	Small ribosomal subunit protein eS1	1.0	0.999	11	113	113	113	6	6	8	0	7	5	7	5	7	12	10	8	2	11	13	6	6	6	8	0	7	5	7	5	7	12	10	8	2	11	13	6	6	6	8	0	7	5	7	5	7	12	10	8	2	11	13	6	19937.662	23739.87	33661.492	32423.062	33897.55	40529.5	45796.12	44210.133	30786.979	44618.598	50213.13	40724.36	46841.547	46132.2	49673.703	50016.03	9424.155	10845.111	9295.823	9458.467	9022.75	10336.026	9482.191	10151.575	9858.901	9795.039	11810.863	10287.591	9711.047	9672.688	10527.922	10629.492	
sp|P61254|RL26_HUMAN	P61254	RL26_HUMAN	RPL26	145	Homo sapiens	1:Experimental evidence at protein level	Large ribosomal subunit protein uL24	1.0	0.9989	3	21	0	21	0	3	0	0	2	0	2	1	1	2	1	3	0	2	2	2	0	0	0	0	0	0	0	0	0	0	0	0	0	0	0	0	0	3	0	0	2	0	2	1	1	2	1	3	0	2	2	2	8192.754	7227.0547	7964.5713	8419.385	7315.1274	11042.104	8534.632	9091.105	8205.258	8263.347	6734.0303	9064.329	6945.4326	7910.216	9924.975	7665.753	4684.945	4132.9297	4465.9966	4814.7856	4181.1724	6308.774	4865.8867	5189.9854	4477.3857	4508.8594	3392.2307	5160.6777	3844.6707	4506.181	5651.283	4375.463	sp|Q9UNX3|RL26L_HUMAN
sp|P61289|PSME3_HUMAN	P61289	PSME3_HUMAN	PSME3	254	Homo sapiens	1:Experimental evidence at protein level	Proteasome activator complex subunit 3	1.0	0.999	2	33	33	33	1	2	2	0	1	2	3	4	0	4	2	2	3	3	2	2	1	2	2	0	1	2	3	4	0	4	2	2	3	3	2	2	1	2	2	0	1	2	3	4	0	4	2	2	3	3	2	2	3718.273	4578.8564	5269.463	5175.422	5416.4414	4859.293	4719.4834	5782.3447	2819.4573	4755.554	2992.919	3718.8901	5833.626	4270.213	4841.079	4793.064	3718.273	4578.8564	5269.463	5175.422	5416.4414	4859.293	4719.4834	5782.3447	2819.4573	4755.554	2992.919	3718.8901	5833.626	4270.213	4841.079	4793.064	
sp|P61313|RL15_HUMAN	P61313	RL15_HUMAN	RPL15	204	Homo sapiens	1:Experimental evidence at protein level	Large ribosomal subunit protein eL15	1.0	0.999	3	36	36	36	2	2	1	1	2	2	3	3	3	2	3	2	2	2	3	3	2	2	1	1	2	2	3	3	3	2	3	2	2	2	3	3	2	2	1	1	2	2	3	3	3	2	3	2	2	2	3	3	4379.788	9749.051	8345.668	9902.966	11784.348	13076.813	9518.043	11656.096	13766.592	10511.432	9014.69	11736.136	13275.85	12505.127	12222.585	11632.244	4397.5996	5623.955	4723.28	5592.586	5041.3086	5527.781	5496.76	5085.211	5985.6523	5994.6953	5202.553	5218.6987	5778.716	5436.8833	5392.6753	5066.7876	
sp|P61353|RL27_HUMAN	P61353	RL27_HUMAN	RPL27	136	Homo sapiens	1:Experimental evidence at protein level	Large ribosomal subunit protein eL27	1.0	0.9989	3	22	22	22	2	1	0	0	1	1	1	2	3	1	1	3	0	3	1	2	2	1	0	0	1	1	1	2	3	1	1	3	0	3	1	2	2	1	0	0	1	1	1	2	3	1	1	3	0	3	1	2	4820.1895	3974.769	4411.3823	4205.016	5118.3047	4695.0654	3765.5513	0.0	5294.352	5771.1006	5535.3413	4703.3105	4880.179	4806.0425	5173.3384	5018.5	4820.1895	3974.769	4411.3823	4205.016	5118.3047	4695.0654	3765.5513	0.0	5294.352	5771.1006	5535.3413	4703.3105	4880.179	4806.0425	5173.3384	5018.5	
sp|P61513|RL37A_HUMAN	P61513	RL37A_HUMAN	RPL37A	92	Homo sapiens	1:Experimental evidence at protein level	Large ribosomal subunit protein eL43	1.0	0.9985	2	3	3	3	0	0	0	0	0	0	0	0	0	0	0	1	0	1	0	1	0	0	0	0	0	0	0	0	0	0	0	1	0	1	0	1	0	0	0	0	0	0	0	0	0	0	0	1	0	1	0	1	4120.898	4380.925	0.0	0.0	1991.3323	0.0	0.0	3044.033	0.0	6075.593	8429.659	7987.8022	7487.6104	6825.42	6891.6123	7389.0254	4698.2305	4994.687	0.0	0.0	2226.087	0.0	0.0	3402.8887	0.0	3166.2688	4748.485	4506.0356	4183.3857	3811.1887	3776.6282	4091.7085	
sp|P61604|CH10_HUMAN	P61604	CH10_HUMAN	HSPE1	102	Homo sapiens	1:Experimental evidence at protein level	10 kDa heat shock protein, mitochondrial	1.0	0.999	7	136	136	136	8	7	6	5	8	8	8	10	8	10	12	7	7	12	13	7	8	7	6	5	8	8	8	10	8	10	12	7	7	12	13	7	8	7	6	5	8	8	8	10	8	10	12	7	7	12	13	7	52645.094	51386.79	46373.33	49970.688	53319.363	56949.094	50631.133	52302.355	65406.18	58805.31	60700.508	59120.863	49469.152	60480.62	55634.953	52566.496	10801.098	10514.274	10906.825	11606.239	11092.497	11350.243	10302.697	10791.582	13076.887	11971.261	12287.0205	11816.928	11093.037	12299.666	11743.693	12654.454	
sp|P61714|RISB_ECOLI	P61714	RISB_ECOLI	ribE	156	Escherichia coli (strain K12)	1:Experimental evidence at protein level	6,7-dimethyl-8-ribityllumazine synthase	1.0	0.999	3	66	66	66	1	4	2	2	2	2	4	2	5	5	8	5	7	4	7	6	1	4	2	2	2	2	4	2	5	5	8	5	7	4	7	6	1	4	2	2	2	2	4	2	5	5	8	5	7	4	7	6	1805.2183	6446.0605	5066.707	1704.1246	4407.0396	5673.167	6737.038	9119.617	9818.58	18679.844	18928.0	17313.924	21126.662	17776.8	17697.68	18967.447	1719.9943	3388.4797	2670.4814	3474.4158	2797.0564	3795.578	4568.1753	3607.1943	7203.6714	7112.1187	7498.872	6716.4688	8779.12	6855.4023	7399.051	7701.4463	
sp|P61758|PFD3_HUMAN	P61758	PFD3_HUMAN	VBP1	197	Homo sapiens	1:Experimental evidence at protein level	Prefoldin subunit 3	1.0	0.999	2	28	28	28	2	1	2	1	2	0	3	3	0	1	5	3	1	2	1	1	2	1	2	1	2	0	3	3	0	1	5	3	1	2	1	1	2	1	2	1	2	0	3	3	0	1	5	3	1	2	1	1	4549.4126	5546.1743	4504.1333	7107.33	5557.7397	3711.9626	5081.4277	5820.3657	3224.2893	3823.271	4068.932	4494.0215	3657.7773	2580.1433	4143.3013	4130.9165	4549.4126	5546.1743	4504.1333	7107.33	5557.7397	3711.9626	5081.4277	5820.3657	3224.2893	3823.271	4068.932	4494.0215	3657.7773	2580.1433	4143.3013	4130.9165	
sp|P61830|H3_YEAST	P61830	H3_YEAST	HHT1	136	Saccharomyces cerevisiae (strain ATCC 204508 / S288c)	1:Experimental evidence at protein level	Histone H3	0.9663	0.9988	1	1	0	1	0	0	0	0	0	0	0	0	0	0	0	1	0	0	0	0	0	0	0	0	0	0	0	0	0	0	0	0	0	0	0	0	0	0	0	0	0	0	0	0	0	0	0	1	0	0	0	0	0.0	0.0	0.0	0.0	0.0	0.0	0.0	0.0	0.0	2808.7402	2268.7632	2328.035	2418.746	0.0	2753.257	2559.1172	0.0	0.0	0.0	0.0	0.0	0.0	0.0	0.0	0.0	2808.7402	2268.7632	2328.035	2418.746	0.0	2753.257	2559.1172	sp|P68431|H31_HUMAN, sp|P84243|H33_HUMAN, sp|Q16695|H31T_HUMAN, sp|Q5TEC6|H37_HUMAN, sp|Q6NXT2|H3C_HUMAN, sp|Q71DI3|H32_HUMAN
sp|P61889|MDH_ECOLI	P61889	MDH_ECOLI	mdh	312	Escherichia coli (strain K12)	1:Experimental evidence at protein level	Malate dehydrogenase	1.0	0.999	21	564	564	564	22	22	11	21	21	14	16	18	49	54	55	53	50	55	51	52	22	22	11	21	21	14	16	18	49	54	55	53	50	55	51	52	22	22	11	21	21	14	16	18	49	54	55	53	50	55	51	52	51004.92	62316.086	66919.84	59465.836	61150.992	61468.184	55873.58	72657.11	220651.47	213190.98	223887.05	249548.45	244704.45	222370.84	207217.94	255902.38	12839.3125	12969.708	12811.976	13108.208	13428.386	13931.592	12938.723	13996.085	32366.154	34703.363	33480.82	32684.234	33380.156	33739.438	31274.908	34984.984	
sp|P61923|COPZ1_HUMAN	P61923	COPZ1_HUMAN	COPZ1	177	Homo sapiens	1:Experimental evidence at protein level	Coatomer subunit zeta-1	0.9713	0.999	1	4	4	4	0	1	0	0	0	1	0	1	0	0	1	0	0	0	0	0	0	1	0	0	0	1	0	1	0	0	1	0	0	0	0	0	0	1	0	0	0	1	0	1	0	0	1	0	0	0	0	0	0.0	0.0	0.0	0.0	0.0	0.0	0.0	0.0	0.0	0.0	0.0	0.0	0.0	0.0	0.0	0.0	0.0	0.0	0.0	0.0	0.0	0.0	0.0	0.0	0.0	0.0	0.0	0.0	0.0	0.0	0.0	0.0	
sp|P61949|FLAV_ECOLI	P61949	FLAV_ECOLI	fldA	176	Escherichia coli (strain K12)	1:Experimental evidence at protein level	Flavodoxin 1	0.9713	0.999	1	13	13	13	0	0	0	0	0	0	0	0	0	1	2	3	1	3	2	1	0	0	0	0	0	0	0	0	0	1	2	3	1	3	2	1	0	0	0	0	0	0	0	0	0	1	2	3	1	3	2	1	0.0	0.0	0.0	0.0	0.0	0.0	0.0	0.0	1811.3523	1309.6118	3639.3699	3465.0989	3138.8816	2098.114	1838.6208	2469.487	0.0	0.0	0.0	0.0	0.0	0.0	0.0	0.0	1811.3523	1309.6118	3639.3699	3465.0989	3138.8816	2098.114	1838.6208	2469.487	
sp|P61956|SUMO2_HUMAN	P61956	SUMO2_HUMAN	SUMO2	95	Homo sapiens	1:Experimental evidence at protein level	Small ubiquitin-related modifier 2	1.0	0.999	2	36	23	36	3	2	1	0	2	2	3	2	2	3	2	3	1	4	4	2	2	1	1	0	1	1	2	1	1	2	1	2	1	3	3	1	3	2	1	0	2	2	3	2	2	3	2	3	1	4	4	2	14406.291	13712.125	16347.139	11877.004	15485.593	17022.707	16532.846	16571.863	7507.616	8828.584	17751.45	18759.898	16188.273	17503.807	17819.781	18368.76	8501.694	8256.258	7703.778	8384.953	7194.2	7907.3394	7841.956	7741.819	6968.8823	8567.265	8285.412	8709.756	8027.748	8001.276	8238.333	8553.162	
sp|P61960|UFM1_HUMAN	P61960	UFM1_HUMAN	UFM1	85	Homo sapiens	1:Experimental evidence at protein level	Ubiquitin-fold modifier 1	0.9713	0.999	1	3	3	3	0	0	0	0	0	0	1	0	0	0	0	1	0	0	1	0	0	0	0	0	0	0	1	0	0	0	0	1	0	0	1	0	0	0	0	0	0	0	1	0	0	0	0	1	0	0	1	0	0.0	0.0	0.0	0.0	0.0	0.0	0.0	0.0	0.0	0.0	0.0	0.0	0.0	0.0	0.0	0.0	0.0	0.0	0.0	0.0	0.0	0.0	0.0	0.0	0.0	0.0	0.0	0.0	0.0	0.0	0.0	0.0	
sp|P61978|HNRPK_HUMAN	P61978	HNRPK_HUMAN	HNRNPK	463	Homo sapiens	1:Experimental evidence at protein level	Heterogeneous nuclear ribonucleoprotein K	1.0	0.999	15	343	343	343	21	22	21	21	23	18	27	19	19	19	21	28	17	22	23	22	21	22	21	21	23	18	27	19	19	19	21	28	17	22	23	22	21	22	21	21	23	18	27	19	19	19	21	28	17	22	23	22	140538.56	142063.7	135859.23	131674.78	125369.81	139526.19	137284.22	143502.1	97972.555	102534.78	109252.03	119369.93	110956.234	107934.89	102437.12	118661.49	35327.28	36548.613	34179.742	36533.777	38308.61	36847.117	36282.52	36993.883	34959.832	36322.484	35321.836	35429.2	34219.547	36862.293	35290.715	36414.355	
sp|P61981|1433G_HUMAN	P61981	1433G_HUMAN	YWHAG	247	Homo sapiens	1:Experimental evidence at protein level	14-3-3 protein gamma	1.0	0.999	11	248	120	248	15	16	8	10	16	14	16	20	14	18	19	17	9	21	18	17	7	8	3	5	8	7	8	9	7	7	10	8	4	11	9	9	15	16	8	10	16	14	16	20	14	18	19	17	9	21	18	17	71025.21	72537.14	70751.78	66970.03	69400.36	69078.3	64904.535	76461.08	72683.88	75104.02	71518.53	79188.125	75449.49	76613.63	82060.08	79547.34	15508.501	16210.596	15241.496	14739.778	15021.345	15106.083	14543.214	15223.137	15695.117	16635.107	15819.47	16358.16	15454.995	15911.71	15167.952	15786.9	
sp|P62081|RS7_HUMAN	P62081	RS7_HUMAN	RPS7	194	Homo sapiens	1:Experimental evidence at protein level	Small ribosomal subunit protein eS7	1.0	0.999	10	318	318	318	17	18	21	15	23	21	17	24	20	24	23	23	15	22	19	16	17	18	21	15	23	21	17	24	20	24	23	23	15	22	19	16	17	18	21	15	23	21	17	24	20	24	23	23	15	22	19	16	92766.03	90626.6	91588.57	74460.31	93035.66	93598.33	86478.76	93646.38	85187.15	91836.6	102161.72	93058.86	91862.16	94720.87	79165.414	88900.125	28121.805	28288.357	26452.69	23114.887	26104.5	25439.672	26703.475	25952.057	26469.896	28531.69	28481.008	27196.95	25871.766	25397.73	25425.932	28976.139	
sp|P62136|PP1A_HUMAN	P62136	PP1A_HUMAN	PPP1CA	330	Homo sapiens	1:Experimental evidence at protein level	Serine/threonine-protein phosphatase PP1-alpha catalytic subunit	1.0	0.999	5	36	1	36	1	3	3	2	3	3	3	2	2	3	2	2	2	1	1	3	0	0	0	0	0	0	0	0	0	0	1	0	0	0	0	0	1	3	3	2	3	3	3	2	2	3	2	2	2	1	1	3	5722.9214	5822.787	5235.288	2793.0447	6033.1865	4267.6025	9061.5	6968.6025	5735.395	6199.2954	6449.18	5924.0776	4462.2295	5142.1	3627.5334	5309.68	5687.128	5786.369	5202.5444	5431.685	5995.452	4240.911	6130.374	4435.1733	5699.5234	6160.5225	6408.844	5887.026	4434.321	5109.9395	3604.8452	5276.471	
sp|P62191|PRS4_HUMAN	P62191	PRS4_HUMAN	PSMC1	440	Homo sapiens	1:Experimental evidence at protein level	26S proteasome regulatory subunit 4	1.0	0.999	5	12	12	12	0	1	1	0	0	0	1	1	1	1	0	2	1	0	2	1	0	1	1	0	0	0	1	1	1	1	0	2	1	0	2	1	0	1	1	0	0	0	1	1	1	1	0	2	1	0	2	1	0.0	0.0	0.0	0.0	0.0	2711.7925	3259.931	4075.5562	0.0	0.0	0.0	1305.5071	1894.1125	1579.1718	2171.4048	2175.5374	0.0	0.0	0.0	0.0	0.0	3143.886	3811.724	1814.3978	0.0	0.0	0.0	1513.5249	1134.1476	1830.7949	1296.7404	1283.7957	
sp|P62195|PRS8_HUMAN	P62195	PRS8_HUMAN	PSMC5	406	Homo sapiens	1:Experimental evidence at protein level	26S proteasome regulatory subunit 8	1.0	0.9989	3	5	5	5	0	0	0	0	1	0	1	1	0	0	1	0	0	1	0	0	0	0	0	0	1	0	1	1	0	0	1	0	0	1	0	0	0	0	0	0	1	0	1	1	0	0	1	0	0	1	0	0	2597.139	3235.5332	0.0	0.0	3410.1448	5498.366	4674.285	3898.7014	0.0	0.0	0.0	0.0	0.0	0.0	1492.7192	0.0	2597.139	3235.5332	0.0	0.0	3410.1448	3151.3433	2886.9033	2298.7935	0.0	0.0	0.0	0.0	0.0	0.0	1492.7192	0.0	
sp|P62241|RS8_HUMAN	P62241	RS8_HUMAN	RPS8	208	Homo sapiens	1:Experimental evidence at protein level	Small ribosomal subunit protein eS8	1.0	0.999	8	33	33	33	2	1	2	0	1	0	1	1	3	3	4	6	2	1	3	3	2	1	2	0	1	0	1	1	3	3	4	6	2	1	3	3	2	1	2	0	1	0	1	1	3	3	4	6	2	1	3	3	7550.9263	10072.931	10365.986	6160.929	7428.2217	10930.371	12352.13	13411.898	17504.89	19356.629	21174.69	19808.1	17081.162	18730.723	15025.0	19697.473	4294.1523	4064.0627	3866.7346	3368.187	4218.967	4306.726	4833.7256	5251.0527	5004.5303	5152.4907	5075.1045	5188.0405	4208.9297	4825.02	5092.3364	4991.2974	
sp|P62244|RS15A_HUMAN	P62244	RS15A_HUMAN	RPS15A	130	Homo sapiens	1:Experimental evidence at protein level	Small ribosomal subunit protein uS8	0.9713	0.999	1	4	4	4	0	0	0	0	0	0	0	0	1	1	0	1	0	1	0	0	0	0	0	0	0	0	0	0	1	1	0	1	0	1	0	0	0	0	0	0	0	0	0	0	1	1	0	1	0	1	0	0	0.0	0.0	0.0	0.0	0.0	0.0	0.0	0.0	0.0	0.0	0.0	0.0	0.0	0.0	0.0	0.0	0.0	0.0	0.0	0.0	0.0	0.0	0.0	0.0	0.0	0.0	0.0	0.0	0.0	0.0	0.0	0.0	
sp|P62258|1433E_HUMAN	P62258	1433E_HUMAN	YWHAE	255	Homo sapiens	1:Experimental evidence at protein level	14-3-3 protein epsilon	1.0	0.999	10	115	115	189	9	9	7	6	9	5	12	5	5	5	8	6	6	6	6	11	9	9	7	6	9	5	12	5	5	5	8	6	6	6	6	11	13	13	11	10	13	9	17	11	9	10	12	12	10	14	9	16	50388.645	61384.03	64776.113	66307.6	65741.555	65817.016	64146.64	61192.92	52462.14	55556.562	59942.09	53906.113	53141.297	49761.047	44711.344	55329.434	15631.149	16972.727	18094.088	16513.305	16886.707	16762.62	17198.22	17313.69	16653.582	16296.694	17041.322	16725.76	15902.016	18307.498	15640.378	15287.361	
sp|P62263|RS14_HUMAN	P62263	RS14_HUMAN	RPS14	151	Homo sapiens	1:Experimental evidence at protein level	Small ribosomal subunit protein uS11	1.0	0.999	3	32	32	32	0	2	0	0	1	1	2	3	2	3	4	2	2	3	3	4	0	2	0	0	1	1	2	3	2	3	4	2	2	3	3	4	0	2	0	0	1	1	2	3	2	3	4	2	2	3	3	4	10062.903	10519.954	10245.273	10099.98	10097.086	10654.131	11228.304	6173.302	13272.648	6763.844	9875.712	12200.586	6730.378	11729.014	13684.979	12327.174	5951.1465	6175.568	6067.133	5962.779	5951.714	6307.631	6637.381	6173.302	7860.845	6763.844	5849.2446	7224.037	6730.378	6927.4873	8094.498	7260.401	
sp|P62266|RS23_HUMAN	P62266	RS23_HUMAN	RPS23	143	Homo sapiens	1:Experimental evidence at protein level	Small ribosomal subunit protein uS12	1.0	0.999	2	14	14	14	2	1	1	0	1	0	1	0	0	0	1	2	1	1	1	2	2	1	1	0	1	0	1	0	0	0	1	2	1	1	1	2	2	1	1	0	1	0	1	0	0	0	1	2	1	1	1	2	3968.3884	3597.758	4431.7827	3597.8064	4104.252	3244.1987	3592.306	4208.7134	4609.2056	3938.22	4262.313	4573.5	3609.5352	0.0	4985.452	3013.002	3968.3884	3597.758	4431.7827	3597.8064	4104.252	3244.1987	3592.306	4208.7134	4609.2056	3938.22	4262.313	4573.5	3609.5352	0.0	4985.452	3013.002	
sp|P62269|RS18_HUMAN	P62269	RS18_HUMAN	RPS18	152	Homo sapiens	1:Experimental evidence at protein level	Small ribosomal subunit protein uS13	1.0	0.999	5	65	65	65	4	5	2	1	4	3	6	4	5	3	7	5	0	7	4	5	4	5	2	1	4	3	6	4	5	3	7	5	0	7	4	5	4	5	2	1	4	3	6	4	5	3	7	5	0	7	4	5	24348.387	22194.072	21786.496	17982.623	27234.1	25548.82	25957.814	25946.19	28427.203	27460.363	27480.438	27981.293	25449.328	28196.092	24306.938	25286.998	5522.4146	5813.4536	5648.7075	6116.7026	6105.3076	5699.8633	5743.531	5922.956	6297.431	6188.663	6186.318	6259.3774	5585.0464	6303.1484	6062.4224	6484.513	
sp|P62277|RS13_HUMAN	P62277	RS13_HUMAN	RPS13	151	Homo sapiens	1:Experimental evidence at protein level	Small ribosomal subunit protein uS15	1.0	0.999	2	56	56	56	3	4	3	2	3	3	2	4	2	4	5	4	3	3	5	6	3	4	3	2	3	3	2	4	2	4	5	4	3	3	5	6	3	4	3	2	3	3	2	4	2	4	5	4	3	3	5	6	12151.244	21546.559	10272.127	14928.23	10119.455	12268.84	18566.037	19940.598	20530.531	22155.82	20058.262	23182.664	15569.659	22349.883	17501.496	19700.455	10367.284	16106.907	8450.814	10802.74	8289.075	8646.19	11118.6875	11309.815	11666.659	13300.554	15600.025	13736.999	11179.137	13262.709	13664.139	12193.568	
sp|P62280|RS11_HUMAN	P62280	RS11_HUMAN	RPS11	158	Homo sapiens	1:Experimental evidence at protein level	Small ribosomal subunit protein uS17	1.0	0.999	4	18	18	18	1	0	1	0	1	2	1	2	2	1	1	1	0	2	2	1	1	0	1	0	1	2	1	2	2	1	1	1	0	2	2	1	1	0	1	0	1	2	1	2	2	1	1	1	0	2	2	1	8437.17	6910.542	8549.094	7987.3594	8779.49	8775.486	4698.158	7328.7197	12409.664	9296.672	11559.828	10112.435	10160.703	8984.951	8434.816	9469.112	4997.8745	4184.808	5102.4565	4838.2754	5314.764	5262.1836	4698.158	4420.698	5833.6147	4200.1245	5406.6787	5835.8027	4744.4097	5378.356	4898.084	4363.93	
sp|P62304|RUXE_HUMAN	P62304	RUXE_HUMAN	SNRPE	92	Homo sapiens	1:Experimental evidence at protein level	Small nuclear ribonucleoprotein E	0.9691	0.9989	1	16	16	16	0	1	0	0	1	2	1	1	0	2	2	1	1	2	1	1	0	1	0	0	1	2	1	1	0	2	2	1	1	2	1	1	0	1	0	0	1	2	1	1	0	2	2	1	1	2	1	1	3752.4868	0.0	3609.7747	4385.007	3972.5452	3875.647	3944.5833	3973.843	3603.266	3288.0654	5256.16	4925.736	3393.3015	3893.9653	4157.748	4200.969	3752.4868	0.0	3609.7747	4385.007	3972.5452	3875.647	3944.5833	3973.843	3603.266	3288.0654	5256.16	4925.736	3393.3015	3893.9653	4157.748	4200.969	
sp|P62306|RUXF_HUMAN	P62306	RUXF_HUMAN	SNRPF	86	Homo sapiens	1:Experimental evidence at protein level	Small nuclear ribonucleoprotein F	0.9998	0.9947	2	4	4	4	1	0	0	0	0	1	0	1	0	0	0	0	0	0	0	1	1	0	0	0	0	1	0	1	0	0	0	0	0	0	0	1	1	0	0	0	0	1	0	1	0	0	0	0	0	0	0	1	0.0	0.0	0.0	0.0	0.0	0.0	0.0	0.0	0.0	1308.2653	0.0	615.88306	1977.2891	0.0	2175.4458	2741.698	0.0	0.0	0.0	0.0	0.0	0.0	0.0	0.0	0.0	1308.2653	0.0	615.88306	1977.2891	0.0	2175.4458	2741.698	
sp|P62310|LSM3_HUMAN	P62310	LSM3_HUMAN	LSM3	102	Homo sapiens	1:Experimental evidence at protein level	U6 snRNA-associated Sm-like protein LSm3	0.9713	0.999	1	11	11	11	0	0	2	0	0	1	0	1	0	2	2	1	0	0	1	1	0	0	2	0	0	1	0	1	0	2	2	1	0	0	1	1	0	0	2	0	0	1	0	1	0	2	2	1	0	0	1	1	0.0	0.0	0.0	0.0	0.0	0.0	0.0	0.0	0.0	0.0	0.0	0.0	0.0	0.0	0.0	0.0	0.0	0.0	0.0	0.0	0.0	0.0	0.0	0.0	0.0	0.0	0.0	0.0	0.0	0.0	0.0	0.0	
sp|P62314|SMD1_HUMAN	P62314	SMD1_HUMAN	SNRPD1	119	Homo sapiens	1:Experimental evidence at protein level	Small nuclear ribonucleoprotein Sm D1	0.9713	0.999	1	26	26	26	2	0	1	1	1	2	2	1	1	3	2	1	2	2	3	2	2	0	1	1	1	2	2	1	1	3	2	1	2	2	3	2	2	0	1	1	1	2	2	1	1	3	2	1	2	2	3	2	1345.8357	0.0	0.0	1387.5955	0.0	0.0	0.0	0.0	0.0	3675.4583	3295.168	0.0	2712.6785	0.0	0.0	3507.108	1345.8357	0.0	0.0	1387.5955	0.0	0.0	0.0	0.0	0.0	3675.4583	3295.168	0.0	2712.6785	0.0	0.0	3507.108	
sp|P62316|SMD2_HUMAN	P62316	SMD2_HUMAN	SNRPD2	118	Homo sapiens	1:Experimental evidence at protein level	Small nuclear ribonucleoprotein Sm D2	1.0	0.999	5	70	70	70	4	4	4	3	4	7	4	5	5	3	5	3	3	4	6	6	4	4	4	3	4	7	4	5	5	3	5	3	3	4	6	6	4	4	4	3	4	7	4	5	5	3	5	3	3	4	6	6	20529.855	21286.02	23377.123	19100.148	25365.857	25129.932	20698.188	22527.63	24241.852	21654.887	23738.541	18634.693	18717.229	19386.3	20837.203	24279.145	8013.934	8607.71	8022.254	7940.1187	8630.753	8405.519	8412.894	7668.999	9812.714	8601.839	9531.264	8653.379	7570.4927	7926.754	8324.849	8205.266	
sp|P62318|SMD3_HUMAN	P62318	SMD3_HUMAN	SNRPD3	126	Homo sapiens	1:Experimental evidence at protein level	Small nuclear ribonucleoprotein Sm D3	0.9078	0.9966	1	2	2	2	0	0	0	0	0	0	0	0	0	0	0	1	0	0	1	0	0	0	0	0	0	0	0	0	0	0	0	1	0	0	1	0	0	0	0	0	0	0	0	0	0	0	0	1	0	0	1	0	0.0	0.0	0.0	0.0	1786.948	1396.5952	0.0	0.0	0.0	2619.578	0.0	3494.2773	0.0	2480.7695	2896.8215	1631.3242	0.0	0.0	0.0	0.0	1786.948	1396.5952	0.0	0.0	0.0	2619.578	0.0	3494.2773	0.0	2480.7695	2896.8215	1631.3242	
sp|P62328|TYB4_HUMAN	P62328	TYB4_HUMAN	TMSB4X	44	Homo sapiens	1:Experimental evidence at protein level	Thymosin beta-4	1.0	0.999	1	52	52	52	3	4	1	1	4	3	4	4	3	4	4	4	1	4	4	4	3	4	1	1	4	3	4	4	3	4	4	4	1	4	4	4	3	4	1	1	4	3	4	4	3	4	4	4	1	4	4	4	36100.402	40627.543	36154.52	42677.66	35828.188	37743.14	29188.248	30871.387	42706.51	38087.95	32880.164	48497.305	30433.902	39950.145	40036.812	41802.0	21182.104	24859.508	21928.367	24948.83	21756.143	21281.744	16756.11	17579.479	26130.807	22550.39	20116.764	29650.428	18541.076	24221.852	23367.873	24038.943	
sp|P62333|PRS10_HUMAN	P62333	PRS10_HUMAN	PSMC6	389	Homo sapiens	1:Experimental evidence at protein level	26S proteasome regulatory subunit 10B	0.971	0.999	1	3	3	3	0	0	0	0	0	0	0	0	0	0	0	0	1	0	1	1	0	0	0	0	0	0	0	0	0	0	0	0	1	0	1	1	0	0	0	0	0	0	0	0	0	0	0	0	1	0	1	1	0.0	0.0	0.0	2137.0474	2224.1475	0.0	3311.7607	0.0	0.0	0.0	1675.2124	0.0	1358.4673	0.0	1715.7648	1625.6254	0.0	0.0	0.0	2137.0474	2224.1475	0.0	3311.7607	0.0	0.0	0.0	1675.2124	0.0	1358.4673	0.0	1715.7648	1625.6254	
sp|P62399|RL5_ECOLI	P62399	RL5_ECOLI	rplE	179	Escherichia coli (strain K12)	1:Experimental evidence at protein level	Large ribosomal subunit protein uL5	1.0	0.999	12	112	112	112	1	1	1	1	1	1	1	1	9	14	11	18	8	15	15	14	1	1	1	1	1	1	1	1	9	14	11	18	8	15	15	14	1	1	1	1	1	1	1	1	9	14	11	18	8	15	15	14	6545.427	2910.0208	13488.334	8150.504	8461.541	9455.363	6928.621	5365.759	53862.973	67591.414	59012.684	66232.92	58501.953	63216.918	51156.723	67750.086	4094.9475	5177.648	6103.048	4807.566	5436.2197	3684.0586	3748.1575	5274.923	8940.151	9979.574	9256.233	9712.009	10644.234	10618.232	10237.443	10455.519	
sp|P62495|ERF1_HUMAN	P62495	ERF1_HUMAN	ETF1	437	Homo sapiens	1:Experimental evidence at protein level	Eukaryotic peptide chain release factor subunit 1	1.0	0.999	3	15	15	15	0	0	0	2	1	0	2	1	0	1	1	1	2	1	2	1	0	0	0	2	1	0	2	1	0	1	1	1	2	1	2	1	0	0	0	2	1	0	2	1	0	1	1	1	2	1	2	1	0.0	0.0	0.0	0.0	3230.477	2498.8945	2442.6736	0.0	0.0	0.0	0.0	0.0	0.0	0.0	1767.618	0.0	0.0	0.0	0.0	0.0	3230.477	2498.8945	2442.6736	0.0	0.0	0.0	0.0	0.0	0.0	0.0	1767.618	0.0	
sp|P62620|ISPG_ECOLI	P62620	ISPG_ECOLI	ispG	372	Escherichia coli (strain K12)	1:Experimental evidence at protein level	4-hydroxy-3-methylbut-2-en-1-yl diphosphate synthase (flavodoxin)	0.9683	0.9989	1	2	2	2	0	0	0	0	0	0	0	0	0	0	1	0	0	1	0	0	0	0	0	0	0	0	0	0	0	0	1	0	0	1	0	0	0	0	0	0	0	0	0	0	0	0	1	0	0	1	0	0	0.0	0.0	0.0	0.0	0.0	0.0	0.0	0.0	0.0	0.0	0.0	0.0	0.0	0.0	0.0	0.0	0.0	0.0	0.0	0.0	0.0	0.0	0.0	0.0	0.0	0.0	0.0	0.0	0.0	0.0	0.0	0.0	
sp|P62701|RS4X_HUMAN	P62701	RS4X_HUMAN	RPS4X	263	Homo sapiens	1:Experimental evidence at protein level	Small ribosomal subunit protein eS4, X isoform	1.0	0.999	10	115	94	115	7	9	8	4	11	3	10	7	6	9	8	5	3	9	10	6	5	8	7	4	9	3	8	5	4	7	6	3	3	8	8	6	7	9	8	4	11	3	10	7	6	9	8	5	3	9	10	6	28288.984	35637.176	36127.23	31520.506	26409.668	20548.027	32519.549	33183.535	30666.838	35491.31	36634.727	32937.746	34464.242	31820.62	34713.45	38081.758	7275.0	7069.04	7096.2983	7448.3506	6591.565	7254.992	7073.751	6882.2686	6632.175	6820.502	6998.6743	6491.4897	7160.7764	6520.1455	6645.1772	7154.8677	
sp|P62707|GPMA_ECOLI	P62707	GPMA_ECOLI	gpmA	250	Escherichia coli (strain K12)	1:Experimental evidence at protein level	2,3-bisphosphoglycerate-dependent phosphoglycerate mutase	1.0	0.999	11	174	159	174	2	5	4	3	3	4	3	2	12	20	18	22	13	20	24	19	2	5	4	3	3	4	3	2	10	18	16	20	12	18	22	17	2	5	4	3	3	4	3	2	12	20	18	22	13	20	24	19	25842.645	24372.582	35093.89	28436.736	36139.723	28019.883	30809.04	31377.434	102021.91	105998.08	100525.055	108413.13	104683.445	107497.69	116821.51	101152.19	12196.85	10161.521	12084.462	10993.656	11431.292	10492.424	8879.994	11085.927	26635.463	26049.996	27760.586	27057.857	25987.73	26983.166	28544.172	27573.186	
sp|P62714|PP2AB_HUMAN	P62714	PP2AB_HUMAN	PPP2CB	309	Homo sapiens	1:Experimental evidence at protein level	Serine/threonine-protein phosphatase 2A catalytic subunit beta isoform	0.8718	0.995	1	1	0	1	0	0	0	0	0	0	0	0	0	0	0	1	0	0	0	0	0	0	0	0	0	0	0	0	0	0	0	0	0	0	0	0	0	0	0	0	0	0	0	0	0	0	0	1	0	0	0	0	0.0	0.0	0.0	0.0	0.0	0.0	0.0	0.0	0.0	0.0	0.0	0.0	0.0	0.0	0.0	0.0	0.0	0.0	0.0	0.0	0.0	0.0	0.0	0.0	0.0	0.0	0.0	0.0	0.0	0.0	0.0	0.0	sp|P67775|PP2AA_HUMAN
sp|P62750|RL23A_HUMAN	P62750	RL23A_HUMAN	RPL23A	156	Homo sapiens	1:Experimental evidence at protein level	Large ribosomal subunit protein uL23	1.0	0.999	7	67	67	67	2	2	3	2	6	3	5	5	5	5	4	5	3	6	4	7	2	2	3	2	6	3	5	5	5	5	4	5	3	6	4	7	2	2	3	2	6	3	5	5	5	5	4	5	3	6	4	7	14606.003	14884.082	22178.082	28369.363	26549.785	23427.21	25604.873	30957.48	31716.36	30739.734	23720.812	32687.104	29395.865	31252.545	33380.215	31897.762	6184.508	8058.979	6280.651	7217.779	7543.673	6433.514	7716.567	7800.182	7136.5303	6991.33	6339.7637	7132.1606	7304.419	6794.118	7438.573	7085.8413	
sp|P62753|RS6_HUMAN	P62753	RS6_HUMAN	RPS6	249	Homo sapiens	1:Experimental evidence at protein level	Small ribosomal subunit protein eS6	1.0	0.9986	2	5	5	5	0	1	0	0	0	1	1	0	0	0	0	0	0	1	1	0	0	1	0	0	0	1	1	0	0	0	0	0	0	1	1	0	0	1	0	0	0	1	1	0	0	0	0	0	0	1	1	0	2886.7405	2827.912	3320.3662	3064.0334	3801.4514	3326.0457	3296.4946	2762.8997	3118.928	3340.8494	3521.865	3556.5767	2407.3398	3011.6548	2962.4033	2941.4902	2886.7405	2827.912	3320.3662	3064.0334	3801.4514	3326.0457	3296.4946	2762.8997	3118.928	3340.8494	3521.865	3556.5767	2407.3398	3011.6548	2962.4033	2941.4902	
sp|P62768|YAEH_ECOLI	P62768	YAEH_ECOLI	yaeH	128	Escherichia coli (strain K12)	3:Protein inferred from homology	UPF0325 protein YaeH	0.9546	0.9984	1	1	1	1	0	0	0	0	0	0	0	0	0	0	0	0	0	0	0	1	0	0	0	0	0	0	0	0	0	0	0	0	0	0	0	1	0	0	0	0	0	0	0	0	0	0	0	0	0	0	0	1	0.0	0.0	0.0	0.0	0.0	0.0	0.0	0.0	2303.5833	3817.999	2335.4597	3621.357	0.0	2481.7358	0.0	2534.4116	0.0	0.0	0.0	0.0	0.0	0.0	0.0	0.0	2303.5833	3817.999	2335.4597	3621.357	0.0	2481.7358	0.0	2534.4116	
sp|P62826|RAN_HUMAN	P62826	RAN_HUMAN	RAN	216	Homo sapiens	1:Experimental evidence at protein level	GTP-binding nuclear protein Ran	1.0	0.999	7	121	27	121	8	8	9	5	7	7	6	7	9	7	8	8	6	9	9	8	2	1	1	0	2	1	1	2	3	2	2	2	1	2	2	3	8	8	9	5	7	7	6	7	9	7	8	8	6	9	9	8	56931.055	54384.32	35834.86	48762.926	53298.227	34548.26	55880.324	52716.727	49752.582	58163.766	59593.99	52857.5	47365.61	39788.227	58368.08	57765.94	14000.087	13772.78	13900.417	12905.621	13191.835	13168.999	13905.599	13086.815	15244.222	14445.73	14904.966	14308.005	13100.742	15313.533	14635.388	14195.118	
sp|P62829|RL23_HUMAN	P62829	RL23_HUMAN	RPL23	140	Homo sapiens	1:Experimental evidence at protein level	Large ribosomal subunit protein uL14	1.0	0.999	3	85	85	85	5	9	5	7	6	6	6	4	6	4	5	5	3	3	5	6	5	9	5	7	6	6	6	4	6	4	5	5	3	3	5	6	5	9	5	7	6	6	6	4	6	4	5	5	3	3	5	6	23818.99	24410.299	24883.357	28774.688	29011.068	26425.152	28849.04	26687.71	18162.373	27367.963	22607.27	21851.387	21310.07	23654.828	26303.318	25589.318	11840.48	12582.86	12107.198	14081.347	14388.476	12269.517	14319.983	13228.717	10092.807	14113.57	12522.139	12320.004	11134.322	12162.535	13198.478	12486.677	
sp|P62841|RS15_HUMAN	P62841	RS15_HUMAN	RPS15	145	Homo sapiens	1:Experimental evidence at protein level	Small ribosomal subunit protein uS19	1.0	0.999	3	149	149	149	6	5	7	11	10	12	10	13	8	8	9	8	10	11	12	9	6	5	7	11	10	12	10	13	8	8	9	8	10	11	12	9	6	5	7	11	10	12	10	13	8	8	9	8	10	11	12	9	18229.678	9474.834	9880.839	3661.7039	9584.791	10989.132	9213.93	17735.82	18078.285	23244.645	23393.219	19902.352	23819.656	7121.0703	11085.445	14405.285	5532.998	4889.2607	5594.9707	4933.797	5787.4766	7999.462	6808.6177	6590.798	7052.824	7881.7686	8188.4346	5511.3745	7556.2783	6968.018	6639.775	6468.081	
sp|P62847|RS24_HUMAN	P62847	RS24_HUMAN	RPS24	133	Homo sapiens	1:Experimental evidence at protein level	Small ribosomal subunit protein eS24	1.0	0.999	3	24	24	24	2	2	2	1	2	2	2	1	0	0	2	1	1	2	3	1	2	2	2	1	2	2	2	1	0	0	2	1	1	2	3	1	2	2	2	1	2	2	2	1	0	0	2	1	1	2	3	1	0.0	5875.219	7817.74	6154.5654	9244.674	10764.9375	10568.128	10469.3955	1910.5884	2915.4392	5413.2793	4162.624	6979.728	4818.025	6918.142	5872.238	0.0	4316.681	4940.8823	6154.5654	5962.4966	6969.0034	6746.7134	6786.04	1910.5884	2915.4392	3508.638	2657.8672	4431.049	3090.4585	4453.872	3757.6836	
sp|P62851|RS25_HUMAN	P62851	RS25_HUMAN	RPS25	125	Homo sapiens	1:Experimental evidence at protein level	Small ribosomal subunit protein eS25	1.0	0.999	3	43	43	43	2	3	2	3	2	2	4	2	2	4	3	2	2	5	3	2	2	3	2	3	2	2	4	2	2	4	3	2	2	5	3	2	2	3	2	3	2	2	4	2	2	4	3	2	2	5	3	2	15217.198	15297.59	10287.495	8800.428	14899.631	14692.27	13799.676	10086.627	17691.912	17205.217	15297.332	17335.11	16155.451	17427.314	16630.824	16919.473	5598.748	5652.0615	5551.047	4697.239	5649.548	5549.589	5204.903	5437.1553	6664.686	6450.649	5794.334	6565.607	5968.472	6535.0605	6351.1973	6488.733	
sp|P62854|RS26_HUMAN	P62854	RS26_HUMAN	RPS26	115	Homo sapiens	1:Experimental evidence at protein level	Small ribosomal subunit protein eS26	0.9713	0.999	1	40	40	40	2	2	1	2	5	1	3	4	2	2	4	3	2	2	3	2	2	2	1	2	5	1	3	4	2	2	4	3	2	2	3	2	2	2	1	2	5	1	3	4	2	2	4	3	2	2	3	2	5360.039	2628.7039	3964.451	5071.878	4347.214	5319.558	4641.945	4540.307	2541.1675	2968.1885	3669.8086	3873.5405	6054.223	4434.2134	3555.7815	4220.9434	5360.039	2628.7039	3964.451	5071.878	4347.214	5319.558	4641.945	4540.307	2541.1675	2968.1885	3669.8086	3873.5405	6054.223	4434.2134	3555.7815	4220.9434	
sp|P62857|RS28_HUMAN	P62857	RS28_HUMAN	RPS28	69	Homo sapiens	1:Experimental evidence at protein level	Small ribosomal subunit protein eS28	1.0	0.999	5	56	56	56	2	2	1	2	2	5	4	2	3	4	7	6	3	4	5	4	2	2	1	2	2	5	4	2	3	4	7	6	3	4	5	4	2	2	1	2	2	5	4	2	3	4	7	6	3	4	5	4	7889.677	12227.556	15035.205	12385.541	12807.709	9831.585	11020.799	10754.664	13907.751	17623.205	13775.076	17481.115	13852.086	19501.695	16705.82	15742.164	4846.1797	4603.946	4549.0312	4823.4487	4311.0444	3834.1565	4090.849	4220.6816	4852.95	4225.7305	4807.2734	4625.453	4487.8086	4827.056	4973.0103	4551.6436	
sp|P62861|RS30_HUMAN	P62861	RS30_HUMAN	FAU	133	Homo sapiens	1:Experimental evidence at protein level	Ubiquitin-like FUBI-ribosomal protein eS30 fusion protein	0.9708	0.999	1	17	17	17	1	0	0	0	1	1	1	0	1	2	0	2	2	2	2	2	1	0	0	0	1	1	1	0	1	2	0	2	2	2	2	2	1	0	0	0	1	1	1	0	1	2	0	2	2	2	2	2	0.0	1854.0338	1437.7593	2456.3137	0.0	2786.2808	2328.8296	2169.1877	2755.119	1871.2128	1949.0529	2928.7957	4065.6387	4461.868	2475.356	3136.368	0.0	1854.0338	1437.7593	2456.3137	0.0	2786.2808	2328.8296	2169.1877	2755.119	1871.2128	1949.0529	2928.7957	4065.6387	4461.868	2475.356	3136.368	
sp|P62888|RL30_HUMAN	P62888	RL30_HUMAN	RPL30	115	Homo sapiens	1:Experimental evidence at protein level	Large ribosomal subunit protein eL30	1.0	0.999	3	50	50	50	3	3	4	3	3	1	4	1	3	4	5	4	2	4	3	3	3	3	4	3	3	1	4	1	3	4	5	4	2	4	3	3	3	3	4	3	3	1	4	1	3	4	5	4	2	4	3	3	7902.4585	0.0	10948.001	8814.537	7620.312	11232.897	12390.758	9247.415	12825.456	12235.342	13151.314	14995.578	13946.28	15556.208	17188.055	13921.618	7902.4585	0.0	7017.9185	5875.0547	7620.312	5384.785	6193.2427	5738.0347	5890.786	5539.019	6031.48	7180.5273	6475.2314	7074.595	7756.055	6483.2007	
sp|P62899|RL31_HUMAN	P62899	RL31_HUMAN	RPL31	125	Homo sapiens	1:Experimental evidence at protein level	Large ribosomal subunit protein eL31	1.0	0.999	6	68	54	68	6	6	3	3	4	5	6	4	5	3	5	4	1	5	4	4	5	5	3	3	3	4	5	3	3	2	4	3	1	4	3	3	6	6	3	3	4	5	6	4	5	3	5	4	1	5	4	4	27803.8	23129.957	24795.592	28630.97	22318.217	32954.137	28571.361	26508.389	26132.588	24661.56	25158.139	29723.586	23094.428	30934.568	31262.924	30031.291	8205.707	7733.9927	7931.4043	8430.035	9336.908	9137.625	8370.638	8971.094	8997.266	8785.64	8146.264	8259.257	7901.7344	9169.468	9336.981	8820.453	
sp|P62906|RL10A_HUMAN	P62906	RL10A_HUMAN	RPL10A	217	Homo sapiens	1:Experimental evidence at protein level	Large ribosomal subunit protein uL1	1.0	0.999	4	25	25	25	2	0	1	0	0	1	2	3	0	3	2	2	0	2	4	3	2	0	1	0	0	1	2	3	0	3	2	2	0	2	4	3	2	0	1	0	0	1	2	3	0	3	2	2	0	2	4	3	3970.4705	4878.87	6605.7207	3773.276	10358.627	8269.728	4108.847	6339.386	6488.4688	10779.854	7695.672	8212.639	10471.457	11925.529	8778.805	11998.852	4040.5662	4965.003	3681.9653	3839.8904	4317.964	3416.6836	4181.3857	3702.957	3434.2534	4099.357	4462.7627	4351.8735	4139.4434	4464.63	3230.6797	4739.235	
sp|P62910|RL32_HUMAN	P62910	RL32_HUMAN	RPL32	135	Homo sapiens	1:Experimental evidence at protein level	Large ribosomal subunit protein eL32	1.0	0.999	5	36	36	36	1	2	3	0	2	2	3	2	3	2	2	4	1	2	4	3	1	2	3	0	2	2	3	2	3	2	2	4	1	2	4	3	1	2	3	0	2	2	3	2	3	2	2	4	1	2	4	3	10798.341	16728.148	8118.416	12407.601	15324.666	14597.142	16812.334	17274.549	14974.803	15268.586	13408.56	7617.435	12724.803	17270.49	18354.246	8059.8223	5022.622	5276.7437	5031.1904	5743.923	4751.115	4471.155	5341.195	5384.2705	5605.3623	4740.383	4980.9814	4606.4883	5304.8945	5335.241	5716.3877	5806.4946	
sp|P62913|RL11_HUMAN	P62913	RL11_HUMAN	RPL11	178	Homo sapiens	1:Experimental evidence at protein level	Large ribosomal subunit protein uL5	1.0	0.999	7	86	86	86	8	3	5	4	5	4	10	7	3	6	5	6	3	6	5	6	8	3	5	4	5	4	10	7	3	6	5	6	3	6	5	6	8	3	5	4	5	4	10	7	3	6	5	6	3	6	5	6	30674.332	29129.2	28071.496	33273.145	28261.453	34751.688	22079.447	24866.59	19871.643	29412.703	24321.277	30483.438	30879.031	26151.867	28102.43	32482.934	6303.1	7313.277	7020.0454	6948.7383	6834.918	7395.1455	7239.495	6127.704	6504.598	6517.694	6864.3057	6796.144	6588.6323	6482.487	6138.071	7148.826	
sp|P62917|RL8_HUMAN	P62917	RL8_HUMAN	RPL8	257	Homo sapiens	1:Experimental evidence at protein level	Large ribosomal subunit protein uL2	1.0	0.9952	2	4	4	4	0	0	0	0	0	0	0	0	0	0	0	2	0	1	1	0	0	0	0	0	0	0	0	0	0	0	0	2	0	1	1	0	0	0	0	0	0	0	0	0	0	0	0	2	0	1	1	0	0.0	0.0	0.0	0.0	0.0	0.0	0.0	0.0	0.0	0.0	0.0	0.0	0.0	0.0	0.0	0.0	0.0	0.0	0.0	0.0	0.0	0.0	0.0	0.0	0.0	0.0	0.0	0.0	0.0	0.0	0.0	0.0	
sp|P62993|GRB2_HUMAN	P62993	GRB2_HUMAN	GRB2	217	Homo sapiens	1:Experimental evidence at protein level	Growth factor receptor-bound protein 2	0.9713	0.999	1	1	1	1	0	0	0	0	0	0	0	0	0	0	0	1	0	0	0	0	0	0	0	0	0	0	0	0	0	0	0	1	0	0	0	0	0	0	0	0	0	0	0	0	0	0	0	1	0	0	0	0	0.0	0.0	0.0	0.0	0.0	0.0	0.0	0.0	0.0	0.0	0.0	0.0	0.0	0.0	0.0	0.0	0.0	0.0	0.0	0.0	0.0	0.0	0.0	0.0	0.0	0.0	0.0	0.0	0.0	0.0	0.0	0.0	
sp|P62995|TRA2B_HUMAN	P62995	TRA2B_HUMAN	TRA2B	288	Homo sapiens	1:Experimental evidence at protein level	Transformer-2 protein homolog beta	0.8765	0.9953	1	7	7	7	0	0	0	0	0	2	1	0	1	0	0	2	0	0	1	0	0	0	0	0	0	2	1	0	1	0	0	2	0	0	1	0	0	0	0	0	0	2	1	0	1	0	0	2	0	0	1	0	2317.2678	2169.4187	1017.8132	0.0	3164.839	2941.801	3566.6353	2606.8296	2410.6226	2030.2773	2415.3003	2379.7258	2269.7346	1784.1277	1786.5967	1485.2804	2317.2678	2169.4187	1017.8132	0.0	3164.839	2941.801	3566.6353	2606.8296	2410.6226	2030.2773	2415.3003	2379.7258	2269.7346	1784.1277	1786.5967	1485.2804	
sp|P63020|NFUA_ECOLI	P63020	NFUA_ECOLI	nfuA	191	Escherichia coli (strain K12)	1:Experimental evidence at protein level	Fe/S biogenesis protein NfuA	0.9159	0.9969	1	1	1	1	0	0	0	0	0	0	0	0	0	0	0	0	0	1	0	0	0	0	0	0	0	0	0	0	0	0	0	0	0	1	0	0	0	0	0	0	0	0	0	0	0	0	0	0	0	1	0	0	0.0	0.0	0.0	0.0	0.0	0.0	0.0	0.0	0.0	0.0	0.0	0.0	0.0	2414.316	0.0	0.0	0.0	0.0	0.0	0.0	0.0	0.0	0.0	0.0	0.0	0.0	0.0	0.0	0.0	0.0	0.0	0.0	
sp|P63104|1433Z_HUMAN	P63104	1433Z_HUMAN	YWHAZ	245	Homo sapiens	1:Experimental evidence at protein level	14-3-3 protein zeta/delta	1.0	0.999	12	144	144	218	8	7	6	6	10	6	11	11	8	10	12	11	6	12	8	12	8	7	6	6	10	6	11	11	8	10	12	11	6	12	8	12	12	11	10	10	14	10	16	17	12	15	16	17	10	20	11	17	51829.477	55679.957	58581.887	53136.848	59639.55	42932.05	52784.03	34900.84	55430.21	44734.117	46580.883	42955.88	50647.445	46926.41	56679.863	62786.945	17745.322	16906.918	17521.2	15526.503	18127.656	17699.98	16901.4	16427.041	18226.072	17534.098	16755.28	16518.414	15445.063	19771.545	18048.033	20017.6	
sp|P63151|2ABA_HUMAN	P63151	2ABA_HUMAN	PPP2R2A	447	Homo sapiens	1:Experimental evidence at protein level	Serine/threonine-protein phosphatase 2A 55 kDa regulatory subunit B alpha isoform	1.0	0.999	3	29	28	29	0	1	3	1	3	1	2	2	2	1	2	3	3	1	1	3	0	1	2	1	3	1	2	2	2	1	2	3	3	1	1	3	0	1	3	1	3	1	2	2	2	1	2	3	3	1	1	3	0.0	0.0	0.0	0.0	0.0	0.0	0.0	2038.8553	0.0	0.0	0.0	0.0	0.0	0.0	0.0	0.0	0.0	0.0	0.0	0.0	0.0	0.0	0.0	0.0	0.0	0.0	0.0	0.0	0.0	0.0	0.0	0.0	
sp|P63173|RL38_HUMAN	P63173	RL38_HUMAN	RPL38	70	Homo sapiens	1:Experimental evidence at protein level	Large ribosomal subunit protein eL38	1.0	0.999	2	23	23	23	0	0	1	2	3	1	2	1	1	3	1	2	1	1	2	2	0	0	1	2	3	1	2	1	1	3	1	2	1	1	2	2	0	0	1	2	3	1	2	1	1	3	1	2	1	1	2	2	8508.27	6301.964	6446.813	8610.384	7195.7236	2829.1467	7440.3555	6764.5977	6206.744	5776.4326	3960.2	7101.133	8245.244	6080.885	6443.537	5901.2646	4622.236	3456.3208	3535.6582	4692.1353	3912.3672	2862.6978	4033.1375	3655.5164	3372.8665	3165.5242	4007.164	3885.0527	4520.977	3320.7234	3524.755	3223.2144	
sp|P63208|SKP1_HUMAN	P63208	SKP1_HUMAN	SKP1	163	Homo sapiens	1:Experimental evidence at protein level	S-phase kinase-associated protein 1	1.0	0.999	4	31	31	31	1	3	2	3	1	2	2	1	2	1	1	4	2	2	3	1	1	3	2	3	1	2	2	1	2	1	1	4	2	2	3	1	1	3	2	3	1	2	2	1	2	1	1	4	2	2	3	1	5559.295	5490.998	0.0	0.0	6582.906	5989.67	6006.8755	0.0	2913.8198	4946.0825	4877.9634	4954.479	6072.464	4193.453	4091.1553	4458.5684	5559.295	5490.998	0.0	0.0	6582.906	5989.67	6006.8755	0.0	2913.8198	4946.0825	4877.9634	4954.479	6072.464	4193.453	4091.1553	4458.5684	
sp|P63220|RS21_HUMAN	P63220	RS21_HUMAN	RPS21	83	Homo sapiens	1:Experimental evidence at protein level	Small ribosomal subunit protein eS21	1.0	0.999	4	36	36	36	0	2	0	0	3	2	2	2	3	3	4	2	0	4	4	5	0	2	0	0	3	2	2	2	3	3	4	2	0	4	4	5	0	2	0	0	3	2	2	2	3	3	4	2	0	4	4	5	18176.75	21084.28	22257.533	19077.598	14008.494	21195.629	17114.863	20627.715	14496.846	23779.291	21336.086	22198.312	15577.408	20239.16	21272.797	21041.922	4820.0664	4465.9727	4568.619	3954.452	4285.8564	4409.5464	4245.856	4274.0444	4292.14	4948.8438	4552.075	4737.3384	4800.6274	4267.096	4417.93	4849.8105	
sp|P63224|GMHA_ECOLI	P63224	GMHA_ECOLI	gmhA	192	Escherichia coli (strain K12)	1:Experimental evidence at protein level	Phosphoheptose isomerase	1.0	0.999	4	41	41	41	1	2	2	1	3	1	2	2	1	3	3	5	2	6	4	3	1	2	2	1	3	1	2	2	1	3	3	5	2	6	4	3	1	2	2	1	3	1	2	2	1	3	3	5	2	6	4	3	5025.4585	4852.338	4702.8237	4844.087	5767.2676	1413.9302	3519.255	6834.051	12546.027	17659.098	19493.398	13050.819	4471.7104	9655.882	15448.086	13496.578	4682.7153	4521.402	4382.0845	4513.7134	5373.932	2359.75	3279.2368	4018.5654	7459.8423	10561.358	11414.611	12160.735	7462.97	16114.987	9205.161	8065.8843	
sp|P63241|IF5A1_HUMAN	P63241	IF5A1_HUMAN	EIF5A	154	Homo sapiens	1:Experimental evidence at protein level	Eukaryotic translation initiation factor 5A-1	1.0	0.999	7	288	68	288	17	21	22	17	18	13	17	17	14	18	22	21	19	20	16	16	4	7	7	3	5	3	3	3	5	5	3	6	4	5	3	2	17	21	22	17	18	13	17	17	14	18	22	21	19	20	16	16	85746.14	72774.36	65422.465	72306.29	80105.31	74750.18	73929.2	65449.043	64320.152	78245.16	82734.766	73391.555	88018.13	83838.62	79452.36	75866.2	28581.965	24856.834	24928.98	25492.938	27126.922	27162.953	27269.264	23690.074	26872.201	30736.414	27577.762	29853.842	28208.875	27909.383	29688.33	28929.705	
sp|P63244|RACK1_HUMAN	P63244	RACK1_HUMAN	RACK1	317	Homo sapiens	1:Experimental evidence at protein level	Small ribosomal subunit protein RACK1	1.0	0.999	10	81	81	81	3	3	4	5	2	3	6	4	3	7	6	8	2	9	8	8	3	3	4	5	2	3	6	4	3	7	6	8	2	9	8	8	3	3	4	5	2	3	6	4	3	7	6	8	2	9	8	8	13318.277	13000.661	15841.416	12461.808	11800.858	13820.201	9361.428	9470.287	15426.613	18995.271	13414.281	22130.475	17621.88	18200.791	17359.914	18546.805	5687.8223	5801.498	5497.612	5286.4434	4981.348	4893.8784	5469.0537	5533.041	5626.892	5655.083	6351.1787	6811.67	5735.569	5902.5684	5032.0615	4761.654	
sp|P63261|ACTG_HUMAN	P63261	ACTG_HUMAN	ACTG1	375	Homo sapiens	1:Experimental evidence at protein level	Actin, cytoplasmic 2	1.0	0.999	23	76	76	1105	5	3	4	4	8	5	4	4	6	4	2	4	6	7	5	5	5	3	4	4	8	5	4	4	6	4	2	4	6	7	5	5	66	64	50	55	73	66	66	69	71	74	75	76	53	78	87	82	30128.66	28862.533	29932.133	30416.96	29210.783	29578.553	27842.725	25671.586	23385.66	25555.236	26992.008	26768.766	31137.004	25408.385	27410.492	27224.973	19979.244	19324.602	19923.719	18447.637	17873.926	18119.879	18276.441	15939.259	15295.953	17505.797	18413.467	18180.623	21373.137	16860.807	18358.22	18186.959	
sp|P63284|CLPB_ECOLI	P63284	CLPB_ECOLI	clpB	857	Escherichia coli (strain K12)	1:Experimental evidence at protein level	Chaperone protein ClpB	1.0	0.999	2	17	17	17	0	0	0	0	0	0	0	0	2	2	2	2	1	2	4	2	0	0	0	0	0	0	0	0	2	2	2	2	1	2	4	2	0	0	0	0	0	0	0	0	2	2	2	2	1	2	4	2	0.0	0.0	0.0	0.0	0.0	0.0	0.0	0.0	0.0	0.0	0.0	0.0	0.0	0.0	0.0	0.0	0.0	0.0	0.0	0.0	0.0	0.0	0.0	0.0	0.0	0.0	0.0	0.0	0.0	0.0	0.0	0.0	
sp|P63313|TYB10_HUMAN	P63313	TYB10_HUMAN	TMSB10	44	Homo sapiens	1:Experimental evidence at protein level	Thymosin beta-10	0.9235	0.9972	1	1	1	1	0	0	0	0	0	0	0	0	0	0	0	1	0	0	0	0	0	0	0	0	0	0	0	0	0	0	0	1	0	0	0	0	0	0	0	0	0	0	0	0	0	0	0	1	0	0	0	0	0.0	0.0	0.0	0.0	0.0	0.0	0.0	0.0	3863.0957	4603.1885	4436.0723	6170.36	5144.9634	4321.082	4635.1167	4059.9238	0.0	0.0	0.0	0.0	0.0	0.0	0.0	0.0	3863.0957	4603.1885	4436.0723	6170.36	5144.9634	4321.082	4635.1167	4059.9238	
sp|P63417|YHBS_ECOLI	P63417	YHBS_ECOLI	yhbS	167	Escherichia coli (strain K12)	3:Protein inferred from homology	Uncharacterized N-acetyltransferase YhbS	0.9526	0.9983	1	2	2	2	0	0	0	0	0	0	0	0	0	0	0	0	0	1	1	0	0	0	0	0	0	0	0	0	0	0	0	0	0	1	1	0	0	0	0	0	0	0	0	0	0	0	0	0	0	1	1	0	0.0	0.0	0.0	0.0	0.0	0.0	0.0	0.0	0.0	0.0	0.0	0.0	0.0	1053.3168	1876.5359	0.0	0.0	0.0	0.0	0.0	0.0	0.0	0.0	0.0	0.0	0.0	0.0	0.0	0.0	1053.3168	1876.5359	0.0	
sp|P64581|YQJD_ECOLI	P64581	YQJD_ECOLI	yqjD	101	Escherichia coli (strain K12)	1:Experimental evidence at protein level	Uncharacterized protein YqjD	0.9712	0.999	1	10	10	10	0	0	0	0	0	0	0	0	0	2	0	2	3	1	1	1	0	0	0	0	0	0	0	0	0	2	0	2	3	1	1	1	0	0	0	0	0	0	0	0	0	2	0	2	3	1	1	1	0.0	0.0	0.0	0.0	0.0	0.0	0.0	0.0	2846.8638	3159.1619	2082.2427	2134.3884	4324.9746	2632.197	3401.9172	2829.8428	0.0	0.0	0.0	0.0	0.0	0.0	0.0	0.0	2846.8638	3159.1619	2082.2427	2134.3884	4324.9746	2632.197	3401.9172	2829.8428	
sp|P64614|YHCN_ECOLI	P64614	YHCN_ECOLI	yhcN	87	Escherichia coli (strain K12)	3:Protein inferred from homology	Uncharacterized protein YhcN	0.962	0.9987	1	3	3	3	0	0	0	0	0	0	0	0	0	1	0	2	0	0	0	0	0	0	0	0	0	0	0	0	0	1	0	2	0	0	0	0	0	0	0	0	0	0	0	0	0	1	0	2	0	0	0	0	0.0	0.0	0.0	0.0	0.0	0.0	0.0	0.0	0.0	2833.6887	3539.4053	0.0	2246.44	2811.6885	3018.7285	1855.48	0.0	0.0	0.0	0.0	0.0	0.0	0.0	0.0	0.0	2833.6887	3539.4053	0.0	2246.44	2811.6885	3018.7285	1855.48	
sp|P67603|AC4CH_ECOLI	P67603	AC4CH_ECOLI	yqfB	103	Escherichia coli (strain K12)	1:Experimental evidence at protein level	N(4)-acetylcytidine amidohydrolase	0.8528	0.9942	1	1	1	1	0	0	0	0	0	0	0	0	0	0	0	0	0	0	0	1	0	0	0	0	0	0	0	0	0	0	0	0	0	0	0	1	0	0	0	0	0	0	0	0	0	0	0	0	0	0	0	1	0.0	0.0	0.0	0.0	0.0	0.0	0.0	0.0	0.0	0.0	0.0	0.0	0.0	0.0	0.0	0.0	0.0	0.0	0.0	0.0	0.0	0.0	0.0	0.0	0.0	0.0	0.0	0.0	0.0	0.0	0.0	0.0	
sp|P67809|YBOX1_HUMAN	P67809	YBOX1_HUMAN	YBX1	324	Homo sapiens	1:Experimental evidence at protein level	Y-box-binding protein 1	1.0	0.999	8	110	38	110	7	8	3	3	9	6	7	5	4	6	8	9	2	11	11	11	2	3	0	0	3	2	1	1	1	3	5	4	0	4	5	4	7	8	3	3	9	6	7	5	4	6	8	9	2	11	11	11	42149.93	40718.82	48460.992	50142.777	56330.688	54735.08	35553.047	41197.844	55100.598	49430.367	50966.105	54884.95	50370.37	55467.582	43017.45	61510.695	12448.67	12215.959	12547.332	13571.733	13293.104	12920.898	11966.608	11842.752	13709.993	12075.563	12374.765	13171.73	11745.935	13161.948	13560.07	14341.806	
sp|P67870|CSK2B_HUMAN	P67870	CSK2B_HUMAN	CSNK2B	215	Homo sapiens	1:Experimental evidence at protein level	Casein kinase II subunit beta	0.9612	0.9986	1	1	1	1	0	0	0	0	0	0	0	0	0	0	0	0	0	0	1	0	0	0	0	0	0	0	0	0	0	0	0	0	0	0	1	0	0	0	0	0	0	0	0	0	0	0	0	0	0	0	1	0	0.0	0.0	0.0	0.0	0.0	0.0	0.0	0.0	0.0	0.0	0.0	0.0	0.0	0.0	0.0	0.0	0.0	0.0	0.0	0.0	0.0	0.0	0.0	0.0	0.0	0.0	0.0	0.0	0.0	0.0	0.0	0.0	
sp|P67910|HLDD_ECOLI	P67910	HLDD_ECOLI	hldD	310	Escherichia coli (strain K12)	1:Experimental evidence at protein level	ADP-L-glycero-D-manno-heptose-6-epimerase	1.0	0.999	1	8	8	8	0	0	0	0	0	0	0	0	1	1	1	1	1	2	1	0	0	0	0	0	0	0	0	0	1	1	1	1	1	2	1	0	0	0	0	0	0	0	0	0	1	1	1	1	1	2	1	0	0.0	0.0	3866.8308	0.0	0.0	2213.908	3026.832	3304.543	3577.294	6790.8066	5215.284	6226.9414	11592.824	2367.4248	3993.958	5908.173	0.0	0.0	4144.1807	0.0	0.0	2372.7012	3243.9326	3541.5625	3833.8767	3900.7664	2562.646	3097.21	6728.3306	2598.7307	4280.4263	3139.564	
sp|P68032|ACTC_HUMAN	P68032	ACTC_HUMAN	ACTC1	377	Homo sapiens	1:Experimental evidence at protein level	Actin, alpha cardiac muscle 1	1.0	0.999	16	84	0	511	7	5	5	4	3	3	6	6	5	5	5	7	7	6	5	5	0	0	0	0	0	0	0	0	0	0	0	0	0	0	0	0	33	29	22	19	27	30	36	30	34	37	37	39	21	41	40	36	15392.011	15479.605	20095.346	17244.7	10380.925	15274.56	16192.615	15157.405	15881.083	11028.861	22001.674	20291.615	24215.432	10875.717	17015.729	20406.672	9041.935	10643.423	9601.722	8211.777	6482.5835	7531.567	8116.564	7162.962	9460.842	11553.582	10756.57	13021.904	12197.088	11372.072	10899.809	9310.877	
sp|P68036|UB2L3_HUMAN	P68036	UB2L3_HUMAN	UBE2L3	154	Homo sapiens	1:Experimental evidence at protein level	Ubiquitin-conjugating enzyme E2 L3	1.0	0.999	9	115	69	115	4	4	8	4	7	4	7	7	5	6	12	11	8	8	8	12	1	3	5	4	5	2	4	4	3	2	7	7	5	6	5	6	4	4	8	4	7	4	7	7	5	6	12	11	8	8	8	12	27631.297	28708.254	28467.635	24116.84	26813.992	26186.412	20741.812	28271.02	39466.98	44454.867	38393.43	39893.06	44062.34	43632.19	30024.645	34200.375	12753.351	13814.881	13715.466	11653.975	12993.737	12572.287	13605.88	13252.538	16374.637	16489.29	19406.727	17455.121	14736.176	16985.527	14236.956	15710.841	
sp|P68104|EF1A1_HUMAN	P68104	EF1A1_HUMAN	EEF1A1	462	Homo sapiens	1:Experimental evidence at protein level	Elongation factor 1-alpha 1	1.0	0.999	24	1732	141	1732	106	115	112	92	106	87	112	103	94	110	111	120	100	112	131	121	7	6	9	7	8	7	6	8	9	13	10	11	9	9	13	9	106	115	112	92	106	87	112	103	94	110	111	120	100	112	131	121	645519.5	688302.06	650699.3	579997.94	666186.1	663495.0	694463.8	688273.4	563308.25	733632.25	686210.5	708353.8	716302.56	687144.7	672773.0	640589.06	87074.516	92666.48	90197.76	84629.73	90108.73	86949.516	92595.625	91065.79	90862.82	98648.016	95204.28	95457.78	92031.49	96575.05	95242.57	95400.93	
sp|P68206|YJBJ_ECOLI	P68206	YJBJ_ECOLI	yjbJ	69	Escherichia coli (strain K12)	1:Experimental evidence at protein level	UPF0337 protein YjbJ	1.0	0.999	2	12	12	12	0	0	0	0	0	0	0	0	1	1	2	1	1	2	2	2	0	0	0	0	0	0	0	0	1	1	2	1	1	2	2	2	0	0	0	0	0	0	0	0	1	1	2	1	1	2	2	2	2551.3193	2616.8652	2551.869	0.0	0.0	1833.3522	959.17175	0.0	6669.2944	15922.086	16221.037	16552.256	14874.314	15098.227	13748.911	13230.029	2664.3801	2732.8306	2664.9539	0.0	0.0	1914.5964	1001.67706	0.0	6964.842	8345.307	8220.185	7983.9253	7200.501	7806.5366	7061.4795	6726.607	
sp|P68363|TBA1B_HUMAN	P68363	TBA1B_HUMAN	TUBA1B	451	Homo sapiens	1:Experimental evidence at protein level	Tubulin alpha-1B chain	1.0	0.999	20	561	0	561	29	34	34	26	31	27	35	31	31	43	42	43	28	46	40	41	0	0	0	0	0	0	0	0	0	0	0	0	0	0	0	0	29	34	34	26	31	27	35	31	31	43	42	43	28	46	40	41	168628.42	164564.22	187413.28	185150.11	175842.94	176025.44	153779.98	164140.75	173671.12	159962.92	168252.0	186825.9	197686.6	194029.75	177031.48	197293.27	23357.299	23038.393	24347.178	23092.94	24053.027	23127.473	23661.682	22458.705	25475.166	24423.586	23969.215	23554.084	25178.193	24967.2	25257.572	24485.672	
sp|P68366|TBA4A_HUMAN	P68366	TBA4A_HUMAN	TUBA4A	448	Homo sapiens	1:Experimental evidence at protein level	Tubulin alpha-4A chain	1.0	0.9988	15	6	6	307	1	1	1	0	1	0	0	0	0	0	1	1	0	0	0	0	1	1	1	0	1	0	0	0	0	0	1	1	0	0	0	0	12	17	14	11	19	13	21	16	16	25	27	25	13	26	27	25	0.0	0.0	0.0	0.0	0.0	0.0	0.0	0.0	0.0	0.0	0.0	0.0	0.0	0.0	0.0	0.0	0.0	0.0	0.0	0.0	0.0	0.0	0.0	0.0	0.0	0.0	0.0	0.0	0.0	0.0	0.0	0.0	
sp|P68371|TBB4B_HUMAN	P68371	TBB4B_HUMAN	TUBB4B	445	Homo sapiens	1:Experimental evidence at protein level	Tubulin beta-4B chain	1.0	0.999	22	74	6	685	5	4	5	2	3	4	6	4	5	5	6	6	4	6	6	3	0	0	0	0	0	0	0	0	1	1	1	1	0	0	1	1	38	45	36	21	41	34	46	45	35	49	57	59	33	48	53	45	21439.178	31782.27	28820.795	23085.36	22881.715	31926.852	24436.275	30118.55	20859.045	29274.336	30666.588	20591.973	21034.19	27370.494	25440.36	14287.64	8977.145	8926.677	9166.504	8279.939	8598.31	9094.239	7800.634	9090.106	8873.9795	9891.904	10023.986	9723.382	8890.369	8799.199	9836.532	8818.005	
sp|P68400|CSK21_HUMAN	P68400	CSK21_HUMAN	CSNK2A1	391	Homo sapiens	1:Experimental evidence at protein level	Casein kinase II subunit alpha	0.9624	0.9987	1	1	0	1	0	0	0	0	0	0	0	0	0	0	0	0	0	0	0	1	0	0	0	0	0	0	0	0	0	0	0	0	0	0	0	0	0	0	0	0	0	0	0	0	0	0	0	0	0	0	0	1	0.0	0.0	0.0	0.0	0.0	0.0	0.0	0.0	0.0	0.0	0.0	0.0	0.0	0.0	0.0	0.0	0.0	0.0	0.0	0.0	0.0	0.0	0.0	0.0	0.0	0.0	0.0	0.0	0.0	0.0	0.0	0.0	sp|Q8NEV1|CSK23_HUMAN
sp|P68679|RS21_ECOLI	P68679	RS21_ECOLI	rpsU	71	Escherichia coli (strain K12)	1:Experimental evidence at protein level	Small ribosomal subunit protein bS21	1.0	0.999	4	35	35	35	0	0	1	0	1	0	1	1	3	4	4	3	2	4	7	4	0	0	1	0	1	0	1	1	3	4	4	3	2	4	7	4	0	0	1	0	1	0	1	1	3	4	4	3	2	4	7	4	3256.7334	3287.7314	0.0	3223.965	3154.3486	8014.706	2928.4473	3370.8906	28627.852	29067.604	22327.05	15476.641	15702.719	23962.773	27525.814	27148.803	3356.569	3388.5173	0.0	3322.7961	3251.0457	4245.478	3018.2192	3474.2256	9606.203	9998.062	9450.503	9734.901	8918.092	8026.759	9473.563	9806.564	
sp|P68919|RL25_ECOLI	P68919	RL25_ECOLI	rplY	94	Escherichia coli (strain K12)	1:Experimental evidence at protein level	Large ribosomal subunit protein bL25	1.0	0.999	4	74	74	74	1	3	1	2	2	3	3	4	5	6	6	9	7	6	10	6	1	3	1	2	2	3	3	4	5	6	6	9	7	6	10	6	1	3	1	2	2	3	3	4	5	6	6	9	7	6	10	6	6838.288	7164.8667	6896.343	7554.0195	6264.702	6901.894	8441.998	7231.613	32786.625	34141.35	28040.287	37031.547	40411.65	37542.195	34360.574	23795.535	6838.288	7164.8667	6896.343	7554.0195	6264.702	6901.894	8441.998	7231.613	11694.986	13119.534	13001.026	13285.993	16158.212	13478.436	12217.116	13468.557	
sp|P69222|IF1_ECOLI	P69222	IF1_ECOLI	infA	72	Escherichia coli (strain K12)	1:Experimental evidence at protein level	Translation initiation factor IF-1	1.0	0.999	2	9	9	9	0	0	0	0	0	0	0	0	1	0	1	2	0	1	2	2	0	0	0	0	0	0	0	0	1	0	1	2	0	1	2	2	0	0	0	0	0	0	0	0	1	0	1	2	0	1	2	2	0.0	0.0	0.0	0.0	0.0	0.0	0.0	0.0	4724.0044	4321.3364	4512.5117	4102.1245	4480.371	4212.677	4551.3447	6276.448	0.0	0.0	0.0	0.0	0.0	0.0	0.0	0.0	4724.0044	4321.3364	4512.5117	4102.1245	4480.371	4212.677	4551.3447	4150.8013	
sp|P69441|KAD_ECOLI	P69441	KAD_ECOLI	adk	214	Escherichia coli (strain K12)	1:Experimental evidence at protein level	Adenylate kinase	1.0	0.999	6	31	31	45	1	3	1	2	1	1	1	1	2	3	2	2	1	3	4	3	1	3	1	2	1	1	1	1	2	3	2	2	1	3	4	3	1	3	1	2	1	1	1	1	3	6	2	4	2	6	5	6	5060.95	3554.1885	4005.9512	4159.9277	4266.075	7824.7905	5735.957	7652.461	22347.217	19282.215	21610.348	20065.799	15491.879	20011.47	19732.445	16637.717	2881.6326	3716.5571	4188.958	4349.9688	4460.9653	3532.747	3240.9617	4354.534	8187.56	7419.34	8297.172	7762.423	8844.341	7577.728	7310.861	7478.765	
sp|P69503|APT_ECOLI	P69503	APT_ECOLI	apt	183	Escherichia coli (strain K12)	1:Experimental evidence at protein level	Adenine phosphoribosyltransferase	0.9713	0.999	1	1	1	1	0	0	0	0	0	0	0	0	0	0	1	0	0	0	0	0	0	0	0	0	0	0	0	0	0	0	1	0	0	0	0	0	0	0	0	0	0	0	0	0	0	0	1	0	0	0	0	0	0.0	0.0	0.0	0.0	0.0	0.0	0.0	0.0	0.0	0.0	0.0	0.0	0.0	0.0	0.0	0.0	0.0	0.0	0.0	0.0	0.0	0.0	0.0	0.0	0.0	0.0	0.0	0.0	0.0	0.0	0.0	0.0	
sp|P69783|PTGA_ECOLI	P69783	PTGA_ECOLI	crr	169	Escherichia coli (strain K12)	1:Experimental evidence at protein level	PTS system glucose-specific EIIA component	1.0	0.999	6	124	124	124	3	2	3	3	3	2	5	3	9	15	17	10	10	14	14	11	3	2	3	3	3	2	5	3	9	15	17	10	10	14	14	11	3	2	3	3	3	2	5	3	9	15	17	10	10	14	14	11	18091.336	18524.33	19807.809	22787.33	20987.053	21195.805	23982.3	26001.102	68708.81	71299.6	66149.77	70647.22	69845.9	70153.37	78078.055	71202.16	14648.825	18524.33	19807.809	15442.774	14462.887	16055.085	20271.639	26001.102	43885.297	45755.12	42027.332	44347.977	46316.617	48028.46	49616.19	43766.754	
sp|P69797|PTNAB_ECOLI	P69797	PTNAB_ECOLI	manX	323	Escherichia coli (strain K12)	1:Experimental evidence at protein level	PTS system mannose-specific EIIAB component	1.0	0.999	3	16	16	16	0	1	0	0	0	0	0	0	0	1	3	1	2	4	2	2	0	1	0	0	0	0	0	0	0	1	3	1	2	4	2	2	0	1	0	0	0	0	0	0	0	1	3	1	2	4	2	2	0.0	0.0	0.0	0.0	0.0	0.0	0.0	0.0	2902.0466	2425.6206	2252.8308	2913.2354	4333.689	0.0	2348.8394	1940.1294	0.0	0.0	0.0	0.0	0.0	0.0	0.0	0.0	2867.9292	2397.1042	2226.3457	2878.9863	2541.8499	0.0	2321.2256	2799.3743	
sp|P69828|PTKA_ECOLI	P69828	PTKA_ECOLI	gatA	150	Escherichia coli (strain K12)	1:Experimental evidence at protein level	PTS system galactitol-specific EIIA component	0.9713	0.999	1	27	27	27	0	1	2	1	1	1	2	2	2	2	2	1	2	3	2	3	0	1	2	1	1	1	2	2	2	2	2	1	2	3	2	3	0	1	2	1	1	1	2	2	2	2	2	1	2	3	2	3	0.0	0.0	2156.7495	0.0	0.0	0.0	0.0	0.0	3671.9658	5395.6533	4926.9688	4415.2505	4517.009	4707.6567	3481.2673	4952.473	0.0	0.0	2156.7495	0.0	0.0	0.0	0.0	0.0	3671.9658	5395.6533	4926.9688	4415.2505	4517.009	4707.6567	3481.2673	4952.473	
sp|P69891|HBG1_HUMAN	P69891	HBG1_HUMAN	HBG1	147	Homo sapiens	1:Experimental evidence at protein level	Hemoglobin subunit gamma-1	1.0	0.9988	11	6	6	245	0	0	0	0	0	0	1	0	0	1	1	1	0	1	0	1	0	0	0	0	0	0	1	0	0	1	1	1	0	1	0	1	10	17	15	6	15	9	16	11	15	19	25	21	10	21	17	18	2598.0762	3616.7832	3548.5862	3478.385	4053.6255	3568.2747	3249.3596	0.0	2816.637	4297.7515	3825.519	3748.3955	3524.6685	2994.8323	2867.0552	2670.059	2598.0762	3616.7832	3548.5862	3478.385	4053.6255	3568.2747	3249.3596	0.0	2816.637	4297.7515	3825.519	3748.3955	3524.6685	2994.8323	2867.0552	2670.059	
sp|P69892|HBG2_HUMAN	P69892	HBG2_HUMAN	HBG2	147	Homo sapiens	1:Experimental evidence at protein level	Hemoglobin subunit gamma-2	1.0	0.999	11	262	23	262	11	18	16	7	17	10	16	13	17	19	25	22	12	21	19	19	1	1	1	1	2	1	1	2	2	1	1	2	2	1	2	2	11	18	16	7	17	10	16	13	17	19	25	22	12	21	19	19	63956.688	49984.04	52447.29	54574.19	63751.81	59781.54	61611.555	54093.477	67858.93	70319.19	63749.65	66201.36	69356.17	62245.9	68956.82	72188.66	11068.959	9400.895	10772.937	8982.207	9614.824	9300.913	8953.372	9535.987	11387.854	11616.388	11196.216	10999.552	10551.208	11905.43	10964.904	10888.031	
sp|P69913|CSRA_ECOLI	P69913	CSRA_ECOLI	csrA	61	Escherichia coli (strain K12)	1:Experimental evidence at protein level	Carbon storage regulator	1.0	0.999	1	18	18	18	0	0	0	0	1	0	0	1	1	2	2	0	2	3	3	3	0	0	0	0	1	0	0	1	1	2	2	0	2	3	3	3	0	0	0	0	1	0	0	1	1	2	2	0	2	3	3	3	0.0	0.0	0.0	0.0	0.0	0.0	0.0	0.0	0.0	0.0	1016.509	0.0	3033.223	1271.659	0.0	3007.9905	0.0	0.0	0.0	0.0	0.0	0.0	0.0	0.0	0.0	0.0	1016.509	0.0	3033.223	1271.659	0.0	3007.9905	
sp|P75783|YBIO_ECOLI	P75783	YBIO_ECOLI	ybiO	741	Escherichia coli (strain K12)	1:Experimental evidence at protein level	Moderate conductance mechanosensitive channel YbiO	0.876	0.9952	1	1	1	1	0	0	0	0	0	0	0	0	0	0	0	1	0	0	0	0	0	0	0	0	0	0	0	0	0	0	0	1	0	0	0	0	0	0	0	0	0	0	0	0	0	0	0	1	0	0	0	0	0.0	0.0	0.0	0.0	0.0	0.0	0.0	0.0	4422.9346	2910.3496	3183.5051	3053.0032	2251.331	4007.7803	3822.122	3975.1355	0.0	0.0	0.0	0.0	0.0	0.0	0.0	0.0	4422.9346	2910.3496	3183.5051	3053.0032	2251.331	4007.7803	3822.122	3975.1355	
sp|P76002|PLIG_ECOLI	P76002	PLIG_ECOLI	pliG	133	Escherichia coli (strain K12)	1:Experimental evidence at protein level	Inhibitor of g-type lysozyme	1.0	0.999	2	24	24	24	0	0	1	0	0	0	1	1	3	2	4	2	2	3	2	3	0	0	1	0	0	0	1	1	3	2	4	2	2	3	2	3	0	0	1	0	0	0	1	1	3	2	4	2	2	3	2	3	0.0	0.0	0.0	0.0	0.0	0.0	0.0	0.0	3720.8196	15930.221	16645.256	12644.031	13820.974	14052.899	11453.014	13377.051	0.0	0.0	0.0	0.0	0.0	0.0	0.0	0.0	10087.426	10766.137	11572.58	8552.239	8407.727	9119.095	7842.118	8099.9595	
sp|P76177|YDGH_ECOLI	P76177	YDGH_ECOLI	ydgH	314	Escherichia coli (strain K12)	1:Experimental evidence at protein level	Protein YdgH	0.9473	0.9981	1	3	3	3	0	0	0	0	0	0	0	0	0	0	0	0	1	1	1	0	0	0	0	0	0	0	0	0	0	0	0	0	1	1	1	0	0	0	0	0	0	0	0	0	0	0	0	0	1	1	1	0	0.0	0.0	0.0	0.0	0.0	0.0	0.0	0.0	0.0	0.0	0.0	0.0	0.0	0.0	0.0	0.0	0.0	0.0	0.0	0.0	0.0	0.0	0.0	0.0	0.0	0.0	0.0	0.0	0.0	0.0	0.0	0.0	
sp|P76342|MSRP_ECOLI	P76342	MSRP_ECOLI	msrP	334	Escherichia coli (strain K12)	1:Experimental evidence at protein level	Protein-methionine-sulfoxide reductase catalytic subunit MsrP	0.96	0.9986	1	5	5	5	0	0	0	1	0	0	0	0	0	1	1	1	0	0	1	0	0	0	0	1	0	0	0	0	0	1	1	1	0	0	1	0	0	0	0	1	0	0	0	0	0	1	1	1	0	0	1	0	0.0	0.0	0.0	0.0	0.0	0.0	0.0	0.0	3680.9365	3479.5806	4576.124	2774.3125	3683.8591	3865.7336	3301.7449	2663.9812	0.0	0.0	0.0	0.0	0.0	0.0	0.0	0.0	3680.9365	3479.5806	4576.124	2774.3125	3683.8591	3865.7336	3301.7449	2663.9812	
sp|P76569|YFGD_ECOLI	P76569	YFGD_ECOLI	yfgD	119	Escherichia coli (strain K12)	1:Experimental evidence at protein level	Uncharacterized protein YfgD	1.0	0.999	2	6	6	6	0	0	0	0	0	0	0	0	0	1	0	0	1	2	1	1	0	0	0	0	0	0	0	0	0	1	0	0	1	2	1	1	0	0	0	0	0	0	0	0	0	1	0	0	1	2	1	1	0.0	0.0	0.0	0.0	0.0	0.0	0.0	0.0	0.0	0.0	0.0	0.0	0.0	0.0	0.0	0.0	0.0	0.0	0.0	0.0	0.0	0.0	0.0	0.0	0.0	0.0	0.0	0.0	0.0	0.0	0.0	0.0	
sp|P76576|YFGM_ECOLI	P76576	YFGM_ECOLI	yfgM	206	Escherichia coli (strain K12)	1:Experimental evidence at protein level	Ancillary SecYEG translocon subunit	0.9709	0.999	1	3	3	3	0	0	0	0	0	0	0	0	0	0	0	0	0	2	0	1	0	0	0	0	0	0	0	0	0	0	0	0	0	2	0	1	0	0	0	0	0	0	0	0	0	0	0	0	0	2	0	1	0.0	0.0	0.0	0.0	0.0	0.0	0.0	0.0	0.0	0.0	0.0	0.0	0.0	0.0	0.0	0.0	0.0	0.0	0.0	0.0	0.0	0.0	0.0	0.0	0.0	0.0	0.0	0.0	0.0	0.0	0.0	0.0	
sp|P77318|YDEN_ECOLI	P77318	YDEN_ECOLI	ydeN	560	Escherichia coli (strain K12)	3:Protein inferred from homology	Uncharacterized sulfatase YdeN	1.0	0.999	3	16	16	16	0	0	0	0	0	0	0	0	0	1	1	4	1	1	6	2	0	0	0	0	0	0	0	0	0	1	1	4	1	1	6	2	0	0	0	0	0	0	0	0	0	1	1	4	1	1	6	2	0.0	0.0	0.0	0.0	0.0	0.0	0.0	0.0	0.0	0.0	0.0	0.0	0.0	1281.95	2277.652	1849.1282	0.0	0.0	0.0	0.0	0.0	0.0	0.0	0.0	0.0	0.0	0.0	0.0	0.0	1281.95	2277.652	1849.1282	
sp|P77395|CNOX_ECOLI	P77395	CNOX_ECOLI	cnoX	284	Escherichia coli (strain K12)	1:Experimental evidence at protein level	Chaperedoxin	1.0	0.999	1	5	5	5	0	0	0	0	0	0	0	0	0	1	2	1	0	1	0	0	0	0	0	0	0	0	0	0	0	1	2	1	0	1	0	0	0	0	0	0	0	0	0	0	0	1	2	1	0	1	0	0	0.0	0.0	0.0	0.0	0.0	0.0	0.0	0.0	0.0	2255.9956	0.0	0.0	0.0	0.0	657.0345	0.0	0.0	0.0	0.0	0.0	0.0	0.0	0.0	0.0	0.0	2255.9956	0.0	0.0	0.0	0.0	657.0345	0.0	
sp|P77625|HXPA_ECOLI	P77625	HXPA_ECOLI	hxpA	216	Escherichia coli (strain K12)	1:Experimental evidence at protein level	Hexitol phosphatase A	1.0	0.999	2	2	2	2	0	0	0	0	0	0	0	0	0	1	0	1	0	0	0	0	0	0	0	0	0	0	0	0	0	1	0	1	0	0	0	0	0	0	0	0	0	0	0	0	0	1	0	1	0	0	0	0	0.0	0.0	0.0	0.0	0.0	0.0	0.0	0.0	0.0	0.0	0.0	0.0	0.0	0.0	0.0	0.0	0.0	0.0	0.0	0.0	0.0	0.0	0.0	0.0	0.0	0.0	0.0	0.0	0.0	0.0	0.0	0.0	
sp|P77717|YBAY_ECOLI	P77717	YBAY_ECOLI	ybaY	190	Escherichia coli (strain K12)	1:Experimental evidence at protein level	Uncharacterized lipoprotein YbaY	0.8831	0.9955	1	2	2	2	0	0	0	0	0	0	0	0	0	0	0	0	1	0	0	1	0	0	0	0	0	0	0	0	0	0	0	0	1	0	0	1	0	0	0	0	0	0	0	0	0	0	0	0	1	0	0	1	0.0	0.0	0.0	0.0	0.0	0.0	0.0	0.0	0.0	0.0	0.0	0.0	0.0	0.0	0.0	0.0	0.0	0.0	0.0	0.0	0.0	0.0	0.0	0.0	0.0	0.0	0.0	0.0	0.0	0.0	0.0	0.0	
sp|P78371|TCPB_HUMAN	P78371	TCPB_HUMAN	CCT2	535	Homo sapiens	1:Experimental evidence at protein level	T-complex protein 1 subunit beta	1.0	0.999	24	490	490	490	27	35	24	26	37	28	35	32	33	34	33	35	18	28	37	28	27	35	24	26	37	28	35	32	33	34	33	35	18	28	37	28	27	35	24	26	37	28	35	32	33	34	33	35	18	28	37	28	123580.0	119448.516	119737.53	125713.12	132410.25	129087.336	134459.36	127559.336	107685.44	98147.96	120125.55	101578.555	116486.44	115532.06	109933.805	106479.93	16111.806	16463.568	16455.184	16309.305	16369.008	16454.605	16074.12	16941.729	15341.93	14971.955	15031.569	14435.672	15639.633	14978.78	15321.217	15579.597	
sp|P78417|GSTO1_HUMAN	P78417	GSTO1_HUMAN	GSTO1	241	Homo sapiens	1:Experimental evidence at protein level	Glutathione S-transferase omega-1	1.0	0.999	4	14	14	14	0	0	0	0	0	0	0	0	2	2	3	2	0	1	3	1	0	0	0	0	0	0	0	0	2	2	3	2	0	1	3	1	0	0	0	0	0	0	0	0	2	2	3	2	0	1	3	1	7113.8857	9754.167	7767.032	9656.311	14458.447	10482.896	10967.058	7974.997	14957.05	14875.164	13511.638	10213.455	9983.246	13629.614	9654.547	10585.584	4258.4546	4262.9165	4017.4531	3849.4675	4494.8535	4207.974	4209.821	4278.3613	4653.819	4417.792	4255.8716	3964.3044	3826.665	4371.2085	4210.4346	4615.5337	
sp|P78527|PRKDC_HUMAN	P78527	PRKDC_HUMAN	PRKDC	4128	Homo sapiens	1:Experimental evidence at protein level	DNA-dependent protein kinase catalytic subunit	1.0	0.999	6	31	31	31	2	1	3	2	2	3	2	1	1	1	1	3	1	2	3	3	2	1	3	2	2	3	2	1	1	1	1	3	1	2	3	3	2	1	3	2	2	3	2	1	1	1	1	3	1	2	3	3	3143.8762	3060.7053	0.0	3351.204	6256.3237	3546.748	7862.2056	3496.6177	0.0	1272.6698	2680.3025	2441.8743	2492.4893	4075.3652	2263.0476	2523.7847	3292.9602	3205.8452	0.0	3510.1196	2672.3247	3714.9363	3975.8271	3662.4287	0.0	1333.0204	2807.4036	2557.669	2610.684	1911.072	2370.3623	2643.4636	
sp|P81605|DCD_HUMAN	P81605	DCD_HUMAN	DCD	110	Homo sapiens	1:Experimental evidence at protein level	Dermcidin	1.0	0.999	11	42	42	42	0	0	0	0	0	2	0	0	27	0	0	0	0	1	0	12	0	0	0	0	0	2	0	0	27	0	0	0	0	1	0	12	0	0	0	0	0	2	0	0	27	0	0	0	0	1	0	12	0.0	0.0	3910.9014	5145.0444	2644.102	2863.4219	0.0	0.0	727999.7	2162.3303	0.0	2284.1013	2824.9932	2017.9595	0.0	339458.97	0.0	0.0	782.5096	11035.701	5671.3833	6141.8066	0.0	0.0	52205.516	4638.0225	0.0	4899.2114	6059.3804	4328.359	0.0	15424.3	
sp|P82979|SARNP_HUMAN	P82979	SARNP_HUMAN	SARNP	210	Homo sapiens	1:Experimental evidence at protein level	SAP domain-containing ribonucleoprotein	1.0	0.9987	2	16	16	16	1	1	0	0	1	1	1	1	2	1	1	1	0	2	2	1	1	1	0	0	1	1	1	1	2	1	1	1	0	2	2	1	1	1	0	0	1	1	1	1	2	1	1	1	0	2	2	1	3014.2798	3986.8696	3726.9553	3826.4634	3504.0667	0.0	3489.8555	4096.791	4752.209	4189.619	4722.3735	4058.0398	3769.321	4413.3276	3151.7334	3343.4666	3014.2798	3986.8696	3726.9553	3826.4634	3504.0667	0.0	3489.8555	4096.791	3522.6707	4189.619	3074.2673	4058.0398	3769.321	4413.3276	3151.7334	3343.4666	
sp|P83881|RL36A_HUMAN	P83881	RL36A_HUMAN	RPL36A	106	Homo sapiens	1:Experimental evidence at protein level	Large ribosomal subunit protein eL42	0.9555	0.9984	1	2	0	2	0	0	0	0	0	0	0	0	0	0	0	0	0	1	1	0	0	0	0	0	0	0	0	0	0	0	0	0	0	0	0	0	0	0	0	0	0	0	0	0	0	0	0	0	0	1	1	0	0.0	0.0	0.0	0.0	0.0	0.0	0.0	0.0	0.0	0.0	0.0	0.0	0.0	1823.779	0.0	1592.8536	0.0	0.0	0.0	0.0	0.0	0.0	0.0	0.0	0.0	0.0	0.0	0.0	0.0	1823.779	0.0	1592.8536	sp|Q969Q0|RL36L_HUMAN
sp|P84085|ARF5_HUMAN	P84085	ARF5_HUMAN	ARF5	180	Homo sapiens	1:Experimental evidence at protein level	ADP-ribosylation factor 5	1.0	0.999	2	15	1	15	1	1	1	1	2	2	1	1	0	1	0	2	0	1	1	0	0	0	0	0	0	0	0	0	0	0	0	1	0	0	0	0	1	1	1	1	2	2	1	1	0	1	0	2	0	1	1	0	2222.6968	0.0	0.0	2105.3257	3164.8784	2330.9473	0.0	3168.1519	0.0	0.0	0.0	0.0	2936.1804	0.0	0.0	0.0	2222.6968	0.0	0.0	2105.3257	3164.8784	2330.9473	0.0	3168.1519	0.0	0.0	0.0	0.0	2936.1804	0.0	0.0	0.0	
sp|P84098|RL19_HUMAN	P84098	RL19_HUMAN	RPL19	196	Homo sapiens	1:Experimental evidence at protein level	Large ribosomal subunit protein eL19	1.0	0.999	2	19	19	19	0	0	0	0	1	1	1	1	1	1	2	3	0	3	3	2	0	0	0	0	1	1	1	1	1	1	2	3	0	3	3	2	0	0	0	0	1	1	1	1	1	1	2	3	0	3	3	2	7643.4043	6560.741	3542.5125	3591.772	7127.8003	6223.588	7526.924	7393.409	8628.42	7578.3306	7727.212	7736.1636	7821.8574	8111.0557	8036.247	7646.476	4006.9521	3477.7202	3781.7346	3834.3206	3812.7024	3322.0742	4025.2554	3961.247	4616.477	4027.35	4145.3037	4149.3594	4043.9248	4260.2524	4278.573	3965.904	
sp|P84103|SRSF3_HUMAN	P84103	SRSF3_HUMAN	SRSF3	164	Homo sapiens	1:Experimental evidence at protein level	Serine/arginine-rich splicing factor 3	1.0	0.999	4	52	24	52	2	2	5	3	1	3	4	4	4	2	4	4	3	3	3	5	1	1	1	1	1	1	2	1	2	1	1	2	2	2	2	3	2	2	5	3	1	3	4	4	4	2	4	4	3	3	3	5	17096.389	15258.275	8640.167	18044.576	16731.121	14869.478	17630.27	18930.832	19197.988	14388.04	16388.209	19979.434	17337.21	19572.785	20281.219	19676.666	8933.719	9977.917	10140.226	9674.2295	8733.754	7471.96	9698.784	9807.464	9896.261	9756.381	8493.889	10880.694	9485.451	10696.082	11177.066	10738.032	
sp|P87108|TIM10_YEAST	P87108	TIM10_YEAST	TIM10	93	Saccharomyces cerevisiae (strain ATCC 204508 / S288c)	1:Experimental evidence at protein level	Mitochondrial import inner membrane translocase subunit TIM10	0.9697	0.9989	1	5	5	5	0	1	1	0	0	1	0	2	0	0	0	0	0	0	0	0	0	1	1	0	0	1	0	2	0	0	0	0	0	0	0	0	0	1	1	0	0	1	0	2	0	0	0	0	0	0	0	0	0.0	0.0	0.0	0.0	0.0	0.0	0.0	0.0	0.0	0.0	0.0	0.0	0.0	0.0	0.0	0.0	0.0	0.0	0.0	0.0	0.0	0.0	0.0	0.0	0.0	0.0	0.0	0.0	0.0	0.0	0.0	0.0	
sp|P98179|RBM3_HUMAN	P98179	RBM3_HUMAN	RBM3	157	Homo sapiens	1:Experimental evidence at protein level	RNA-binding protein 3	1.0	0.9983	2	8	8	8	0	0	0	0	1	1	0	0	3	2	0	1	0	0	0	0	0	0	0	0	1	1	0	0	3	2	0	1	0	0	0	0	0	0	0	0	1	1	0	0	3	2	0	1	0	0	0	0	2422.2554	2147.2566	1781.2242	0.0	3206.3928	5631.5034	2642.9575	0.0	0.0	2597.9702	0.0	1788.6765	0.0	1869.229	1775.8988	3224.4292	2283.7493	2024.475	1679.3727	0.0	3023.049	3139.0142	2491.8315	0.0	0.0	3521.8318	0.0	2424.7458	0.0	2533.9436	1674.3518	1741.2521	
sp|Q00013|EM55_HUMAN	Q00013	EM55_HUMAN	MPP1	466	Homo sapiens	1:Experimental evidence at protein level	55 kDa erythrocyte membrane protein	1.0	0.999	3	23	23	23	4	0	2	1	4	1	1	4	1	1	1	0	0	2	0	1	4	0	2	1	4	1	1	4	1	1	1	0	0	2	0	1	4	0	2	1	4	1	1	4	1	1	1	0	0	2	0	1	2420.279	0.0	0.0	0.0	2836.0063	3599.6848	0.0	2630.779	0.0	4284.9136	0.0	1729.9606	2489.1877	0.0	0.0	0.0	2420.279	0.0	0.0	0.0	2836.0063	3599.6848	0.0	2630.779	0.0	4284.9136	0.0	1729.9606	2489.1877	0.0	0.0	0.0	
sp|Q00055|GPD1_YEAST	Q00055	GPD1_YEAST	GPD1	391	Saccharomyces cerevisiae (strain ATCC 204508 / S288c)	1:Experimental evidence at protein level	Glycerol-3-phosphate dehydrogenase [NAD(+)] 1	0.9713	0.999	1	17	17	17	1	2	1	2	1	3	2	3	0	0	1	0	0	0	0	1	1	2	1	2	1	3	2	3	0	0	1	0	0	0	0	1	1	2	1	2	1	3	2	3	0	0	1	0	0	0	0	1	5330.912	0.0	6266.5503	6725.4526	5802.0986	5166.8906	6100.6577	6076.44	0.0	0.0	0.0	0.0	0.0	0.0	0.0	0.0	5330.912	0.0	6266.5503	6725.4526	5802.0986	5166.8906	6100.6577	6076.44	0.0	0.0	0.0	0.0	0.0	0.0	0.0	0.0	
sp|Q00325|S25A3_HUMAN	Q00325	S25A3_HUMAN	SLC25A3	362	Homo sapiens	1:Experimental evidence at protein level	Solute carrier family 25 member 3	0.9708	0.999	1	2	2	2	0	0	0	0	0	0	0	0	0	0	0	0	0	1	0	1	0	0	0	0	0	0	0	0	0	0	0	0	0	1	0	1	0	0	0	0	0	0	0	0	0	0	0	0	0	1	0	1	2805.6953	2807.7983	0.0	0.0	3128.7092	2189.9006	0.0	3189.0935	0.0	2124.1934	2906.5396	0.0	2995.0674	3565.5657	0.0	1851.4207	2805.6953	2807.7983	0.0	0.0	3128.7092	2189.9006	0.0	3189.0935	0.0	2124.1934	2906.5396	0.0	2995.0674	3565.5657	0.0	1851.4207	
sp|Q00341|VIGLN_HUMAN	Q00341	VIGLN_HUMAN	HDLBP	1268	Homo sapiens	1:Experimental evidence at protein level	Vigilin	0.9693	0.9989	1	6	6	6	1	1	0	1	1	1	1	0	0	0	0	0	0	0	0	0	1	1	0	1	1	1	1	0	0	0	0	0	0	0	0	0	1	1	0	1	1	1	1	0	0	0	0	0	0	0	0	0	0.0	0.0	0.0	0.0	0.0	0.0	0.0	0.0	0.0	0.0	0.0	0.0	0.0	0.0	0.0	0.0	0.0	0.0	0.0	0.0	0.0	0.0	0.0	0.0	0.0	0.0	0.0	0.0	0.0	0.0	0.0	0.0	
sp|Q00610|CLH1_HUMAN	Q00610	CLH1_HUMAN	CLTC	1675	Homo sapiens	1:Experimental evidence at protein level	Clathrin heavy chain 1	1.0	0.999	11	71	51	71	3	2	4	4	8	3	7	8	1	3	6	5	2	4	7	4	2	2	3	2	6	2	6	7	0	2	3	4	2	3	4	3	3	2	4	4	8	3	7	8	1	3	6	5	2	4	7	4	6814.0386	6435.658	5154.9707	3852.177	4761.889	10172.6	6449.5225	8348.9375	5295.794	4509.7925	4616.191	3339.5986	2641.5364	6293.162	4733.1016	4777.9424	3669.2827	3578.1218	5438.813	4064.2852	5024.088	3645.115	3559.1433	3304.1858	2934.213	2495.88	2506.7524	1810.432	3123.366	3449.9348	2647.0344	2808.6152	
sp|Q00688|FKBP3_HUMAN	Q00688	FKBP3_HUMAN	FKBP3	224	Homo sapiens	1:Experimental evidence at protein level	Peptidyl-prolyl cis-trans isomerase FKBP3	0.9569	0.9985	1	2	2	2	0	0	0	0	0	1	0	0	0	1	0	0	0	0	0	0	0	0	0	0	0	1	0	0	0	1	0	0	0	0	0	0	0	0	0	0	0	1	0	0	0	1	0	0	0	0	0	0	0.0	0.0	0.0	0.0	0.0	0.0	0.0	0.0	0.0	0.0	0.0	0.0	0.0	0.0	0.0	0.0	0.0	0.0	0.0	0.0	0.0	0.0	0.0	0.0	0.0	0.0	0.0	0.0	0.0	0.0	0.0	0.0	
sp|Q00839|HNRPU_HUMAN	Q00839	HNRPU_HUMAN	HNRNPU	825	Homo sapiens	1:Experimental evidence at protein level	Heterogeneous nuclear ribonucleoprotein U	1.0	0.999	21	306	306	306	18	17	15	14	23	16	24	14	18	25	21	23	9	21	24	24	18	17	15	14	23	16	24	14	18	25	21	23	9	21	24	24	18	17	15	14	23	16	24	14	18	25	21	23	9	21	24	24	107714.234	85316.12	91629.92	90804.97	107060.734	99915.445	111564.086	87333.62	98656.5	106566.03	112376.34	117647.01	94382.13	110899.07	115387.01	106140.12	37242.652	35197.617	33607.79	33375.863	35482.367	34980.406	36068.75	35055.47	38190.0	35241.5	38267.652	36862.11	34071.945	34917.098	36230.75	35072.652	
sp|Q01081|U2AF1_HUMAN	Q01081	U2AF1_HUMAN	U2AF1	240	Homo sapiens	1:Experimental evidence at protein level	Splicing factor U2AF 35 kDa subunit	1.0	0.999	3	35	13	35	2	1	4	2	2	1	2	3	1	4	1	2	3	2	3	2	1	0	2	0	1	0	1	0	0	2	0	1	1	1	2	1	2	1	4	2	2	1	2	3	1	4	1	2	3	2	3	2	15005.036	15379.351	20320.992	4229.217	19966.793	20721.746	15520.879	17161.123	10793.544	10421.56	0.0	10096.93	10680.48	12126.714	13107.93	11221.812	14609.36	14973.805	15455.661	14654.927	15140.867	15711.099	15111.602	13058.0205	10508.924	10146.748	0.0	9830.679	10398.842	11806.938	12762.28	10925.898	
sp|Q01085|TIAR_HUMAN	Q01085	TIAR_HUMAN	TIAL1	375	Homo sapiens	1:Experimental evidence at protein level	Nucleolysin TIAR	0.9492	0.9982	1	2	2	2	0	0	1	0	0	0	0	0	0	0	0	0	0	0	0	1	0	0	1	0	0	0	0	0	0	0	0	0	0	0	0	1	0	0	1	0	0	0	0	0	0	0	0	0	0	0	0	1	0.0	0.0	0.0	0.0	0.0	0.0	0.0	0.0	0.0	0.0	0.0	0.0	0.0	0.0	0.0	1478.224	0.0	0.0	0.0	0.0	0.0	0.0	0.0	0.0	0.0	0.0	0.0	0.0	0.0	0.0	0.0	0.0	
sp|Q01105|SET_HUMAN	Q01105	SET_HUMAN	SET	290	Homo sapiens	1:Experimental evidence at protein level	Protein SET	1.0	0.999	9	148	37	148	8	8	7	8	9	8	10	8	8	9	10	13	7	11	10	14	2	1	2	2	2	1	3	2	3	3	4	4	1	2	1	4	8	8	7	8	9	8	10	8	8	9	10	13	7	11	10	14	74287.625	67467.87	65797.1	60502.09	71715.516	67587.1	67968.0	62813.465	72513.47	81580.984	53859.156	78580.68	70362.19	74316.305	71867.77	77688.32	21170.889	20897.33	22171.998	19905.846	23459.947	21187.988	22184.121	20783.908	22735.66	24968.334	26063.62	24464.115	22740.334	24404.408	23373.123	24135.307	
sp|Q01130|SRSF2_HUMAN	Q01130	SRSF2_HUMAN	SRSF2	221	Homo sapiens	1:Experimental evidence at protein level	Serine/arginine-rich splicing factor 2	1.0	0.999	2	45	0	45	3	4	3	1	3	1	3	3	4	3	4	3	1	3	3	3	0	0	0	0	0	0	0	0	0	0	0	0	0	0	0	0	3	4	3	1	3	1	3	3	4	3	4	3	1	3	3	3	8325.584	7402.6377	8846.93	8227.414	6824.6123	7549.4995	8329.224	7551.1074	8870.131	9309.656	8893.686	8962.097	10340.186	8638.542	7568.4443	10051.969	4519.5205	4072.2092	4861.856	4515.0146	3746.0288	4152.064	4588.3604	4154.054	4862.133	5116.092	4899.58	4928.2905	5597.163	4759.9087	4048.1692	5413.4243	sp|Q9BRL6|SRSF8_HUMAN
sp|Q01469|FABP5_HUMAN	Q01469	FABP5_HUMAN	FABP5	135	Homo sapiens	1:Experimental evidence at protein level	Fatty acid-binding protein 5	0.939	0.9978	1	6	6	6	1	1	0	0	0	0	1	1	0	1	0	0	0	0	0	1	1	1	0	0	0	0	1	1	0	1	0	0	0	0	0	1	1	1	0	0	0	0	1	1	0	1	0	0	0	0	0	1	2344.1729	2919.5535	2978.8574	2553.3777	2515.9055	3379.8875	3078.1184	3350.1807	2299.913	2927.5776	0.0	2898.9363	3081.7703	3003.1902	2175.2546	3923.3787	2344.1729	2919.5535	2978.8574	2553.3777	2515.9055	3379.8875	3078.1184	3350.1807	2299.913	2927.5776	0.0	2898.9363	3081.7703	3003.1902	2175.2546	3923.3787	
sp|Q01518|CAP1_HUMAN	Q01518	CAP1_HUMAN	CAP1	475	Homo sapiens	1:Experimental evidence at protein level	Adenylyl cyclase-associated protein 1	1.0	0.999	5	43	42	43	0	2	1	3	2	3	3	3	2	3	4	2	3	5	5	2	0	2	1	3	2	3	3	3	2	3	4	2	3	5	4	2	0	2	1	3	2	3	3	3	2	3	4	2	3	5	5	2	0.0	0.0	0.0	0.0	9774.979	10171.535	4890.8994	9776.875	0.0	7050.5566	0.0	0.0	4718.76	0.0	0.0	2525.0295	0.0	0.0	0.0	0.0	4370.3413	4713.9194	3178.4329	5268.527	0.0	6327.3887	0.0	0.0	8929.371	0.0	0.0	4778.147	
sp|Q01780|EXOSX_HUMAN	Q01780	EXOSX_HUMAN	EXOSC10	885	Homo sapiens	1:Experimental evidence at protein level	Exosome complex component 10	0.9713	0.999	1	2	2	2	0	0	1	0	0	0	0	0	0	0	0	0	0	0	1	0	0	0	1	0	0	0	0	0	0	0	0	0	0	0	1	0	0	0	1	0	0	0	0	0	0	0	0	0	0	0	1	0	0.0	0.0	0.0	0.0	0.0	0.0	0.0	0.0	0.0	0.0	0.0	0.0	0.0	0.0	0.0	0.0	0.0	0.0	0.0	0.0	0.0	0.0	0.0	0.0	0.0	0.0	0.0	0.0	0.0	0.0	0.0	0.0	
sp|Q01844|EWS_HUMAN	Q01844	EWS_HUMAN	EWSR1	656	Homo sapiens	1:Experimental evidence at protein level	RNA-binding protein EWS	0.936	0.9977	1	11	11	11	0	1	2	0	0	0	0	0	1	0	1	2	1	3	0	0	0	1	2	0	0	0	0	0	1	0	1	2	1	3	0	0	0	1	2	0	0	0	0	0	1	0	1	2	1	3	0	0	1006.3781	1930.2681	0.0	0.0	0.0	0.0	0.0	0.0	2254.2349	2100.6753	0.0	2555.6948	2932.7434	2055.5376	0.0	1877.995	1006.3781	1930.2681	0.0	0.0	0.0	0.0	0.0	0.0	2254.2349	2100.6753	0.0	2555.6948	2932.7434	2055.5376	0.0	1877.995	
sp|Q01855|RS15_YEAST	Q01855	RS15_YEAST	RPS15	142	Saccharomyces cerevisiae (strain ATCC 204508 / S288c)	1:Experimental evidence at protein level	Small ribosomal subunit protein uS19	1.0	0.999	2	59	59	59	4	4	6	6	11	7	7	8	1	0	2	0	1	0	1	1	4	4	6	6	11	7	7	8	1	0	2	0	1	0	1	1	4	4	6	6	11	7	7	8	1	0	2	0	1	0	1	1	9793.46	8104.6143	12416.844	7397.946	9900.777	10622.797	10079.173	12168.716	4088.1157	4029.395	0.0	4185.5205	0.0	0.0	2989.4307	4289.509	6243.572	5232.1104	6835.058	4482.226	4492.708	5662.014	5738.6997	6695.791	4088.1157	4029.395	0.0	4185.5205	0.0	0.0	2989.4307	4289.509	
sp|Q02218|ODO1_HUMAN	Q02218	ODO1_HUMAN	OGDH	1023	Homo sapiens	1:Experimental evidence at protein level	2-oxoglutarate dehydrogenase complex component E1	0.8666	0.9948	1	1	1	1	0	0	0	0	0	0	1	0	0	0	0	0	0	0	0	0	0	0	0	0	0	0	1	0	0	0	0	0	0	0	0	0	0	0	0	0	0	0	1	0	0	0	0	0	0	0	0	0	0.0	0.0	0.0	0.0	0.0	0.0	0.0	0.0	0.0	0.0	0.0	0.0	0.0	0.0	0.0	0.0	0.0	0.0	0.0	0.0	0.0	0.0	0.0	0.0	0.0	0.0	0.0	0.0	0.0	0.0	0.0	0.0	
sp|Q02642|NACB1_YEAST	Q02642	NACB1_YEAST	EGD1	157	Saccharomyces cerevisiae (strain ATCC 204508 / S288c)	1:Experimental evidence at protein level	Nascent polypeptide-associated complex subunit beta-1	1.0	0.999	4	52	52	52	4	4	4	7	6	6	6	6	0	0	1	0	1	3	2	2	4	4	4	7	6	6	6	6	0	0	1	0	1	3	2	2	4	4	4	7	6	6	6	6	0	0	1	0	1	3	2	2	9302.546	10890.125	9289.541	15702.621	9323.594	13989.225	14700.13	15580.789	0.0	0.0	0.0	0.0	1097.4791	1475.6979	0.0	0.0	4790.905	3920.3225	5300.65	5257.6562	5516.2847	7107.9062	5149.5674	5873.4526	0.0	0.0	0.0	0.0	1387.1626	1865.2135	0.0	0.0	
sp|Q02753|RL21A_YEAST	Q02753	RL21A_YEAST	RPL21A	160	Saccharomyces cerevisiae (strain ATCC 204508 / S288c)	1:Experimental evidence at protein level	Large ribosomal subunit protein eL21A	1.0	0.999	8	81	0	81	7	9	6	6	10	5	9	10	2	4	3	1	2	2	2	3	0	0	0	0	0	0	0	0	0	0	0	0	0	0	0	0	7	9	6	6	10	5	9	10	2	4	3	1	2	2	2	3	43210.33	30533.312	38503.254	32206.36	40394.895	31094.125	28201.104	41281.758	17530.564	17963.648	17344.744	12771.264	13849.504	18068.576	16190.421	14432.412	7602.859	8246.279	7111.682	6886.878	7598.1357	7118.6353	6036.213	7436.761	4450.6333	4685.6104	4256.7446	4124.9624	4116.576	4338.2817	4196.9746	3405.3535	sp|Q12672|RL21B_YEAST
sp|Q02790|FKBP4_HUMAN	Q02790	FKBP4_HUMAN	FKBP4	459	Homo sapiens	1:Experimental evidence at protein level	Peptidyl-prolyl cis-trans isomerase FKBP4	1.0	0.999	7	102	102	102	3	7	5	3	7	9	10	9	6	6	5	7	4	6	7	8	3	7	5	3	7	9	10	9	6	6	5	7	4	6	7	8	3	7	5	3	7	9	10	9	6	6	5	7	4	6	7	8	14265.264	11882.596	15812.482	13427.595	8720.125	20994.883	19933.992	19513.88	19168.02	17454.875	14290.718	16790.408	18500.469	19906.453	19621.623	22378.373	8429.331	8525.832	7461.223	7156.0464	6008.097	8214.092	9028.523	9779.622	8605.186	8262.349	8159.4575	7409.8413	7159.4272	7342.4346	7411.2905	8519.397	
sp|Q02878|RL6_HUMAN	Q02878	RL6_HUMAN	RPL6	288	Homo sapiens	1:Experimental evidence at protein level	Large ribosomal subunit protein eL6	1.0	0.9989	8	40	40	40	1	1	1	0	2	3	2	3	4	2	5	3	1	4	7	1	1	1	1	0	2	3	2	3	4	2	5	3	1	4	7	1	1	1	1	0	2	3	2	3	4	2	5	3	1	4	7	1	14625.706	14637.929	15709.055	13455.295	13776.127	10261.161	10695.065	18739.182	20860.045	16769.17	16024.172	19578.654	17936.09	17748.85	22715.588	13411.768	4138.4326	4389.4385	3941.1191	4125.396	4548.9326	4009.7363	4162.3716	4613.6	4591.76	4203.8076	4007.3552	4268.7974	4121.1733	4679.013	4394.5728	4059.9778	
sp|Q03048|COFI_YEAST	Q03048	COFI_YEAST	COF1	143	Saccharomyces cerevisiae (strain ATCC 204508 / S288c)	1:Experimental evidence at protein level	Cofilin	1.0	0.9983	2	5	5	5	1	0	1	1	0	1	0	0	0	0	0	0	0	0	0	1	1	0	1	1	0	1	0	0	0	0	0	0	0	0	0	1	1	0	1	1	0	1	0	0	0	0	0	0	0	0	0	1	0.0	0.0	0.0	0.0	4740.412	4704.886	0.0	4237.1343	0.0	873.70526	0.0	0.0	0.0	1627.2306	868.6165	1437.3839	0.0	0.0	0.0	0.0	4740.412	4704.886	0.0	4237.1343	0.0	873.70526	0.0	0.0	0.0	1627.2306	868.6165	1437.3839	
sp|Q03252|LMNB2_HUMAN	Q03252	LMNB2_HUMAN	LMNB2	620	Homo sapiens	1:Experimental evidence at protein level	Lamin-B2	0.996	0.9952	2	1	1	14	0	1	0	0	0	0	0	0	0	0	0	0	0	0	0	0	0	1	0	0	0	0	0	0	0	0	0	0	0	0	0	0	1	2	0	0	1	0	1	1	1	1	1	1	0	2	1	1	0.0	0.0	0.0	0.0	0.0	0.0	0.0	0.0	0.0	0.0	0.0	0.0	0.0	0.0	0.0	0.0	0.0	0.0	0.0	0.0	0.0	0.0	0.0	0.0	0.0	0.0	0.0	0.0	0.0	0.0	0.0	0.0	
sp|Q03558|OYE2_YEAST	Q03558	OYE2_YEAST	OYE2	400	Saccharomyces cerevisiae (strain ATCC 204508 / S288c)	1:Experimental evidence at protein level	NADPH dehydrogenase 2	1.0	0.9981	2	4	4	4	0	3	0	0	1	0	0	0	0	0	0	0	0	0	0	0	0	3	0	0	1	0	0	0	0	0	0	0	0	0	0	0	0	3	0	0	1	0	0	0	0	0	0	0	0	0	0	0	0.0	2821.2712	0.0	0.0	0.0	0.0	0.0	0.0	0.0	0.0	0.0	0.0	0.0	0.0	0.0	0.0	0.0	0.0	0.0	0.0	0.0	0.0	0.0	0.0	0.0	0.0	0.0	0.0	0.0	0.0	0.0	0.0	
sp|Q03690|CLU_YEAST	Q03690	CLU_YEAST	CLU1	1277	Saccharomyces cerevisiae (strain ATCC 204508 / S288c)	1:Experimental evidence at protein level	Clustered mitochondria protein 1	1.0	0.9973	2	3	3	3	1	0	0	1	0	1	0	0	0	0	0	0	0	0	0	0	1	0	0	1	0	1	0	0	0	0	0	0	0	0	0	0	1	0	0	1	0	1	0	0	0	0	0	0	0	0	0	0	0.0	0.0	0.0	0.0	0.0	0.0	0.0	0.0	0.0	0.0	0.0	0.0	0.0	0.0	0.0	0.0	0.0	0.0	0.0	0.0	0.0	0.0	0.0	0.0	0.0	0.0	0.0	0.0	0.0	0.0	0.0	0.0	
sp|Q03973|HMO1_YEAST	Q03973	HMO1_YEAST	HMO1	246	Saccharomyces cerevisiae (strain ATCC 204508 / S288c)	1:Experimental evidence at protein level	High mobility group protein 1	0.8685	0.9949	1	1	1	1	0	0	0	0	0	0	0	1	0	0	0	0	0	0	0	0	0	0	0	0	0	0	0	1	0	0	0	0	0	0	0	0	0	0	0	0	0	0	0	1	0	0	0	0	0	0	0	0	0.0	0.0	0.0	0.0	0.0	0.0	0.0	0.0	0.0	0.0	0.0	0.0	0.0	0.0	0.0	0.0	0.0	0.0	0.0	0.0	0.0	0.0	0.0	0.0	0.0	0.0	0.0	0.0	0.0	0.0	0.0	0.0	
sp|Q04323|UBXN1_HUMAN	Q04323	UBXN1_HUMAN	UBXN1	297	Homo sapiens	1:Experimental evidence at protein level	UBX domain-containing protein 1	0.9713	0.999	1	19	19	19	2	0	0	1	2	2	1	2	0	2	1	0	2	1	2	1	2	0	0	1	2	2	1	2	0	2	1	0	2	1	2	1	2	0	0	1	2	2	1	2	0	2	1	0	2	1	2	1	0.0	0.0	0.0	0.0	0.0	0.0	0.0	0.0	0.0	0.0	0.0	0.0	0.0	0.0	0.0	0.0	0.0	0.0	0.0	0.0	0.0	0.0	0.0	0.0	0.0	0.0	0.0	0.0	0.0	0.0	0.0	0.0	
sp|Q04344|HNT1_YEAST	Q04344	HNT1_YEAST	HNT1	158	Saccharomyces cerevisiae (strain ATCC 204508 / S288c)	1:Experimental evidence at protein level	Adenosine 5'-monophosphoramidase HNT1	0.9698	0.9989	1	7	7	7	1	1	1	0	1	1	1	1	0	0	0	0	0	0	0	0	1	1	1	0	1	1	1	1	0	0	0	0	0	0	0	0	1	1	1	0	1	1	1	1	0	0	0	0	0	0	0	0	3054.1873	0.0	3428.2136	1831.672	2456.2976	5137.0713	0.0	0.0	0.0	0.0	0.0	0.0	0.0	0.0	0.0	0.0	3054.1873	0.0	3428.2136	1831.672	2456.2976	5137.0713	0.0	0.0	0.0	0.0	0.0	0.0	0.0	0.0	0.0	0.0	
sp|Q04637|IF4G1_HUMAN	Q04637	IF4G1_HUMAN	EIF4G1	1599	Homo sapiens	1:Experimental evidence at protein level	Eukaryotic translation initiation factor 4 gamma 1	1.0	0.999	2	6	6	6	0	0	1	0	0	1	1	1	0	0	0	0	0	0	1	1	0	0	1	0	0	1	1	1	0	0	0	0	0	0	1	1	0	0	1	0	0	1	1	1	0	0	0	0	0	0	1	1	0.0	0.0	0.0	0.0	0.0	0.0	0.0	0.0	0.0	0.0	0.0	0.0	0.0	0.0	0.0	0.0	0.0	0.0	0.0	0.0	0.0	0.0	0.0	0.0	0.0	0.0	0.0	0.0	0.0	0.0	0.0	0.0	
sp|Q04760|LGUL_HUMAN	Q04760	LGUL_HUMAN	GLO1	184	Homo sapiens	1:Experimental evidence at protein level	Lactoylglutathione lyase	1.0	0.999	6	74	74	74	4	5	3	2	4	4	5	6	5	4	6	7	4	5	5	5	4	5	3	2	4	4	5	6	5	4	6	7	4	5	5	5	4	5	3	2	4	4	5	6	5	4	6	7	4	5	5	5	15076.234	16796.215	16698.82	14899.338	17081.076	19721.822	20484.9	21074.205	11272.989	21695.154	16668.771	16430.227	21312.174	21541.914	22284.082	20318.666	6739.7603	7409.249	7937.5566	6603.5806	7429.353	7199.5156	7237.8096	7720.9004	6597.9614	7105.32	6607.354	6582.409	7272.2295	7012.5283	7561.0303	6952.775	
sp|Q04828|AK1C1_HUMAN	Q04828	AK1C1_HUMAN	AKR1C1	323	Homo sapiens	1:Experimental evidence at protein level	Aldo-keto reductase family 1 member C1	1.0	0.999	3	5	1	5	0	0	0	0	0	0	0	1	0	3	1	0	0	0	0	0	0	0	0	0	0	0	0	0	0	0	1	0	0	0	0	0	0	0	0	0	0	0	0	1	0	3	1	0	0	0	0	0	0.0	0.0	0.0	0.0	0.0	0.0	0.0	0.0	0.0	0.0	0.0	0.0	0.0	0.0	0.0	0.0	0.0	0.0	0.0	0.0	0.0	0.0	0.0	0.0	0.0	0.0	0.0	0.0	0.0	0.0	0.0	0.0	
sp|Q04837|SSBP_HUMAN	Q04837	SSBP_HUMAN	SSBP1	148	Homo sapiens	1:Experimental evidence at protein level	Single-stranded DNA-binding protein, mitochondrial	1.0	0.999	7	45	45	45	2	2	3	1	1	2	2	4	1	5	5	5	1	3	4	4	2	2	3	1	1	2	2	4	1	5	5	5	1	3	4	4	2	2	3	1	1	2	2	4	1	5	5	5	1	3	4	4	3512.748	8615.097	10950.366	10195.796	4560.629	12090.392	10570.7705	11093.974	5818.116	15711.074	15700.214	15420.64	13565.676	11580.963	12511.808	18086.46	4454.3164	4641.6035	4498.15	4390.348	4586.776	4465.3003	4391.5776	4385.074	4054.1902	4087.6716	4492.2563	4579.061	4675.986	4622.0796	4173.9253	5047.7305	
sp|Q04917|1433F_HUMAN	Q04917	1433F_HUMAN	YWHAH	246	Homo sapiens	1:Experimental evidence at protein level	14-3-3 protein eta	1.0	0.999	9	43	43	140	3	5	4	2	6	3	2	3	1	2	2	3	1	1	3	2	3	5	4	2	6	3	2	3	1	2	2	3	1	1	3	2	9	11	9	7	12	9	8	10	7	9	8	10	6	9	8	8	8821.208	16883.033	14810.072	13459.541	17626.8	18587.586	11599.063	20657.338	13949.764	13749.722	12812.324	17198.523	17164.006	12384.18	14169.172	18803.244	6795.256	7008.72	6431.3174	7547.6567	6501.038	6508.27	6444.08	7209.3286	6828.9854	6346.7676	5802.732	6464.177	6023.5527	6070.64	6748.993	6895.822	
sp|Q05639|EF1A2_HUMAN	Q05639	EF1A2_HUMAN	EEF1A2	463	Homo sapiens	1:Experimental evidence at protein level	Elongation factor 1-alpha 2	1.0	0.995	13	4	4	368	0	0	1	1	0	0	1	1	0	0	0	0	0	0	0	0	0	0	1	1	0	0	1	1	0	0	0	0	0	0	0	0	18	27	24	19	25	20	26	24	23	19	22	23	20	26	28	24	0.0	0.0	0.0	0.0	0.0	0.0	0.0	0.0	0.0	0.0	0.0	0.0	0.0	0.0	0.0	0.0	0.0	0.0	0.0	0.0	0.0	0.0	0.0	0.0	0.0	0.0	0.0	0.0	0.0	0.0	0.0	0.0	
sp|Q05655|KPCD_HUMAN	Q05655	KPCD_HUMAN	PRKCD	676	Homo sapiens	1:Experimental evidence at protein level	Protein kinase C delta type	0.9507	0.9982	1	1	1	1	0	0	0	0	0	0	0	0	0	1	0	0	0	0	0	0	0	0	0	0	0	0	0	0	0	1	0	0	0	0	0	0	0	0	0	0	0	0	0	0	0	1	0	0	0	0	0	0	0.0	0.0	0.0	0.0	0.0	0.0	0.0	0.0	0.0	0.0	0.0	0.0	0.0	0.0	0.0	0.0	0.0	0.0	0.0	0.0	0.0	0.0	0.0	0.0	0.0	0.0	0.0	0.0	0.0	0.0	0.0	0.0	
sp|Q05911|PUR8_YEAST	Q05911	PUR8_YEAST	ADE13	482	Saccharomyces cerevisiae (strain ATCC 204508 / S288c)	1:Experimental evidence at protein level	Adenylosuccinate lyase	1.0	0.999	2	6	6	6	0	0	0	1	1	1	2	1	0	0	0	0	0	0	0	0	0	0	0	1	1	1	2	1	0	0	0	0	0	0	0	0	0	0	0	1	1	1	2	1	0	0	0	0	0	0	0	0	0.0	2384.1184	0.0	2265.7483	0.0	5208.0996	0.0	0.0	0.0	0.0	0.0	0.0	0.0	0.0	0.0	0.0	0.0	2384.1184	0.0	2265.7483	0.0	0.0	0.0	0.0	0.0	0.0	0.0	0.0	0.0	0.0	0.0	0.0	
sp|Q06252|YL179_YEAST	Q06252	YL179_YEAST	YLR179C	201	Saccharomyces cerevisiae (strain ATCC 204508 / S288c)	1:Experimental evidence at protein level	Uncharacterized protein YLR179C	0.9713	0.999	1	10	10	10	1	1	1	2	0	1	1	2	0	0	1	0	0	0	0	0	1	1	1	2	0	1	1	2	0	0	1	0	0	0	0	0	1	1	1	2	0	1	1	2	0	0	1	0	0	0	0	0	0.0	0.0	0.0	0.0	0.0	0.0	0.0	0.0	0.0	0.0	0.0	0.0	0.0	0.0	0.0	0.0	0.0	0.0	0.0	0.0	0.0	0.0	0.0	0.0	0.0	0.0	0.0	0.0	0.0	0.0	0.0	0.0	
sp|Q07021|C1QBP_HUMAN	Q07021	C1QBP_HUMAN	C1QBP	282	Homo sapiens	1:Experimental evidence at protein level	Complement component 1 Q subcomponent-binding protein, mitochondrial	1.0	0.999	4	123	123	123	8	8	9	7	9	7	10	9	5	7	6	10	5	8	6	9	8	8	9	7	9	7	10	9	5	7	6	10	5	8	6	9	8	8	9	7	9	7	10	9	5	7	6	10	5	8	6	9	10261.635	10273.832	12267.026	13025.371	4651.716	12111.309	12035.949	8367.035	8275.658	11884.261	10638.649	10692.146	13131.8125	12987.177	11112.066	14561.896	5742.5674	5766.9375	6853.1606	7267.183	5960.588	6704.5713	6593.5967	8238.393	4647.6455	6546.401	5972.3687	5921.6035	7233.956	7205.9893	6173.3496	7999.4766	
sp|Q07478|SUB2_YEAST	Q07478	SUB2_YEAST	SUB2	446	Saccharomyces cerevisiae (strain ATCC 204508 / S288c)	1:Experimental evidence at protein level	ATP-dependent RNA helicase SUB2	1.0	0.9967	3	3	3	6	0	1	1	0	0	1	0	0	0	0	0	0	0	0	0	0	0	1	1	0	0	1	0	0	0	0	0	0	0	0	0	0	0	2	1	0	0	1	0	0	0	0	1	0	1	0	0	0	0.0	0.0	0.0	0.0	0.0	0.0	0.0	0.0	0.0	0.0	0.0	0.0	0.0	0.0	0.0	0.0	0.0	0.0	0.0	0.0	0.0	0.0	0.0	0.0	0.0	0.0	0.0	0.0	0.0	0.0	0.0	0.0	
sp|Q07551|KAR_YEAST	Q07551	KAR_YEAST	YDL124W	312	Saccharomyces cerevisiae (strain ATCC 204508 / S288c)	1:Experimental evidence at protein level	NADPH-dependent alpha-keto amide reductase	0.9166	0.9969	1	2	2	2	0	1	0	0	0	0	0	1	0	0	0	0	0	0	0	0	0	1	0	0	0	0	0	1	0	0	0	0	0	0	0	0	0	1	0	0	0	0	0	1	0	0	0	0	0	0	0	0	0.0	0.0	0.0	0.0	0.0	0.0	0.0	0.0	0.0	0.0	0.0	0.0	0.0	0.0	0.0	0.0	0.0	0.0	0.0	0.0	0.0	0.0	0.0	0.0	0.0	0.0	0.0	0.0	0.0	0.0	0.0	0.0	
sp|Q07666|KHDR1_HUMAN	Q07666	KHDR1_HUMAN	KHDRBS1	443	Homo sapiens	1:Experimental evidence at protein level	KH domain-containing, RNA-binding, signal transduction-associated protein 1	1.0	0.999	7	117	117	117	9	6	7	3	5	8	8	6	8	9	7	8	4	9	10	10	9	6	7	3	5	8	8	6	8	9	7	8	4	9	10	10	9	6	7	3	5	8	8	6	8	9	7	8	4	9	10	10	20057.326	21793.574	20386.863	19982.777	23541.84	19563.793	21305.518	25102.36	21856.713	22515.55	22459.027	26581.969	20979.406	27478.658	25582.79	22062.207	7587.5786	8582.964	10140.514	8250.001	9748.249	7688.802	9011.351	10052.574	9217.858	9256.669	10104.625	11120.07	10149.949	10256.77	9590.479	8886.363	
sp|Q07955|SRSF1_HUMAN	Q07955	SRSF1_HUMAN	SRSF1	248	Homo sapiens	1:Experimental evidence at protein level	Serine/arginine-rich splicing factor 1	1.0	0.999	6	69	69	69	5	4	2	3	5	3	3	4	3	6	6	4	2	8	4	7	5	4	2	3	5	3	3	4	3	6	6	4	2	8	4	7	5	4	2	3	5	3	3	4	3	6	6	4	2	8	4	7	21253.297	20520.416	21366.797	13921.25	23744.506	21782.855	21230.756	23665.0	26387.223	22661.232	26565.648	22329.646	19999.314	27398.355	24593.34	23834.086	6521.8457	6013.233	6583.1724	6409.827	6078.0884	6571.0806	6078.572	6145.5845	6891.3486	6857.1445	6814.9473	6889.0522	6131.1523	7214.0103	6393.7305	7100.5415	
sp|Q08204|SMC5_YEAST	Q08204	SMC5_YEAST	SMC5	1093	Saccharomyces cerevisiae (strain ATCC 204508 / S288c)	1:Experimental evidence at protein level	Structural maintenance of chromosomes protein 5	0.9699	0.999	1	1	1	1	1	0	0	0	0	0	0	0	0	0	0	0	0	0	0	0	1	0	0	0	0	0	0	0	0	0	0	0	0	0	0	0	1	0	0	0	0	0	0	0	0	0	0	0	0	0	0	0	0.0	0.0	0.0	0.0	0.0	0.0	0.0	0.0	0.0	0.0	0.0	0.0	0.0	0.0	0.0	0.0	0.0	0.0	0.0	0.0	0.0	0.0	0.0	0.0	0.0	0.0	0.0	0.0	0.0	0.0	0.0	0.0	
sp|Q08211|DHX9_HUMAN	Q08211	DHX9_HUMAN	DHX9	1270	Homo sapiens	1:Experimental evidence at protein level	ATP-dependent RNA helicase A	1.0	0.999	9	129	129	129	10	10	9	6	6	4	9	5	5	11	10	10	8	9	7	10	10	10	9	6	6	4	9	5	5	11	10	10	8	9	7	10	10	10	9	6	6	4	9	5	5	11	10	10	8	9	7	10	29918.209	22887.252	21351.752	24396.363	21615.775	21793.078	24000.861	23925.516	19613.332	19727.691	20900.049	12361.738	25385.19	18681.47	17384.746	19600.707	7993.881	6982.7847	6702.325	7266.83	7178.669	7349.001	7326.498	7296.8975	6107.734	5696.2466	6078.0005	5186.1157	6190.8525	5734.063	6370.992	6904.2705	
sp|Q08245|ZEO1_YEAST	Q08245	ZEO1_YEAST	ZEO1	113	Saccharomyces cerevisiae (strain ATCC 204508 / S288c)	1:Experimental evidence at protein level	Protein ZEO1	1.0	0.9945	2	6	6	6	0	1	0	0	2	1	1	1	0	0	0	0	0	0	0	0	0	1	0	0	2	1	1	1	0	0	0	0	0	0	0	0	0	1	0	0	2	1	1	1	0	0	0	0	0	0	0	0	7954.3916	3700.497	8030.4204	6820.329	7902.2847	10724.385	7664.6465	4063.582	0.0	0.0	0.0	3089.013	0.0	1697.0211	1984.16	2551.4194	4210.5923	3758.0454	4231.608	3606.569	4149.68	4251.781	4046.5176	4491.7876	0.0	0.0	0.0	3137.0518	0.0	1723.4124	2193.2437	2820.2788	
sp|Q08379|GOGA2_HUMAN	Q08379	GOGA2_HUMAN	GOLGA2	1002	Homo sapiens	1:Experimental evidence at protein level	Golgin subfamily A member 2	0.9508	0.9982	1	1	1	1	0	0	0	0	0	0	0	0	0	0	1	0	0	0	0	0	0	0	0	0	0	0	0	0	0	0	1	0	0	0	0	0	0	0	0	0	0	0	0	0	0	0	1	0	0	0	0	0	0.0	0.0	0.0	0.0	0.0	0.0	0.0	0.0	0.0	0.0	0.0	0.0	0.0	0.0	0.0	0.0	0.0	0.0	0.0	0.0	0.0	0.0	0.0	0.0	0.0	0.0	0.0	0.0	0.0	0.0	0.0	0.0	
sp|Q08623|HDHD1_HUMAN	Q08623	HDHD1_HUMAN	PUDP	228	Homo sapiens	1:Experimental evidence at protein level	Pseudouridine-5'-phosphatase	0.9705	0.999	1	12	12	12	1	0	1	2	0	1	1	1	0	2	1	0	1	1	0	0	1	0	1	2	0	1	1	1	0	2	1	0	1	1	0	0	1	0	1	2	0	1	1	1	0	2	1	0	1	1	0	0	0.0	0.0	0.0	0.0	0.0	0.0	0.0	0.0	0.0	0.0	0.0	0.0	0.0	0.0	0.0	0.0	0.0	0.0	0.0	0.0	0.0	0.0	0.0	0.0	0.0	0.0	0.0	0.0	0.0	0.0	0.0	0.0	
sp|Q08752|PPID_HUMAN	Q08752	PPID_HUMAN	PPID	370	Homo sapiens	1:Experimental evidence at protein level	Peptidyl-prolyl cis-trans isomerase D	0.9991	0.999	2	6	6	21	0	0	0	0	0	0	1	1	0	0	0	1	1	0	0	2	0	0	0	0	0	0	1	1	0	0	0	1	1	0	0	2	1	2	1	1	1	1	2	2	1	1	0	2	2	0	0	4	0.0	0.0	0.0	0.0	0.0	0.0	0.0	0.0	0.0	0.0	0.0	0.0	0.0	0.0	0.0	0.0	0.0	0.0	0.0	0.0	0.0	0.0	0.0	0.0	0.0	0.0	0.0	0.0	0.0	0.0	0.0	0.0	
sp|Q08J23|NSUN2_HUMAN	Q08J23	NSUN2_HUMAN	NSUN2	767	Homo sapiens	1:Experimental evidence at protein level	RNA cytosine C(5)-methyltransferase NSUN2	0.9713	0.999	1	20	20	20	2	2	1	2	2	2	2	2	1	0	0	2	0	1	1	0	2	2	1	2	2	2	2	2	1	0	0	2	0	1	1	0	2	2	1	2	2	2	2	2	1	0	0	2	0	1	1	0	0.0	0.0	0.0	0.0	0.0	0.0	0.0	0.0	0.0	0.0	0.0	0.0	0.0	0.0	0.0	0.0	0.0	0.0	0.0	0.0	0.0	0.0	0.0	0.0	0.0	0.0	0.0	0.0	0.0	0.0	0.0	0.0	
sp|Q09028|RBBP4_HUMAN	Q09028	RBBP4_HUMAN	RBBP4	425	Homo sapiens	1:Experimental evidence at protein level	Histone-binding protein RBBP4	1.0	0.999	9	62	40	62	2	4	0	0	3	1	5	2	6	5	2	8	6	5	6	7	2	2	0	0	2	1	4	2	3	3	1	4	4	3	4	5	2	4	0	0	3	1	5	2	6	5	2	8	6	5	6	7	14569.094	14604.609	15003.85	14596.755	16391.02	15409.956	14737.066	10009.444	16106.22	17188.027	14223.492	22889.713	19735.12	17668.016	11960.041	15708.651	4188.5356	4187.245	4457.625	4317.363	4869.7656	4636.798	4369.0903	4266.2905	4396.7036	4447.3525	4206.8594	4499.169	5110.447	4655.323	4831.68	4211.9395	
sp|Q12154|GET3_YEAST	Q12154	GET3_YEAST	GET3	354	Saccharomyces cerevisiae (strain ATCC 204508 / S288c)	1:Experimental evidence at protein level	ATPase GET3	0.8663	0.9948	1	3	3	3	0	1	0	0	1	1	0	0	0	0	0	0	0	0	0	0	0	1	0	0	1	1	0	0	0	0	0	0	0	0	0	0	0	1	0	0	1	1	0	0	0	0	0	0	0	0	0	0	0.0	0.0	0.0	0.0	0.0	0.0	0.0	0.0	0.0	0.0	0.0	0.0	0.0	0.0	0.0	0.0	0.0	0.0	0.0	0.0	0.0	0.0	0.0	0.0	0.0	0.0	0.0	0.0	0.0	0.0	0.0	0.0	
sp|Q12363|WTM1_YEAST	Q12363	WTM1_YEAST	WTM1	437	Saccharomyces cerevisiae (strain ATCC 204508 / S288c)	1:Experimental evidence at protein level	Transcriptional modulator WTM1	0.9713	0.999	1	26	26	26	3	2	3	2	3	2	2	1	1	2	1	0	1	1	1	1	3	2	3	2	3	2	2	1	1	2	1	0	1	1	1	1	3	2	3	2	3	2	2	1	1	2	1	0	1	1	1	1	4052.5034	5379.228	5019.3657	4466.966	4682.4927	0.0	5203.0195	0.0	0.0	0.0	0.0	0.0	0.0	0.0	0.0	0.0	4052.5034	5379.228	5019.3657	4466.966	4682.4927	0.0	5203.0195	0.0	0.0	0.0	0.0	0.0	0.0	0.0	0.0	0.0	
sp|Q12387|NAA25_YEAST	Q12387	NAA25_YEAST	MDM20	796	Saccharomyces cerevisiae (strain ATCC 204508 / S288c)	1:Experimental evidence at protein level	N-terminal acetyltransferase B complex subunit MDM20	0.9685	0.9989	1	1	1	1	1	0	0	0	0	0	0	0	0	0	0	0	0	0	0	0	1	0	0	0	0	0	0	0	0	0	0	0	0	0	0	0	1	0	0	0	0	0	0	0	0	0	0	0	0	0	0	0	0.0	0.0	0.0	0.0	0.0	0.0	0.0	0.0	0.0	0.0	0.0	0.0	0.0	0.0	0.0	0.0	0.0	0.0	0.0	0.0	0.0	0.0	0.0	0.0	0.0	0.0	0.0	0.0	0.0	0.0	0.0	0.0	
sp|Q12458|YPR1_YEAST	Q12458	YPR1_YEAST	YPR1	312	Saccharomyces cerevisiae (strain ATCC 204508 / S288c)	1:Experimental evidence at protein level	Aldehyde reductase YPR1	0.9683	0.9989	1	15	15	15	2	1	1	2	0	1	1	2	0	1	1	1	0	0	1	1	2	1	1	2	0	1	1	2	0	1	1	1	0	0	1	1	2	1	1	2	0	1	1	2	0	1	1	1	0	0	1	1	3191.5034	1707.2222	0.0	1699.8572	0.0	0.0	1565.1263	1929.5588	0.0	0.0	0.0	0.0	0.0	0.0	0.0	0.0	3191.5034	1707.2222	0.0	1699.8572	0.0	0.0	1565.1263	1929.5588	0.0	0.0	0.0	0.0	0.0	0.0	0.0	0.0	
sp|Q12460|NOP56_YEAST	Q12460	NOP56_YEAST	NOP56	504	Saccharomyces cerevisiae (strain ATCC 204508 / S288c)	1:Experimental evidence at protein level	Nucleolar protein 56	1.0	0.999	4	5	5	5	1	2	0	0	0	1	0	1	0	0	0	0	0	0	0	0	1	2	0	0	0	1	0	1	0	0	0	0	0	0	0	0	1	2	0	0	0	1	0	1	0	0	0	0	0	0	0	0	0.0	0.0	0.0	0.0	0.0	2434.0273	2981.1255	0.0	0.0	0.0	0.0	0.0	0.0	0.0	0.0	0.0	0.0	0.0	0.0	0.0	0.0	2434.0273	2981.1255	0.0	0.0	0.0	0.0	0.0	0.0	0.0	0.0	0.0	
sp|Q12499|NOP58_YEAST	Q12499	NOP58_YEAST	NOP58	511	Saccharomyces cerevisiae (strain ATCC 204508 / S288c)	1:Experimental evidence at protein level	Nucleolar protein 58	1.0	0.999	2	12	12	12	0	1	2	1	1	2	2	2	0	0	0	0	0	1	0	0	0	1	2	1	1	2	2	2	0	0	0	0	0	1	0	0	0	1	2	1	1	2	2	2	0	0	0	0	0	1	0	0	0.0	0.0	2198.087	3686.3196	0.0	2442.16	1496.4875	2823.74	0.0	0.0	0.0	0.0	0.0	0.0	0.0	0.0	0.0	0.0	2198.087	3686.3196	0.0	2442.16	1496.4875	2823.74	0.0	0.0	0.0	0.0	0.0	0.0	0.0	0.0	
sp|Q12824|SNF5_HUMAN	Q12824	SNF5_HUMAN	SMARCB1	385	Homo sapiens	1:Experimental evidence at protein level	SWI/SNF-related matrix-associated actin-dependent regulator of chromatin subfamily B member 1	0.9229	0.9972	1	1	1	1	0	0	0	0	1	0	0	0	0	0	0	0	0	0	0	0	0	0	0	0	1	0	0	0	0	0	0	0	0	0	0	0	0	0	0	0	1	0	0	0	0	0	0	0	0	0	0	0	0.0	0.0	0.0	0.0	0.0	0.0	0.0	0.0	0.0	0.0	0.0	0.0	0.0	0.0	0.0	0.0	0.0	0.0	0.0	0.0	0.0	0.0	0.0	0.0	0.0	0.0	0.0	0.0	0.0	0.0	0.0	0.0	
sp|Q12874|SF3A3_HUMAN	Q12874	SF3A3_HUMAN	SF3A3	501	Homo sapiens	1:Experimental evidence at protein level	Splicing factor 3A subunit 3	0.8996	0.9962	1	1	1	1	0	0	0	0	0	0	0	0	0	0	0	0	0	1	0	0	0	0	0	0	0	0	0	0	0	0	0	0	0	1	0	0	0	0	0	0	0	0	0	0	0	0	0	0	0	1	0	0	0.0	0.0	0.0	0.0	0.0	0.0	0.0	0.0	0.0	0.0	0.0	0.0	0.0	0.0	0.0	0.0	0.0	0.0	0.0	0.0	0.0	0.0	0.0	0.0	0.0	0.0	0.0	0.0	0.0	0.0	0.0	0.0	
sp|Q12904|AIMP1_HUMAN	Q12904	AIMP1_HUMAN	AIMP1	312	Homo sapiens	1:Experimental evidence at protein level	Aminoacyl tRNA synthase complex-interacting multifunctional protein 1	0.9605	0.9986	1	7	7	7	0	1	1	0	0	1	1	2	0	0	0	0	0	1	0	0	0	1	1	0	0	1	1	2	0	0	0	0	0	1	0	0	0	1	1	0	0	1	1	2	0	0	0	0	0	1	0	0	0.0	0.0	2044.4764	0.0	0.0	0.0	0.0	0.0	0.0	0.0	0.0	0.0	0.0	0.0	0.0	0.0	0.0	0.0	0.0	0.0	0.0	0.0	0.0	0.0	0.0	0.0	0.0	0.0	0.0	0.0	0.0	0.0	
sp|Q12906|ILF3_HUMAN	Q12906	ILF3_HUMAN	ILF3	894	Homo sapiens	1:Experimental evidence at protein level	Interleukin enhancer-binding factor 3	1.0	0.999	7	83	83	83	5	6	6	7	8	5	6	7	3	3	4	4	2	4	6	7	5	6	6	7	8	5	6	7	3	3	4	4	2	4	6	7	5	6	6	7	8	5	6	7	3	3	4	4	2	4	6	7	20021.262	18046.486	20874.824	24308.422	27269.363	29646.098	22978.125	27374.133	19005.34	18017.547	15432.868	15885.645	23735.89	22858.758	24431.217	19430.121	7638.19	6615.5273	6949.209	7764.616	8149.045	8348.415	7748.7695	8101.743	6000.3994	6642.4004	6539.241	5505.852	7176.5474	7265.642	8226.513	6683.9644	
sp|Q12907|LMAN2_HUMAN	Q12907	LMAN2_HUMAN	LMAN2	356	Homo sapiens	1:Experimental evidence at protein level	Vesicular integral-membrane protein VIP36	0.9203	0.9971	1	1	1	1	0	1	0	0	0	0	0	0	0	0	0	0	0	0	0	0	0	1	0	0	0	0	0	0	0	0	0	0	0	0	0	0	0	1	0	0	0	0	0	0	0	0	0	0	0	0	0	0	0.0	0.0	0.0	0.0	0.0	0.0	0.0	0.0	0.0	0.0	0.0	0.0	0.0	0.0	0.0	0.0	0.0	0.0	0.0	0.0	0.0	0.0	0.0	0.0	0.0	0.0	0.0	0.0	0.0	0.0	0.0	0.0	
sp|Q12931|TRAP1_HUMAN	Q12931	TRAP1_HUMAN	TRAP1	704	Homo sapiens	1:Experimental evidence at protein level	Heat shock protein 75 kDa, mitochondrial	0.9989	0.9987	2	1	1	16	0	0	0	1	0	0	0	0	0	0	0	0	0	0	0	0	0	0	0	1	0	0	0	0	0	0	0	0	0	0	0	0	1	0	2	1	2	0	0	1	1	1	2	1	1	1	1	1	0.0	0.0	0.0	0.0	0.0	0.0	0.0	0.0	0.0	0.0	0.0	0.0	0.0	0.0	0.0	0.0	0.0	0.0	0.0	0.0	0.0	0.0	0.0	0.0	0.0	0.0	0.0	0.0	0.0	0.0	0.0	0.0	
sp|Q12972|PP1R8_HUMAN	Q12972	PP1R8_HUMAN	PPP1R8	351	Homo sapiens	1:Experimental evidence at protein level	Nuclear inhibitor of protein phosphatase 1	0.9588	0.9985	1	3	3	3	0	0	0	1	0	1	0	0	0	0	0	0	0	0	0	1	0	0	0	1	0	1	0	0	0	0	0	0	0	0	0	1	0	0	0	1	0	1	0	0	0	0	0	0	0	0	0	1	0.0	0.0	0.0	0.0	0.0	0.0	0.0	0.0	0.0	0.0	0.0	0.0	0.0	0.0	0.0	0.0	0.0	0.0	0.0	0.0	0.0	0.0	0.0	0.0	0.0	0.0	0.0	0.0	0.0	0.0	0.0	0.0	
sp|Q12996|CSTF3_HUMAN	Q12996	CSTF3_HUMAN	CSTF3	717	Homo sapiens	1:Experimental evidence at protein level	Cleavage stimulation factor subunit 3	1.0	0.999	3	7	7	7	1	1	1	0	0	0	0	1	1	0	1	0	0	0	1	0	1	1	1	0	0	0	0	1	1	0	1	0	0	0	1	0	1	1	1	0	0	0	0	1	1	0	1	0	0	0	1	0	0.0	0.0	0.0	0.0	0.0	0.0	0.0	0.0	0.0	0.0	0.0	0.0	0.0	0.0	0.0	0.0	0.0	0.0	0.0	0.0	0.0	0.0	0.0	0.0	0.0	0.0	0.0	0.0	0.0	0.0	0.0	0.0	
sp|Q13011|ECH1_HUMAN	Q13011	ECH1_HUMAN	ECH1	328	Homo sapiens	1:Experimental evidence at protein level	Delta(3,5)-Delta(2,4)-dienoyl-CoA isomerase, mitochondrial	1.0	0.9981	1	2	2	2	0	1	0	0	0	0	0	0	0	1	0	0	0	0	0	0	0	1	0	0	0	0	0	0	0	1	0	0	0	0	0	0	0	1	0	0	0	0	0	0	0	1	0	0	0	0	0	0	0.0	0.0	0.0	0.0	0.0	0.0	0.0	0.0	0.0	0.0	0.0	0.0	0.0	0.0	0.0	0.0	0.0	0.0	0.0	0.0	0.0	0.0	0.0	0.0	0.0	0.0	0.0	0.0	0.0	0.0	0.0	0.0	
sp|Q13148|TADBP_HUMAN	Q13148	TADBP_HUMAN	TARDBP	414	Homo sapiens	1:Experimental evidence at protein level	TAR DNA-binding protein 43	1.0	0.999	2	9	9	9	0	2	1	0	0	1	0	0	1	1	0	1	0	1	1	0	0	2	1	0	0	1	0	0	1	1	0	1	0	1	1	0	0	2	1	0	0	1	0	0	1	1	0	1	0	1	1	0	0.0	0.0	0.0	0.0	0.0	3429.3323	0.0	0.0	0.0	0.0	0.0	1656.6917	0.0	1340.3938	0.0	0.0	0.0	0.0	0.0	0.0	0.0	3429.3323	0.0	0.0	0.0	0.0	0.0	1656.6917	0.0	1340.3938	0.0	0.0	
sp|Q13151|ROA0_HUMAN	Q13151	ROA0_HUMAN	HNRNPA0	305	Homo sapiens	1:Experimental evidence at protein level	Heterogeneous nuclear ribonucleoprotein A0	1.0	0.9989	4	13	13	73	1	0	0	0	0	1	0	0	0	3	1	1	0	1	2	3	1	0	0	0	0	1	0	0	0	3	1	1	0	1	2	3	4	5	2	4	3	5	4	3	4	8	6	4	2	5	6	8	0.0	0.0	3151.27	0.0	2146.998	3069.1335	0.0	2755.3567	0.0	2544.4836	2538.4517	2377.0085	0.0	2197.338	2787.93	2540.37	0.0	0.0	3151.27	0.0	2146.998	3069.1335	0.0	2755.3567	0.0	2544.4836	2538.4517	2377.0085	0.0	2197.338	2787.93	2540.37	
sp|Q13177|PAK2_HUMAN	Q13177	PAK2_HUMAN	PAK2	524	Homo sapiens	1:Experimental evidence at protein level	Serine/threonine-protein kinase PAK 2	0.9713	0.999	1	6	6	6	1	0	1	0	0	0	0	1	0	0	0	0	0	1	1	1	1	0	1	0	0	0	0	1	0	0	0	0	0	1	1	1	1	0	1	0	0	0	0	1	0	0	0	0	0	1	1	1	0.0	0.0	0.0	0.0	0.0	0.0	0.0	0.0	0.0	0.0	0.0	0.0	0.0	0.0	0.0	0.0	0.0	0.0	0.0	0.0	0.0	0.0	0.0	0.0	0.0	0.0	0.0	0.0	0.0	0.0	0.0	0.0	
sp|Q13185|CBX3_HUMAN	Q13185	CBX3_HUMAN	CBX3	183	Homo sapiens	1:Experimental evidence at protein level	Chromobox protein homolog 3	1.0	0.999	6	58	30	58	5	3	3	4	3	4	4	3	2	3	4	5	2	4	6	3	2	1	2	2	2	3	2	2	1	1	2	2	1	2	3	2	5	3	3	4	3	4	4	3	2	3	4	5	2	4	6	3	8313.596	5124.656	9115.215	14858.737	25558.12	22190.791	20114.752	19920.404	17143.174	15322.275	18611.525	19915.576	18490.07	18186.865	21086.56	21597.992	6508.5664	6128.381	7097.889	11419.979	7299.049	7389.3877	6705.522	6250.103	7111.541	6231.433	5339.9644	6958.4688	6165.721	6722.978	7645.162	6654.654	
sp|Q13200|PSMD2_HUMAN	Q13200	PSMD2_HUMAN	PSMD2	908	Homo sapiens	1:Experimental evidence at protein level	26S proteasome non-ATPase regulatory subunit 2	1.0	0.999	3	32	32	32	1	2	0	2	2	0	3	2	3	1	2	2	2	4	3	3	1	2	0	2	2	0	3	2	3	1	2	2	2	4	3	3	1	2	0	2	2	0	3	2	3	1	2	2	2	4	3	3	0.0	0.0	0.0	0.0	0.0	1750.2328	2435.243	0.0	0.0	5921.254	0.0	0.0	5295.24	0.0	0.0	2807.5757	0.0	0.0	0.0	0.0	0.0	1750.2328	0.0	0.0	0.0	5921.254	0.0	0.0	5295.24	0.0	0.0	2807.5757	
sp|Q13243|SRSF5_HUMAN	Q13243	SRSF5_HUMAN	SRSF5	272	Homo sapiens	1:Experimental evidence at protein level	Serine/arginine-rich splicing factor 5	0.9992	0.999	2	1	1	17	0	0	0	0	0	0	0	0	0	0	0	0	0	0	1	0	0	0	0	0	0	0	0	0	0	0	0	0	0	0	1	0	0	1	0	0	1	2	1	0	1	2	1	1	0	2	4	1	0.0	0.0	0.0	0.0	3222.8887	0.0	2998.0007	0.0	2359.3489	2538.8733	0.0	2050.7214	2928.6978	2920.4905	3755.0227	696.65607	0.0	0.0	0.0	0.0	3222.8887	0.0	2998.0007	0.0	2359.3489	2538.8733	0.0	2050.7214	2928.6978	2920.4905	3755.0227	696.65607	
sp|Q13247|SRSF6_HUMAN	Q13247	SRSF6_HUMAN	SRSF6	344	Homo sapiens	1:Experimental evidence at protein level	Serine/arginine-rich splicing factor 6	1.0	0.999	4	27	3	27	0	1	0	0	1	2	2	0	2	3	3	2	0	4	4	3	0	0	0	0	0	0	0	0	0	0	1	0	0	1	0	1	0	1	0	0	1	2	2	0	2	3	3	2	0	4	4	3	4598.4805	6934.995	3561.246	5959.2803	10159.168	9484.158	9965.112	10099.074	10885.647	10551.642	9203.547	10996.289	8394.212	6689.915	7038.9883	5687.573	2421.2273	3674.3364	3851.1743	3162.7595	3931.593	3695.2742	3655.3035	4022.5957	4249.0825	4085.6445	3570.2048	4300.308	3348.164	4150.725	4292.704	3452.2341	
sp|Q13263|TIF1B_HUMAN	Q13263	TIF1B_HUMAN	TRIM28	835	Homo sapiens	1:Experimental evidence at protein level	Transcription intermediary factor 1-beta	1.0	0.999	9	113	113	113	4	9	4	7	7	5	6	8	3	8	6	9	8	7	11	11	4	9	4	7	7	5	6	8	3	8	6	9	8	7	11	11	4	9	4	7	7	5	6	8	3	8	6	9	8	7	11	11	26539.062	12239.105	18254.268	30497.22	19947.377	18628.117	26915.582	25114.043	21237.24	22950.012	8213.979	20563.338	28524.906	20881.607	25490.852	23849.482	8134.6294	8128.7207	7437.683	9606.528	10332.192	8266.405	7952.956	8903.7295	7108.504	6799.9316	5169.8916	7174.3833	8735.054	7181.1816	7820.7046	7170.183	
sp|Q13283|G3BP1_HUMAN	Q13283	G3BP1_HUMAN	G3BP1	466	Homo sapiens	1:Experimental evidence at protein level	Ras GTPase-activating protein-binding protein 1	1.0	0.999	8	53	38	53	3	5	2	2	2	2	2	2	1	5	3	4	4	3	7	6	2	4	1	1	2	2	1	2	1	3	2	2	2	3	6	4	3	5	2	2	2	2	2	2	1	5	3	4	4	3	7	6	11341.419	3094.6978	8008.298	7464.4824	9381.723	15145.189	8327.859	9070.856	9535.293	4568.29	7771.8115	14329.689	13085.977	16098.061	13718.906	10045.8955	4516.5	3479.1077	4209.036	4028.985	3580.9204	4693.632	4365.359	3740.93	2756.3972	5135.743	4215.58	4274.2446	3839.3564	4102.328	3477.0913	3312.5276	
sp|Q13347|EIF3I_HUMAN	Q13347	EIF3I_HUMAN	EIF3I	325	Homo sapiens	1:Experimental evidence at protein level	Eukaryotic translation initiation factor 3 subunit I	1.0	0.999	6	68	68	68	3	3	5	2	4	4	4	2	3	4	7	5	3	6	5	8	3	3	5	2	4	4	4	2	3	4	7	5	3	6	5	8	3	3	5	2	4	4	4	2	3	4	7	5	3	6	5	8	7583.1475	5935.9453	11746.168	6534.075	8561.079	7040.045	8787.314	10635.615	5832.66	8377.915	8171.755	7962.1055	8865.47	9559.174	8772.699	8715.421	3131.9639	4071.5742	4815.362	3807.1013	4992.6035	4099.823	5088.3496	4413.408	2988.8062	4733.3706	3371.2058	3257.3445	3728.0774	3979.8682	3656.7285	3713.9124	
sp|Q13404|UB2V1_HUMAN	Q13404	UB2V1_HUMAN	UBE2V1	147	Homo sapiens	1:Experimental evidence at protein level	Ubiquitin-conjugating enzyme E2 variant 1	0.9685	0.9989	1	6	0	6	0	0	0	0	1	1	0	0	0	0	1	0	0	1	1	1	0	0	0	0	0	0	0	0	0	0	0	0	0	0	0	0	0	0	0	0	1	1	0	0	0	0	1	0	0	1	1	1	2541.5027	1767.3816	2602.9524	0.0	3145.0527	3496.037	3573.3584	2654.7407	2928.4187	2709.7974	0.0	3480.5994	2469.315	2444.7493	2685.643	3051.4058	2541.5027	1767.3816	2602.9524	0.0	3145.0527	3496.037	3573.3584	2654.7407	2928.4187	2709.7974	0.0	3480.5994	2469.315	2444.7493	2685.643	3051.4058	sp|Q15819|UB2V2_HUMAN
sp|Q13423|NNTM_HUMAN	Q13423	NNTM_HUMAN	NNT	1086	Homo sapiens	1:Experimental evidence at protein level	NAD(P) transhydrogenase, mitochondrial	0.9658	0.9988	1	1	1	1	0	0	0	0	0	0	0	0	0	0	0	0	0	0	1	0	0	0	0	0	0	0	0	0	0	0	0	0	0	0	1	0	0	0	0	0	0	0	0	0	0	0	0	0	0	0	1	0	0.0	0.0	0.0	0.0	0.0	0.0	0.0	0.0	0.0	0.0	0.0	0.0	0.0	0.0	0.0	0.0	0.0	0.0	0.0	0.0	0.0	0.0	0.0	0.0	0.0	0.0	0.0	0.0	0.0	0.0	0.0	0.0	
sp|Q13427|PPIG_HUMAN	Q13427	PPIG_HUMAN	PPIG	754	Homo sapiens	1:Experimental evidence at protein level	Peptidyl-prolyl cis-trans isomerase G	0.966	0.9988	1	4	4	4	0	0	0	0	1	1	0	0	0	0	0	1	0	0	1	0	0	0	0	0	1	1	0	0	0	0	0	1	0	0	1	0	0	0	0	0	1	1	0	0	0	0	0	1	0	0	1	0	0.0	0.0	0.0	0.0	0.0	0.0	0.0	0.0	0.0	0.0	0.0	0.0	0.0	0.0	0.0	0.0	0.0	0.0	0.0	0.0	0.0	0.0	0.0	0.0	0.0	0.0	0.0	0.0	0.0	0.0	0.0	0.0	
sp|Q13435|SF3B2_HUMAN	Q13435	SF3B2_HUMAN	SF3B2	895	Homo sapiens	1:Experimental evidence at protein level	Splicing factor 3B subunit 2	1.0	0.9987	2	11	11	11	0	2	2	0	0	0	1	0	0	1	1	0	0	1	1	2	0	2	2	0	0	0	1	0	0	1	1	0	0	1	1	2	0	2	2	0	0	0	1	0	0	1	1	0	0	1	1	2	0.0	0.0	0.0	0.0	0.0	0.0	0.0	0.0	0.0	0.0	0.0	0.0	0.0	0.0	0.0	0.0	0.0	0.0	0.0	0.0	0.0	0.0	0.0	0.0	0.0	0.0	0.0	0.0	0.0	0.0	0.0	0.0	
sp|Q13451|FKBP5_HUMAN	Q13451	FKBP5_HUMAN	FKBP5	457	Homo sapiens	1:Experimental evidence at protein level	Peptidyl-prolyl cis-trans isomerase FKBP5	1.0	0.999	3	28	28	28	2	2	2	2	1	1	1	1	1	2	3	3	1	2	2	2	2	2	2	2	1	1	1	1	1	2	3	3	1	2	2	2	2	2	2	2	1	1	1	1	1	2	3	3	1	2	2	2	6162.1226	6165.998	5761.235	5666.12	4639.0557	6535.6685	0.0	0.0	3960.8599	5020.7124	5451.821	3887.6787	5395.0747	4212.9897	4849.568	5592.152	6162.1226	6165.998	5761.235	5666.12	4639.0557	6535.6685	0.0	0.0	3960.8599	5020.7124	5451.821	3887.6787	5395.0747	4212.9897	4849.568	5592.152	
sp|Q13492|PICAL_HUMAN	Q13492	PICAL_HUMAN	PICALM	652	Homo sapiens	1:Experimental evidence at protein level	Phosphatidylinositol-binding clathrin assembly protein	1.0	0.999	2	29	29	29	2	2	2	1	2	2	2	2	2	2	2	2	1	3	1	1	2	2	2	1	2	2	2	2	2	2	2	2	1	3	1	1	2	2	2	1	2	2	2	2	2	2	2	2	1	3	1	1	5518.9893	3669.1633	4879.676	5034.609	4550.366	5365.256	5936.4375	4131.6196	2296.3826	4759.5693	4058.7415	4212.5806	4201.152	2791.1729	4635.1797	2960.1987	5518.9893	3669.1633	4879.676	5034.609	4550.366	5365.256	5936.4375	4131.6196	2296.3826	4759.5693	4058.7415	4212.5806	4201.152	2791.1729	4635.1797	2960.1987	
sp|Q13509|TBB3_HUMAN	Q13509	TBB3_HUMAN	TUBB3	450	Homo sapiens	1:Experimental evidence at protein level	Tubulin beta-3 chain	1.0	0.999	13	11	11	330	0	0	3	0	1	0	0	0	1	0	0	1	1	1	2	1	0	0	3	0	1	0	0	0	1	0	0	1	1	1	2	1	17	23	17	12	20	17	20	19	17	22	25	32	16	25	25	23	0.0	0.0	8144.473	0.0	9604.273	0.0	0.0	0.0	7292.651	0.0	0.0	5437.1387	7660.682	0.0	9165.894	10511.022	0.0	0.0	8144.473	0.0	9604.273	0.0	0.0	0.0	7292.651	0.0	0.0	5437.1387	7660.682	0.0	9165.894	10511.022	
sp|Q13523|PRP4K_HUMAN	Q13523	PRP4K_HUMAN	PRP4K	1007	Homo sapiens	1:Experimental evidence at protein level	Serine/threonine-protein kinase PRP4 homolog	0.9277	0.9974	1	10	10	10	0	1	1	1	2	0	3	2	0	0	0	0	0	0	0	0	0	1	1	1	2	0	3	2	0	0	0	0	0	0	0	0	0	1	1	1	2	0	3	2	0	0	0	0	0	0	0	0	0.0	0.0	0.0	2288.0784	0.0	0.0	741.8375	0.0	0.0	0.0	0.0	0.0	0.0	0.0	0.0	0.0	0.0	0.0	0.0	2288.0784	0.0	0.0	741.8375	0.0	0.0	0.0	0.0	0.0	0.0	0.0	0.0	0.0	
sp|Q13526|PIN1_HUMAN	Q13526	PIN1_HUMAN	PIN1	163	Homo sapiens	1:Experimental evidence at protein level	Peptidyl-prolyl cis-trans isomerase NIMA-interacting 1	0.9713	0.999	1	8	8	8	1	1	1	0	0	1	0	0	0	0	1	1	1	0	0	1	1	1	1	0	0	1	0	0	0	0	1	1	1	0	0	1	1	1	1	0	0	1	0	0	0	0	1	1	1	0	0	1	0.0	2705.9363	0.0	2887.9458	0.0	0.0	0.0	0.0	0.0	0.0	0.0	0.0	0.0	1862.1427	0.0	0.0	0.0	2705.9363	0.0	2887.9458	0.0	0.0	0.0	0.0	0.0	0.0	0.0	0.0	0.0	1862.1427	0.0	0.0	
sp|Q13573|SNW1_HUMAN	Q13573	SNW1_HUMAN	SNW1	536	Homo sapiens	1:Experimental evidence at protein level	SNW domain-containing protein 1	1.0	0.999	1	13	13	13	2	1	1	3	2	0	1	0	0	1	0	0	1	0	0	1	2	1	1	3	2	0	1	0	0	1	0	0	1	0	0	1	2	1	1	3	2	0	1	0	0	1	0	0	1	0	0	1	3030.557	3700.1326	5593.021	0.0	5799.885	3032.1052	2702.99	0.0	0.0	0.0	0.0	0.0	0.0	0.0	0.0	0.0	3030.557	3700.1326	5593.021	0.0	5799.885	3032.1052	2702.99	0.0	0.0	0.0	0.0	0.0	0.0	0.0	0.0	0.0	
sp|Q13610|PWP1_HUMAN	Q13610	PWP1_HUMAN	PWP1	501	Homo sapiens	1:Experimental evidence at protein level	Periodic tryptophan protein 1 homolog	1.0	0.9984	2	2	2	2	0	0	0	0	1	0	0	0	0	0	0	0	0	1	0	0	0	0	0	0	1	0	0	0	0	0	0	0	0	1	0	0	0	0	0	0	1	0	0	0	0	0	0	0	0	1	0	0	0.0	0.0	0.0	0.0	0.0	0.0	0.0	0.0	0.0	0.0	0.0	0.0	0.0	0.0	0.0	0.0	0.0	0.0	0.0	0.0	0.0	0.0	0.0	0.0	0.0	0.0	0.0	0.0	0.0	0.0	0.0	0.0	
sp|Q13724|MOGS_HUMAN	Q13724	MOGS_HUMAN	MOGS	837	Homo sapiens	1:Experimental evidence at protein level	Mannosyl-oligosaccharide glucosidase	0.9554	0.9984	1	1	1	1	0	0	0	0	0	0	0	0	0	0	1	0	0	0	0	0	0	0	0	0	0	0	0	0	0	0	1	0	0	0	0	0	0	0	0	0	0	0	0	0	0	0	1	0	0	0	0	0	3729.1885	3515.567	0.0	0.0	4590.3433	0.0	2758.8943	0.0	3780.7104	4464.852	3211.3257	2992.6692	2594.5923	3605.2341	3962.0999	3183.822	3729.1885	3515.567	0.0	0.0	4590.3433	0.0	2758.8943	0.0	3780.7104	4464.852	3211.3257	2992.6692	2594.5923	3605.2341	3962.0999	3183.822	
sp|Q13838|DX39B_HUMAN	Q13838	DX39B_HUMAN	DDX39B	428	Homo sapiens	1:Experimental evidence at protein level	Spliceosome RNA helicase DDX39B	1.0	0.999	7	55	2	55	2	3	2	1	2	1	3	5	4	3	7	8	3	5	3	3	0	0	0	0	0	0	0	1	0	0	0	1	0	0	0	0	2	3	2	1	2	1	3	5	4	3	7	8	3	5	3	3	14988.021	19646.492	5014.4795	14773.227	18709.678	14193.697	21491.096	6885.843	10649.971	18878.514	10830.637	21476.846	19942.953	19026.672	11353.453	16824.525	7800.8496	7563.173	6373.5933	7633.472	8413.09	7414.366	8378.165	5976.951	6909.4624	6663.5957	7699.547	7214.209	7829.437	7726.6177	7348.375	6525.4795	
sp|Q13867|BLMH_HUMAN	Q13867	BLMH_HUMAN	BLMH	455	Homo sapiens	1:Experimental evidence at protein level	Bleomycin hydrolase	1.0	0.9983	2	5	5	5	0	0	0	0	0	0	0	0	0	0	1	1	0	0	0	3	0	0	0	0	0	0	0	0	0	0	1	1	0	0	0	3	0	0	0	0	0	0	0	0	0	0	1	1	0	0	0	3	0.0	0.0	0.0	0.0	3722.2039	5231.804	0.0	3259.249	3722.351	3892.2559	2640.6086	2420.4521	3147.4814	3214.4053	2898.2083	7982.372	0.0	0.0	0.0	0.0	3722.2039	5231.804	0.0	3259.249	3722.351	3892.2559	2640.6086	2420.4521	3147.4814	3214.4053	2898.2083	7982.372	
sp|Q13907|IDI1_HUMAN	Q13907	IDI1_HUMAN	IDI1	227	Homo sapiens	1:Experimental evidence at protein level	Isopentenyl-diphosphate Delta-isomerase 1	0.9605	0.9986	1	2	2	2	0	0	0	1	1	0	0	0	0	0	0	0	0	0	0	0	0	0	0	1	1	0	0	0	0	0	0	0	0	0	0	0	0	0	0	1	1	0	0	0	0	0	0	0	0	0	0	0	0.0	0.0	0.0	0.0	0.0	0.0	0.0	0.0	0.0	0.0	0.0	0.0	0.0	0.0	0.0	0.0	0.0	0.0	0.0	0.0	0.0	0.0	0.0	0.0	0.0	0.0	0.0	0.0	0.0	0.0	0.0	0.0	
sp|Q14004|CDK13_HUMAN	Q14004	CDK13_HUMAN	CDK13	1512	Homo sapiens	1:Experimental evidence at protein level	Cyclin-dependent kinase 13	0.8937	0.996	1	1	0	1	0	0	0	0	0	0	0	1	0	0	0	0	0	0	0	0	0	0	0	0	0	0	0	0	0	0	0	0	0	0	0	0	0	0	0	0	0	0	0	1	0	0	0	0	0	0	0	0	0.0	0.0	0.0	0.0	0.0	0.0	0.0	0.0	0.0	0.0	0.0	0.0	0.0	0.0	0.0	0.0	0.0	0.0	0.0	0.0	0.0	0.0	0.0	0.0	0.0	0.0	0.0	0.0	0.0	0.0	0.0	0.0	sp|Q9NYV4|CDK12_HUMAN
sp|Q14008|CKAP5_HUMAN	Q14008	CKAP5_HUMAN	CKAP5	2032	Homo sapiens	1:Experimental evidence at protein level	Cytoskeleton-associated protein 5	1.0	0.999	1	2	2	2	0	0	1	0	0	0	0	1	0	0	0	0	0	0	0	0	0	0	1	0	0	0	0	1	0	0	0	0	0	0	0	0	0	0	1	0	0	0	0	1	0	0	0	0	0	0	0	0	0.0	0.0	0.0	0.0	0.0	0.0	0.0	0.0	0.0	0.0	0.0	0.0	0.0	0.0	0.0	0.0	0.0	0.0	0.0	0.0	0.0	0.0	0.0	0.0	0.0	0.0	0.0	0.0	0.0	0.0	0.0	0.0	
sp|Q14011|CIRBP_HUMAN	Q14011	CIRBP_HUMAN	CIRBP	172	Homo sapiens	1:Experimental evidence at protein level	Cold-inducible RNA-binding protein	1.0	0.999	4	31	31	31	1	2	1	1	2	3	3	1	3	2	3	3	1	2	2	1	1	2	1	1	2	3	3	1	3	2	3	3	1	2	2	1	1	2	1	1	2	3	3	1	3	2	3	3	1	2	2	1	6867.0317	8438.811	8208.689	4202.904	8488.551	8365.565	8854.701	8397.589	7268.8574	8072.164	8005.0264	7387.571	8840.197	7685.7734	8684.44	8243.952	3965.6555	4856.6724	4677.3447	5615.4736	4687.914	4492.329	5124.4756	4598.8574	4238.9604	4489.1313	4668.0537	4232.6724	4607.1113	4477.796	5063.2505	4628.5186	
sp|Q14019|COTL1_HUMAN	Q14019	COTL1_HUMAN	COTL1	142	Homo sapiens	1:Experimental evidence at protein level	Coactosin-like protein	1.0	0.999	3	22	22	22	2	1	1	0	0	1	1	1	1	3	2	2	1	1	3	2	2	1	1	0	0	1	1	1	1	3	2	2	1	1	3	2	2	1	1	0	0	1	1	1	1	3	2	2	1	1	3	2	5356.808	9253.215	9197.012	4844.4307	4086.5366	9649.579	6465.762	6481.7773	7321.9375	10222.43	2425.863	7869.813	3430.9937	6622.824	6110.508	6442.423	5115.5293	4127.0464	4204.8438	4626.23	3902.4727	4408.8027	5665.3247	4286.4795	4230.187	4626.573	5282.505	4560.051	3276.4563	3836.5742	3542.3608	3738.4475	
sp|Q14103|HNRPD_HUMAN	Q14103	HNRPD_HUMAN	HNRNPD	355	Homo sapiens	1:Experimental evidence at protein level	Heterogeneous nuclear ribonucleoprotein D0	1.0	0.999	7	215	189	215	12	15	15	7	13	9	13	12	10	12	17	15	16	16	18	15	11	14	14	6	11	8	12	11	9	10	15	14	14	14	13	13	12	15	15	7	13	9	13	12	10	12	17	15	16	16	18	15	55432.035	61779.742	61143.297	54794.332	53200.797	56081.242	60779.46	55856.26	50045.734	65446.207	59551.36	62879.67	47442.02	64703.062	60735.652	69217.33	21015.283	23773.955	23758.75	22567.307	23471.998	22707.852	23976.857	22968.713	22778.07	26629.527	23906.537	23741.803	21093.68	24010.402	23473.45	25843.213	
sp|Q14152|EIF3A_HUMAN	Q14152	EIF3A_HUMAN	EIF3A	1382	Homo sapiens	1:Experimental evidence at protein level	Eukaryotic translation initiation factor 3 subunit A	1.0	0.999	2	38	38	38	3	3	1	3	2	2	1	3	3	1	2	1	3	2	5	3	3	3	1	3	2	2	1	3	3	1	2	1	3	2	5	3	3	3	1	3	2	2	1	3	3	1	2	1	3	2	5	3	0.0	0.0	0.0	0.0	1818.2109	3778.3845	0.0	3753.8096	0.0	0.0	0.0	0.0	0.0	1211.2611	0.0	0.0	0.0	0.0	0.0	0.0	1818.2109	3778.3845	0.0	3753.8096	0.0	0.0	0.0	0.0	0.0	1211.2611	0.0	0.0	
sp|Q14155|ARHG7_HUMAN	Q14155	ARHG7_HUMAN	ARHGEF7	803	Homo sapiens	1:Experimental evidence at protein level	Rho guanine nucleotide exchange factor 7	0.9238	0.9972	1	1	1	1	0	0	0	0	0	0	0	0	0	1	0	0	0	0	0	0	0	0	0	0	0	0	0	0	0	1	0	0	0	0	0	0	0	0	0	0	0	0	0	0	0	1	0	0	0	0	0	0	0.0	0.0	0.0	0.0	0.0	0.0	0.0	0.0	0.0	0.0	0.0	0.0	0.0	0.0	0.0	0.0	0.0	0.0	0.0	0.0	0.0	0.0	0.0	0.0	0.0	0.0	0.0	0.0	0.0	0.0	0.0	0.0	
sp|Q14166|TTL12_HUMAN	Q14166	TTL12_HUMAN	TTLL12	644	Homo sapiens	1:Experimental evidence at protein level	Tubulin--tyrosine ligase-like protein 12	0.9713	0.999	1	1	1	1	0	0	0	0	0	0	0	0	0	0	1	0	0	0	0	0	0	0	0	0	0	0	0	0	0	0	1	0	0	0	0	0	0	0	0	0	0	0	0	0	0	0	1	0	0	0	0	0	0.0	0.0	0.0	0.0	0.0	0.0	0.0	0.0	0.0	0.0	0.0	0.0	0.0	0.0	0.0	0.0	0.0	0.0	0.0	0.0	0.0	0.0	0.0	0.0	0.0	0.0	0.0	0.0	0.0	0.0	0.0	0.0	
sp|Q14204|DYHC1_HUMAN	Q14204	DYHC1_HUMAN	DYNC1H1	4646	Homo sapiens	1:Experimental evidence at protein level	Cytoplasmic dynein 1 heavy chain 1	1.0	0.999	1	10	10	10	0	1	0	1	1	2	1	1	0	1	0	0	1	0	1	0	0	1	0	1	1	2	1	1	0	1	0	0	1	0	1	0	0	1	0	1	1	2	1	1	0	1	0	0	1	0	1	0	0.0	0.0	0.0	791.60535	0.0	2813.074	0.0	0.0	0.0	0.0	0.0	0.0	0.0	0.0	0.0	0.0	0.0	0.0	0.0	791.60535	0.0	2813.074	0.0	0.0	0.0	0.0	0.0	0.0	0.0	0.0	0.0	0.0	
sp|Q14247|SRC8_HUMAN	Q14247	SRC8_HUMAN	CTTN	550	Homo sapiens	1:Experimental evidence at protein level	Src substrate cortactin	1.0	0.9988	2	3	3	3	0	0	0	0	0	0	0	0	0	0	1	0	0	2	0	0	0	0	0	0	0	0	0	0	0	0	1	0	0	2	0	0	0	0	0	0	0	0	0	0	0	0	1	0	0	2	0	0	0.0	0.0	0.0	0.0	0.0	0.0	0.0	0.0	0.0	0.0	0.0	0.0	0.0	0.0	0.0	0.0	0.0	0.0	0.0	0.0	0.0	0.0	0.0	0.0	0.0	0.0	0.0	0.0	0.0	0.0	0.0	0.0	
sp|Q14315|FLNC_HUMAN	Q14315	FLNC_HUMAN	FLNC	2725	Homo sapiens	1:Experimental evidence at protein level	Filamin-C	1.0	0.999	10	45	45	45	3	3	2	4	3	2	1	3	2	3	3	4	1	4	2	5	3	3	2	4	3	2	1	3	2	3	3	4	1	4	2	5	3	3	2	4	3	2	1	3	2	3	3	4	1	4	2	5	3142.4827	0.0	0.0	0.0	0.0	0.0	0.0	0.0	1512.0985	4862.497	6393.4624	5403.3257	3008.063	5681.1396	4063.1423	5324.073	3274.0142	0.0	0.0	0.0	0.0	0.0	0.0	0.0	1853.234	2724.9656	3612.0896	3015.7734	1647.8412	3196.7112	2096.6313	3008.1003	
sp|Q14444|CAPR1_HUMAN	Q14444	CAPR1_HUMAN	CAPRIN1	709	Homo sapiens	1:Experimental evidence at protein level	Caprin-1	1.0	0.9989	4	24	24	24	0	2	2	2	2	1	2	3	1	1	1	3	0	2	1	1	0	2	2	2	2	1	2	3	1	1	1	3	0	2	1	1	0	2	2	2	2	1	2	3	1	1	1	3	0	2	1	1	7025.4897	7658.526	7338.0674	7375.5127	10918.999	8026.332	10946.688	10696.559	8970.359	10541.111	10226.689	9630.385	11851.543	8707.582	8297.134	6431.8457	4471.9614	4480.3706	4646.6387	4595.165	4845.46	4755.0815	4845.2734	4653.2314	3332.8416	4162.2915	3784.83	3065.4934	4309.4756	4243.84	3784.3374	4300.001	
sp|Q14498|RBM39_HUMAN	Q14498	RBM39_HUMAN	RBM39	530	Homo sapiens	1:Experimental evidence at protein level	RNA-binding protein 39	1.0	0.999	2	34	34	34	0	2	0	2	3	1	4	4	1	3	1	3	1	4	4	1	0	2	0	2	3	1	4	4	1	3	1	3	1	4	4	1	0	2	0	2	3	1	4	4	1	3	1	3	1	4	4	1	5683.8984	6613.7764	5064.365	8078.717	6981.6143	7831.014	8165.16	6884.4263	2397.6555	3058.0283	3089.716	3878.88	5549.9727	4909.082	6790.91	3854.3696	3773.7493	4130.884	3377.6326	5362.8276	4661.9575	4988.6587	5453.005	4573.0234	2397.6555	3058.0283	3089.716	3878.88	3670.2693	3146.441	4451.181	3854.3696	
sp|Q14566|MCM6_HUMAN	Q14566	MCM6_HUMAN	MCM6	821	Homo sapiens	1:Experimental evidence at protein level	DNA replication licensing factor MCM6	1.0	0.9985	2	2	2	2	1	0	0	0	0	0	0	1	0	0	0	0	0	0	0	0	1	0	0	0	0	0	0	1	0	0	0	0	0	0	0	0	1	0	0	0	0	0	0	1	0	0	0	0	0	0	0	0	0.0	0.0	2119.1843	0.0	0.0	0.0	0.0	3211.5908	0.0	0.0	0.0	1731.5438	0.0	0.0	2543.9993	2547.1062	0.0	0.0	2119.1843	0.0	0.0	0.0	0.0	3211.5908	0.0	0.0	0.0	1731.5438	0.0	0.0	2543.9993	2547.1062	
sp|Q14694|UBP10_HUMAN	Q14694	UBP10_HUMAN	USP10	798	Homo sapiens	1:Experimental evidence at protein level	Ubiquitin carboxyl-terminal hydrolase 10	1.0	0.999	2	7	7	7	0	1	1	1	0	0	0	0	0	1	0	1	0	0	2	0	0	1	1	1	0	0	0	0	0	1	0	1	0	0	2	0	0	1	1	1	0	0	0	0	0	1	0	1	0	0	2	0	0.0	0.0	0.0	0.0	0.0	0.0	0.0	0.0	0.0	0.0	0.0	0.0	0.0	0.0	0.0	0.0	0.0	0.0	0.0	0.0	0.0	0.0	0.0	0.0	0.0	0.0	0.0	0.0	0.0	0.0	0.0	0.0	
sp|Q14974|IMB1_HUMAN	Q14974	IMB1_HUMAN	KPNB1	876	Homo sapiens	1:Experimental evidence at protein level	Importin subunit beta-1	1.0	0.999	9	173	173	173	11	7	8	10	10	9	12	12	8	9	11	13	10	13	19	11	11	7	8	10	10	9	12	12	8	9	11	13	10	13	19	11	11	7	8	10	10	9	12	12	8	9	11	13	10	13	19	11	38600.223	46729.656	44261.81	46341.156	40709.836	30791.715	46451.812	39590.555	32056.754	43011.62	37072.367	44482.766	57313.918	42212.434	50645.508	45257.5	14065.377	14615.243	14665.8955	14268.519	14896.966	13605.201	14359.301	13750.164	14134.49	14040.632	14529.244	14929.613	14551.537	14308.344	12807.615	14985.718	
sp|Q14978|NOLC1_HUMAN	Q14978	NOLC1_HUMAN	NOLC1	699	Homo sapiens	1:Experimental evidence at protein level	Nucleolar and coiled-body phosphoprotein 1	1.0	0.999	7	84	84	84	6	6	6	4	4	4	6	6	3	3	8	6	4	5	4	9	6	6	6	4	4	4	6	6	3	3	8	6	4	5	4	9	6	6	6	4	4	4	6	6	3	3	8	6	4	5	4	9	17688.232	12603.459	11170.198	10027.482	19737.41	18748.824	18348.355	16837.162	18531.947	16898.158	24228.29	23328.707	19141.467	16457.02	20068.688	21772.621	5703.8486	6298.7734	6467.1772	6160.4326	6461.1675	6668.772	6139.6865	6922.4146	7978.089	6964.015	7455.795	7503.348	6713.749	5798.0317	7049.249	6946.4404	
sp|Q14980|NUMA1_HUMAN	Q14980	NUMA1_HUMAN	NUMA1	2115	Homo sapiens	1:Experimental evidence at protein level	Nuclear mitotic apparatus protein 1	1.0	0.999	3	13	13	13	2	1	1	1	1	0	0	0	0	0	1	2	1	1	1	1	2	1	1	1	1	0	0	0	0	0	1	2	1	1	1	1	2	1	1	1	1	0	0	0	0	0	1	2	1	1	1	1	0.0	0.0	0.0	0.0	0.0	0.0	0.0	0.0	0.0	0.0	0.0	0.0	0.0	0.0	0.0	0.0	0.0	0.0	0.0	0.0	0.0	0.0	0.0	0.0	0.0	0.0	0.0	0.0	0.0	0.0	0.0	0.0	
sp|Q15003|CND2_HUMAN	Q15003	CND2_HUMAN	NCAPH	741	Homo sapiens	1:Experimental evidence at protein level	Condensin complex subunit 2	0.9997	0.9983	2	3	3	3	0	0	0	0	0	0	0	0	0	1	0	2	0	0	0	0	0	0	0	0	0	0	0	0	0	1	0	2	0	0	0	0	0	0	0	0	0	0	0	0	0	1	0	2	0	0	0	0	0.0	0.0	0.0	0.0	0.0	0.0	0.0	0.0	0.0	0.0	0.0	0.0	0.0	0.0	0.0	0.0	0.0	0.0	0.0	0.0	0.0	0.0	0.0	0.0	0.0	0.0	0.0	0.0	0.0	0.0	0.0	0.0	
sp|Q15019|SEPT2_HUMAN	Q15019	SEPT2_HUMAN	SEPTIN2	361	Homo sapiens	1:Experimental evidence at protein level	Septin-2	0.9708	0.999	1	5	5	5	0	2	0	0	1	0	0	0	0	0	0	2	0	0	0	0	0	2	0	0	1	0	0	0	0	0	0	2	0	0	0	0	0	2	0	0	1	0	0	0	0	0	0	2	0	0	0	0	0.0	0.0	0.0	0.0	0.0	0.0	0.0	0.0	0.0	0.0	0.0	0.0	0.0	0.0	0.0	0.0	0.0	0.0	0.0	0.0	0.0	0.0	0.0	0.0	0.0	0.0	0.0	0.0	0.0	0.0	0.0	0.0	
sp|Q15021|CND1_HUMAN	Q15021	CND1_HUMAN	NCAPD2	1401	Homo sapiens	1:Experimental evidence at protein level	Condensin complex subunit 1	1.0	0.9989	2	4	4	4	0	0	1	1	0	0	0	0	0	0	0	2	0	0	0	0	0	0	1	1	0	0	0	0	0	0	0	2	0	0	0	0	0	0	1	1	0	0	0	0	0	0	0	2	0	0	0	0	0.0	0.0	0.0	0.0	0.0	0.0	0.0	0.0	0.0	0.0	0.0	0.0	0.0	0.0	0.0	0.0	0.0	0.0	0.0	0.0	0.0	0.0	0.0	0.0	0.0	0.0	0.0	0.0	0.0	0.0	0.0	0.0	
sp|Q15029|U5S1_HUMAN	Q15029	U5S1_HUMAN	EFTUD2	972	Homo sapiens	1:Experimental evidence at protein level	116 kDa U5 small nuclear ribonucleoprotein component	1.0	0.9984	2	6	6	6	0	0	0	1	0	0	0	0	0	0	2	0	2	0	0	1	0	0	0	1	0	0	0	0	0	0	2	0	2	0	0	1	0	0	0	1	0	0	0	0	0	0	2	0	2	0	0	1	0.0	0.0	0.0	0.0	0.0	0.0	0.0	0.0	0.0	0.0	0.0	0.0	0.0	0.0	0.0	0.0	0.0	0.0	0.0	0.0	0.0	0.0	0.0	0.0	0.0	0.0	0.0	0.0	0.0	0.0	0.0	0.0	
sp|Q15046|SYK_HUMAN	Q15046	SYK_HUMAN	KARS1	597	Homo sapiens	1:Experimental evidence at protein level	Lysine--tRNA ligase	1.0	0.9989	2	3	3	3	0	0	0	0	0	0	0	0	0	0	0	1	0	2	0	0	0	0	0	0	0	0	0	0	0	0	0	1	0	2	0	0	0	0	0	0	0	0	0	0	0	0	0	1	0	2	0	0	0.0	2497.2559	0.0	0.0	0.0	0.0	0.0	0.0	0.0	2983.671	2644.3516	2639.749	1962.7379	2516.824	0.0	2148.1638	0.0	2497.2559	0.0	0.0	0.0	0.0	0.0	0.0	0.0	2983.671	2644.3516	2639.749	1962.7379	2516.824	0.0	2148.1638	
sp|Q15050|RRS1_HUMAN	Q15050	RRS1_HUMAN	RRS1	365	Homo sapiens	1:Experimental evidence at protein level	Ribosome biogenesis regulatory protein homolog	1.0	0.999	2	14	14	14	1	1	1	1	1	0	0	0	0	1	1	1	2	2	1	1	1	1	1	1	1	0	0	0	0	1	1	1	2	2	1	1	1	1	1	1	1	0	0	0	0	1	1	1	2	2	1	1	0.0	0.0	0.0	0.0	0.0	0.0	0.0	0.0	0.0	0.0	0.0	0.0	0.0	0.0	0.0	0.0	0.0	0.0	0.0	0.0	0.0	0.0	0.0	0.0	0.0	0.0	0.0	0.0	0.0	0.0	0.0	0.0	
sp|Q15056|IF4H_HUMAN	Q15056	IF4H_HUMAN	EIF4H	248	Homo sapiens	1:Experimental evidence at protein level	Eukaryotic translation initiation factor 4H	1.0	0.999	5	72	72	72	3	4	2	2	6	2	5	4	3	6	7	7	3	5	7	6	3	4	2	2	6	2	5	4	3	6	7	7	3	5	7	6	3	4	2	2	6	2	5	4	3	6	7	7	3	5	7	6	18011.646	9268.855	13279.662	13123.055	12774.994	10963.838	18476.957	17292.516	25505.113	24071.684	26275.19	23720.746	34065.14	28190.453	23746.96	31589.941	8014.506	6194.719	7600.5264	7344.6455	7571.91	8770.953	7834.511	7362.2847	8664.057	7226.69	6963.3667	6946.911	8696.429	8332.469	8396.303	7900.1445	
sp|Q15084|PDIA6_HUMAN	Q15084	PDIA6_HUMAN	PDIA6	440	Homo sapiens	1:Experimental evidence at protein level	Protein disulfide-isomerase A6	1.0	0.999	4	67	67	67	5	5	4	2	6	4	4	5	4	4	2	7	4	4	5	2	5	5	4	2	6	4	4	5	4	4	2	7	4	4	5	2	5	5	4	2	6	4	4	5	4	4	2	7	4	4	5	2	2825.1035	2806.8474	3328.0044	3340.6692	2192.9487	3506.7783	4083.504	0.0	0.0	4904.916	5048.246	5274.4497	0.0	3375.8328	2543.6458	7769.818	4604.365	4574.6113	5423.995	5444.6367	3574.077	5715.362	6655.3115	0.0	0.0	1846.7891	1347.9886	1985.9252	0.0	1271.0618	4145.6445	2693.7253	
sp|Q15181|IPYR_HUMAN	Q15181	IPYR_HUMAN	PPA1	289	Homo sapiens	1:Experimental evidence at protein level	Inorganic pyrophosphatase	1.0	0.999	8	119	119	119	7	9	8	5	6	8	5	8	7	6	9	10	8	7	10	6	7	9	8	5	6	8	5	8	7	6	9	10	8	7	10	6	7	9	8	5	6	8	5	8	7	6	9	10	8	7	10	6	14897.673	23409.984	18697.266	19735.262	13692.093	24420.0	17191.215	22133.39	10560.086	27183.732	19949.236	29547.86	22519.512	23468.66	14527.611	18269.117	4805.79	5794.917	4801.914	5127.77	3725.801	5194.77	4394.0615	4947.4834	4537.242	4876.2505	4554.339	4696.7446	4922.836	4710.952	3932.2441	4156.1953	
sp|Q15185|TEBP_HUMAN	Q15185	TEBP_HUMAN	PTGES3	160	Homo sapiens	1:Experimental evidence at protein level	Prostaglandin E synthase 3	1.0	0.999	5	69	69	69	4	5	3	4	4	4	4	2	3	3	8	6	3	4	7	5	4	5	3	4	4	4	4	2	3	3	8	6	3	4	7	5	4	5	3	4	4	4	4	2	3	3	8	6	3	4	7	5	15175.341	16462.008	16058.752	14290.179	19367.6	19398.602	20634.045	15885.518	19425.402	17850.047	19642.71	25376.754	19585.768	25165.117	21943.346	18078.85	8174.817	8863.336	8652.997	7682.0137	7120.7324	7358.836	7727.7715	6763.8516	7382.9688	8511.826	9226.276	8988.901	8458.534	8432.811	8400.919	6316.6353	
sp|Q15233|NONO_HUMAN	Q15233	NONO_HUMAN	NONO	471	Homo sapiens	1:Experimental evidence at protein level	Non-POU domain-containing octamer-binding protein	1.0	0.999	7	33	33	34	3	2	2	1	3	2	1	1	2	1	3	2	0	6	1	3	3	2	2	1	3	2	1	1	2	1	3	2	0	6	1	3	3	2	2	1	3	2	2	1	2	1	3	2	0	6	1	3	10082.129	14089.465	12540.225	17563.807	13193.859	17649.506	20787.7	18794.82	21562.41	19170.38	20444.445	21062.441	17203.197	21719.059	12818.729	21585.848	5226.17	5457.698	5650.3633	5494.504	5936.798	5525.564	6558.73	5697.1934	6671.8403	6198.445	6490.829	6850.3667	5293.6377	6979.3374	5793.6514	6722.5444	
sp|Q15257|PTPA_HUMAN	Q15257	PTPA_HUMAN	PTPA	358	Homo sapiens	1:Experimental evidence at protein level	Serine/threonine-protein phosphatase 2A activator	0.9712	0.999	1	6	6	6	1	0	0	0	0	0	0	1	0	2	0	0	1	0	1	0	1	0	0	0	0	0	0	1	0	2	0	0	1	0	1	0	1	0	0	0	0	0	0	1	0	2	0	0	1	0	1	0	0.0	0.0	0.0	0.0	0.0	0.0	0.0	0.0	0.0	0.0	0.0	0.0	0.0	0.0	0.0	0.0	0.0	0.0	0.0	0.0	0.0	0.0	0.0	0.0	0.0	0.0	0.0	0.0	0.0	0.0	0.0	0.0	
sp|Q15365|PCBP1_HUMAN	Q15365	PCBP1_HUMAN	PCBP1	356	Homo sapiens	1:Experimental evidence at protein level	Poly(rC)-binding protein 1	1.0	0.999	12	148	99	148	8	4	9	3	11	5	13	5	4	10	16	10	7	15	16	12	6	3	6	3	8	4	10	2	1	8	11	6	6	9	10	6	8	4	9	3	11	5	13	5	4	10	16	10	7	15	16	12	34358.055	29958.828	36667.203	31358.648	37587.14	36994.023	38189.35	37114.137	34016.613	40331.004	38073.086	38554.17	43247.992	41422.51	34761.207	43375.926	11385.433	10359.147	11907.761	11943.594	11937.095	12258.19	12302.5	13174.371	11556.997	11482.741	11165.732	12675.879	12047.841	11954.69	11076.368	13451.812	
sp|Q15366|PCBP2_HUMAN	Q15366	PCBP2_HUMAN	PCBP2	365	Homo sapiens	1:Experimental evidence at protein level	Poly(rC)-binding protein 2	1.0	0.999	11	82	82	131	6	7	5	4	3	3	7	4	6	5	5	5	4	5	8	5	6	7	5	4	3	3	7	4	6	5	5	5	4	5	8	5	8	8	8	4	6	4	10	7	9	7	10	9	5	11	14	11	6764.513	8671.424	8575.664	7518.37	10567.208	10917.763	7740.47	11855.807	12602.289	13205.336	9736.699	12887.292	9550.449	10225.557	11807.003	13624.451	6764.513	8671.424	8575.664	7518.37	7933.256	8041.9614	7740.47	7826.7275	7198.3604	8006.439	7366.439	7807.5713	9550.449	7702.9736	7091.8633	8150.2285	
sp|Q15370|ELOB_HUMAN	Q15370	ELOB_HUMAN	ELOB	118	Homo sapiens	1:Experimental evidence at protein level	Elongin-B	1.0	0.999	2	11	11	11	0	1	0	0	1	0	0	0	1	1	2	1	0	0	2	2	0	1	0	0	1	0	0	0	1	1	2	1	0	0	2	2	0	1	0	0	1	0	0	0	1	1	2	1	0	0	2	2	6082.1504	2198.156	2719.2258	3053.0532	5637.9307	6475.8687	2965.6094	0.0	5787.2227	3765.6655	4551.8438	3300.8901	5515.3525	4723.246	1857.1526	4737.544	3208.064	2437.1594	3014.8848	3072.2039	2921.4163	3416.6045	3288.0574	0.0	3042.3643	1988.7513	2361.487	3321.5952	2911.8752	2485.681	1868.8018	2497.3948	
sp|Q15388|TOM20_HUMAN	Q15388	TOM20_HUMAN	TOMM20	145	Homo sapiens	1:Experimental evidence at protein level	Mitochondrial import receptor subunit TOM20 homolog	0.9713	0.999	1	9	9	9	0	0	1	1	0	0	0	0	0	1	2	1	1	1	1	0	0	0	1	1	0	0	0	0	0	1	2	1	1	1	1	0	0	0	1	1	0	0	0	0	0	1	2	1	1	1	1	0	0.0	0.0	0.0	0.0	0.0	0.0	0.0	0.0	0.0	0.0	0.0	0.0	0.0	0.0	0.0	0.0	0.0	0.0	0.0	0.0	0.0	0.0	0.0	0.0	0.0	0.0	0.0	0.0	0.0	0.0	0.0	0.0	
sp|Q15393|SF3B3_HUMAN	Q15393	SF3B3_HUMAN	SF3B3	1217	Homo sapiens	1:Experimental evidence at protein level	Splicing factor 3B subunit 3	1.0	0.999	2	9	9	9	0	0	1	0	0	1	1	1	0	2	0	0	1	0	2	0	0	0	1	0	0	1	1	1	0	2	0	0	1	0	2	0	0	0	1	0	0	1	1	1	0	2	0	0	1	0	2	0	0.0	2932.8381	0.0	0.0	0.0	1342.0919	3880.3855	0.0	0.0	0.0	951.53253	0.0	2138.8596	0.0	2603.7349	0.0	0.0	2932.8381	0.0	0.0	0.0	1342.0919	3880.3855	0.0	0.0	0.0	951.53253	0.0	2138.8596	0.0	2603.7349	0.0	
sp|Q15424|SAFB1_HUMAN	Q15424	SAFB1_HUMAN	SAFB	915	Homo sapiens	1:Experimental evidence at protein level	Scaffold attachment factor B1	1.0	0.9981	3	5	1	5	0	0	0	0	0	0	0	0	0	0	1	0	1	0	1	2	0	0	0	0	0	0	0	0	0	0	1	0	0	0	0	0	0	0	0	0	0	0	0	0	0	0	1	0	1	0	1	2	0.0	0.0	0.0	0.0	0.0	2199.5051	0.0	2625.7664	3266.071	0.0	1462.4844	2565.2275	2613.2112	4574.674	2359.6775	2527.2598	0.0	0.0	0.0	0.0	0.0	2188.7163	0.0	2612.8865	3250.0503	0.0	1935.6573	2552.6448	2600.3928	2598.5662	2348.1028	2514.863	
sp|Q15427|SF3B4_HUMAN	Q15427	SF3B4_HUMAN	SF3B4	424	Homo sapiens	1:Experimental evidence at protein level	Splicing factor 3B subunit 4	1.0	0.999	2	46	46	46	3	5	4	4	3	5	4	5	2	2	2	1	3	1	2	0	3	5	4	4	3	5	4	5	2	2	2	1	3	1	2	0	3	5	4	4	3	5	4	5	2	2	2	1	3	1	2	0	4115.841	4179.369	3876.3047	5511.5654	3174.6697	5458.718	5378.2207	6530.587	0.0	0.0	1656.6296	1210.6321	1675.3258	0.0	1409.0922	1423.5479	3971.45	2450.1257	1774.757	3040.6	3063.2966	2822.2124	2813.4783	3711.1677	0.0	0.0	2153.2332	1573.5402	2177.534	0.0	1831.4922	1850.2811	
sp|Q15435|PP1R7_HUMAN	Q15435	PP1R7_HUMAN	PPP1R7	360	Homo sapiens	1:Experimental evidence at protein level	Protein phosphatase 1 regulatory subunit 7	0.9692	0.9989	1	3	3	3	0	0	0	0	0	0	0	1	0	0	1	0	0	0	0	1	0	0	0	0	0	0	0	1	0	0	1	0	0	0	0	1	0	0	0	0	0	0	0	1	0	0	1	0	0	0	0	1	0.0	0.0	0.0	0.0	0.0	0.0	0.0	0.0	0.0	0.0	0.0	0.0	0.0	0.0	0.0	0.0	0.0	0.0	0.0	0.0	0.0	0.0	0.0	0.0	0.0	0.0	0.0	0.0	0.0	0.0	0.0	0.0	
sp|Q15459|SF3A1_HUMAN	Q15459	SF3A1_HUMAN	SF3A1	793	Homo sapiens	1:Experimental evidence at protein level	Splicing factor 3A subunit 1	1.0	0.999	6	68	68	68	2	8	1	6	6	6	5	5	2	4	2	1	4	5	5	6	2	8	1	6	6	6	5	5	2	4	2	1	4	5	5	6	2	8	1	6	6	6	5	5	2	4	2	1	4	5	5	6	3166.3257	4955.334	9891.558	14283.121	3568.4504	8487.969	11988.243	11903.827	2383.7693	8961.437	4539.2607	5772.0176	12339.274	9301.484	4149.2144	11163.34	3247.1736	5081.862	3554.8816	5294.747	3659.5662	4189.9956	4527.863	4403.647	3346.8486	3691.6309	2559.3372	3173.939	3897.512	4058.2488	5658.849	4451.248	
sp|Q15637|SF01_HUMAN	Q15637	SF01_HUMAN	SF1	639	Homo sapiens	1:Experimental evidence at protein level	Splicing factor 1	1.0	0.999	4	38	38	38	2	2	4	5	2	3	3	3	1	2	1	2	2	2	2	2	2	2	4	5	2	3	3	3	1	2	1	2	2	2	2	2	2	2	4	5	2	3	3	3	1	2	1	2	2	2	2	2	4719.194	0.0	4762.416	0.0	3995.133	6349.381	6137.635	4426.546	0.0	5010.611	4787.289	3334.301	9693.798	3765.2466	3287.975	3576.546	3451.3347	0.0	3136.2844	0.0	3995.133	4415.3457	4211.3384	4426.546	0.0	5010.611	4787.289	3334.301	6267.2944	3765.2466	3287.975	3576.546	
sp|Q15691|MARE1_HUMAN	Q15691	MARE1_HUMAN	MAPRE1	268	Homo sapiens	1:Experimental evidence at protein level	Microtubule-associated protein RP/EB family member 1	1.0	0.999	5	16	12	16	0	1	0	0	0	1	0	0	1	0	3	2	0	4	3	1	0	1	0	0	0	1	0	0	1	0	2	2	0	2	2	1	0	1	0	0	0	1	0	0	1	0	3	2	0	4	3	1	7726.5557	8385.048	4022.0037	3358.7715	8115.8633	5183.1094	8825.926	9470.955	5289.84	8892.531	9155.429	9423.965	8755.73	9799.178	10241.307	8073.3447	4052.1548	3233.0554	4044.7983	3377.8074	3187.9534	3247.1277	3474.1904	3617.7324	3312.977	3361.7944	3437.1157	3607.4695	3328.7546	3668.3171	2919.6099	3081.139	
sp|Q15717|ELAV1_HUMAN	Q15717	ELAV1_HUMAN	ELAVL1	326	Homo sapiens	1:Experimental evidence at protein level	ELAV-like protein 1	1.0	0.9987	4	6	6	6	0	1	0	0	0	0	0	1	1	0	0	0	0	0	1	2	0	1	0	0	0	0	0	1	1	0	0	0	0	0	1	2	0	1	0	0	0	0	0	1	1	0	0	0	0	0	1	2	0.0	0.0	0.0	0.0	2648.3142	2731.2612	3259.8625	0.0	3189.5964	2850.3867	2919.6365	2665.9868	2926.7754	3530.0303	2567.6357	3009.7273	0.0	0.0	0.0	0.0	2648.3142	2731.2612	3259.8625	0.0	3189.5964	2850.3867	2919.6365	2665.9868	2926.7754	3530.0303	2567.6357	3009.7273	
sp|Q15758|AAAT_HUMAN	Q15758	AAAT_HUMAN	SLC1A5	541	Homo sapiens	1:Experimental evidence at protein level	Neutral amino acid transporter B(0)	0.9999	0.9981	2	13	13	13	1	0	1	2	2	2	1	0	1	1	1	0	0	0	1	0	1	0	1	2	2	2	1	0	1	1	1	0	0	0	1	0	1	0	1	2	2	2	1	0	1	1	1	0	0	0	1	0	0.0	0.0	740.07043	0.0	2583.8772	0.0	0.0	0.0	0.0	0.0	0.0	0.0	0.0	0.0	0.0	0.0	0.0	0.0	740.07043	0.0	2583.8772	0.0	0.0	0.0	0.0	0.0	0.0	0.0	0.0	0.0	0.0	0.0	
sp|Q15907|RB11B_HUMAN	Q15907	RB11B_HUMAN	RAB11B	218	Homo sapiens	1:Experimental evidence at protein level	Ras-related protein Rab-11B	1.0	0.999	3	11	7	11	1	0	0	1	1	1	0	1	0	0	0	2	1	2	0	1	1	0	0	1	1	1	0	1	0	0	0	1	1	0	0	0	1	0	0	1	1	1	0	1	0	0	0	2	1	2	0	1	0.0	0.0	0.0	0.0	0.0	0.0	0.0	0.0	3368.714	2350.2988	2709.8928	2477.1619	1749.704	1374.7891	2027.2007	0.0	0.0	0.0	0.0	0.0	0.0	0.0	0.0	0.0	3094.1157	2158.7158	2488.9978	1444.2728	2793.1138	2194.624	1861.9548	0.0	
sp|Q16181|SEPT7_HUMAN	Q16181	SEPT7_HUMAN	SEPTIN7	437	Homo sapiens	1:Experimental evidence at protein level	Septin-7	0.953	0.9983	1	2	2	2	0	0	0	0	0	0	0	1	0	0	0	0	0	0	0	1	0	0	0	0	0	0	0	1	0	0	0	0	0	0	0	1	0	0	0	0	0	0	0	1	0	0	0	0	0	0	0	1	0.0	0.0	0.0	0.0	0.0	0.0	0.0	0.0	0.0	0.0	0.0	0.0	0.0	0.0	0.0	0.0	0.0	0.0	0.0	0.0	0.0	0.0	0.0	0.0	0.0	0.0	0.0	0.0	0.0	0.0	0.0	0.0	
sp|Q16222|UAP1_HUMAN	Q16222	UAP1_HUMAN	UAP1	522	Homo sapiens	1:Experimental evidence at protein level	UDP-N-acetylhexosamine pyrophosphorylase	1.0	0.999	2	28	28	28	2	1	1	1	4	2	3	3	1	1	2	1	1	1	3	1	2	1	1	1	4	2	3	3	1	1	2	1	1	1	3	1	2	1	1	1	4	2	3	3	1	1	2	1	1	1	3	1	3342.602	3905.6614	3100.966	4723.0234	3298.224	0.0	4469.991	3928.394	2851.542	0.0	3837.5232	3080.672	3149.4192	2531.2283	2142.6235	2025.6967	3342.602	3905.6614	3100.966	4723.0234	3298.224	0.0	4469.991	3928.394	2851.542	0.0	3837.5232	3080.672	3149.4192	2531.2283	2142.6235	2025.6967	
sp|Q16401|PSMD5_HUMAN	Q16401	PSMD5_HUMAN	PSMD5	504	Homo sapiens	1:Experimental evidence at protein level	26S proteasome non-ATPase regulatory subunit 5	1.0	0.999	2	26	26	26	1	2	2	2	1	1	1	1	1	2	2	1	3	2	2	2	1	2	2	2	1	1	1	1	1	2	2	1	3	2	2	2	1	2	2	2	1	1	1	1	1	2	2	1	3	2	2	2	0.0	0.0	0.0	0.0	0.0	0.0	0.0	0.0	0.0	0.0	0.0	0.0	0.0	0.0	0.0	977.72107	0.0	0.0	0.0	0.0	0.0	0.0	0.0	0.0	0.0	0.0	0.0	0.0	0.0	0.0	0.0	0.0	
sp|Q16531|DDB1_HUMAN	Q16531	DDB1_HUMAN	DDB1	1140	Homo sapiens	1:Experimental evidence at protein level	DNA damage-binding protein 1	1.0	0.999	2	3	3	3	1	0	0	0	0	0	0	0	0	1	1	0	0	0	0	0	1	0	0	0	0	0	0	0	0	1	1	0	0	0	0	0	1	0	0	0	0	0	0	0	0	1	1	0	0	0	0	0	0.0	0.0	0.0	0.0	0.0	0.0	0.0	0.0	0.0	0.0	0.0	0.0	0.0	0.0	0.0	0.0	0.0	0.0	0.0	0.0	0.0	0.0	0.0	0.0	0.0	0.0	0.0	0.0	0.0	0.0	0.0	0.0	
sp|Q16543|CDC37_HUMAN	Q16543	CDC37_HUMAN	CDC37	378	Homo sapiens	1:Experimental evidence at protein level	Hsp90 co-chaperone Cdc37	1.0	0.999	2	14	14	14	0	2	2	0	0	0	1	2	0	1	1	1	1	2	1	0	0	2	2	0	0	0	1	2	0	1	1	1	1	2	1	0	0	2	2	0	0	0	1	2	0	1	1	1	1	2	1	0	0.0	5438.475	5570.9946	4840.8594	5737.657	4179.042	5877.7095	5379.7246	2333.8875	6331.297	0.0	5658.0312	2947.4434	4738.1416	4633.428	5360.664	0.0	5438.475	5570.9946	4840.8594	5737.657	4179.042	5877.7095	5379.7246	2333.8875	6331.297	0.0	5658.0312	2947.4434	4738.1416	4633.428	5360.664	
sp|Q16576|RBBP7_HUMAN	Q16576	RBBP7_HUMAN	RBBP7	425	Homo sapiens	1:Experimental evidence at protein level	Histone-binding protein RBBP7	0.9999	0.999	6	2	2	24	0	0	0	0	0	0	0	0	0	0	1	1	0	0	0	0	0	0	0	0	0	0	0	0	0	0	1	1	0	0	0	0	0	2	0	0	1	0	1	0	3	2	2	5	2	2	2	2	0.0	0.0	0.0	0.0	0.0	0.0	0.0	0.0	0.0	0.0	0.0	0.0	0.0	0.0	0.0	0.0	0.0	0.0	0.0	0.0	0.0	0.0	0.0	0.0	0.0	0.0	0.0	0.0	0.0	0.0	0.0	0.0	
sp|Q16630|CPSF6_HUMAN	Q16630	CPSF6_HUMAN	CPSF6	551	Homo sapiens	1:Experimental evidence at protein level	Cleavage and polyadenylation specificity factor subunit 6	0.9713	0.999	1	13	13	13	0	2	1	1	0	0	1	0	1	1	1	2	1	0	1	1	0	2	1	1	0	0	1	0	1	1	1	2	1	0	1	1	0	2	1	1	0	0	1	0	1	1	1	2	1	0	1	1	0.0	0.0	0.0	0.0	0.0	0.0	0.0	0.0	0.0	0.0	0.0	0.0	0.0	0.0	0.0	0.0	0.0	0.0	0.0	0.0	0.0	0.0	0.0	0.0	0.0	0.0	0.0	0.0	0.0	0.0	0.0	0.0	
sp|Q16658|FSCN1_HUMAN	Q16658	FSCN1_HUMAN	FSCN1	493	Homo sapiens	1:Experimental evidence at protein level	Fascin	1.0	0.999	11	164	164	164	6	12	9	8	12	8	14	11	4	10	14	12	8	13	12	11	6	12	9	8	12	8	14	11	4	10	14	12	8	13	12	11	6	12	9	8	12	8	14	11	4	10	14	12	8	13	12	11	13546.001	19964.195	20410.607	15275.205	21616.07	20115.773	22999.057	24727.723	10995.05	15514.119	19499.246	18131.896	19967.623	19788.836	19378.137	14589.283	6646.478	6462.9717	7016.896	7469.4844	6338.386	7031.608	6471.8	7057.605	5632.8584	6553.2803	6528.667	5021.8306	5605.7524	5875.3623	5664.7197	5430.8096	
sp|Q16777|H2A2C_HUMAN	Q16777	H2A2C_HUMAN	H2AC20	129	Homo sapiens	1:Experimental evidence at protein level	Histone H2A type 2-C	1.0	0.999	9	66	0	579	5	2	4	5	4	4	3	4	1	3	8	6	5	5	3	4	0	0	0	0	0	0	0	0	0	0	0	0	0	0	0	0	41	34	35	33	30	33	38	37	36	36	40	40	35	39	34	38	32371.213	26360.547	27082.545	27976.867	30311.11	35109.7	30618.064	35767.656	22158.383	25641.592	27575.533	24508.4	24655.967	22605.957	23058.791	23011.812	32371.213	26360.547	27082.545	27976.867	30311.11	35109.7	30618.064	35767.656	22158.383	25641.592	27575.533	24508.4	24655.967	22605.957	23058.791	23011.812	sp|Q6FI13|H2A2A_HUMAN
sp|Q16836|HCDH_HUMAN	Q16836	HCDH_HUMAN	HADH	314	Homo sapiens	1:Experimental evidence at protein level	Hydroxyacyl-coenzyme A dehydrogenase, mitochondrial	0.8986	0.9962	1	6	6	6	0	0	1	0	0	1	0	0	0	1	1	0	1	0	0	1	0	0	1	0	0	1	0	0	0	1	1	0	1	0	0	1	0	0	1	0	0	1	0	0	0	1	1	0	1	0	0	1	0.0	0.0	0.0	0.0	0.0	0.0	0.0	0.0	0.0	0.0	0.0	0.0	0.0	0.0	0.0	0.0	0.0	0.0	0.0	0.0	0.0	0.0	0.0	0.0	0.0	0.0	0.0	0.0	0.0	0.0	0.0	0.0	
sp|Q16851|UGPA_HUMAN	Q16851	UGPA_HUMAN	UGP2	508	Homo sapiens	1:Experimental evidence at protein level	UTP--glucose-1-phosphate uridylyltransferase	0.9713	0.999	1	5	5	5	0	0	1	1	0	0	0	1	0	1	0	0	0	0	0	1	0	0	1	1	0	0	0	1	0	1	0	0	0	0	0	1	0	0	1	1	0	0	0	1	0	1	0	0	0	0	0	1	0.0	0.0	0.0	0.0	0.0	0.0	0.0	0.0	0.0	0.0	0.0	0.0	0.0	0.0	0.0	0.0	0.0	0.0	0.0	0.0	0.0	0.0	0.0	0.0	0.0	0.0	0.0	0.0	0.0	0.0	0.0	0.0	
sp|Q16881|TRXR1_HUMAN	Q16881	TRXR1_HUMAN	TXNRD1	649	Homo sapiens	1:Experimental evidence at protein level	Thioredoxin reductase 1, cytoplasmic	1.0	0.999	5	47	47	47	4	3	4	3	3	3	3	2	1	4	3	2	3	2	4	3	4	3	4	3	3	3	3	2	1	4	3	2	3	2	4	3	4	3	4	3	3	3	3	2	1	4	3	2	3	2	4	3	3283.99	0.0	4711.281	5511.8687	4474.2573	5035.7896	2557.7937	3167.691	1765.892	4075.1665	3382.239	0.0	0.0	3061.5442	4348.5107	3455.8718	3283.99	0.0	4711.281	5511.8687	4474.2573	5035.7896	2557.7937	3167.691	1765.892	4075.1665	3382.239	0.0	0.0	3061.5442	4348.5107	3455.8718	
sp|Q16891|MIC60_HUMAN	Q16891	MIC60_HUMAN	IMMT	758	Homo sapiens	1:Experimental evidence at protein level	MICOS complex subunit MIC60	1.0	0.999	5	35	35	35	2	1	3	1	2	1	2	2	1	2	4	4	0	2	4	4	2	1	3	1	2	1	2	2	1	2	4	4	0	2	4	4	2	1	3	1	2	1	2	2	1	2	4	4	0	2	4	4	2115.8003	0.0	3614.7024	3584.7678	8454.981	0.0	3179.798	5346.3076	0.0	0.0	0.0	1733.7219	686.74396	0.0	0.0	2772.3276	2477.0144	0.0	4231.8125	1764.3053	4894.411	0.0	3722.6602	3043.034	0.0	0.0	0.0	1733.7219	686.74396	0.0	0.0	1266.8936	
sp|Q1KMD3|HNRL2_HUMAN	Q1KMD3	HNRL2_HUMAN	HNRNPUL2	747	Homo sapiens	1:Experimental evidence at protein level	Heterogeneous nuclear ribonucleoprotein U-like protein 2	1.0	0.9989	4	17	17	17	1	1	2	0	1	0	1	1	1	2	1	2	1	1	1	1	1	1	2	0	1	0	1	1	1	2	1	2	1	1	1	1	1	1	2	0	1	0	1	1	1	2	1	2	1	1	1	1	0.0	0.0	0.0	0.0	0.0	0.0	0.0	0.0	0.0	0.0	0.0	0.0	0.0	0.0	0.0	0.0	0.0	0.0	0.0	0.0	0.0	0.0	0.0	0.0	0.0	0.0	0.0	0.0	0.0	0.0	0.0	0.0	
sp|Q3E754|RS21B_YEAST	Q3E754	RS21B_YEAST	RPS21B	87	Saccharomyces cerevisiae (strain ATCC 204508 / S288c)	1:Experimental evidence at protein level	Small ribosomal subunit protein eS21B	1.0	0.999	5	30	16	30	2	3	2	1	6	2	4	7	0	0	1	1	0	0	0	1	0	2	0	1	4	2	2	4	0	0	1	0	0	0	0	0	2	3	2	1	6	2	4	7	0	0	1	1	0	0	0	1	4596.863	5653.762	7278.288	0.0	8759.876	5384.7124	6255.097	6646.3	0.0	0.0	0.0	0.0	0.0	0.0	1802.2343	1292.7162	4596.863	5653.762	4923.9263	0.0	3737.6294	3662.6619	4254.7817	4244.8223	0.0	0.0	0.0	0.0	0.0	0.0	1802.2343	1292.7162	
sp|Q3MHD2|LSM12_HUMAN	Q3MHD2	LSM12_HUMAN	LSM12	195	Homo sapiens	1:Experimental evidence at protein level	Protein LSM12	0.9702	0.999	1	8	8	8	0	0	0	0	1	0	0	1	0	2	1	1	0	1	0	1	0	0	0	0	1	0	0	1	0	2	1	1	0	1	0	1	0	0	0	0	1	0	0	1	0	2	1	1	0	1	0	1	0.0	0.0	0.0	0.0	0.0	0.0	0.0	0.0	0.0	0.0	0.0	0.0	0.0	0.0	0.0	0.0	0.0	0.0	0.0	0.0	0.0	0.0	0.0	0.0	0.0	0.0	0.0	0.0	0.0	0.0	0.0	0.0	
sp|Q3ZCQ8|TIM50_HUMAN	Q3ZCQ8	TIM50_HUMAN	TIMM50	353	Homo sapiens	1:Experimental evidence at protein level	Mitochondrial import inner membrane translocase subunit TIM50	0.901	0.9963	1	1	1	1	0	0	0	0	1	0	0	0	0	0	0	0	0	0	0	0	0	0	0	0	1	0	0	0	0	0	0	0	0	0	0	0	0	0	0	0	1	0	0	0	0	0	0	0	0	0	0	0	0.0	0.0	0.0	0.0	0.0	0.0	0.0	0.0	0.0	0.0	0.0	0.0	0.0	0.0	0.0	0.0	0.0	0.0	0.0	0.0	0.0	0.0	0.0	0.0	0.0	0.0	0.0	0.0	0.0	0.0	0.0	0.0	
sp|Q46856|YQHD_ECOLI	Q46856	YQHD_ECOLI	yqhD	387	Escherichia coli (strain K12)	1:Experimental evidence at protein level	NADPH-dependent aldehyde reductase YqhD	1.0	0.999	2	10	10	10	0	0	0	0	0	0	0	0	0	2	2	2	1	0	2	1	0	0	0	0	0	0	0	0	0	2	2	2	1	0	2	1	0	0	0	0	0	0	0	0	0	2	2	2	1	0	2	1	0.0	0.0	0.0	0.0	0.0	0.0	0.0	0.0	0.0	0.0	1128.6273	0.0	1639.09	0.0	1884.8926	0.0	0.0	0.0	0.0	0.0	0.0	0.0	0.0	0.0	0.0	0.0	1128.6273	0.0	0.0	0.0	1884.8926	0.0	
sp|Q46868|UBIK_ECOLI	Q46868	UBIK_ECOLI	ubiK	96	Escherichia coli (strain K12)	1:Experimental evidence at protein level	Ubiquinone biosynthesis accessory factor UbiK	0.9713	0.999	1	3	3	3	0	0	0	0	0	0	0	0	0	0	0	1	0	1	1	0	0	0	0	0	0	0	0	0	0	0	0	1	0	1	1	0	0	0	0	0	0	0	0	0	0	0	0	1	0	1	1	0	0.0	0.0	0.0	0.0	0.0	2470.879	0.0	0.0	3734.1892	3370.5007	3400.1497	3022.7007	3028.7427	4146.967	3819.4775	2874.9644	0.0	0.0	0.0	0.0	0.0	2470.879	0.0	0.0	3734.1892	3370.5007	3400.1497	3022.7007	3028.7427	4146.967	3819.4775	2874.9644	
sp|Q52LJ0|FA98B_HUMAN	Q52LJ0	FA98B_HUMAN	FAM98B	433	Homo sapiens	1:Experimental evidence at protein level	tRNA-splicing ligase complex subunit FAM98B	0.8518	0.9941	1	1	1	1	0	0	0	0	0	0	0	0	0	0	0	0	0	1	0	0	0	0	0	0	0	0	0	0	0	0	0	0	0	1	0	0	0	0	0	0	0	0	0	0	0	0	0	0	0	1	0	0	0.0	0.0	0.0	0.0	0.0	0.0	0.0	0.0	0.0	0.0	0.0	0.0	0.0	0.0	0.0	0.0	0.0	0.0	0.0	0.0	0.0	0.0	0.0	0.0	0.0	0.0	0.0	0.0	0.0	0.0	0.0	0.0	
sp|Q53ET0|CRTC2_HUMAN	Q53ET0	CRTC2_HUMAN	CRTC2	693	Homo sapiens	1:Experimental evidence at protein level	CREB-regulated transcription coactivator 2	0.9682	0.9989	1	1	1	1	0	0	0	0	0	0	0	0	0	0	0	0	0	0	1	0	0	0	0	0	0	0	0	0	0	0	0	0	0	0	1	0	0	0	0	0	0	0	0	0	0	0	0	0	0	0	1	0	0.0	0.0	0.0	0.0	0.0	0.0	0.0	0.0	0.0	0.0	0.0	0.0	0.0	0.0	0.0	0.0	0.0	0.0	0.0	0.0	0.0	0.0	0.0	0.0	0.0	0.0	0.0	0.0	0.0	0.0	0.0	0.0	
sp|Q53GS9|UBP39_HUMAN	Q53GS9	UBP39_HUMAN	USP39	565	Homo sapiens	1:Experimental evidence at protein level	Ubiquitin carboxyl-terminal hydrolase 39	0.9711	0.999	1	18	18	18	1	2	2	3	1	1	2	1	1	1	0	1	1	0	1	0	1	2	2	3	1	1	2	1	1	1	0	1	1	0	1	0	1	2	2	3	1	1	2	1	1	1	0	1	1	0	1	0	2413.5293	2477.864	2382.6104	3691.542	4322.2925	0.0	4053.2441	2226.0461	0.0	0.0	887.04944	0.0	1389.5764	1708.8281	1569.5226	2678.893	2413.5293	2477.864	2382.6104	3691.542	4322.2925	0.0	4053.2441	2226.0461	0.0	0.0	887.04944	0.0	1389.5764	1708.8281	1569.5226	2678.893	
sp|Q562R1|ACTBL_HUMAN	Q562R1	ACTBL_HUMAN	ACTBL2	376	Homo sapiens	1:Experimental evidence at protein level	Beta-actin-like protein 2	1.0	0.9988	9	5	5	149	0	1	1	0	0	1	0	0	0	0	0	0	0	0	0	2	0	1	1	0	0	1	0	0	0	0	0	0	0	0	0	2	8	9	9	5	7	10	11	10	7	10	10	10	6	11	13	13	0.0	0.0	0.0	0.0	0.0	52714.098	0.0	0.0	0.0	0.0	0.0	0.0	0.0	0.0	0.0	60864.01	0.0	0.0	0.0	0.0	0.0	52714.098	0.0	0.0	0.0	0.0	0.0	0.0	0.0	0.0	0.0	56291.434	
sp|Q59385|COPA_ECOLI	Q59385	COPA_ECOLI	copA	834	Escherichia coli (strain K12)	1:Experimental evidence at protein level	Copper-exporting P-type ATPase	1.0	0.999	2	14	14	14	0	1	0	0	0	0	0	1	2	0	1	1	2	2	3	1	0	1	0	0	0	0	0	1	2	0	1	1	2	2	3	1	0	1	0	0	0	0	0	1	2	0	1	1	2	2	3	1	0.0	0.0	0.0	0.0	0.0	0.0	0.0	0.0	0.0	0.0	0.0	0.0	0.0	0.0	0.0	0.0	0.0	0.0	0.0	0.0	0.0	0.0	0.0	0.0	0.0	0.0	0.0	0.0	0.0	0.0	0.0	0.0	
sp|Q5SRE5|NU188_HUMAN	Q5SRE5	NU188_HUMAN	NUP188	1749	Homo sapiens	1:Experimental evidence at protein level	Nucleoporin NUP188	1.0	0.999	1	2	2	2	1	0	0	0	0	0	0	1	0	0	0	0	0	0	0	0	1	0	0	0	0	0	0	1	0	0	0	0	0	0	0	0	1	0	0	0	0	0	0	1	0	0	0	0	0	0	0	0	0.0	0.0	0.0	0.0	0.0	0.0	0.0	0.0	0.0	0.0	0.0	0.0	0.0	0.0	0.0	0.0	0.0	0.0	0.0	0.0	0.0	0.0	0.0	0.0	0.0	0.0	0.0	0.0	0.0	0.0	0.0	0.0	
sp|Q5T2N8|ATD3C_HUMAN	Q5T2N8	ATD3C_HUMAN	ATAD3C	411	Homo sapiens	1:Experimental evidence at protein level	ATPase family AAA domain-containing protein 3C	0.9999	0.9942	2	3	0	3	0	1	0	0	0	0	1	0	0	0	0	0	1	0	0	0	0	0	0	0	0	0	0	0	0	0	0	0	0	0	0	0	0	1	0	0	0	0	1	0	0	0	0	0	1	0	0	0	0.0	0.0	0.0	0.0	0.0	0.0	0.0	0.0	0.0	0.0	0.0	0.0	0.0	0.0	0.0	0.0	0.0	0.0	0.0	0.0	0.0	0.0	0.0	0.0	0.0	0.0	0.0	0.0	0.0	0.0	0.0	0.0	sp|Q9NVI7|ATD3A_HUMAN
sp|Q5T4S7|UBR4_HUMAN	Q5T4S7	UBR4_HUMAN	UBR4	5183	Homo sapiens	1:Experimental evidence at protein level	E3 ubiquitin-protein ligase UBR4	1.0	0.999	2	8	8	8	0	1	2	0	0	0	1	2	0	1	0	0	0	1	0	0	0	1	2	0	0	0	1	2	0	1	0	0	0	1	0	0	0	1	2	0	0	0	1	2	0	1	0	0	0	1	0	0	0.0	2580.9136	3221.5256	0.0	0.0	3193.6401	0.0	3316.7603	0.0	0.0	0.0	0.0	0.0	0.0	0.0	0.0	0.0	2580.9136	3221.5256	0.0	0.0	3193.6401	0.0	3316.7603	0.0	0.0	0.0	0.0	0.0	0.0	0.0	0.0	
sp|Q5UIP0|RIF1_HUMAN	Q5UIP0	RIF1_HUMAN	RIF1	2472	Homo sapiens	1:Experimental evidence at protein level	Telomere-associated protein RIF1	0.9682	0.9989	1	1	1	1	0	0	0	0	0	0	0	0	0	0	0	0	0	0	1	0	0	0	0	0	0	0	0	0	0	0	0	0	0	0	1	0	0	0	0	0	0	0	0	0	0	0	0	0	0	0	1	0	0.0	0.0	0.0	0.0	0.0	0.0	0.0	0.0	0.0	0.0	0.0	0.0	0.0	0.0	0.0	0.0	0.0	0.0	0.0	0.0	0.0	0.0	0.0	0.0	0.0	0.0	0.0	0.0	0.0	0.0	0.0	0.0	
sp|Q5XKP0|MIC13_HUMAN	Q5XKP0	MIC13_HUMAN	MICOS13	118	Homo sapiens	1:Experimental evidence at protein level	MICOS complex subunit MIC13	0.8964	0.9961	1	2	2	2	0	0	0	0	0	0	0	0	0	1	0	1	0	0	0	0	0	0	0	0	0	0	0	0	0	1	0	1	0	0	0	0	0	0	0	0	0	0	0	0	0	1	0	1	0	0	0	0	0.0	0.0	0.0	0.0	0.0	0.0	0.0	0.0	0.0	0.0	0.0	0.0	0.0	0.0	0.0	0.0	0.0	0.0	0.0	0.0	0.0	0.0	0.0	0.0	0.0	0.0	0.0	0.0	0.0	0.0	0.0	0.0	
sp|Q69YN4|VIR_HUMAN	Q69YN4	VIR_HUMAN	VIRMA	1812	Homo sapiens	1:Experimental evidence at protein level	Protein virilizer homolog	0.9456	0.9981	1	3	3	3	0	0	0	1	1	0	0	0	0	0	0	0	1	0	0	0	0	0	0	1	1	0	0	0	0	0	0	0	1	0	0	0	0	0	0	1	1	0	0	0	0	0	0	0	1	0	0	0	0.0	0.0	0.0	0.0	0.0	0.0	0.0	0.0	0.0	0.0	0.0	0.0	0.0	0.0	0.0	0.0	0.0	0.0	0.0	0.0	0.0	0.0	0.0	0.0	0.0	0.0	0.0	0.0	0.0	0.0	0.0	0.0	
sp|Q6FI81|CPIN1_HUMAN	Q6FI81	CPIN1_HUMAN	CIAPIN1	312	Homo sapiens	1:Experimental evidence at protein level	Anamorsin	0.9996	0.9983	2	4	4	4	1	0	0	0	1	0	0	1	0	0	0	0	1	0	0	0	1	0	0	0	1	0	0	1	0	0	0	0	1	0	0	0	1	0	0	0	1	0	0	1	0	0	0	0	1	0	0	0	2947.1165	2764.0308	1160.1584	0.0	4448.601	2869.6365	2820.2927	2763.1692	0.0	0.0	0.0	0.0	0.0	1686.9866	1959.8291	1436.5471	2947.1165	2764.0308	1160.1584	0.0	4448.601	2869.6365	2820.2927	2763.1692	0.0	0.0	0.0	0.0	0.0	1686.9866	1959.8291	1436.5471	
sp|Q6NZI2|CAVN1_HUMAN	Q6NZI2	CAVN1_HUMAN	CAVIN1	390	Homo sapiens	1:Experimental evidence at protein level	Caveolae-associated protein 1	0.9713	0.999	1	24	24	24	3	1	2	1	1	1	1	1	1	2	2	2	1	2	2	1	3	1	2	1	1	1	1	1	1	2	2	2	1	2	2	1	3	1	2	1	1	1	1	1	1	2	2	2	1	2	2	1	4868.2983	5339.188	6235.2773	6305.7163	6751.541	5086.922	5775.2505	6209.633	0.0	3441.84	3679.5432	3441.0674	3227.9849	5264.049	4294.8555	4263.991	4868.2983	5339.188	6235.2773	6305.7163	6751.541	5086.922	5775.2505	6209.633	0.0	3441.84	3679.5432	3441.0674	3227.9849	5264.049	4294.8555	4263.991	
sp|Q6P1N9|TATD1_HUMAN	Q6P1N9	TATD1_HUMAN	TATDN1	297	Homo sapiens	1:Experimental evidence at protein level	Deoxyribonuclease TATDN1	0.9509	0.9983	1	6	6	6	1	2	1	0	0	1	1	0	0	0	0	0	0	0	0	0	1	2	1	0	0	1	1	0	0	0	0	0	0	0	0	0	1	2	1	0	0	1	1	0	0	0	0	0	0	0	0	0	0.0	0.0	0.0	0.0	0.0	0.0	0.0	0.0	0.0	0.0	0.0	0.0	0.0	0.0	0.0	0.0	0.0	0.0	0.0	0.0	0.0	0.0	0.0	0.0	0.0	0.0	0.0	0.0	0.0	0.0	0.0	0.0	
sp|Q6P2E9|EDC4_HUMAN	Q6P2E9	EDC4_HUMAN	EDC4	1401	Homo sapiens	1:Experimental evidence at protein level	Enhancer of mRNA-decapping protein 4	0.9713	0.999	1	9	9	9	2	0	1	0	1	1	0	0	1	0	1	0	1	0	1	0	2	0	1	0	1	1	0	0	1	0	1	0	1	0	1	0	2	0	1	0	1	1	0	0	1	0	1	0	1	0	1	0	0.0	0.0	0.0	0.0	0.0	0.0	0.0	0.0	0.0	0.0	0.0	0.0	0.0	0.0	0.0	0.0	0.0	0.0	0.0	0.0	0.0	0.0	0.0	0.0	0.0	0.0	0.0	0.0	0.0	0.0	0.0	0.0	
sp|Q6P2Q9|PRP8_HUMAN	Q6P2Q9	PRP8_HUMAN	PRPF8	2335	Homo sapiens	1:Experimental evidence at protein level	Pre-mRNA-processing-splicing factor 8	1.0	0.9989	4	8	8	8	1	1	0	0	0	0	0	1	0	2	1	1	0	0	0	1	1	1	0	0	0	0	0	1	0	2	1	1	0	0	0	1	1	1	0	0	0	0	0	1	0	2	1	1	0	0	0	1	0.0	0.0	0.0	0.0	0.0	0.0	0.0	0.0	0.0	0.0	0.0	0.0	0.0	0.0	0.0	0.0	0.0	0.0	0.0	0.0	0.0	0.0	0.0	0.0	0.0	0.0	0.0	0.0	0.0	0.0	0.0	0.0	
sp|Q6P6C2|ALKB5_HUMAN	Q6P6C2	ALKB5_HUMAN	ALKBH5	394	Homo sapiens	1:Experimental evidence at protein level	RNA demethylase ALKBH5	0.9585	0.9985	1	1	1	1	0	0	0	0	0	0	0	0	0	0	0	1	0	0	0	0	0	0	0	0	0	0	0	0	0	0	0	1	0	0	0	0	0	0	0	0	0	0	0	0	0	0	0	1	0	0	0	0	0.0	0.0	0.0	0.0	0.0	0.0	0.0	0.0	0.0	0.0	0.0	0.0	0.0	0.0	0.0	0.0	0.0	0.0	0.0	0.0	0.0	0.0	0.0	0.0	0.0	0.0	0.0	0.0	0.0	0.0	0.0	0.0	
sp|Q6PKG0|LARP1_HUMAN	Q6PKG0	LARP1_HUMAN	LARP1	1096	Homo sapiens	1:Experimental evidence at protein level	La-related protein 1	0.9671	0.9989	1	4	4	4	0	0	0	0	0	0	0	1	0	1	0	0	0	0	1	1	0	0	0	0	0	0	0	1	0	1	0	0	0	0	1	1	0	0	0	0	0	0	0	1	0	1	0	0	0	0	1	1	0.0	0.0	0.0	0.0	0.0	0.0	0.0	0.0	0.0	0.0	0.0	0.0	0.0	0.0	0.0	0.0	0.0	0.0	0.0	0.0	0.0	0.0	0.0	0.0	0.0	0.0	0.0	0.0	0.0	0.0	0.0	0.0	
sp|Q6Q759|SPG17_HUMAN	Q6Q759	SPG17_HUMAN	SPAG17	2223	Homo sapiens	1:Experimental evidence at protein level	Sperm-associated antigen 17	0.8638	0.9947	1	1	1	1	0	0	0	0	0	0	0	0	0	0	0	1	0	0	0	0	0	0	0	0	0	0	0	0	0	0	0	1	0	0	0	0	0	0	0	0	0	0	0	0	0	0	0	1	0	0	0	0	0.0	0.0	0.0	0.0	0.0	0.0	0.0	0.0	0.0	0.0	0.0	0.0	0.0	0.0	0.0	0.0	0.0	0.0	0.0	0.0	0.0	0.0	0.0	0.0	0.0	0.0	0.0	0.0	0.0	0.0	0.0	0.0	
sp|Q6YN16|HSDL2_HUMAN	Q6YN16	HSDL2_HUMAN	HSDL2	418	Homo sapiens	1:Experimental evidence at protein level	Hydroxysteroid dehydrogenase-like protein 2	1.0	0.999	2	11	11	11	0	2	0	1	1	0	1	2	0	1	1	1	0	0	0	1	0	2	0	1	1	0	1	2	0	1	1	1	0	0	0	1	0	2	0	1	1	0	1	2	0	1	1	1	0	0	0	1	3505.8425	1983.0793	1824.2998	4166.551	2699.456	5041.049	5302.3623	3586.206	0.0	0.0	1436.0087	0.0	3108.1245	0.0	1225.5115	2106.3174	3809.19	2154.6677	1982.1497	2159.71	2933.0298	2215.974	2254.4243	1930.2856	0.0	0.0	1560.2611	0.0	3377.0588	0.0	1331.5504	2288.569	
sp|Q7KZF4|SND1_HUMAN	Q7KZF4	SND1_HUMAN	SND1	910	Homo sapiens	1:Experimental evidence at protein level	Staphylococcal nuclease domain-containing protein 1	1.0	0.999	10	62	62	62	4	4	3	3	4	3	6	8	1	6	2	3	4	3	5	3	4	4	3	3	4	3	6	8	1	6	2	3	4	3	5	3	4	4	3	3	4	3	6	8	1	6	2	3	4	3	5	3	14905.643	13128.818	13120.896	10625.782	8733.106	17074.69	19993.959	17538.451	15169.668	13428.667	14238.919	19648.395	17266.139	13114.787	15715.085	5887.8516	5222.2812	4530.372	5943.8833	4790.5566	4612.2476	6402.3906	5700.6616	5621.3926	6883.639	5221.4717	5648.9194	5544.04	4871.4697	4869.867	4938.9463	5505.967	
sp|Q7L2H7|EIF3M_HUMAN	Q7L2H7	EIF3M_HUMAN	EIF3M	374	Homo sapiens	1:Experimental evidence at protein level	Eukaryotic translation initiation factor 3 subunit M	0.9713	0.999	1	47	47	47	3	1	4	4	3	2	2	5	4	2	3	2	2	4	3	3	3	1	4	4	3	2	2	5	4	2	3	2	2	4	3	3	3	1	4	4	3	2	2	5	4	2	3	2	2	4	3	3	5782.1733	4671.0474	6071.6196	4900.6685	6656.519	5619.396	4858.545	6083.2246	2674.541	2930.295	4339.708	4112.7236	5081.449	4619.389	3601.2556	4385.114	5782.1733	4671.0474	6071.6196	4900.6685	6656.519	5619.396	4858.545	6083.2246	2674.541	2930.295	4339.708	4112.7236	5081.449	4619.389	3601.2556	4385.114	
sp|Q7Z6Z7|HUWE1_HUMAN	Q7Z6Z7	HUWE1_HUMAN	HUWE1	4374	Homo sapiens	1:Experimental evidence at protein level	E3 ubiquitin-protein ligase HUWE1	0.9322	0.9975	1	1	1	1	0	0	0	1	0	0	0	0	0	0	0	0	0	0	0	0	0	0	0	1	0	0	0	0	0	0	0	0	0	0	0	0	0	0	0	1	0	0	0	0	0	0	0	0	0	0	0	0	0.0	0.0	0.0	0.0	0.0	0.0	0.0	0.0	0.0	0.0	0.0	0.0	0.0	0.0	0.0	0.0	0.0	0.0	0.0	0.0	0.0	0.0	0.0	0.0	0.0	0.0	0.0	0.0	0.0	0.0	0.0	0.0	
sp|Q86U42|PABP2_HUMAN	Q86U42	PABP2_HUMAN	PABPN1	306	Homo sapiens	1:Experimental evidence at protein level	Polyadenylate-binding protein 2	1.0	0.999	2	6	6	6	1	0	0	0	0	0	1	0	0	2	0	0	0	1	1	0	1	0	0	0	0	0	1	0	0	2	0	0	0	1	1	0	1	0	0	0	0	0	1	0	0	2	0	0	0	1	1	0	0.0	0.0	0.0	0.0	0.0	0.0	0.0	0.0	0.0	0.0	0.0	0.0	0.0	0.0	0.0	0.0	0.0	0.0	0.0	0.0	0.0	0.0	0.0	0.0	0.0	0.0	0.0	0.0	0.0	0.0	0.0	0.0	
sp|Q86UX7|URP2_HUMAN	Q86UX7	URP2_HUMAN	FERMT3	667	Homo sapiens	1:Experimental evidence at protein level	Fermitin family homolog 3	1.0	0.999	2	10	10	10	0	0	2	0	1	0	1	0	0	1	0	1	1	2	1	0	0	0	2	0	1	0	1	0	0	1	0	1	1	2	1	0	0	0	2	0	1	0	1	0	0	1	0	1	1	2	1	0	0.0	0.0	1758.0562	0.0	0.0	1069.5474	1829.7734	0.0	0.0	0.0	0.0	0.0	0.0	0.0	0.0	0.0	0.0	0.0	1758.0562	0.0	0.0	1069.5474	1829.7734	0.0	0.0	0.0	0.0	0.0	0.0	0.0	0.0	0.0	
sp|Q86V81|THOC4_HUMAN	Q86V81	THOC4_HUMAN	ALYREF	257	Homo sapiens	1:Experimental evidence at protein level	THO complex subunit 4	1.0	0.999	2	2	2	2	0	0	0	0	0	0	0	0	0	0	0	0	0	0	2	0	0	0	0	0	0	0	0	0	0	0	0	0	0	0	2	0	0	0	0	0	0	0	0	0	0	0	0	0	0	0	2	0	0.0	0.0	0.0	0.0	0.0	0.0	0.0	0.0	0.0	0.0	0.0	0.0	0.0	0.0	0.0	0.0	0.0	0.0	0.0	0.0	0.0	0.0	0.0	0.0	0.0	0.0	0.0	0.0	0.0	0.0	0.0	0.0	
sp|Q86VP6|CAND1_HUMAN	Q86VP6	CAND1_HUMAN	CAND1	1230	Homo sapiens	1:Experimental evidence at protein level	Cullin-associated NEDD8-dissociated protein 1	1.0	0.9987	3	5	5	5	0	1	1	0	1	0	0	0	0	0	0	0	1	0	0	1	0	1	1	0	1	0	0	0	0	0	0	0	1	0	0	1	0	1	1	0	1	0	0	0	0	0	0	0	1	0	0	1	0.0	0.0	0.0	0.0	0.0	0.0	0.0	0.0	0.0	0.0	0.0	0.0	0.0	0.0	0.0	0.0	0.0	0.0	0.0	0.0	0.0	0.0	0.0	0.0	0.0	0.0	0.0	0.0	0.0	0.0	0.0	0.0	
sp|Q8IWX8|CHERP_HUMAN	Q8IWX8	CHERP_HUMAN	CHERP	916	Homo sapiens	1:Experimental evidence at protein level	Calcium homeostasis endoplasmic reticulum protein	0.8719	0.9951	1	1	1	1	0	0	0	0	0	0	0	0	0	0	0	0	0	0	1	0	0	0	0	0	0	0	0	0	0	0	0	0	0	0	1	0	0	0	0	0	0	0	0	0	0	0	0	0	0	0	1	0	0.0	0.0	0.0	0.0	0.0	0.0	0.0	0.0	0.0	0.0	0.0	0.0	0.0	0.0	0.0	0.0	0.0	0.0	0.0	0.0	0.0	0.0	0.0	0.0	0.0	0.0	0.0	0.0	0.0	0.0	0.0	0.0	
sp|Q8IXM3|RM41_HUMAN	Q8IXM3	RM41_HUMAN	MRPL41	137	Homo sapiens	1:Experimental evidence at protein level	Large ribosomal subunit protein mL41	0.9668	0.9988	1	3	3	3	0	0	1	0	0	0	0	1	0	1	0	0	0	0	0	0	0	0	1	0	0	0	0	1	0	1	0	0	0	0	0	0	0	0	1	0	0	0	0	1	0	1	0	0	0	0	0	0	0.0	0.0	0.0	0.0	0.0	0.0	0.0	0.0	0.0	0.0	0.0	0.0	0.0	0.0	0.0	0.0	0.0	0.0	0.0	0.0	0.0	0.0	0.0	0.0	0.0	0.0	0.0	0.0	0.0	0.0	0.0	0.0	
sp|Q8IY67|RAVR1_HUMAN	Q8IY67	RAVR1_HUMAN	RAVER1	606	Homo sapiens	1:Experimental evidence at protein level	Ribonucleoprotein PTB-binding 1	1.0	0.999	2	10	10	10	0	1	0	0	0	0	1	0	1	1	1	1	0	1	1	2	0	1	0	0	0	0	1	0	1	1	1	1	0	1	1	2	0	1	0	0	0	0	1	0	1	1	1	1	0	1	1	2	0.0	0.0	0.0	0.0	0.0	0.0	0.0	0.0	0.0	0.0	0.0	0.0	0.0	0.0	0.0	1187.0457	0.0	0.0	0.0	0.0	0.0	0.0	0.0	0.0	0.0	0.0	0.0	0.0	0.0	0.0	0.0	0.0	
sp|Q8IYB3|SRRM1_HUMAN	Q8IYB3	SRRM1_HUMAN	SRRM1	904	Homo sapiens	1:Experimental evidence at protein level	Serine/arginine repetitive matrix protein 1	0.9713	0.999	1	24	24	24	1	2	3	1	2	2	1	2	1	1	1	2	1	1	1	2	1	2	3	1	2	2	1	2	1	1	1	2	1	1	1	2	1	2	3	1	2	2	1	2	1	1	1	2	1	1	1	2	5523.5566	0.0	5225.7485	7209.574	5232.0884	7362.2407	8411.028	6153.889	0.0	0.0	0.0	0.0	4620.622	0.0	0.0	5411.766	5523.5566	0.0	5225.7485	7209.574	5232.0884	7362.2407	8411.028	6153.889	0.0	0.0	0.0	0.0	4620.622	0.0	0.0	5411.766	
sp|Q8IZ69|TRM2A_HUMAN	Q8IZ69	TRM2A_HUMAN	TRMT2A	625	Homo sapiens	1:Experimental evidence at protein level	tRNA (uracil-5-)-methyltransferase homolog A	0.9348	0.9976	1	2	2	2	0	0	0	1	0	0	0	0	0	1	0	0	0	0	0	0	0	0	0	1	0	0	0	0	0	1	0	0	0	0	0	0	0	0	0	1	0	0	0	0	0	1	0	0	0	0	0	0	0.0	0.0	0.0	0.0	0.0	0.0	0.0	0.0	0.0	0.0	0.0	0.0	0.0	0.0	0.0	0.0	0.0	0.0	0.0	0.0	0.0	0.0	0.0	0.0	0.0	0.0	0.0	0.0	0.0	0.0	0.0	0.0	
sp|Q8IZP0|ABI1_HUMAN	Q8IZP0	ABI1_HUMAN	ABI1	508	Homo sapiens	1:Experimental evidence at protein level	Abl interactor 1	1.0	0.9986	1	8	8	8	1	2	0	0	1	0	2	0	0	1	0	0	1	0	0	0	1	2	0	0	1	0	2	0	0	1	0	0	1	0	0	0	1	2	0	0	1	0	2	0	0	1	0	0	1	0	0	0	0.0	0.0	0.0	0.0	0.0	0.0	0.0	0.0	0.0	0.0	0.0	0.0	0.0	0.0	0.0	0.0	0.0	0.0	0.0	0.0	0.0	0.0	0.0	0.0	0.0	0.0	0.0	0.0	0.0	0.0	0.0	0.0	
sp|Q8N3U4|STAG2_HUMAN	Q8N3U4	STAG2_HUMAN	STAG2	1231	Homo sapiens	1:Experimental evidence at protein level	Cohesin subunit SA-2	0.9581	0.9985	1	1	1	1	0	0	0	0	0	0	0	0	0	0	0	0	0	1	0	0	0	0	0	0	0	0	0	0	0	0	0	0	0	1	0	0	0	0	0	0	0	0	0	0	0	0	0	0	0	1	0	0	0.0	0.0	0.0	0.0	0.0	0.0	0.0	0.0	0.0	0.0	0.0	0.0	0.0	0.0	0.0	0.0	0.0	0.0	0.0	0.0	0.0	0.0	0.0	0.0	0.0	0.0	0.0	0.0	0.0	0.0	0.0	0.0	
sp|Q8N684|CPSF7_HUMAN	Q8N684	CPSF7_HUMAN	CPSF7	471	Homo sapiens	1:Experimental evidence at protein level	Cleavage and polyadenylation specificity factor subunit 7	0.9713	0.999	1	11	11	11	1	0	1	1	0	1	0	0	0	0	2	1	2	1	1	0	1	0	1	1	0	1	0	0	0	0	2	1	2	1	1	0	1	0	1	1	0	1	0	0	0	0	2	1	2	1	1	0	0.0	0.0	0.0	0.0	0.0	0.0	0.0	0.0	0.0	0.0	0.0	0.0	0.0	0.0	0.0	0.0	0.0	0.0	0.0	0.0	0.0	0.0	0.0	0.0	0.0	0.0	0.0	0.0	0.0	0.0	0.0	0.0	
sp|Q8NA82|MARHA_HUMAN	Q8NA82	MARHA_HUMAN	MARCHF10	808	Homo sapiens	1:Experimental evidence at protein level	Probable E3 ubiquitin-protein ligase MARCHF10	0.9433	0.998	1	1	1	1	0	0	0	0	0	0	0	0	0	0	0	0	0	0	1	0	0	0	0	0	0	0	0	0	0	0	0	0	0	0	1	0	0	0	0	0	0	0	0	0	0	0	0	0	0	0	1	0	0.0	0.0	0.0	0.0	2105.1572	0.0	0.0	1498.9415	2465.3735	2444.1765	0.0	0.0	2411.2422	2854.7803	2410.054	0.0	0.0	0.0	0.0	0.0	2105.1572	0.0	0.0	1498.9415	2465.3735	2444.1765	0.0	0.0	2411.2422	2854.7803	2410.054	0.0	
sp|Q8NBS9|TXND5_HUMAN	Q8NBS9	TXND5_HUMAN	TXNDC5	432	Homo sapiens	1:Experimental evidence at protein level	Thioredoxin domain-containing protein 5	1.0	0.999	2	8	8	8	0	0	0	0	0	0	0	0	1	2	2	0	1	1	1	0	0	0	0	0	0	0	0	0	1	2	2	0	1	1	1	0	0	0	0	0	0	0	0	0	1	2	2	0	1	1	1	0	0.0	3119.8284	0.0	0.0	0.0	0.0	0.0	0.0	0.0	4390.8413	2347.937	0.0	3844.5076	3556.7402	3605.6514	1269.9637	0.0	3119.8284	0.0	0.0	0.0	0.0	0.0	0.0	0.0	4390.8413	2347.937	0.0	3844.5076	3556.7402	3605.6514	1269.9637	
sp|Q8NBT2|SPC24_HUMAN	Q8NBT2	SPC24_HUMAN	SPC24	197	Homo sapiens	1:Experimental evidence at protein level	Kinetochore protein Spc24	0.9713	0.999	1	19	19	19	1	1	1	2	2	1	1	2	1	1	2	1	1	0	2	0	1	1	1	2	2	1	1	2	1	1	2	1	1	0	2	0	1	1	1	2	2	1	1	2	1	1	2	1	1	0	2	0	0.0	0.0	0.0	0.0	0.0	0.0	0.0	1253.2992	0.0	0.0	0.0	0.0	0.0	0.0	0.0	0.0	0.0	0.0	0.0	0.0	0.0	0.0	0.0	0.0	0.0	0.0	0.0	0.0	0.0	0.0	0.0	0.0	
sp|Q8NC51|SERB1_HUMAN	Q8NC51	SERB1_HUMAN	SERBP1	408	Homo sapiens	1:Experimental evidence at protein level	SERPINE1 mRNA-binding protein 1	1.0	0.999	9	68	68	68	2	6	2	3	3	4	5	4	4	5	5	6	3	7	5	4	2	6	2	3	3	4	5	4	4	5	5	6	3	7	5	4	2	6	2	3	3	4	5	4	4	5	5	6	3	7	5	4	10903.658	12661.334	19327.527	17278.697	13044.789	15442.9795	15272.5	11875.251	14866.218	19965.0	7633.251	10865.263	15679.77	12939.134	16206.652	14014.327	7136.125	6874.967	8744.143	7241.623	7203.3486	8321.02	7332.1685	7526.7188	6806.7017	8447.173	5967.976	7279.4424	8373.999	6905.6733	7749.0337	6633.138	
sp|Q8NEJ9|NGDN_HUMAN	Q8NEJ9	NGDN_HUMAN	NGDN	315	Homo sapiens	1:Experimental evidence at protein level	Neuroguidin	0.9713	0.999	1	19	19	19	1	2	1	1	2	2	1	2	1	1	1	1	1	0	2	0	1	2	1	1	2	2	1	2	1	1	1	1	1	0	2	0	1	2	1	1	2	2	1	2	1	1	1	1	1	0	2	0	3193.0896	2725.2927	4079.343	3651.5432	0.0	4697.0967	2934.8972	4777.256	0.0	2293.1145	1891.2849	0.0	0.0	2141.5547	0.0	0.0	3193.0896	2725.2927	4079.343	3651.5432	0.0	4697.0967	2934.8972	4777.256	0.0	2293.1145	1891.2849	0.0	0.0	2141.5547	0.0	0.0	
sp|Q8NI36|WDR36_HUMAN	Q8NI36	WDR36_HUMAN	WDR36	895	Homo sapiens	1:Experimental evidence at protein level	WD repeat-containing protein 36	0.9505	0.9982	1	5	5	5	0	1	0	0	0	2	1	1	0	0	0	0	0	0	0	0	0	1	0	0	0	2	1	1	0	0	0	0	0	0	0	0	0	1	0	0	0	2	1	1	0	0	0	0	0	0	0	0	4266.201	2986.594	2882.153	3047.7244	3084.5935	2996.3994	3267.511	3467.0063	0.0	2713.5347	0.0	1431.6699	3634.2148	1671.8723	2318.5195	2136.997	4266.201	2986.594	2882.153	3047.7244	3084.5935	2996.3994	3267.511	3467.0063	0.0	2713.5347	0.0	1431.6699	3634.2148	1671.8723	2318.5195	2136.997	
sp|Q8TAT6|NPL4_HUMAN	Q8TAT6	NPL4_HUMAN	NPLOC4	608	Homo sapiens	1:Experimental evidence at protein level	Nuclear protein localization protein 4 homolog	0.9674	0.9989	1	8	8	8	0	1	1	1	0	2	1	1	0	0	0	1	0	0	0	0	0	1	1	1	0	2	1	1	0	0	0	1	0	0	0	0	0	1	1	1	0	2	1	1	0	0	0	1	0	0	0	0	0.0	0.0	1139.8075	0.0	1305.5015	3470.4116	0.0	3503.7285	0.0	0.0	0.0	0.0	0.0	0.0	0.0	0.0	0.0	0.0	1139.8075	0.0	1305.5015	3470.4116	0.0	3503.7285	0.0	0.0	0.0	0.0	0.0	0.0	0.0	0.0	
sp|Q8WUM4|PDC6I_HUMAN	Q8WUM4	PDC6I_HUMAN	PDCD6IP	868	Homo sapiens	1:Experimental evidence at protein level	Programmed cell death 6-interacting protein	1.0	0.999	6	47	47	47	1	3	2	3	4	3	1	3	3	5	3	5	4	2	2	3	1	3	2	3	4	3	1	3	3	5	3	5	4	2	2	3	1	3	2	3	4	3	1	3	3	5	3	5	4	2	2	3	3691.7603	0.0	3309.2573	0.0	2675.811	2951.3323	1967.7369	3273.034	3597.5913	4024.5757	3111.1797	0.0	3157.4287	2988.0002	3480.2903	3008.7693	3691.7603	0.0	3309.2573	0.0	2675.811	2951.3323	1967.7369	3273.034	3597.5913	4024.5757	3111.1797	0.0	3157.4287	2988.0002	3480.2903	3008.7693	
sp|Q8WW12|PCNP_HUMAN	Q8WW12	PCNP_HUMAN	PCNP	178	Homo sapiens	1:Experimental evidence at protein level	PEST proteolytic signal-containing nuclear protein	1.0	0.999	2	10	10	10	0	0	0	0	1	0	0	1	0	1	1	1	0	2	2	1	0	0	0	0	1	0	0	1	0	1	1	1	0	2	2	1	0	0	0	0	1	0	0	1	0	1	1	1	0	2	2	1	0.0	0.0	0.0	0.0	0.0	0.0	0.0	0.0	2924.1106	3230.1208	0.0	0.0	1247.0214	3482.1787	0.0	2166.0134	0.0	0.0	0.0	0.0	0.0	0.0	0.0	0.0	2924.1106	3230.1208	0.0	0.0	1247.0214	3482.1787	0.0	2166.0134	
sp|Q8WWY3|PRP31_HUMAN	Q8WWY3	PRP31_HUMAN	PRPF31	499	Homo sapiens	1:Experimental evidence at protein level	U4/U6 small nuclear ribonucleoprotein Prp31	0.9685	0.9989	1	1	1	1	0	0	0	0	0	0	0	0	0	1	0	0	0	0	0	0	0	0	0	0	0	0	0	0	0	1	0	0	0	0	0	0	0	0	0	0	0	0	0	0	0	1	0	0	0	0	0	0	0.0	0.0	0.0	0.0	0.0	0.0	0.0	0.0	0.0	0.0	0.0	0.0	0.0	0.0	0.0	0.0	0.0	0.0	0.0	0.0	0.0	0.0	0.0	0.0	0.0	0.0	0.0	0.0	0.0	0.0	0.0	0.0	
sp|Q8WXX5|DNJC9_HUMAN	Q8WXX5	DNJC9_HUMAN	DNAJC9	260	Homo sapiens	1:Experimental evidence at protein level	DnaJ homolog subfamily C member 9	1.0	0.999	3	24	24	24	0	2	1	1	3	2	3	4	1	2	0	0	0	2	1	2	0	2	1	1	3	2	3	4	1	2	0	0	0	2	1	2	0	2	1	1	3	2	3	4	1	2	0	0	0	2	1	2	0.0	0.0	0.0	0.0	0.0	0.0	3244.9082	0.0	0.0	0.0	0.0	0.0	0.0	0.0	0.0	0.0	0.0	0.0	0.0	0.0	0.0	0.0	0.0	0.0	0.0	0.0	0.0	0.0	0.0	0.0	0.0	0.0	
sp|Q8WYQ5|DGCR8_HUMAN	Q8WYQ5	DGCR8_HUMAN	DGCR8	773	Homo sapiens	1:Experimental evidence at protein level	Microprocessor complex subunit DGCR8	0.9192	0.997	1	1	1	1	0	0	0	0	0	0	1	0	0	0	0	0	0	0	0	0	0	0	0	0	0	0	1	0	0	0	0	0	0	0	0	0	0	0	0	0	0	0	1	0	0	0	0	0	0	0	0	0	0.0	0.0	0.0	0.0	0.0	0.0	0.0	0.0	0.0	0.0	0.0	0.0	0.0	0.0	0.0	0.0	0.0	0.0	0.0	0.0	0.0	0.0	0.0	0.0	0.0	0.0	0.0	0.0	0.0	0.0	0.0	0.0	
sp|Q8WZA0|LZIC_HUMAN	Q8WZA0	LZIC_HUMAN	LZIC	190	Homo sapiens	1:Experimental evidence at protein level	Protein LZIC	1.0	0.999	1	15	15	15	0	0	2	2	1	0	3	1	0	1	1	1	1	1	0	1	0	0	2	2	1	0	3	1	0	1	1	1	1	1	0	1	0	0	2	2	1	0	3	1	0	1	1	1	1	1	0	1	0.0	0.0	0.0	0.0	0.0	0.0	0.0	0.0	0.0	0.0	0.0	0.0	0.0	0.0	0.0	0.0	0.0	0.0	0.0	0.0	0.0	0.0	0.0	0.0	0.0	0.0	0.0	0.0	0.0	0.0	0.0	0.0	
sp|Q92499|DDX1_HUMAN	Q92499	DDX1_HUMAN	DDX1	740	Homo sapiens	1:Experimental evidence at protein level	ATP-dependent RNA helicase DDX1	1.0	0.999	4	45	45	45	5	3	2	2	4	3	2	2	1	3	2	4	3	3	5	1	5	3	2	2	4	3	2	2	1	3	2	4	3	3	5	1	5	3	2	2	4	3	2	2	1	3	2	4	3	3	5	1	5439.869	8045.674	4848.1836	7472.1245	11764.124	7215.297	4987.881	6041.796	2878.7102	10068.476	9088.191	7023.3223	7542.529	3758.1138	7476.6562	4805.6353	5470.124	4221.4966	4875.148	7513.682	4628.5713	7255.4263	5015.622	6075.3984	2894.7207	6229.6475	5553.8735	3865.3293	4242.1597	3779.0154	4412.504	4832.363	
sp|Q92598|HS105_HUMAN	Q92598	HS105_HUMAN	HSPH1	858	Homo sapiens	1:Experimental evidence at protein level	Heat shock protein 105 kDa	1.0	0.999	4	18	18	18	1	0	0	1	2	1	1	2	0	3	1	0	0	2	3	1	1	0	0	1	2	1	1	2	0	3	1	0	0	2	3	1	1	0	0	1	2	1	1	2	0	3	1	0	0	2	3	1	0.0	0.0	0.0	0.0	0.0	0.0	0.0	0.0	0.0	1405.3424	0.0	0.0	0.0	0.0	0.0	0.0	0.0	0.0	0.0	0.0	0.0	0.0	0.0	0.0	0.0	0.0	0.0	0.0	0.0	0.0	0.0	0.0	
sp|Q92616|GCN1_HUMAN	Q92616	GCN1_HUMAN	GCN1	2671	Homo sapiens	1:Experimental evidence at protein level	Stalled ribosome sensor GCN1	1.0	0.999	3	24	24	24	1	1	1	1	2	1	2	1	1	2	3	2	1	2	1	2	1	1	1	1	2	1	2	1	1	2	3	2	1	2	1	2	1	1	1	1	2	1	2	1	1	2	3	2	1	2	1	2	0.0	3084.8857	0.0	2871.815	2326.333	1436.1744	2957.142	3225.8677	0.0	2975.158	0.0	0.0	2747.5806	0.0	0.0	0.0	0.0	3084.8857	0.0	2871.815	2326.333	1436.1744	2957.142	3225.8677	0.0	2975.158	0.0	0.0	2747.5806	0.0	0.0	0.0	
sp|Q92688|AN32B_HUMAN	Q92688	AN32B_HUMAN	ANP32B	251	Homo sapiens	1:Experimental evidence at protein level	Acidic leucine-rich nuclear phosphoprotein 32 family member B	1.0	0.999	8	152	58	152	8	12	9	7	10	10	11	11	10	9	8	9	7	10	14	7	4	5	2	2	4	3	4	3	5	4	5	3	3	4	5	2	8	12	9	7	10	10	11	11	10	9	8	9	7	10	14	7	41230.83	35763.04	43239.055	31641.566	33760.79	43399.84	39174.715	41302.273	51269.008	46711.562	46297.246	48813.55	48103.04	51184.758	38863.113	44103.797	8481.728	9056.161	8707.447	8026.337	8300.854	8787.587	9078.894	8417.994	9140.61	8888.038	8645.2	9134.545	9049.135	9645.179	8760.856	8247.857	
sp|Q92769|HDAC2_HUMAN	Q92769	HDAC2_HUMAN	HDAC2	488	Homo sapiens	1:Experimental evidence at protein level	Histone deacetylase 2	0.9639	0.9987	1	1	1	1	0	0	0	0	0	0	0	0	0	0	0	0	1	0	0	0	0	0	0	0	0	0	0	0	0	0	0	0	1	0	0	0	0	0	0	0	0	0	0	0	0	0	0	0	1	0	0	0	0.0	0.0	0.0	0.0	0.0	0.0	0.0	0.0	0.0	0.0	0.0	0.0	0.0	0.0	0.0	0.0	0.0	0.0	0.0	0.0	0.0	0.0	0.0	0.0	0.0	0.0	0.0	0.0	0.0	0.0	0.0	0.0	
sp|Q92804|RBP56_HUMAN	Q92804	RBP56_HUMAN	TAF15	592	Homo sapiens	1:Experimental evidence at protein level	TATA-binding protein-associated factor 2N	1.0	0.999	5	20	20	51	0	0	1	1	2	1	1	3	1	1	1	0	0	4	2	2	0	0	1	1	2	1	1	3	1	1	1	0	0	4	2	2	3	1	3	1	3	3	3	5	3	2	2	4	2	6	4	6	3871.5515	3485.415	3910.0698	0.0	3642.3918	4202.952	4376.4717	3704.6907	2616.3555	6918.419	3528.684	6316.494	3600.3352	5399.6167	4013.3591	3565.4688	3824.851	3443.3723	3862.9048	0.0	3598.4558	4152.2544	4323.6807	3660.0032	2584.796	4356.361	3486.1196	4438.8496	3556.9065	3618.2546	3964.9482	7536.3813	
sp|Q92879|CELF1_HUMAN	Q92879	CELF1_HUMAN	CELF1	486	Homo sapiens	1:Experimental evidence at protein level	CUGBP Elav-like family member 1	1.0	0.999	2	11	11	11	0	0	1	2	0	0	1	1	0	2	1	0	0	2	1	0	0	0	1	2	0	0	1	1	0	2	1	0	0	2	1	0	0	0	1	2	0	0	1	1	0	2	1	0	0	2	1	0	0.0	0.0	0.0	0.0	0.0	0.0	0.0	0.0	0.0	0.0	0.0	0.0	0.0	0.0	0.0	0.0	0.0	0.0	0.0	0.0	0.0	0.0	0.0	0.0	0.0	0.0	0.0	0.0	0.0	0.0	0.0	0.0	
sp|Q92922|SMRC1_HUMAN	Q92922	SMRC1_HUMAN	SMARCC1	1105	Homo sapiens	1:Experimental evidence at protein level	SWI/SNF complex subunit SMARCC1	1.0	0.999	3	36	36	36	2	2	2	2	3	2	2	2	1	1	2	6	2	2	3	2	2	2	2	2	3	2	2	2	1	1	2	6	2	2	3	2	2	2	2	2	3	2	2	2	1	1	2	6	2	2	3	2	7646.5474	3858.258	0.0	4823.158	0.0	5379.993	4969.0938	6432.514	5904.5024	4710.6216	8830.453	10138.117	11931.978	3690.373	6516.374	10723.549	8496.051	4286.8965	0.0	5358.9937	0.0	5977.691	5521.142	7147.143	5521.157	4404.788	4472.487	4686.827	6384.9272	4100.3604	6093.303	5479.69	
sp|Q92928|RAB1C_HUMAN	Q92928	RAB1C_HUMAN	RAB1C	201	Homo sapiens	5:Protein uncertain	Putative Ras-related protein Rab-1C	1.0	0.999	2	30	0	30	1	2	2	1	4	2	1	1	2	3	2	2	1	3	2	1	0	0	0	0	0	0	0	0	0	0	0	0	0	0	0	0	1	2	2	1	4	2	1	1	2	3	2	2	1	3	2	1	5031.3564	5248.07	6060.9155	4833.7544	5269.7183	5638.839	4326.0303	5296.8057	3602.3208	4213.2	4298.2563	4680.9814	2962.7092	5267.8237	3808.7988	4228.301	5031.3564	5248.07	6060.9155	4833.7544	5269.7183	5638.839	4326.0303	5296.8057	3602.3208	4213.2	4298.2563	4680.9814	2962.7092	5267.8237	3808.7988	4228.301	sp|Q9H0U4|RAB1B_HUMAN
sp|Q92945|FUBP2_HUMAN	Q92945	FUBP2_HUMAN	KHSRP	711	Homo sapiens	1:Experimental evidence at protein level	Far upstream element-binding protein 2	1.0	0.999	4	27	26	27	1	0	1	0	1	1	2	2	2	3	2	4	1	3	2	2	1	0	1	0	1	1	2	2	2	3	2	4	1	2	2	2	1	0	1	0	1	1	2	2	2	3	2	4	1	3	2	2	7899.413	9930.176	6752.7383	6810.584	5993.001	8030.8916	7467.0796	7424.434	9362.797	9973.936	12059.179	12253.29	9386.811	12378.225	9381.217	9614.318	3144.821	3791.8704	3744.0645	3783.2698	3231.8032	4314.1235	4140.356	4118.575	3798.463	3825.3696	4025.7595	3906.78	3669.1975	4121.2275	3588.694	4106.5576	
sp|Q93009|UBP7_HUMAN	Q93009	UBP7_HUMAN	USP7	1102	Homo sapiens	1:Experimental evidence at protein level	Ubiquitin carboxyl-terminal hydrolase 7	0.9712	0.999	1	1	1	1	0	0	0	0	0	0	0	0	0	0	1	0	0	0	0	0	0	0	0	0	0	0	0	0	0	0	1	0	0	0	0	0	0	0	0	0	0	0	0	0	0	0	1	0	0	0	0	0	0.0	0.0	0.0	0.0	0.0	0.0	0.0	0.0	0.0	0.0	0.0	0.0	0.0	0.0	0.0	0.0	0.0	0.0	0.0	0.0	0.0	0.0	0.0	0.0	0.0	0.0	0.0	0.0	0.0	0.0	0.0	0.0	
sp|Q969X6|UTP4_HUMAN	Q969X6	UTP4_HUMAN	UTP4	686	Homo sapiens	1:Experimental evidence at protein level	U3 small nucleolar RNA-associated protein 4 homolog	0.9672	0.9989	1	1	1	1	0	0	0	0	0	0	1	0	0	0	0	0	0	0	0	0	0	0	0	0	0	0	1	0	0	0	0	0	0	0	0	0	0	0	0	0	0	0	1	0	0	0	0	0	0	0	0	0	0.0	0.0	0.0	0.0	0.0	0.0	0.0	0.0	0.0	0.0	0.0	0.0	0.0	0.0	0.0	0.0	0.0	0.0	0.0	0.0	0.0	0.0	0.0	0.0	0.0	0.0	0.0	0.0	0.0	0.0	0.0	0.0	
sp|Q96AE4|FUBP1_HUMAN	Q96AE4	FUBP1_HUMAN	FUBP1	644	Homo sapiens	1:Experimental evidence at protein level	Far upstream element-binding protein 1	1.0	0.9979	4	8	4	9	0	0	0	1	2	1	0	0	1	0	0	0	0	2	1	0	0	0	0	0	0	0	0	0	1	0	0	0	0	2	1	0	0	0	0	1	2	1	0	0	1	0	0	0	0	3	1	0	0.0	0.0	0.0	0.0	2397.5476	1771.7881	5104.074	2153.517	2925.4336	3160.5352	3116.903	2547.465	1836.505	3489.6328	2487.4639	2352.963	0.0	0.0	0.0	0.0	2133.845	1810.4408	2427.9236	1916.6549	2989.254	3229.4844	3184.9004	2603.0398	1876.5696	3565.7615	2541.7295	2404.2944	
sp|Q96AG4|LRC59_HUMAN	Q96AG4	LRC59_HUMAN	LRRC59	307	Homo sapiens	1:Experimental evidence at protein level	Leucine-rich repeat-containing protein 59	1.0	0.999	2	17	17	17	1	0	1	0	2	0	1	1	1	2	1	2	1	2	1	1	1	0	1	0	2	0	1	1	1	2	1	2	1	2	1	1	1	0	1	0	2	0	1	1	1	2	1	2	1	2	1	1	1829.1724	930.8358	0.0	0.0	2977.1052	0.0	0.0	0.0	0.0	0.0	0.0	1483.0391	1612.2848	0.0	0.0	973.1397	1829.1724	930.8358	0.0	0.0	2977.1052	0.0	0.0	0.0	0.0	0.0	0.0	1483.0391	1612.2848	0.0	0.0	973.1397	
sp|Q96C36|P5CR2_HUMAN	Q96C36	P5CR2_HUMAN	PYCR2	320	Homo sapiens	1:Experimental evidence at protein level	Pyrroline-5-carboxylate reductase 2	0.9713	0.999	1	25	25	25	2	3	1	1	1	1	1	2	1	1	2	1	2	1	3	2	2	3	1	1	1	1	1	2	1	1	2	1	2	1	3	2	2	3	1	1	1	1	1	2	1	1	2	1	2	1	3	2	8767.718	9274.263	9570.114	8910.262	9454.814	9522.819	9920.028	9177.906	4957.7456	8570.371	7728.9263	7744.3545	10159.49	8000.891	9317.551	7753.0186	8767.718	9274.263	9570.114	8910.262	9454.814	9522.819	9920.028	9177.906	4957.7456	8570.371	7728.9263	7744.3545	10159.49	8000.891	9317.551	7753.0186	
sp|Q96C90|PP14B_HUMAN	Q96C90	PP14B_HUMAN	PPP1R14B	147	Homo sapiens	1:Experimental evidence at protein level	Protein phosphatase 1 regulatory subunit 14B	0.9479	0.9981	1	1	1	1	0	1	0	0	0	0	0	0	0	0	0	0	0	0	0	0	0	1	0	0	0	0	0	0	0	0	0	0	0	0	0	0	0	1	0	0	0	0	0	0	0	0	0	0	0	0	0	0	0.0	0.0	0.0	0.0	0.0	0.0	0.0	0.0	0.0	0.0	0.0	0.0	0.0	0.0	0.0	0.0	0.0	0.0	0.0	0.0	0.0	0.0	0.0	0.0	0.0	0.0	0.0	0.0	0.0	0.0	0.0	0.0	
sp|Q96DG6|CMBL_HUMAN	Q96DG6	CMBL_HUMAN	CMBL	245	Homo sapiens	1:Experimental evidence at protein level	Carboxymethylenebutenolidase homolog	0.9713	0.999	1	16	16	16	2	0	2	2	1	1	2	0	1	1	1	0	1	1	1	0	2	0	2	2	1	1	2	0	1	1	1	0	1	1	1	0	2	0	2	2	1	1	2	0	1	1	1	0	1	1	1	0	4311.152	3759.5342	0.0	3013.077	2516.849	0.0	2992.8547	3487.404	0.0	0.0	0.0	0.0	0.0	0.0	0.0	1887.4895	4311.152	3759.5342	0.0	3013.077	2516.849	0.0	2992.8547	3487.404	0.0	0.0	0.0	0.0	0.0	0.0	0.0	1887.4895	
sp|Q96EP5|DAZP1_HUMAN	Q96EP5	DAZP1_HUMAN	DAZAP1	407	Homo sapiens	1:Experimental evidence at protein level	DAZ-associated protein 1	0.9684	0.9989	1	3	3	3	0	0	0	0	1	0	0	0	0	0	0	0	0	0	1	1	0	0	0	0	1	0	0	0	0	0	0	0	0	0	1	1	0	0	0	0	1	0	0	0	0	0	0	0	0	0	1	1	0.0	0.0	0.0	0.0	0.0	0.0	0.0	0.0	0.0	0.0	0.0	0.0	0.0	0.0	0.0	0.0	0.0	0.0	0.0	0.0	0.0	0.0	0.0	0.0	0.0	0.0	0.0	0.0	0.0	0.0	0.0	0.0	
sp|Q96EY1|DNJA3_HUMAN	Q96EY1	DNJA3_HUMAN	DNAJA3	480	Homo sapiens	1:Experimental evidence at protein level	DnaJ homolog subfamily A member 3, mitochondrial	0.9713	0.999	1	7	7	7	0	0	0	0	0	0	0	0	0	1	0	0	1	3	2	0	0	0	0	0	0	0	0	0	0	1	0	0	1	3	2	0	0	0	0	0	0	0	0	0	0	1	0	0	1	3	2	0	3003.5623	0.0	3684.5054	3342.484	0.0	4481.6343	3962.2246	3521.2068	0.0	1532.74	0.0	0.0	3363.0688	2539.119	1547.6521	2108.7903	3003.5623	0.0	3684.5054	3342.484	0.0	4481.6343	3962.2246	3521.2068	0.0	1532.74	0.0	0.0	3363.0688	2539.119	1547.6521	2108.7903	
sp|Q96G03|PGM2_HUMAN	Q96G03	PGM2_HUMAN	PGM2	612	Homo sapiens	1:Experimental evidence at protein level	Phosphopentomutase	1.0	0.999	2	5	5	5	0	0	0	0	0	0	0	0	0	2	1	2	0	0	0	0	0	0	0	0	0	0	0	0	0	2	1	2	0	0	0	0	0	0	0	0	0	0	0	0	0	2	1	2	0	0	0	0	0.0	0.0	0.0	0.0	0.0	0.0	0.0	0.0	0.0	0.0	0.0	0.0	0.0	0.0	0.0	0.0	0.0	0.0	0.0	0.0	0.0	0.0	0.0	0.0	0.0	0.0	0.0	0.0	0.0	0.0	0.0	0.0	
sp|Q96GA3|LTV1_HUMAN	Q96GA3	LTV1_HUMAN	LTV1	475	Homo sapiens	1:Experimental evidence at protein level	Protein LTV1 homolog	1.0	0.999	2	9	9	9	0	0	1	0	2	0	0	0	0	0	1	1	2	0	0	2	0	0	1	0	2	0	0	0	0	0	1	1	2	0	0	2	0	0	1	0	2	0	0	0	0	0	1	1	2	0	0	2	0.0	0.0	0.0	0.0	1677.996	4172.4614	0.0	2722.6833	0.0	0.0	0.0	0.0	0.0	0.0	0.0	0.0	0.0	0.0	0.0	0.0	1677.996	4172.4614	0.0	2722.6833	0.0	0.0	0.0	0.0	0.0	0.0	0.0	0.0	
sp|Q96GG9|DCNL1_HUMAN	Q96GG9	DCNL1_HUMAN	DCUN1D1	259	Homo sapiens	1:Experimental evidence at protein level	DCN1-like protein 1	0.9713	0.999	1	11	11	11	1	2	1	2	1	0	1	2	0	1	0	0	0	0	0	0	1	2	1	2	1	0	1	2	0	1	0	0	0	0	0	0	1	2	1	2	1	0	1	2	0	1	0	0	0	0	0	0	0.0	0.0	0.0	2857.443	0.0	0.0	0.0	0.0	0.0	0.0	0.0	0.0	0.0	0.0	0.0	0.0	0.0	0.0	0.0	0.0	0.0	0.0	0.0	0.0	0.0	0.0	0.0	0.0	0.0	0.0	0.0	0.0	
sp|Q96GU1|PAGE5_HUMAN	Q96GU1	PAGE5_HUMAN	PAGE5	130	Homo sapiens	1:Experimental evidence at protein level	P antigen family member 5	1.0	0.999	2	66	66	66	4	3	2	4	6	3	4	5	3	5	5	6	3	3	5	5	4	3	2	4	6	3	4	5	3	5	5	6	3	3	5	5	4	3	2	4	6	3	4	5	3	5	5	6	3	3	5	5	12388.283	6954.552	12573.566	13150.943	7616.0737	13773.977	3498.2473	8101.3794	3626.16	8892.293	8712.75	7673.293	7495.746	3599.854	7232.99	3272.6511	4427.6816	3883.9097	5300.1035	4590.7104	4841.6357	5648.296	4585.6694	4383.173	4753.3433	4515.2896	4541.759	3931.7144	4217.4	3440.9382	4054.4924	4289.9473	
sp|Q96HR8|NAF1_HUMAN	Q96HR8	NAF1_HUMAN	NAF1	494	Homo sapiens	1:Experimental evidence at protein level	H/ACA ribonucleoprotein complex non-core subunit NAF1	0.9711	0.999	1	13	13	13	1	1	1	1	0	1	2	0	0	1	1	1	1	1	0	1	1	1	1	1	0	1	2	0	0	1	1	1	1	1	0	1	1	1	1	1	0	1	2	0	0	1	1	1	1	1	0	1	0.0	0.0	0.0	0.0	0.0	0.0	0.0	0.0	0.0	0.0	0.0	0.0	0.0	0.0	0.0	0.0	0.0	0.0	0.0	0.0	0.0	0.0	0.0	0.0	0.0	0.0	0.0	0.0	0.0	0.0	0.0	0.0	
sp|Q96K17|BT3L4_HUMAN	Q96K17	BT3L4_HUMAN	BTF3L4	158	Homo sapiens	1:Experimental evidence at protein level	Transcription factor BTF3 homolog 4	0.9699	0.999	1	3	3	3	0	0	0	0	0	0	0	0	0	0	1	0	0	0	1	1	0	0	0	0	0	0	0	0	0	0	1	0	0	0	1	1	0	0	0	0	0	0	0	0	0	0	1	0	0	0	1	1	0.0	0.0	0.0	0.0	0.0	0.0	0.0	0.0	0.0	0.0	0.0	0.0	0.0	0.0	0.0	0.0	0.0	0.0	0.0	0.0	0.0	0.0	0.0	0.0	0.0	0.0	0.0	0.0	0.0	0.0	0.0	0.0	
sp|Q96KP4|CNDP2_HUMAN	Q96KP4	CNDP2_HUMAN	CNDP2	475	Homo sapiens	1:Experimental evidence at protein level	Cytosolic non-specific dipeptidase	0.9324	0.9976	1	1	1	1	0	0	0	0	0	0	0	0	0	0	0	0	0	0	0	1	0	0	0	0	0	0	0	0	0	0	0	0	0	0	0	1	0	0	0	0	0	0	0	0	0	0	0	0	0	0	0	1	0.0	0.0	0.0	0.0	0.0	0.0	0.0	0.0	0.0	0.0	0.0	0.0	0.0	0.0	0.0	1457.2036	0.0	0.0	0.0	0.0	0.0	0.0	0.0	0.0	0.0	0.0	0.0	0.0	0.0	0.0	0.0	0.0	
sp|Q96KQ7|EHMT2_HUMAN	Q96KQ7	EHMT2_HUMAN	EHMT2	1210	Homo sapiens	1:Experimental evidence at protein level	Histone-lysine N-methyltransferase EHMT2	0.9676	0.9989	1	2	2	2	0	0	0	0	0	0	1	1	0	0	0	0	0	0	0	0	0	0	0	0	0	0	1	1	0	0	0	0	0	0	0	0	0	0	0	0	0	0	1	1	0	0	0	0	0	0	0	0	0.0	0.0	0.0	0.0	0.0	0.0	0.0	0.0	0.0	0.0	0.0	0.0	0.0	0.0	0.0	0.0	0.0	0.0	0.0	0.0	0.0	0.0	0.0	0.0	0.0	0.0	0.0	0.0	0.0	0.0	0.0	0.0	
sp|Q96M27|PRRC1_HUMAN	Q96M27	PRRC1_HUMAN	PRRC1	445	Homo sapiens	1:Experimental evidence at protein level	Protein PRRC1	0.9057	0.9965	1	4	4	4	0	0	0	0	0	1	0	1	1	0	0	1	0	0	0	0	0	0	0	0	0	1	0	1	1	0	0	1	0	0	0	0	0	0	0	0	0	1	0	1	1	0	0	1	0	0	0	0	0.0	0.0	0.0	0.0	0.0	0.0	0.0	0.0	0.0	0.0	0.0	0.0	0.0	0.0	0.0	0.0	0.0	0.0	0.0	0.0	0.0	0.0	0.0	0.0	0.0	0.0	0.0	0.0	0.0	0.0	0.0	0.0	
sp|Q96P16|RPR1A_HUMAN	Q96P16	RPR1A_HUMAN	RPRD1A	312	Homo sapiens	1:Experimental evidence at protein level	Regulation of nuclear pre-mRNA domain-containing protein 1A	0.8857	0.9957	1	1	0	1	0	0	0	0	0	0	0	0	0	0	0	0	0	0	1	0	0	0	0	0	0	0	0	0	0	0	0	0	0	0	0	0	0	0	0	0	0	0	0	0	0	0	0	0	0	0	1	0	0.0	0.0	0.0	0.0	0.0	0.0	0.0	0.0	0.0	0.0	0.0	0.0	0.0	0.0	0.0	0.0	0.0	0.0	0.0	0.0	0.0	0.0	0.0	0.0	0.0	0.0	0.0	0.0	0.0	0.0	0.0	0.0	sp|Q9NQG5|RPR1B_HUMAN
sp|Q96PK6|RBM14_HUMAN	Q96PK6	RBM14_HUMAN	RBM14	669	Homo sapiens	1:Experimental evidence at protein level	RNA-binding protein 14	1.0	0.9988	3	8	8	8	0	0	0	0	0	0	1	0	1	1	0	1	0	1	2	1	0	0	0	0	0	0	1	0	1	1	0	1	0	1	2	1	0	0	0	0	0	0	1	0	1	1	0	1	0	1	2	1	0.0	0.0	0.0	0.0	0.0	0.0	0.0	2210.9602	0.0	1863.7534	0.0	0.0	0.0	0.0	2295.0303	0.0	0.0	0.0	0.0	0.0	0.0	0.0	0.0	2210.9602	0.0	1863.7534	0.0	0.0	0.0	0.0	2295.0303	0.0	
sp|Q96PP8|GBP5_HUMAN	Q96PP8	GBP5_HUMAN	GBP5	586	Homo sapiens	1:Experimental evidence at protein level	Guanylate-binding protein 5	0.9345	0.9976	1	1	1	1	0	0	0	0	0	0	0	0	0	0	1	0	0	0	0	0	0	0	0	0	0	0	0	0	0	0	1	0	0	0	0	0	0	0	0	0	0	0	0	0	0	0	1	0	0	0	0	0	0.0	0.0	0.0	0.0	0.0	0.0	0.0	0.0	13003.587	16215.966	4584.311	13549.679	17139.303	11014.676	9784.4795	12831.001	0.0	0.0	0.0	0.0	0.0	0.0	0.0	0.0	13003.587	16215.966	4584.311	13549.679	17139.303	11014.676	9784.4795	12831.001	
sp|Q96QK1|VPS35_HUMAN	Q96QK1	VPS35_HUMAN	VPS35	796	Homo sapiens	1:Experimental evidence at protein level	Vacuolar protein sorting-associated protein 35	0.9034	0.9964	1	2	2	2	0	0	0	1	0	0	0	0	0	0	0	0	0	0	0	1	0	0	0	1	0	0	0	0	0	0	0	0	0	0	0	1	0	0	0	1	0	0	0	0	0	0	0	0	0	0	0	1	0.0	0.0	0.0	0.0	0.0	0.0	0.0	0.0	0.0	0.0	0.0	0.0	0.0	0.0	0.0	0.0	0.0	0.0	0.0	0.0	0.0	0.0	0.0	0.0	0.0	0.0	0.0	0.0	0.0	0.0	0.0	0.0	
sp|Q96TA2|YMEL1_HUMAN	Q96TA2	YMEL1_HUMAN	YME1L1	773	Homo sapiens	1:Experimental evidence at protein level	ATP-dependent zinc metalloprotease YME1L1	0.9651	0.9988	1	3	3	3	0	0	1	1	0	0	0	0	0	0	0	0	0	0	1	0	0	0	1	1	0	0	0	0	0	0	0	0	0	0	1	0	0	0	1	1	0	0	0	0	0	0	0	0	0	0	1	0	0.0	0.0	0.0	0.0	0.0	0.0	0.0	0.0	0.0	0.0	0.0	0.0	0.0	0.0	0.0	0.0	0.0	0.0	0.0	0.0	0.0	0.0	0.0	0.0	0.0	0.0	0.0	0.0	0.0	0.0	0.0	0.0	
sp|Q99417|MYCBP_HUMAN	Q99417	MYCBP_HUMAN	MYCBP	103	Homo sapiens	1:Experimental evidence at protein level	c-Myc-binding protein	1.0	0.999	2	6	6	6	1	1	0	0	0	0	0	0	1	1	0	0	0	0	0	2	1	1	0	0	0	0	0	0	1	1	0	0	0	0	0	2	1	1	0	0	0	0	0	0	1	1	0	0	0	0	0	2	0.0	0.0	0.0	0.0	0.0	0.0	0.0	0.0	0.0	0.0	0.0	0.0	0.0	0.0	0.0	0.0	0.0	0.0	0.0	0.0	0.0	0.0	0.0	0.0	0.0	0.0	0.0	0.0	0.0	0.0	0.0	0.0	
sp|Q99436|PSB7_HUMAN	Q99436	PSB7_HUMAN	PSMB7	277	Homo sapiens	1:Experimental evidence at protein level	Proteasome subunit beta type-7	1.0	0.999	4	42	42	42	1	1	5	3	3	0	2	2	3	2	2	5	2	4	2	5	1	1	5	3	3	0	2	2	3	2	2	5	2	4	2	5	1	1	5	3	3	0	2	2	3	2	2	5	2	4	2	5	3119.1812	0.0	2104.044	4831.8906	7959.1543	4735.0273	5613.813	7268.16	6610.797	3214.5435	3599.6873	7307.6387	12223.671	6846.8267	7008.88	5737.1616	3659.1787	0.0	2468.2993	2911.0403	3692.6404	3338.6577	2995.7654	3522.8108	4201.025	3880.3813	4222.8706	4018.9373	3470.394	3485.1199	4162.13	3066.1724	
sp|Q99439|CNN2_HUMAN	Q99439	CNN2_HUMAN	CNN2	309	Homo sapiens	1:Experimental evidence at protein level	Calponin-2	0.9713	0.999	1	18	18	18	1	2	0	1	1	0	0	1	0	2	2	2	1	1	1	3	1	2	0	1	1	0	0	1	0	2	2	2	1	1	1	3	1	2	0	1	1	0	0	1	0	2	2	2	1	1	1	3	4799.212	5237.131	2999.438	4748.832	3069.9111	4567.3687	3675.3965	3582.5977	1943.5277	2829.753	3619.7017	4411.184	4811.805	3531.423	2032.1951	3619.3704	4799.212	5237.131	2999.438	4748.832	3069.9111	4567.3687	3675.3965	3582.5977	1943.5277	2829.753	3619.7017	4411.184	4811.805	3531.423	2032.1951	3619.3704	
sp|Q99459|CDC5L_HUMAN	Q99459	CDC5L_HUMAN	CDC5L	802	Homo sapiens	1:Experimental evidence at protein level	Cell division cycle 5-like protein	1.0	0.999	2	5	5	5	0	0	2	0	0	0	0	0	0	0	0	1	0	0	2	0	0	0	2	0	0	0	0	0	0	0	0	1	0	0	2	0	0	0	2	0	0	0	0	0	0	0	0	1	0	0	2	0	0.0	0.0	0.0	0.0	0.0	0.0	0.0	0.0	0.0	0.0	0.0	0.0	0.0	0.0	0.0	0.0	0.0	0.0	0.0	0.0	0.0	0.0	0.0	0.0	0.0	0.0	0.0	0.0	0.0	0.0	0.0	0.0	
sp|Q99460|PSMD1_HUMAN	Q99460	PSMD1_HUMAN	PSMD1	953	Homo sapiens	1:Experimental evidence at protein level	26S proteasome non-ATPase regulatory subunit 1	1.0	0.999	3	24	24	24	0	2	0	1	3	1	3	2	1	2	2	1	2	1	1	2	0	2	0	1	3	1	3	2	1	2	2	1	2	1	1	2	0	2	0	1	3	1	3	2	1	2	2	1	2	1	1	2	0.0	0.0	359.94376	0.0	1045.9097	0.0	1414.8169	1149.0355	0.0	3270.208	0.0	0.0	3236.661	0.0	0.0	3749.9036	0.0	0.0	359.94376	0.0	1045.9097	0.0	1414.8169	1149.0355	0.0	3270.208	0.0	0.0	3236.661	0.0	0.0	3749.9036	
sp|Q99471|PFD5_HUMAN	Q99471	PFD5_HUMAN	PFDN5	154	Homo sapiens	1:Experimental evidence at protein level	Prefoldin subunit 5	1.0	0.999	3	75	75	75	5	4	5	7	6	5	6	6	3	4	4	3	2	4	5	6	5	4	5	7	6	5	6	6	3	4	4	3	2	4	5	6	5	4	5	7	6	5	6	6	3	4	4	3	2	4	5	6	10161.875	11581.92	10231.299	11660.352	9925.092	11834.798	7281.1133	11017.531	4546.872	7254.9287	6407.459	0.0	7258.4727	5984.916	7713.772	7109.7188	7144.1357	8225.563	7217.6523	8276.715	7020.397	8346.41	7281.1133	7486.6006	4546.872	7254.9287	6407.459	0.0	5737.8555	4250.92	5273.561	7109.7188	
sp|Q99497|PARK7_HUMAN	Q99497	PARK7_HUMAN	PARK7	189	Homo sapiens	1:Experimental evidence at protein level	Parkinson disease protein 7	1.0	0.999	10	219	219	219	12	13	13	11	16	12	15	15	14	15	14	14	10	12	18	15	12	13	13	11	16	12	15	15	14	15	14	14	10	12	18	15	12	13	13	11	16	12	15	15	14	15	14	14	10	12	18	15	50897.953	38620.88	53593.98	42000.508	51581.21	55087.266	38781.918	53501.332	54489.29	60980.45	57405.25	54347.652	57749.348	49457.785	51087.066	63754.668	19355.066	16912.473	18410.904	17726.383	19434.514	19652.37	18785.639	19299.082	19967.732	20291.303	18768.465	19450.566	19317.219	18660.096	19463.424	21289.133	
sp|Q99541|PLIN2_HUMAN	Q99541	PLIN2_HUMAN	PLIN2	437	Homo sapiens	1:Experimental evidence at protein level	Perilipin-2	0.9713	0.999	1	15	15	15	1	1	1	0	0	1	2	2	0	2	1	1	2	0	0	1	1	1	1	0	0	1	2	2	0	2	1	1	2	0	0	1	1	1	1	0	0	1	2	2	0	2	1	1	2	0	0	1	0.0	0.0	3114.2832	0.0	0.0	1939.9086	2577.2659	2116.3198	0.0	1265.7413	0.0	1570.5474	982.5261	0.0	0.0	1495.3768	0.0	0.0	3114.2832	0.0	0.0	1939.9086	2577.2659	2116.3198	0.0	1265.7413	0.0	1570.5474	982.5261	0.0	0.0	1495.3768	
sp|Q99543|DNJC2_HUMAN	Q99543	DNJC2_HUMAN	DNAJC2	621	Homo sapiens	1:Experimental evidence at protein level	DnaJ homolog subfamily C member 2	0.9703	0.999	1	11	11	11	1	1	0	1	2	1	2	1	0	0	0	0	0	1	1	0	1	1	0	1	2	1	2	1	0	0	0	0	0	1	1	0	1	1	0	1	2	1	2	1	0	0	0	0	0	1	1	0	0.0	0.0	0.0	0.0	0.0	0.0	0.0	0.0	0.0	0.0	0.0	0.0	0.0	0.0	0.0	0.0	0.0	0.0	0.0	0.0	0.0	0.0	0.0	0.0	0.0	0.0	0.0	0.0	0.0	0.0	0.0	0.0	
sp|Q99598|TSNAX_HUMAN	Q99598	TSNAX_HUMAN	TSNAX	290	Homo sapiens	1:Experimental evidence at protein level	Translin-associated protein X	0.9221	0.9971	1	1	1	1	0	0	0	0	0	0	0	0	0	0	0	0	0	0	0	1	0	0	0	0	0	0	0	0	0	0	0	0	0	0	0	1	0	0	0	0	0	0	0	0	0	0	0	0	0	0	0	1	0.0	0.0	0.0	0.0	0.0	0.0	0.0	0.0	0.0	0.0	0.0	0.0	0.0	0.0	0.0	0.0	0.0	0.0	0.0	0.0	0.0	0.0	0.0	0.0	0.0	0.0	0.0	0.0	0.0	0.0	0.0	0.0	
sp|Q99614|TTC1_HUMAN	Q99614	TTC1_HUMAN	TTC1	292	Homo sapiens	1:Experimental evidence at protein level	Tetratricopeptide repeat protein 1	1.0	0.999	2	16	16	16	1	1	0	0	2	2	1	0	1	1	1	2	2	0	0	2	1	1	0	0	2	2	1	0	1	1	1	2	2	0	0	2	1	1	0	0	2	2	1	0	1	1	1	2	2	0	0	2	0.0	0.0	3536.273	0.0	0.0	0.0	0.0	0.0	0.0	2521.0986	5537.393	1910.7395	0.0	0.0	0.0	1763.7189	0.0	0.0	3536.273	0.0	0.0	0.0	0.0	0.0	0.0	2521.0986	5537.393	1910.7395	0.0	0.0	0.0	1763.7189	
sp|Q99615|DNJC7_HUMAN	Q99615	DNJC7_HUMAN	DNAJC7	494	Homo sapiens	1:Experimental evidence at protein level	DnaJ homolog subfamily C member 7	0.9713	0.999	1	39	39	39	2	3	2	2	4	3	2	2	1	1	2	4	1	3	3	4	2	3	2	2	4	3	2	2	1	1	2	4	1	3	3	4	2	3	2	2	4	3	2	2	1	1	2	4	1	3	3	4	0.0	0.0	0.0	0.0	1995.336	2799.6714	2305.7341	0.0	0.0	0.0	0.0	0.0	2754.4285	0.0	0.0	0.0	0.0	0.0	0.0	0.0	1995.336	2799.6714	2305.7341	0.0	0.0	0.0	0.0	0.0	2754.4285	0.0	0.0	0.0	
sp|Q99622|C10_HUMAN	Q99622	C10_HUMAN	C12orf57	126	Homo sapiens	1:Experimental evidence at protein level	Protein C10	0.9167	0.9969	1	1	1	1	0	0	0	1	0	0	0	0	0	0	0	0	0	0	0	0	0	0	0	1	0	0	0	0	0	0	0	0	0	0	0	0	0	0	0	1	0	0	0	0	0	0	0	0	0	0	0	0	0.0	0.0	0.0	0.0	0.0	0.0	0.0	0.0	0.0	0.0	0.0	0.0	0.0	0.0	0.0	0.0	0.0	0.0	0.0	0.0	0.0	0.0	0.0	0.0	0.0	0.0	0.0	0.0	0.0	0.0	0.0	0.0	
sp|Q99623|PHB2_HUMAN	Q99623	PHB2_HUMAN	PHB2	299	Homo sapiens	1:Experimental evidence at protein level	Prohibitin-2	1.0	0.999	3	49	49	49	3	1	3	3	2	3	4	3	4	4	3	3	2	4	5	2	3	1	3	3	2	3	4	3	4	4	3	3	2	4	5	2	3	1	3	3	2	3	4	3	4	4	3	3	2	4	5	2	8109.755	13198.343	11296.438	14003.716	10415.764	12901.679	13234.212	5353.837	10183.27	11150.287	3176.0535	10377.584	8966.757	10042.828	9634.737	9721.782	5618.913	5796.7197	5455.241	6382.277	5848.2456	6454.272	6026.3545	8044.2236	6566.84	7546.4116	8295.582	7257.3003	6133.447	7121.752	6586.228	6899.4595	
sp|Q99661|KIF2C_HUMAN	Q99661	KIF2C_HUMAN	KIF2C	725	Homo sapiens	1:Experimental evidence at protein level	Kinesin-like protein KIF2C	1.0	0.9988	2	3	3	3	0	0	1	0	0	0	0	1	1	0	0	0	0	0	0	0	0	0	1	0	0	0	0	1	1	0	0	0	0	0	0	0	0	0	1	0	0	0	0	1	1	0	0	0	0	0	0	0	0.0	0.0	0.0	0.0	0.0	0.0	0.0	0.0	0.0	0.0	0.0	0.0	0.0	0.0	0.0	0.0	0.0	0.0	0.0	0.0	0.0	0.0	0.0	0.0	0.0	0.0	0.0	0.0	0.0	0.0	0.0	0.0	
sp|Q99714|HCD2_HUMAN	Q99714	HCD2_HUMAN	HSD17B10	261	Homo sapiens	1:Experimental evidence at protein level	3-hydroxyacyl-CoA dehydrogenase type-2	1.0	0.999	5	57	57	57	3	4	3	3	4	5	2	6	3	4	3	3	3	5	5	1	3	4	3	3	4	5	2	6	3	4	3	3	3	5	5	1	3	4	3	3	4	5	2	6	3	4	3	3	3	5	5	1	4368.373	4448.5547	6875.321	11134.48	13698.119	9078.832	6959.9883	10881.387	4404.9175	8401.649	7147.419	5580.175	9206.021	4239.1206	11207.882	2912.625	4377.2163	2888.1619	4734.5117	5423.898	4718.917	4207.263	4426.4883	4408.701	4413.835	5212.438	4454.411	5591.471	6161.778	4247.702	5492.901	5913.32	
sp|Q99729|ROAA_HUMAN	Q99729	ROAA_HUMAN	HNRNPAB	332	Homo sapiens	1:Experimental evidence at protein level	Heterogeneous nuclear ribonucleoprotein A/B	1.0	0.999	5	60	60	77	4	5	4	3	5	2	4	3	3	6	5	3	4	2	1	6	4	5	4	3	5	2	4	3	3	6	5	3	4	2	1	6	5	6	5	4	6	3	5	4	4	7	6	4	5	3	3	7	11512.649	12257.447	9154.556	7246.9023	8320.604	8181.1665	8752.804	11255.68	13396.047	7885.0386	10594.096	11201.936	12689.665	3843.2744	10174.233	11302.055	10992.338	8698.223	8740.817	6919.3804	7944.5557	7811.4204	8357.223	8133.862	10177.437	7528.6763	7639.8306	8599.254	9525.262	8678.423	7841.351	7593.107	
sp|Q99733|NP1L4_HUMAN	Q99733	NP1L4_HUMAN	NAP1L4	375	Homo sapiens	1:Experimental evidence at protein level	Nucleosome assembly protein 1-like 4	1.0	0.9988	3	8	8	13	0	1	0	0	1	0	0	0	1	0	0	2	1	1	1	0	0	1	0	0	1	0	0	0	1	0	0	2	1	1	1	0	0	1	0	0	1	0	0	0	1	1	0	3	1	2	2	1	1550.3511	3932.1453	0.0	1326.038	3348.3271	3628.2563	3035.2087	3579.7786	1365.8395	2239.9053	2760.9087	0.0	0.0	3058.6956	2063.5361	0.0	1550.3511	3932.1453	0.0	1326.038	3348.3271	3628.2563	3035.2087	3579.7786	1365.8395	2239.9053	2760.9087	0.0	0.0	3058.6956	2063.5361	0.0	
sp|Q99798|ACON_HUMAN	Q99798	ACON_HUMAN	ACO2	780	Homo sapiens	1:Experimental evidence at protein level	Aconitate hydratase, mitochondrial	1.0	0.999	3	13	13	13	0	1	1	1	2	1	2	2	0	1	0	1	1	0	0	0	0	1	1	1	2	1	2	2	0	1	0	1	1	0	0	0	0	1	1	1	2	1	2	2	0	1	0	1	1	0	0	0	4405.7285	3702.8872	4660.481	7679.4883	6034.215	7605.9873	3203.382	6353.77	3429.8682	4057.9973	2928.025	4432.48	4156.211	3536.3408	2300.5117	2889.7756	4405.7285	3702.8872	3310.7212	4987.8965	4022.0295	4590.2725	3203.382	4354.7485	3429.8682	4057.9973	2928.025	4432.48	4156.211	3536.3408	2300.5117	2889.7756	
sp|Q99832|TCPH_HUMAN	Q99832	TCPH_HUMAN	CCT7	543	Homo sapiens	1:Experimental evidence at protein level	T-complex protein 1 subunit eta	1.0	0.999	13	193	190	193	12	10	9	13	10	8	15	14	12	15	14	13	12	13	13	10	12	10	9	13	10	8	15	14	11	15	14	12	12	13	12	10	12	10	9	13	10	8	15	14	12	15	14	13	12	13	13	10	40101.883	47344.082	46048.293	54661.434	58879.887	50565.85	56712.883	57262.75	38917.766	48419.85	50015.57	33135.953	55863.188	43023.418	53348.68	44542.312	9832.898	10450.61	9595.383	10953.488	10432.741	9447.333	10434.588	10842.196	8424.493	8650.923	9277.947	8730.626	9393.941	7988.4717	8522.358	9441.226	
sp|Q99873|ANM1_HUMAN	Q99873	ANM1_HUMAN	PRMT1	371	Homo sapiens	1:Experimental evidence at protein level	Protein arginine N-methyltransferase 1	1.0	0.999	2	9	4	9	0	0	0	0	1	0	1	1	0	2	1	0	1	0	1	1	0	0	0	0	1	0	1	1	0	0	0	0	0	0	1	0	0	0	0	0	1	0	1	1	0	2	1	0	1	0	1	1	0.0	0.0	0.0	0.0	0.0	0.0	0.0	0.0	0.0	0.0	0.0	0.0	0.0	0.0	0.0	0.0	0.0	0.0	0.0	0.0	0.0	0.0	0.0	0.0	0.0	0.0	0.0	0.0	0.0	0.0	0.0	0.0	
sp|Q9BPX5|ARP5L_HUMAN	Q9BPX5	ARP5L_HUMAN	ARPC5L	153	Homo sapiens	1:Experimental evidence at protein level	Actin-related protein 2/3 complex subunit 5-like protein	1.0	0.9989	2	2	2	2	0	1	0	0	0	0	0	0	0	0	0	0	0	1	0	0	0	1	0	0	0	0	0	0	0	0	0	0	0	1	0	0	0	1	0	0	0	0	0	0	0	0	0	0	0	1	0	0	0.0	0.0	0.0	0.0	0.0	0.0	0.0	0.0	0.0	0.0	0.0	0.0	0.0	0.0	0.0	0.0	0.0	0.0	0.0	0.0	0.0	0.0	0.0	0.0	0.0	0.0	0.0	0.0	0.0	0.0	0.0	0.0	
sp|Q9BQE3|TBA1C_HUMAN	Q9BQE3	TBA1C_HUMAN	TUBA1C	449	Homo sapiens	1:Experimental evidence at protein level	Tubulin alpha-1C chain	1.0	0.999	16	59	59	424	4	5	5	5	5	3	2	2	2	3	4	4	3	5	4	3	4	5	5	5	5	3	2	2	2	3	4	4	3	5	4	3	23	28	25	20	23	20	25	22	25	33	32	34	21	32	32	29	14093.003	15775.545	13743.027	14960.389	16177.826	12400.179	14688.91	14159.078	13518.603	13804.986	13961.803	13748.5	19301.996	7305.267	16591.195	17922.453	7918.0957	9482.794	8267.487	8263.677	9106.397	7267.3574	8669.551	8219.191	6811.7656	8381.519	8495.126	8317.995	11627.97	10728.67	9588.593	10460.331	
sp|Q9BSL1|UBAC1_HUMAN	Q9BSL1	UBAC1_HUMAN	UBAC1	405	Homo sapiens	1:Experimental evidence at protein level	Ubiquitin-associated domain-containing protein 1	1.0	0.999	2	13	13	13	1	0	0	0	1	0	1	2	0	2	1	1	0	2	1	1	1	0	0	0	1	0	1	2	0	2	1	1	0	2	1	1	1	0	0	0	1	0	1	2	0	2	1	1	0	2	1	1	0.0	0.0	0.0	0.0	0.0	3009.448	2038.5859	4475.444	0.0	0.0	0.0	0.0	1256.1951	0.0	0.0	2185.6277	0.0	0.0	0.0	0.0	0.0	3009.448	2038.5859	4475.444	0.0	0.0	0.0	0.0	1256.1951	0.0	0.0	2185.6277	
sp|Q9BT78|CSN4_HUMAN	Q9BT78	CSN4_HUMAN	COPS4	406	Homo sapiens	1:Experimental evidence at protein level	COP9 signalosome complex subunit 4	1.0	0.999	2	10	10	10	1	1	0	0	0	0	1	2	0	1	1	0	1	0	1	1	1	1	0	0	0	0	1	2	0	1	1	0	1	0	1	1	1	1	0	0	0	0	1	2	0	1	1	0	1	0	1	1	0.0	0.0	0.0	0.0	0.0	0.0	0.0	0.0	0.0	0.0	0.0	0.0	0.0	0.0	0.0	0.0	0.0	0.0	0.0	0.0	0.0	0.0	0.0	0.0	0.0	0.0	0.0	0.0	0.0	0.0	0.0	0.0	
sp|Q9BTT0|AN32E_HUMAN	Q9BTT0	AN32E_HUMAN	ANP32E	268	Homo sapiens	1:Experimental evidence at protein level	Acidic leucine-rich nuclear phosphoprotein 32 family member E	1.0	0.999	2	59	59	59	4	5	3	5	6	5	5	5	1	3	4	3	2	3	3	2	4	5	3	5	6	5	5	5	1	3	4	3	2	3	3	2	4	5	3	5	6	5	5	5	1	3	4	3	2	3	3	2	11577.613	14178.959	13855.792	16167.689	21633.312	18925.203	21585.18	21583.111	0.0	6958.8203	9325.684	9194.523	16503.387	8551.559	0.0	9660.626	11098.691	8877.765	13282.63	10482.392	14797.487	12948.703	14773.467	14729.012	0.0	6670.9604	4700.4966	8814.181	11080.642	20332.938	0.0	9261.002	
sp|Q9BUF5|TBB6_HUMAN	Q9BUF5	TBB6_HUMAN	TUBB6	446	Homo sapiens	1:Experimental evidence at protein level	Tubulin beta-6 chain	1.0	0.999	7	17	3	141	1	3	2	0	0	0	0	0	1	1	2	4	1	1	1	0	0	0	1	0	0	0	0	0	0	0	1	1	0	0	0	0	7	11	9	5	7	4	10	4	6	12	12	16	7	14	11	6	3590.9695	3538.4893	2996.0063	0.0	3115.6296	0.0	0.0	0.0	3478.0784	2931.4888	3346.6846	5927.379	0.0	4005.2488	2521.9844	2831.8347	3590.9695	3538.4893	2996.0063	0.0	3115.6296	0.0	0.0	0.0	3478.0784	2931.4888	3346.6846	5927.379	0.0	4005.2488	2521.9844	2831.8347	
sp|Q9BUJ2|HNRL1_HUMAN	Q9BUJ2	HNRL1_HUMAN	HNRNPUL1	856	Homo sapiens	1:Experimental evidence at protein level	Heterogeneous nuclear ribonucleoprotein U-like protein 1	0.9708	0.999	1	12	12	12	1	2	0	0	0	1	1	1	0	1	1	1	0	1	1	1	1	2	0	0	0	1	1	1	0	1	1	1	0	1	1	1	1	2	0	0	0	1	1	1	0	1	1	1	0	1	1	1	230.20049	0.0	0.0	0.0	0.0	1704.9071	2487.3433	0.0	0.0	2147.1128	0.0	2246.3552	2261.674	0.0	0.0	0.0	230.20049	0.0	0.0	0.0	0.0	1704.9071	2487.3433	0.0	0.0	2147.1128	0.0	2246.3552	2261.674	0.0	0.0	0.0	
sp|Q9BWD1|THIC_HUMAN	Q9BWD1	THIC_HUMAN	ACAT2	397	Homo sapiens	1:Experimental evidence at protein level	Acetyl-CoA acetyltransferase, cytosolic	1.0	0.999	2	25	25	25	1	1	3	1	2	1	3	2	3	2	1	2	1	1	0	1	1	1	3	1	2	1	3	2	3	2	1	2	1	1	0	1	1	1	3	1	2	1	3	2	3	2	1	2	1	1	0	1	1120.2677	0.0	2570.736	0.0	0.0	3541.096	2002.6034	1962.9863	0.0	0.0	0.0	0.0	0.0	1687.942	0.0	0.0	1120.2677	0.0	2570.736	0.0	0.0	3541.096	2002.6034	1962.9863	0.0	0.0	0.0	0.0	0.0	1687.942	0.0	0.0	
sp|Q9BXL5|HEMGN_HUMAN	Q9BXL5	HEMGN_HUMAN	HEMGN	484	Homo sapiens	1:Experimental evidence at protein level	Hemogen	1.0	0.999	2	5	5	5	0	0	0	0	1	0	1	0	0	0	0	2	0	1	0	0	0	0	0	0	1	0	1	0	0	0	0	2	0	1	0	0	0	0	0	0	1	0	1	0	0	0	0	2	0	1	0	0	0.0	0.0	0.0	0.0	0.0	0.0	0.0	0.0	2770.1643	2933.161	0.0	2061.939	3014.019	3312.7563	2525.4287	2368.9683	0.0	0.0	0.0	0.0	0.0	0.0	0.0	0.0	2770.1643	2933.161	0.0	2061.939	3014.019	3312.7563	2525.4287	2368.9683	
sp|Q9BXP5|SRRT_HUMAN	Q9BXP5	SRRT_HUMAN	SRRT	876	Homo sapiens	1:Experimental evidence at protein level	Serrate RNA effector molecule homolog	1.0	0.999	2	26	26	26	1	1	0	2	3	1	1	2	1	2	0	3	0	2	4	3	1	1	0	2	3	1	1	2	1	2	0	3	0	2	4	3	1	1	0	2	3	1	1	2	1	2	0	3	0	2	4	3	3795.7224	3782.9243	4891.051	5465.5693	3964.5825	5076.407	4881.934	3535.5623	0.0	0.0	1760.7448	2325.2087	2948.9229	3429.034	2839.6802	2302.0264	3795.7224	3782.9243	4891.051	5465.5693	3964.5825	5076.407	4881.934	3535.5623	0.0	0.0	1760.7448	2325.2087	2948.9229	3429.034	2839.6802	2302.0264	
sp|Q9BY44|EIF2A_HUMAN	Q9BY44	EIF2A_HUMAN	EIF2A	585	Homo sapiens	1:Experimental evidence at protein level	Eukaryotic translation initiation factor 2A	1.0	0.999	2	4	4	4	0	0	1	1	0	1	0	0	0	0	0	0	0	0	1	0	0	0	1	1	0	1	0	0	0	0	0	0	0	0	1	0	0	0	1	1	0	1	0	0	0	0	0	0	0	0	1	0	0.0	0.0	0.0	0.0	0.0	0.0	0.0	0.0	0.0	0.0	0.0	0.0	0.0	0.0	0.0	0.0	0.0	0.0	0.0	0.0	0.0	0.0	0.0	0.0	0.0	0.0	0.0	0.0	0.0	0.0	0.0	0.0	
sp|Q9BZZ5|API5_HUMAN	Q9BZZ5	API5_HUMAN	API5	524	Homo sapiens	1:Experimental evidence at protein level	Apoptosis inhibitor 5	1.0	0.999	2	5	5	5	0	0	0	0	0	0	0	0	1	0	1	0	1	0	1	1	0	0	0	0	0	0	0	0	1	0	1	0	1	0	1	1	0	0	0	0	0	0	0	0	1	0	1	0	1	0	1	1	655.39404	1946.4999	0.0	0.0	0.0	0.0	0.0	0.0	0.0	0.0	1868.138	2300.2756	1166.3785	0.0	650.521	0.0	655.39404	1946.4999	0.0	0.0	0.0	0.0	0.0	0.0	0.0	0.0	1868.138	2300.2756	1166.3785	0.0	650.521	0.0	
sp|Q9C005|DPY30_HUMAN	Q9C005	DPY30_HUMAN	DPY30	99	Homo sapiens	1:Experimental evidence at protein level	Protein dpy-30 homolog	1.0	0.999	2	57	57	57	3	5	3	0	4	0	3	3	4	4	6	5	3	3	5	6	3	5	3	0	4	0	3	3	4	4	6	5	3	3	5	6	3	5	3	0	4	0	3	3	4	4	6	5	3	3	5	6	0.0	3583.3486	0.0	0.0	0.0	0.0	0.0	0.0	0.0	2857.8826	4086.1682	708.49115	0.0	0.0	0.0	3371.6123	0.0	3583.3486	0.0	0.0	0.0	0.0	0.0	0.0	0.0	2857.8826	4086.1682	708.49115	0.0	0.0	0.0	3371.6123	
sp|Q9C0C9|UBE2O_HUMAN	Q9C0C9	UBE2O_HUMAN	UBE2O	1292	Homo sapiens	1:Experimental evidence at protein level	(E3-independent) E2 ubiquitin-conjugating enzyme	1.0	0.999	2	2	2	2	0	0	0	0	0	0	0	0	0	0	0	1	0	1	0	0	0	0	0	0	0	0	0	0	0	0	0	1	0	1	0	0	0	0	0	0	0	0	0	0	0	0	0	1	0	1	0	0	0.0	0.0	0.0	0.0	0.0	0.0	0.0	0.0	0.0	0.0	0.0	0.0	0.0	0.0	0.0	0.0	0.0	0.0	0.0	0.0	0.0	0.0	0.0	0.0	0.0	0.0	0.0	0.0	0.0	0.0	0.0	0.0	
sp|Q9GZL7|WDR12_HUMAN	Q9GZL7	WDR12_HUMAN	WDR12	423	Homo sapiens	1:Experimental evidence at protein level	Ribosome biogenesis protein WDR12	1.0	0.999	2	16	16	16	1	2	2	0	1	1	0	1	0	1	2	2	1	1	1	0	1	2	2	0	1	1	0	1	0	1	2	2	1	1	1	0	1	2	2	0	1	1	0	1	0	1	2	2	1	1	1	0	0.0	0.0	0.0	0.0	0.0	0.0	0.0	0.0	0.0	0.0	0.0	0.0	0.0	997.8227	0.0	0.0	0.0	0.0	0.0	0.0	0.0	0.0	0.0	0.0	0.0	0.0	0.0	0.0	0.0	0.0	0.0	0.0	
sp|Q9GZP4|PITH1_HUMAN	Q9GZP4	PITH1_HUMAN	PITHD1	211	Homo sapiens	1:Experimental evidence at protein level	PITH domain-containing protein 1	0.9713	0.999	1	9	9	9	0	2	1	0	2	1	0	2	0	0	1	0	0	0	0	0	0	2	1	0	2	1	0	2	0	0	1	0	0	0	0	0	0	2	1	0	2	1	0	2	0	0	1	0	0	0	0	0	0.0	0.0	0.0	0.0	0.0	0.0	0.0	0.0	0.0	0.0	0.0	0.0	0.0	0.0	0.0	0.0	0.0	0.0	0.0	0.0	0.0	0.0	0.0	0.0	0.0	0.0	0.0	0.0	0.0	0.0	0.0	0.0	
sp|Q9GZS3|SKI8_HUMAN	Q9GZS3	SKI8_HUMAN	SKIC8	305	Homo sapiens	1:Experimental evidence at protein level	Superkiller complex protein 8	1.0	0.999	2	8	8	8	0	1	1	0	0	1	0	0	0	0	1	1	1	0	1	1	0	1	1	0	0	1	0	0	0	0	1	1	1	0	1	1	0	1	1	0	0	1	0	0	0	0	1	1	1	0	1	1	0.0	0.0	0.0	0.0	0.0	0.0	0.0	0.0	0.0	0.0	0.0	0.0	0.0	0.0	0.0	0.0	0.0	0.0	0.0	0.0	0.0	0.0	0.0	0.0	0.0	0.0	0.0	0.0	0.0	0.0	0.0	0.0	
sp|Q9GZT3|SLIRP_HUMAN	Q9GZT3	SLIRP_HUMAN	SLIRP	109	Homo sapiens	1:Experimental evidence at protein level	SRA stem-loop-interacting RNA-binding protein, mitochondrial	0.9658	0.9988	1	1	1	1	0	0	0	0	0	0	0	0	0	0	0	1	0	0	0	0	0	0	0	0	0	0	0	0	0	0	0	1	0	0	0	0	0	0	0	0	0	0	0	0	0	0	0	1	0	0	0	0	0.0	0.0	0.0	0.0	0.0	0.0	0.0	0.0	3651.094	2736.9182	0.0	2300.8486	3041.2468	2882.037	2123.3213	2327.0151	0.0	0.0	0.0	0.0	0.0	0.0	0.0	0.0	3651.094	2736.9182	0.0	2300.8486	3041.2468	2882.037	2123.3213	2327.0151	
sp|Q9H0A0|NAT10_HUMAN	Q9H0A0	NAT10_HUMAN	NAT10	1025	Homo sapiens	1:Experimental evidence at protein level	RNA cytidine acetyltransferase	0.9692	0.9989	1	2	2	2	1	0	0	0	1	0	0	0	0	0	0	0	0	0	0	0	1	0	0	0	1	0	0	0	0	0	0	0	0	0	0	0	1	0	0	0	1	0	0	0	0	0	0	0	0	0	0	0	0.0	0.0	0.0	0.0	0.0	0.0	0.0	0.0	0.0	0.0	0.0	0.0	0.0	0.0	0.0	0.0	0.0	0.0	0.0	0.0	0.0	0.0	0.0	0.0	0.0	0.0	0.0	0.0	0.0	0.0	0.0	0.0	
sp|Q9H0L4|CSTFT_HUMAN	Q9H0L4	CSTFT_HUMAN	CSTF2T	616	Homo sapiens	1:Experimental evidence at protein level	Cleavage stimulation factor subunit 2 tau variant	1.0	0.9989	2	5	1	5	1	0	0	0	1	0	0	0	0	0	1	1	0	1	0	0	0	0	0	0	0	0	0	0	0	0	1	0	0	0	0	0	1	0	0	0	1	0	0	0	0	0	1	1	0	1	0	0	0.0	0.0	0.0	0.0	0.0	0.0	0.0	0.0	0.0	0.0	4388.015	0.0	0.0	0.0	0.0	0.0	0.0	0.0	0.0	0.0	0.0	0.0	0.0	0.0	0.0	0.0	0.0	0.0	0.0	0.0	0.0	0.0	
sp|Q9H2J4|PDCL3_HUMAN	Q9H2J4	PDCL3_HUMAN	PDCL3	239	Homo sapiens	1:Experimental evidence at protein level	Phosducin-like protein 3	0.8555	0.9943	1	1	1	1	0	0	0	0	0	0	0	0	0	0	0	0	0	0	0	1	0	0	0	0	0	0	0	0	0	0	0	0	0	0	0	1	0	0	0	0	0	0	0	0	0	0	0	0	0	0	0	1	0.0	0.0	0.0	0.0	0.0	0.0	0.0	0.0	0.0	0.0	0.0	0.0	0.0	0.0	0.0	0.0	0.0	0.0	0.0	0.0	0.0	0.0	0.0	0.0	0.0	0.0	0.0	0.0	0.0	0.0	0.0	0.0	
sp|Q9H444|CHM4B_HUMAN	Q9H444	CHM4B_HUMAN	CHMP4B	224	Homo sapiens	1:Experimental evidence at protein level	Charged multivesicular body protein 4b	0.9664	0.9988	1	2	2	2	1	0	0	0	1	0	0	0	0	0	0	0	0	0	0	0	1	0	0	0	1	0	0	0	0	0	0	0	0	0	0	0	1	0	0	0	1	0	0	0	0	0	0	0	0	0	0	0	0.0	0.0	0.0	0.0	2600.022	3005.5046	0.0	0.0	0.0	0.0	0.0	0.0	0.0	0.0	0.0	0.0	0.0	0.0	0.0	0.0	2600.022	3005.5046	0.0	0.0	0.0	0.0	0.0	0.0	0.0	0.0	0.0	0.0	
sp|Q9H4L7|SMRCD_HUMAN	Q9H4L7	SMRCD_HUMAN	SMARCAD1	1026	Homo sapiens	1:Experimental evidence at protein level	SWI/SNF-related matrix-associated actin-dependent regulator of chromatin subfamily A containing DEAD/H box 1	0.9497	0.9982	1	1	1	1	0	0	1	0	0	0	0	0	0	0	0	0	0	0	0	0	0	0	1	0	0	0	0	0	0	0	0	0	0	0	0	0	0	0	1	0	0	0	0	0	0	0	0	0	0	0	0	0	0.0	0.0	0.0	0.0	0.0	0.0	0.0	0.0	0.0	0.0	0.0	0.0	0.0	0.0	0.0	0.0	0.0	0.0	0.0	0.0	0.0	0.0	0.0	0.0	0.0	0.0	0.0	0.0	0.0	0.0	0.0	0.0	
sp|Q9H4M9|EHD1_HUMAN	Q9H4M9	EHD1_HUMAN	EHD1	534	Homo sapiens	1:Experimental evidence at protein level	EH domain-containing protein 1	0.9706	0.999	1	6	6	6	0	1	0	1	1	0	1	0	0	1	0	0	0	1	0	0	0	1	0	1	1	0	1	0	0	1	0	0	0	1	0	0	0	1	0	1	1	0	1	0	0	1	0	0	0	1	0	0	0.0	0.0	0.0	0.0	0.0	1988.6989	0.0	0.0	0.0	3502.4414	0.0	0.0	0.0	1558.0581	2179.9304	1935.7869	0.0	0.0	0.0	0.0	0.0	1988.6989	0.0	0.0	0.0	3502.4414	0.0	0.0	0.0	1558.0581	2179.9304	1935.7869	
sp|Q9H583|HEAT1_HUMAN	Q9H583	HEAT1_HUMAN	HEATR1	2144	Homo sapiens	1:Experimental evidence at protein level	HEAT repeat-containing protein 1	0.9997	0.9988	2	6	6	6	0	0	0	0	0	1	1	1	0	1	0	0	1	0	0	1	0	0	0	0	0	1	1	1	0	1	0	0	1	0	0	1	0	0	0	0	0	1	1	1	0	1	0	0	1	0	0	1	0.0	0.0	2681.4905	0.0	0.0	2105.0425	2456.9702	2524.4558	2448.4458	2247.5933	0.0	0.0	0.0	0.0	0.0	0.0	0.0	0.0	2681.4905	0.0	0.0	2105.0425	2456.9702	2524.4558	2448.4458	2247.5933	0.0	0.0	0.0	0.0	0.0	0.0	
sp|Q9H7Z7|PGES2_HUMAN	Q9H7Z7	PGES2_HUMAN	PTGES2	377	Homo sapiens	1:Experimental evidence at protein level	Prostaglandin E synthase 2	0.9473	0.9981	1	1	1	1	0	0	0	0	0	0	0	1	0	0	0	0	0	0	0	0	0	0	0	0	0	0	0	1	0	0	0	0	0	0	0	0	0	0	0	0	0	0	0	1	0	0	0	0	0	0	0	0	0.0	0.0	0.0	0.0	0.0	0.0	0.0	0.0	0.0	0.0	0.0	0.0	0.0	0.0	0.0	0.0	0.0	0.0	0.0	0.0	0.0	0.0	0.0	0.0	0.0	0.0	0.0	0.0	0.0	0.0	0.0	0.0	
sp|Q9H993|ARMT1_HUMAN	Q9H993	ARMT1_HUMAN	DCPH1	441	Homo sapiens	1:Experimental evidence at protein level	Damage-control phosphatase 1	0.9689	0.9989	1	1	1	1	0	0	0	0	0	0	0	1	0	0	0	0	0	0	0	0	0	0	0	0	0	0	0	1	0	0	0	0	0	0	0	0	0	0	0	0	0	0	0	1	0	0	0	0	0	0	0	0	0.0	0.0	0.0	0.0	0.0	0.0	0.0	0.0	0.0	0.0	0.0	0.0	0.0	0.0	0.0	0.0	0.0	0.0	0.0	0.0	0.0	0.0	0.0	0.0	0.0	0.0	0.0	0.0	0.0	0.0	0.0	0.0	
sp|Q9HAV4|XPO5_HUMAN	Q9HAV4	XPO5_HUMAN	XPO5	1204	Homo sapiens	1:Experimental evidence at protein level	Exportin-5	1.0	0.9988	3	17	17	17	0	1	0	1	2	2	1	3	1	1	0	1	1	2	1	0	0	1	0	1	2	2	1	3	1	1	0	1	1	2	1	0	0	1	0	1	2	2	1	3	1	1	0	1	1	2	1	0	0.0	0.0	0.0	0.0	0.0	0.0	0.0	0.0	0.0	0.0	0.0	0.0	0.0	0.0	0.0	0.0	0.0	0.0	0.0	0.0	0.0	0.0	0.0	0.0	0.0	0.0	0.0	0.0	0.0	0.0	0.0	0.0	
sp|Q9HB71|CYBP_HUMAN	Q9HB71	CYBP_HUMAN	CACYBP	228	Homo sapiens	1:Experimental evidence at protein level	Calcyclin-binding protein	1.0	0.999	5	46	46	46	2	2	1	1	1	1	5	4	2	2	4	6	2	4	5	4	2	2	1	1	1	1	5	4	2	2	4	6	2	4	5	4	2	2	1	1	1	1	5	4	2	2	4	6	2	4	5	4	19078.441	15629.091	12191.918	10772.606	13713.92	18887.54	13153.172	18505.354	16058.542	21432.957	18704.625	19671.81	21365.738	16347.332	21144.707	19805.355	9417.413	9786.515	8243.359	7750.5415	7658.028	9116.11	9181.741	9586.293	10245.853	9885.664	8879.804	9712.743	10249.184	8812.517	9383.396	8680.252	
sp|Q9NP97|DLRB1_HUMAN	Q9NP97	DLRB1_HUMAN	DYNLRB1	96	Homo sapiens	1:Experimental evidence at protein level	Dynein light chain roadblock-type 1	1.0	0.999	2	9	9	9	0	0	0	1	1	0	2	2	0	0	2	1	0	0	0	0	0	0	0	1	1	0	2	2	0	0	2	1	0	0	0	0	0	0	0	1	1	0	2	2	0	0	2	1	0	0	0	0	2893.74	4284.2944	3101.6865	0.0	3590.5732	2370.2046	6376.6855	3184.9397	1240.6666	0.0	2344.4263	0.0	0.0	1829.5369	1625.4159	2036.8379	2942.616	1980.1703	3154.0747	0.0	3651.2188	2410.2378	3210.0452	3238.734	1261.6217	0.0	2384.0242	0.0	0.0	1860.4381	1652.8695	2071.2405	
sp|Q9NPA8|ENY2_HUMAN	Q9NPA8	ENY2_HUMAN	ENY2	101	Homo sapiens	1:Experimental evidence at protein level	Transcription and mRNA export factor ENY2	0.9713	0.999	1	4	4	4	0	0	0	0	0	0	0	1	1	0	1	0	0	0	0	1	0	0	0	0	0	0	0	1	1	0	1	0	0	0	0	1	0	0	0	0	0	0	0	1	1	0	1	0	0	0	0	1	0.0	0.0	0.0	0.0	0.0	0.0	0.0	0.0	0.0	0.0	0.0	0.0	0.0	0.0	0.0	0.0	0.0	0.0	0.0	0.0	0.0	0.0	0.0	0.0	0.0	0.0	0.0	0.0	0.0	0.0	0.0	0.0	
sp|Q9NPH2|INO1_HUMAN	Q9NPH2	INO1_HUMAN	ISYNA1	558	Homo sapiens	1:Experimental evidence at protein level	Inositol-3-phosphate synthase 1	0.9461	0.9981	1	1	1	1	0	0	0	1	0	0	0	0	0	0	0	0	0	0	0	0	0	0	0	1	0	0	0	0	0	0	0	0	0	0	0	0	0	0	0	1	0	0	0	0	0	0	0	0	0	0	0	0	3255.0696	0.0	2869.8457	4049.739	4104.7075	0.0	3548.333	2995.2722	0.0	0.0	0.0	0.0	1099.2784	0.0	0.0	0.0	3255.0696	0.0	2869.8457	4049.739	4104.7075	0.0	3548.333	2995.2722	0.0	0.0	0.0	0.0	1099.2784	0.0	0.0	0.0	
sp|Q9NPJ3|ACO13_HUMAN	Q9NPJ3	ACO13_HUMAN	ACOT13	140	Homo sapiens	1:Experimental evidence at protein level	Acyl-coenzyme A thioesterase 13	0.9712	0.999	1	1	1	1	0	0	0	0	0	0	0	0	0	0	0	1	0	0	0	0	0	0	0	0	0	0	0	0	0	0	0	1	0	0	0	0	0	0	0	0	0	0	0	0	0	0	0	1	0	0	0	0	0.0	0.0	0.0	0.0	0.0	0.0	0.0	0.0	0.0	0.0	0.0	0.0	0.0	0.0	0.0	0.0	0.0	0.0	0.0	0.0	0.0	0.0	0.0	0.0	0.0	0.0	0.0	0.0	0.0	0.0	0.0	0.0	
sp|Q9NQ50|RM40_HUMAN	Q9NQ50	RM40_HUMAN	MRPL40	206	Homo sapiens	1:Experimental evidence at protein level	Large ribosomal subunit protein mL40	0.954	0.9984	1	6	6	6	1	0	1	0	1	1	1	0	0	0	0	0	0	0	0	1	1	0	1	0	1	1	1	0	0	0	0	0	0	0	0	1	1	0	1	0	1	1	1	0	0	0	0	0	0	0	0	1	0.0	3190.5496	0.0	2752.4014	2108.83	1580.6415	2680.0684	0.0	0.0	0.0	0.0	0.0	0.0	0.0	1470.8837	2752.4014	0.0	3190.5496	0.0	2752.4014	2108.83	1580.6415	2680.0684	0.0	0.0	0.0	0.0	0.0	0.0	0.0	1470.8837	2752.4014	
sp|Q9NQZ2|SAS10_HUMAN	Q9NQZ2	SAS10_HUMAN	UTP3	479	Homo sapiens	1:Experimental evidence at protein level	Something about silencing protein 10	0.9709	0.999	1	6	6	6	1	1	0	1	1	0	1	1	0	0	0	0	0	0	0	0	1	1	0	1	1	0	1	1	0	0	0	0	0	0	0	0	1	1	0	1	1	0	1	1	0	0	0	0	0	0	0	0	0.0	0.0	0.0	0.0	0.0	0.0	0.0	0.0	0.0	0.0	0.0	0.0	0.0	0.0	0.0	0.0	0.0	0.0	0.0	0.0	0.0	0.0	0.0	0.0	0.0	0.0	0.0	0.0	0.0	0.0	0.0	0.0	
sp|Q9NR30|DDX21_HUMAN	Q9NR30	DDX21_HUMAN	DDX21	783	Homo sapiens	1:Experimental evidence at protein level	Nucleolar RNA helicase 2	1.0	0.999	7	107	93	107	7	4	4	5	10	5	7	6	3	8	7	10	4	9	9	9	7	4	4	5	8	4	7	5	3	8	6	8	3	8	6	7	7	4	4	5	10	5	7	6	3	8	7	10	4	9	9	9	12815.06	12402.8	13706.529	17943.6	17472.207	21581.95	17214.37	14784.487	12030.381	15790.935	13255.434	9386.428	15655.783	14347.5205	17251.424	17668.76	7066.424	5680.076	7975.387	6894.491	6990.9155	6921.93	6876.585	7031.77	5502.4365	5526.836	5049.74	4350.0366	5130.759	5491.4497	4629.634	5485.969	
sp|Q9NR31|SAR1A_HUMAN	Q9NR31	SAR1A_HUMAN	SAR1A	198	Homo sapiens	1:Experimental evidence at protein level	Small COPII coat GTPase SAR1A	1.0	0.999	3	31	31	31	2	2	2	2	4	2	3	2	1	1	1	2	1	2	3	1	2	2	2	2	4	2	3	2	1	1	1	2	1	2	3	1	2	2	2	2	4	2	3	2	1	1	1	2	1	2	3	1	6865.6445	0.0	0.0	0.0	0.0	0.0	0.0	2465.7493	0.0	3882.8079	3132.397	3704.495	2227.487	0.0	0.0	0.0	3739.1167	0.0	0.0	0.0	0.0	0.0	0.0	2465.7493	0.0	3882.8079	3132.397	3704.495	2227.487	0.0	0.0	0.0	
sp|Q9NR45|SIAS_HUMAN	Q9NR45	SIAS_HUMAN	NANS	359	Homo sapiens	1:Experimental evidence at protein level	N-acetylneuraminate-9-phosphate synthase	1.0	0.999	3	3	3	3	0	0	0	0	0	0	0	0	0	1	0	0	0	0	1	1	0	0	0	0	0	0	0	0	0	1	0	0	0	0	1	1	0	0	0	0	0	0	0	0	0	1	0	0	0	0	1	1	0.0	0.0	0.0	0.0	0.0	0.0	0.0	0.0	0.0	0.0	0.0	0.0	0.0	0.0	0.0	1365.9591	0.0	0.0	0.0	0.0	0.0	0.0	0.0	0.0	0.0	0.0	0.0	0.0	0.0	0.0	0.0	0.0	
sp|Q9NRX4|PHP14_HUMAN	Q9NRX4	PHP14_HUMAN	PHPT1	125	Homo sapiens	1:Experimental evidence at protein level	14 kDa phosphohistidine phosphatase	0.9713	0.999	1	22	22	22	1	2	1	1	1	1	1	1	2	2	2	1	1	2	2	1	1	2	1	1	1	1	1	1	2	2	2	1	1	2	2	1	1	2	1	1	1	1	1	1	2	2	2	1	1	2	2	1	4357.025	5583.7754	4924.949	5232.985	5219.6997	0.0	0.0	0.0	2053.0984	4596.1533	3634.1262	0.0	3292.6196	3688.478	0.0	3449.578	4357.025	5583.7754	4924.949	5232.985	5219.6997	0.0	0.0	0.0	2053.0984	4596.1533	3634.1262	0.0	3292.6196	3688.478	0.0	3449.578	
sp|Q9NSD9|SYFB_HUMAN	Q9NSD9	SYFB_HUMAN	FARSB	589	Homo sapiens	1:Experimental evidence at protein level	Phenylalanine--tRNA ligase beta subunit	1.0	0.9989	2	8	8	8	0	2	0	0	1	0	0	2	0	1	0	0	0	0	1	1	0	2	0	0	1	0	0	2	0	1	0	0	0	0	1	1	0	2	0	0	1	0	0	2	0	1	0	0	0	0	1	1	7006.365	0.0	5963.805	5296.551	0.0	6466.9688	6449.241	6348.5283	4289.218	3779.091	0.0	3735.818	4197.8105	4005.2947	3453.6653	3857.9478	7006.365	0.0	5963.805	5296.551	0.0	6466.9688	6449.241	6348.5283	4289.218	3779.091	0.0	3735.818	4197.8105	4005.2947	3453.6653	3857.9478	
sp|Q9NTK5|OLA1_HUMAN	Q9NTK5	OLA1_HUMAN	OLA1	396	Homo sapiens	1:Experimental evidence at protein level	Obg-like ATPase 1	1.0	0.999	8	50	50	50	6	4	2	2	3	3	6	5	1	3	2	2	3	1	4	3	6	4	2	2	3	3	6	5	1	3	2	2	3	1	4	3	6	4	2	2	3	3	6	5	1	3	2	2	3	1	4	3	11854.436	19653.902	22209.336	24809.04	23448.113	27257.969	27927.889	21019.33	12356.969	16994.756	7959.856	7950.8677	20430.932	17912.93	17615.066	21315.395	11176.352	10051.452	11122.591	12732.273	11894.427	12560.032	12608.722	12257.287	6461.22	7698.8174	8556.235	7137.725	10046.525	8845.583	7886.596	9588.633	
sp|Q9NVM6|DJC17_HUMAN	Q9NVM6	DJC17_HUMAN	DNAJC17	304	Homo sapiens	1:Experimental evidence at protein level	DnaJ homolog subfamily C member 17	0.9706	0.999	1	1	1	1	0	0	1	0	0	0	0	0	0	0	0	0	0	0	0	0	0	0	1	0	0	0	0	0	0	0	0	0	0	0	0	0	0	0	1	0	0	0	0	0	0	0	0	0	0	0	0	0	0.0	0.0	0.0	0.0	0.0	0.0	0.0	0.0	0.0	0.0	0.0	0.0	0.0	0.0	0.0	0.0	0.0	0.0	0.0	0.0	0.0	0.0	0.0	0.0	0.0	0.0	0.0	0.0	0.0	0.0	0.0	0.0	
sp|Q9NVP1|DDX18_HUMAN	Q9NVP1	DDX18_HUMAN	DDX18	670	Homo sapiens	1:Experimental evidence at protein level	ATP-dependent RNA helicase DDX18	0.97	0.999	1	7	7	7	1	1	0	1	1	0	0	1	0	0	1	0	0	1	0	0	1	1	0	1	1	0	0	1	0	0	1	0	0	1	0	0	1	1	0	1	1	0	0	1	0	0	1	0	0	1	0	0	0.0	0.0	0.0	0.0	0.0	0.0	0.0	0.0	0.0	0.0	0.0	0.0	0.0	0.0	0.0	0.0	0.0	0.0	0.0	0.0	0.0	0.0	0.0	0.0	0.0	0.0	0.0	0.0	0.0	0.0	0.0	0.0	
sp|Q9NW68|BSDC1_HUMAN	Q9NW68	BSDC1_HUMAN	BSDC1	430	Homo sapiens	1:Experimental evidence at protein level	BSD domain-containing protein 1	0.967	0.9988	1	5	5	5	0	0	0	0	0	0	1	0	0	1	1	1	0	1	0	0	0	0	0	0	0	0	1	0	0	1	1	1	0	1	0	0	0	0	0	0	0	0	1	0	0	1	1	1	0	1	0	0	0.0	0.0	0.0	0.0	0.0	0.0	0.0	0.0	0.0	0.0	0.0	0.0	0.0	0.0	0.0	0.0	0.0	0.0	0.0	0.0	0.0	0.0	0.0	0.0	0.0	0.0	0.0	0.0	0.0	0.0	0.0	0.0	
sp|Q9NWU2|GID8_HUMAN	Q9NWU2	GID8_HUMAN	GID8	228	Homo sapiens	1:Experimental evidence at protein level	Glucose-induced degradation protein 8 homolog	0.8649	0.9947	1	1	1	1	0	0	0	0	0	0	0	0	0	0	0	1	0	0	0	0	0	0	0	0	0	0	0	0	0	0	0	1	0	0	0	0	0	0	0	0	0	0	0	0	0	0	0	1	0	0	0	0	0.0	0.0	0.0	0.0	0.0	0.0	0.0	0.0	0.0	0.0	0.0	0.0	0.0	0.0	0.0	0.0	0.0	0.0	0.0	0.0	0.0	0.0	0.0	0.0	0.0	0.0	0.0	0.0	0.0	0.0	0.0	0.0	
sp|Q9NX55|HYPK_HUMAN	Q9NX55	HYPK_HUMAN	HYPK	121	Homo sapiens	1:Experimental evidence at protein level	Huntingtin-interacting protein K	0.9702	0.999	1	9	9	9	0	0	0	0	0	1	1	2	0	0	0	3	0	2	0	0	0	0	0	0	0	1	1	2	0	0	0	3	0	2	0	0	0	0	0	0	0	1	1	2	0	0	0	3	0	2	0	0	0.0	0.0	0.0	0.0	0.0	0.0	0.0	0.0	0.0	0.0	0.0	0.0	0.0	0.0	0.0	0.0	0.0	0.0	0.0	0.0	0.0	0.0	0.0	0.0	0.0	0.0	0.0	0.0	0.0	0.0	0.0	0.0	
sp|Q9NY61|AATF_HUMAN	Q9NY61	AATF_HUMAN	AATF	560	Homo sapiens	1:Experimental evidence at protein level	Protein AATF	1.0	0.999	3	12	12	12	1	0	0	0	2	0	1	2	0	3	0	1	0	0	2	0	1	0	0	0	2	0	1	2	0	3	0	1	0	0	2	0	1	0	0	0	2	0	1	2	0	3	0	1	0	0	2	0	0.0	0.0	0.0	0.0	0.0	0.0	0.0	0.0	0.0	0.0	0.0	0.0	0.0	0.0	0.0	0.0	0.0	0.0	0.0	0.0	0.0	0.0	0.0	0.0	0.0	0.0	0.0	0.0	0.0	0.0	0.0	0.0	
sp|Q9NYB0|TE2IP_HUMAN	Q9NYB0	TE2IP_HUMAN	TERF2IP	399	Homo sapiens	1:Experimental evidence at protein level	Telomeric repeat-binding factor 2-interacting protein 1	0.9681	0.9989	1	1	1	1	0	0	0	0	0	0	1	0	0	0	0	0	0	0	0	0	0	0	0	0	0	0	1	0	0	0	0	0	0	0	0	0	0	0	0	0	0	0	1	0	0	0	0	0	0	0	0	0	0.0	0.0	0.0	0.0	0.0	0.0	0.0	0.0	0.0	0.0	0.0	0.0	0.0	0.0	0.0	0.0	0.0	0.0	0.0	0.0	0.0	0.0	0.0	0.0	0.0	0.0	0.0	0.0	0.0	0.0	0.0	0.0	
sp|Q9NZ63|TLS1_HUMAN	Q9NZ63	TLS1_HUMAN	C9orf78	289	Homo sapiens	1:Experimental evidence at protein level	Splicing factor C9orf78	0.9689	0.9989	1	2	2	2	0	0	0	0	1	0	0	1	0	0	0	0	0	0	0	0	0	0	0	0	1	0	0	1	0	0	0	0	0	0	0	0	0	0	0	0	1	0	0	1	0	0	0	0	0	0	0	0	0.0	0.0	0.0	0.0	3306.9512	0.0	0.0	0.0	0.0	0.0	0.0	0.0	0.0	0.0	0.0	0.0	0.0	0.0	0.0	0.0	0.0	0.0	0.0	0.0	0.0	0.0	0.0	0.0	0.0	0.0	0.0	0.0	
sp|Q9NZI8|IF2B1_HUMAN	Q9NZI8	IF2B1_HUMAN	IGF2BP1	577	Homo sapiens	1:Experimental evidence at protein level	Insulin-like growth factor 2 mRNA-binding protein 1	1.0	0.999	6	45	42	45	3	3	2	1	3	1	4	3	5	2	3	3	3	4	2	3	3	3	2	1	2	1	4	2	4	2	3	3	3	4	2	3	3	3	2	1	3	1	4	3	5	2	3	3	3	4	2	3	13381.398	8638.042	8722.151	10717.436	13386.041	10876.965	15337.129	13599.21	11643.568	13987.305	10214.344	14589.072	11465.473	8883.134	6943.383	17802.027	5220.3677	5536.027	5389.5967	6809.859	5841.2485	6812.4014	5460.963	6886.828	5827.2524	6118.962	6444.8354	7149.176	5807.831	5780.5015	6512.8394	6042.578	
sp|Q9NZZ3|CHMP5_HUMAN	Q9NZZ3	CHMP5_HUMAN	CHMP5	219	Homo sapiens	1:Experimental evidence at protein level	Charged multivesicular body protein 5	0.971	0.999	1	6	6	6	1	0	0	0	2	1	1	1	0	0	0	0	0	0	0	0	1	0	0	0	2	1	1	1	0	0	0	0	0	0	0	0	1	0	0	0	2	1	1	1	0	0	0	0	0	0	0	0	2096.743	0.0	2011.2145	0.0	3582.9229	2520.305	2726.5085	0.0	0.0	0.0	0.0	0.0	0.0	0.0	0.0	0.0	2096.743	0.0	2011.2145	0.0	3582.9229	2520.305	2726.5085	0.0	0.0	0.0	0.0	0.0	0.0	0.0	0.0	0.0	
sp|Q9P258|RCC2_HUMAN	Q9P258	RCC2_HUMAN	RCC2	522	Homo sapiens	1:Experimental evidence at protein level	Protein RCC2	1.0	0.999	3	76	76	76	4	5	3	7	4	3	6	6	3	5	6	4	5	7	5	3	4	5	3	7	4	3	6	6	3	5	6	4	5	7	5	3	4	5	3	7	4	3	6	6	3	5	6	4	5	7	5	3	8089.744	7140.385	0.0	7600.93	10620.324	12036.016	10164.141	8558.291	4697.906	7591.051	0.0	6368.4834	7161.527	3404.5237	4643.085	6155.33	8089.744	7140.385	0.0	7600.93	6537.8584	7596.483	6789.4688	8558.291	4697.906	5771.272	0.0	4197.8594	7161.527	3404.5237	4643.085	6155.33	
sp|Q9P2J5|SYLC_HUMAN	Q9P2J5	SYLC_HUMAN	LARS1	1176	Homo sapiens	1:Experimental evidence at protein level	Leucine--tRNA ligase, cytoplasmic	1.0	0.999	2	20	20	20	1	1	4	0	2	1	2	1	1	0	0	0	1	2	3	1	1	1	4	0	2	1	2	1	1	0	0	0	1	2	3	1	1	1	4	0	2	1	2	1	1	0	0	0	1	2	3	1	0.0	0.0	0.0	0.0	0.0	0.0	0.0	0.0	0.0	0.0	0.0	0.0	0.0	0.0	0.0	0.0	0.0	0.0	0.0	0.0	0.0	0.0	0.0	0.0	0.0	0.0	0.0	0.0	0.0	0.0	0.0	0.0	
sp|Q9P2K3|RCOR3_HUMAN	Q9P2K3	RCOR3_HUMAN	RCOR3	495	Homo sapiens	1:Experimental evidence at protein level	REST corepressor 3	0.9712	0.999	1	2	0	2	1	0	1	0	0	0	0	0	0	0	0	0	0	0	0	0	0	0	0	0	0	0	0	0	0	0	0	0	0	0	0	0	1	0	1	0	0	0	0	0	0	0	0	0	0	0	0	0	0.0	0.0	0.0	0.0	0.0	0.0	0.0	0.0	0.0	0.0	0.0	0.0	0.0	0.0	0.0	0.0	0.0	0.0	0.0	0.0	0.0	0.0	0.0	0.0	0.0	0.0	0.0	0.0	0.0	0.0	0.0	0.0	sp|Q9UKL0|RCOR1_HUMAN
sp|Q9UBE0|SAE1_HUMAN	Q9UBE0	SAE1_HUMAN	SAE1	346	Homo sapiens	1:Experimental evidence at protein level	SUMO-activating enzyme subunit 1	1.0	0.9987	3	5	5	5	2	1	0	0	0	0	0	0	0	0	1	0	0	1	0	0	2	1	0	0	0	0	0	0	0	0	1	0	0	1	0	0	2	1	0	0	0	0	0	0	0	0	1	0	0	1	0	0	0.0	0.0	0.0	0.0	0.0	0.0	0.0	0.0	0.0	0.0	0.0	0.0	0.0	0.0	0.0	0.0	0.0	0.0	0.0	0.0	0.0	0.0	0.0	0.0	0.0	0.0	0.0	0.0	0.0	0.0	0.0	0.0	
sp|Q9UBQ7|GRHPR_HUMAN	Q9UBQ7	GRHPR_HUMAN	GRHPR	328	Homo sapiens	1:Experimental evidence at protein level	Glyoxylate reductase/hydroxypyruvate reductase	0.9578	0.9985	1	1	1	1	0	0	0	0	0	0	0	0	0	0	0	0	0	0	0	1	0	0	0	0	0	0	0	0	0	0	0	0	0	0	0	1	0	0	0	0	0	0	0	0	0	0	0	0	0	0	0	1	0.0	0.0	0.0	0.0	0.0	0.0	0.0	0.0	0.0	0.0	0.0	0.0	0.0	0.0	0.0	0.0	0.0	0.0	0.0	0.0	0.0	0.0	0.0	0.0	0.0	0.0	0.0	0.0	0.0	0.0	0.0	0.0	
sp|Q9UBX3|DIC_HUMAN	Q9UBX3	DIC_HUMAN	SLC25A10	287	Homo sapiens	1:Experimental evidence at protein level	Mitochondrial dicarboxylate carrier	0.9713	0.999	1	6	6	6	0	0	0	0	0	0	0	1	1	1	0	0	1	1	1	0	0	0	0	0	0	0	0	1	1	1	0	0	1	1	1	0	0	0	0	0	0	0	0	1	1	1	0	0	1	1	1	0	0.0	0.0	0.0	0.0	0.0	0.0	0.0	0.0	0.0	0.0	0.0	0.0	0.0	0.0	0.0	0.0	0.0	0.0	0.0	0.0	0.0	0.0	0.0	0.0	0.0	0.0	0.0	0.0	0.0	0.0	0.0	0.0	
sp|Q9UG63|ABCF2_HUMAN	Q9UG63	ABCF2_HUMAN	ABCF2	623	Homo sapiens	1:Experimental evidence at protein level	ATP-binding cassette sub-family F member 2	0.9649	0.9988	1	2	2	2	0	0	1	0	1	0	0	0	0	0	0	0	0	0	0	0	0	0	1	0	1	0	0	0	0	0	0	0	0	0	0	0	0	0	1	0	1	0	0	0	0	0	0	0	0	0	0	0	0.0	0.0	0.0	0.0	0.0	0.0	0.0	0.0	0.0	0.0	0.0	0.0	0.0	0.0	0.0	0.0	0.0	0.0	0.0	0.0	0.0	0.0	0.0	0.0	0.0	0.0	0.0	0.0	0.0	0.0	0.0	0.0	
sp|Q9UHB9|SRP68_HUMAN	Q9UHB9	SRP68_HUMAN	SRP68	627	Homo sapiens	1:Experimental evidence at protein level	Signal recognition particle subunit SRP68	0.9398	0.9978	1	4	4	4	0	1	0	0	0	1	1	1	0	0	0	0	0	0	0	0	0	1	0	0	0	1	1	1	0	0	0	0	0	0	0	0	0	1	0	0	0	1	1	1	0	0	0	0	0	0	0	0	0.0	0.0	0.0	0.0	0.0	0.0	0.0	0.0	0.0	0.0	0.0	0.0	0.0	0.0	0.0	0.0	0.0	0.0	0.0	0.0	0.0	0.0	0.0	0.0	0.0	0.0	0.0	0.0	0.0	0.0	0.0	0.0	
sp|Q9UHV9|PFD2_HUMAN	Q9UHV9	PFD2_HUMAN	PFDN2	154	Homo sapiens	1:Experimental evidence at protein level	Prefoldin subunit 2	1.0	0.999	1	47	47	47	3	2	3	3	4	5	4	3	2	1	2	3	2	2	4	4	3	2	3	3	4	5	4	3	2	1	2	3	2	2	4	4	3	2	3	3	4	5	4	3	2	1	2	3	2	2	4	4	0.0	0.0	1481.0454	4135.1807	0.0	3771.3171	6133.575	7158.668	3532.3242	4965.741	4487.6123	0.0	4735.7695	3005.9414	5393.505	4143.573	0.0	0.0	1651.3434	4610.6646	0.0	3973.5803	3278.823	3523.5303	3938.4885	5232.064	4728.292	0.0	4989.7583	3167.156	2982.8198	4365.8013	
sp|Q9UHX1|PUF60_HUMAN	Q9UHX1	PUF60_HUMAN	PUF60	559	Homo sapiens	1:Experimental evidence at protein level	Poly(U)-binding-splicing factor PUF60	1.0	0.999	3	56	56	56	4	3	3	3	5	5	4	5	1	3	3	2	4	5	3	3	4	3	3	3	5	5	4	5	1	3	3	2	4	5	3	3	4	3	3	3	5	5	4	5	1	3	3	2	4	5	3	3	0.0	0.0	0.0	0.0	0.0	0.0	0.0	0.0	0.0	0.0	0.0	0.0	0.0	0.0	0.0	0.0	0.0	0.0	0.0	0.0	0.0	0.0	0.0	0.0	0.0	0.0	0.0	0.0	0.0	0.0	0.0	0.0	
sp|Q9UI26|IPO11_HUMAN	Q9UI26	IPO11_HUMAN	IPO11	975	Homo sapiens	1:Experimental evidence at protein level	Importin-11	0.9713	0.999	1	10	10	10	1	1	0	1	0	1	0	2	0	0	1	0	1	1	1	0	1	1	0	1	0	1	0	2	0	0	1	0	1	1	1	0	1	1	0	1	0	1	0	2	0	0	1	0	1	1	1	0	0.0	0.0	0.0	0.0	0.0	0.0	0.0	0.0	0.0	0.0	0.0	0.0	0.0	0.0	0.0	0.0	0.0	0.0	0.0	0.0	0.0	0.0	0.0	0.0	0.0	0.0	0.0	0.0	0.0	0.0	0.0	0.0	
sp|Q9UI30|TR112_HUMAN	Q9UI30	TR112_HUMAN	TRMT112	125	Homo sapiens	1:Experimental evidence at protein level	Multifunctional methyltransferase subunit TRM112-like protein	0.9707	0.999	1	4	4	4	0	1	0	0	1	0	0	0	0	0	1	0	0	0	0	1	0	1	0	0	1	0	0	0	0	0	1	0	0	0	0	1	0	1	0	0	1	0	0	0	0	0	1	0	0	0	0	1	2654.9473	2551.5037	0.0	0.0	2763.756	0.0	2803.4495	0.0	0.0	2214.4868	1138.7504	1857.2562	2753.765	1192.1562	2391.5276	0.0	2654.9473	2551.5037	0.0	0.0	2763.756	0.0	2803.4495	0.0	0.0	2214.4868	1138.7504	1857.2562	2753.765	1192.1562	2391.5276	0.0	
sp|Q9UIA9|XPO7_HUMAN	Q9UIA9	XPO7_HUMAN	XPO7	1087	Homo sapiens	1:Experimental evidence at protein level	Exportin-7	1.0	0.9949	2	2	2	2	1	0	0	0	0	0	0	0	0	0	1	0	0	0	0	0	1	0	0	0	0	0	0	0	0	0	1	0	0	0	0	0	1	0	0	0	0	0	0	0	0	0	1	0	0	0	0	0	0.0	0.0	0.0	0.0	0.0	0.0	0.0	0.0	0.0	0.0	0.0	0.0	0.0	0.0	0.0	0.0	0.0	0.0	0.0	0.0	0.0	0.0	0.0	0.0	0.0	0.0	0.0	0.0	0.0	0.0	0.0	0.0	
sp|Q9UII2|ATIF1_HUMAN	Q9UII2	ATIF1_HUMAN	ATP5IF1	106	Homo sapiens	1:Experimental evidence at protein level	ATPase inhibitor, mitochondrial	1.0	0.9985	2	24	24	24	2	1	1	0	2	2	2	1	2	3	1	2	0	1	3	1	2	1	1	0	2	2	2	1	2	3	1	2	0	1	3	1	2	1	1	0	2	2	2	1	2	3	1	2	0	1	3	1	8810.135	9450.069	6355.122	8742.888	6277.302	8818.889	10291.549	7909.203	9745.52	9538.691	9580.5625	8433.653	8432.872	10214.079	9058.322	3837.7266	5367.6025	5794.8955	6172.9575	5397.9097	6097.368	5373.038	6380.856	4885.826	5741.23	5916.593	5788.516	5107.3335	5137.31	6244.4	5436.9727	6320.59	
sp|Q9UJS0|S2513_HUMAN	Q9UJS0	S2513_HUMAN	SLC25A13	675	Homo sapiens	1:Experimental evidence at protein level	Electrogenic aspartate/glutamate antiporter SLC25A13, mitochondrial	0.9713	0.999	1	4	4	4	0	0	0	0	0	0	0	1	0	2	0	0	0	0	1	0	0	0	0	0	0	0	0	1	0	2	0	0	0	0	1	0	0	0	0	0	0	0	0	1	0	2	0	0	0	0	1	0	0.0	0.0	0.0	0.0	0.0	0.0	0.0	0.0	0.0	0.0	0.0	0.0	0.0	0.0	0.0	0.0	0.0	0.0	0.0	0.0	0.0	0.0	0.0	0.0	0.0	0.0	0.0	0.0	0.0	0.0	0.0	0.0	
sp|Q9UJZ1|STML2_HUMAN	Q9UJZ1	STML2_HUMAN	STOML2	356	Homo sapiens	1:Experimental evidence at protein level	Stomatin-like protein 2, mitochondrial	1.0	0.999	2	5	5	5	0	0	0	0	0	0	0	1	0	2	0	2	0	0	0	0	0	0	0	0	0	0	0	1	0	2	0	2	0	0	0	0	0	0	0	0	0	0	0	1	0	2	0	2	0	0	0	0	0.0	0.0	0.0	0.0	0.0	0.0	0.0	0.0	0.0	0.0	0.0	0.0	0.0	0.0	0.0	0.0	0.0	0.0	0.0	0.0	0.0	0.0	0.0	0.0	0.0	0.0	0.0	0.0	0.0	0.0	0.0	0.0	
sp|Q9UKK9|NUDT5_HUMAN	Q9UKK9	NUDT5_HUMAN	NUDT5	219	Homo sapiens	1:Experimental evidence at protein level	ADP-sugar pyrophosphatase	1.0	0.9975	2	2	2	2	0	0	0	0	2	0	0	0	0	0	0	0	0	0	0	0	0	0	0	0	2	0	0	0	0	0	0	0	0	0	0	0	0	0	0	0	2	0	0	0	0	0	0	0	0	0	0	0	0.0	0.0	0.0	0.0	0.0	0.0	0.0	0.0	0.0	0.0	0.0	0.0	0.0	0.0	0.0	0.0	0.0	0.0	0.0	0.0	0.0	0.0	0.0	0.0	0.0	0.0	0.0	0.0	0.0	0.0	0.0	0.0	
sp|Q9UKM9|RALY_HUMAN	Q9UKM9	RALY_HUMAN	RALY	306	Homo sapiens	1:Experimental evidence at protein level	RNA-binding protein Raly	1.0	0.997	2	3	3	3	0	0	0	0	1	0	0	0	0	0	1	0	0	1	0	0	0	0	0	0	1	0	0	0	0	0	1	0	0	1	0	0	0	0	0	0	1	0	0	0	0	0	1	0	0	1	0	0	2468.681	0.0	3124.4395	3320.054	2449.1526	2706.502	0.0	0.0	2666.0564	3124.7517	2208.78	2084.6646	0.0	2152.1067	2371.4707	2422.269	2468.681	0.0	3124.4395	3320.054	2449.1526	2706.502	0.0	0.0	2666.0564	3124.7517	2208.78	2084.6646	0.0	2152.1067	2371.4707	2422.269	
sp|Q9UL46|PSME2_HUMAN	Q9UL46	PSME2_HUMAN	PSME2	239	Homo sapiens	1:Experimental evidence at protein level	Proteasome activator complex subunit 2	0.9555	0.9984	1	1	1	1	0	1	0	0	0	0	0	0	0	0	0	0	0	0	0	0	0	1	0	0	0	0	0	0	0	0	0	0	0	0	0	0	0	1	0	0	0	0	0	0	0	0	0	0	0	0	0	0	0.0	0.0	0.0	0.0	0.0	0.0	0.0	0.0	0.0	0.0	0.0	0.0	0.0	0.0	0.0	0.0	0.0	0.0	0.0	0.0	0.0	0.0	0.0	0.0	0.0	0.0	0.0	0.0	0.0	0.0	0.0	0.0	
sp|Q9ULC4|MCTS1_HUMAN	Q9ULC4	MCTS1_HUMAN	MCTS1	181	Homo sapiens	1:Experimental evidence at protein level	Malignant T-cell-amplified sequence 1	1.0	0.999	1	9	9	9	1	0	1	0	1	1	1	1	1	1	0	0	0	0	0	1	1	0	1	0	1	1	1	1	1	1	0	0	0	0	0	1	1	0	1	0	1	1	1	1	1	1	0	0	0	0	0	1	0.0	0.0	0.0	0.0	4304.818	3244.302	1682.136	0.0	0.0	0.0	0.0	0.0	0.0	0.0	0.0	0.0	0.0	0.0	0.0	0.0	4304.818	3244.302	1682.136	0.0	0.0	0.0	0.0	0.0	0.0	0.0	0.0	0.0	
sp|Q9ULV4|COR1C_HUMAN	Q9ULV4	COR1C_HUMAN	CORO1C	474	Homo sapiens	1:Experimental evidence at protein level	Coronin-1C	1.0	0.999	2	31	31	31	3	2	2	2	3	2	3	3	0	2	2	1	2	2	0	2	3	2	2	2	3	2	3	3	0	2	2	1	2	2	0	2	3	2	2	2	3	2	3	3	0	2	2	1	2	2	0	2	2710.4243	3111.8477	3190.7493	3733.7783	2417.4011	2821.2937	0.0	3818.285	2325.574	2414.2915	2511.0227	1650.954	2841.2698	3077.9858	2861.2417	3267.017	2710.4243	3111.8477	3190.7493	3733.7783	2417.4011	2821.2937	0.0	3818.285	2325.574	2414.2915	2511.0227	1650.954	2841.2698	3077.9858	2861.2417	3267.017	
sp|Q9ULX6|AKP8L_HUMAN	Q9ULX6	AKP8L_HUMAN	AKAP8L	646	Homo sapiens	1:Experimental evidence at protein level	A-kinase anchor protein 8-like	0.9713	0.999	1	2	2	2	0	0	1	0	0	0	0	0	0	0	0	0	0	0	1	0	0	0	1	0	0	0	0	0	0	0	0	0	0	0	1	0	0	0	1	0	0	0	0	0	0	0	0	0	0	0	1	0	0.0	0.0	0.0	0.0	0.0	0.0	0.0	0.0	0.0	0.0	0.0	0.0	0.0	0.0	0.0	0.0	0.0	0.0	0.0	0.0	0.0	0.0	0.0	0.0	0.0	0.0	0.0	0.0	0.0	0.0	0.0	0.0	
sp|Q9UMX0|UBQL1_HUMAN	Q9UMX0	UBQL1_HUMAN	UBQLN1	589	Homo sapiens	1:Experimental evidence at protein level	Ubiquilin-1	0.9669	0.9988	1	2	2	2	0	0	0	0	0	0	0	1	0	0	0	0	0	1	0	0	0	0	0	0	0	0	0	1	0	0	0	0	0	1	0	0	0	0	0	0	0	0	0	1	0	0	0	0	0	1	0	0	0.0	0.0	0.0	0.0	0.0	0.0	0.0	0.0	0.0	0.0	0.0	0.0	0.0	0.0	0.0	0.0	0.0	0.0	0.0	0.0	0.0	0.0	0.0	0.0	0.0	0.0	0.0	0.0	0.0	0.0	0.0	0.0	
sp|Q9UN86|G3BP2_HUMAN	Q9UN86	G3BP2_HUMAN	G3BP2	482	Homo sapiens	1:Experimental evidence at protein level	Ras GTPase-activating protein-binding protein 2	0.9984	0.9981	2	9	9	24	0	0	0	2	0	0	1	1	1	0	1	0	0	1	1	1	0	0	0	2	0	0	1	1	1	0	1	0	0	1	1	1	1	1	1	3	0	0	2	1	1	2	2	2	2	1	2	3	0.0	0.0	0.0	0.0	0.0	0.0	0.0	0.0	0.0	0.0	0.0	0.0	0.0	0.0	0.0	0.0	0.0	0.0	0.0	0.0	0.0	0.0	0.0	0.0	0.0	0.0	0.0	0.0	0.0	0.0	0.0	0.0	
sp|Q9UNH7|SNX6_HUMAN	Q9UNH7	SNX6_HUMAN	SNX6	406	Homo sapiens	1:Experimental evidence at protein level	Sorting nexin-6	0.9689	0.9989	1	1	1	1	0	0	0	0	0	1	0	0	0	0	0	0	0	0	0	0	0	0	0	0	0	1	0	0	0	0	0	0	0	0	0	0	0	0	0	0	0	1	0	0	0	0	0	0	0	0	0	0	0.0	0.0	0.0	0.0	0.0	0.0	0.0	0.0	0.0	0.0	0.0	0.0	0.0	0.0	0.0	0.0	0.0	0.0	0.0	0.0	0.0	0.0	0.0	0.0	0.0	0.0	0.0	0.0	0.0	0.0	0.0	0.0	
sp|Q9UNM6|PSD13_HUMAN	Q9UNM6	PSD13_HUMAN	PSMD13	376	Homo sapiens	1:Experimental evidence at protein level	26S proteasome non-ATPase regulatory subunit 13	0.9351	0.9977	1	1	1	1	0	0	0	0	0	0	1	0	0	0	0	0	0	0	0	0	0	0	0	0	0	0	1	0	0	0	0	0	0	0	0	0	0	0	0	0	0	0	1	0	0	0	0	0	0	0	0	0	0.0	0.0	0.0	0.0	0.0	0.0	0.0	0.0	0.0	0.0	0.0	0.0	0.0	0.0	0.0	0.0	0.0	0.0	0.0	0.0	0.0	0.0	0.0	0.0	0.0	0.0	0.0	0.0	0.0	0.0	0.0	0.0	
sp|Q9UNP9|PPIE_HUMAN	Q9UNP9	PPIE_HUMAN	PPIE	301	Homo sapiens	1:Experimental evidence at protein level	Peptidyl-prolyl cis-trans isomerase E	0.9572	0.9985	1	5	5	5	1	0	0	0	0	0	0	0	1	1	0	1	1	0	0	0	1	0	0	0	0	0	0	0	1	1	0	1	1	0	0	0	1	0	0	0	0	0	0	0	1	1	0	1	1	0	0	0	0.0	0.0	0.0	0.0	0.0	0.0	0.0	0.0	0.0	0.0	0.0	0.0	0.0	0.0	0.0	0.0	0.0	0.0	0.0	0.0	0.0	0.0	0.0	0.0	0.0	0.0	0.0	0.0	0.0	0.0	0.0	0.0	
sp|Q9UNS2|CSN3_HUMAN	Q9UNS2	CSN3_HUMAN	COPS3	423	Homo sapiens	1:Experimental evidence at protein level	COP9 signalosome complex subunit 3	0.9711	0.999	1	12	12	12	1	2	1	1	1	1	1	0	0	1	0	1	0	1	1	0	1	2	1	1	1	1	1	0	0	1	0	1	0	1	1	0	1	2	1	1	1	1	1	0	0	1	0	1	0	1	1	0	2892.7507	3068.5938	2518.4773	3014.2217	2184.3518	3445.5857	0.0	2090.6553	0.0	0.0	0.0	0.0	0.0	0.0	0.0	0.0	2892.7507	3068.5938	2518.4773	3014.2217	2184.3518	3445.5857	0.0	2090.6553	0.0	0.0	0.0	0.0	0.0	0.0	0.0	0.0	
sp|Q9UQ35|SRRM2_HUMAN	Q9UQ35	SRRM2_HUMAN	SRRM2	2752	Homo sapiens	1:Experimental evidence at protein level	Serine/arginine repetitive matrix protein 2	0.8498	0.9941	1	1	1	1	0	0	0	0	0	0	0	0	1	0	0	0	0	0	0	0	0	0	0	0	0	0	0	0	1	0	0	0	0	0	0	0	0	0	0	0	0	0	0	0	1	0	0	0	0	0	0	0	0.0	0.0	0.0	0.0	0.0	0.0	0.0	0.0	0.0	0.0	0.0	0.0	0.0	0.0	0.0	0.0	0.0	0.0	0.0	0.0	0.0	0.0	0.0	0.0	0.0	0.0	0.0	0.0	0.0	0.0	0.0	0.0	
sp|Q9UQ80|PA2G4_HUMAN	Q9UQ80	PA2G4_HUMAN	PA2G4	394	Homo sapiens	1:Experimental evidence at protein level	Proliferation-associated protein 2G4	1.0	0.999	18	222	222	222	13	16	11	10	14	10	14	13	13	13	16	19	9	17	17	17	13	16	11	10	14	10	14	13	13	13	16	19	9	17	17	17	13	16	11	10	14	10	14	13	13	13	16	19	9	17	17	17	55292.836	55022.125	51440.09	59124.887	72738.56	66454.48	55581.96	61597.555	62001.734	65052.477	61189.68	78083.34	69735.836	63541.06	75070.14	81533.484	9250.451	9339.758	8945.341	9536.379	10107.703	8862.244	9485.621	9577.076	8632.699	9225.231	9277.408	9639.441	9817.64	10081.087	10042.989	9832.515	
sp|Q9Y224|RTRAF_HUMAN	Q9Y224	RTRAF_HUMAN	RTRAF	244	Homo sapiens	1:Experimental evidence at protein level	tRNA-splicing ligase complex subunit RTRAF	0.9713	0.999	1	3	3	3	1	0	0	0	0	1	0	0	0	0	0	0	0	0	0	1	1	0	0	0	0	1	0	0	0	0	0	0	0	0	0	1	1	0	0	0	0	1	0	0	0	0	0	0	0	0	0	1	0.0	0.0	0.0	0.0	803.4713	0.0	0.0	0.0	0.0	0.0	0.0	0.0	0.0	1872.0123	0.0	1154.0657	0.0	0.0	0.0	0.0	803.4713	0.0	0.0	0.0	0.0	0.0	0.0	0.0	0.0	1872.0123	0.0	1154.0657	
sp|Q9Y230|RUVB2_HUMAN	Q9Y230	RUVB2_HUMAN	RUVBL2	463	Homo sapiens	1:Experimental evidence at protein level	RuvB-like 2	0.9999	0.9953	2	4	4	4	0	1	0	0	0	1	0	0	0	0	0	0	0	1	0	1	0	1	0	0	0	1	0	0	0	0	0	0	0	1	0	1	0	1	0	0	0	1	0	0	0	0	0	0	0	1	0	1	0.0	0.0	0.0	0.0	0.0	0.0	0.0	0.0	0.0	0.0	0.0	0.0	0.0	0.0	0.0	0.0	0.0	0.0	0.0	0.0	0.0	0.0	0.0	0.0	0.0	0.0	0.0	0.0	0.0	0.0	0.0	0.0	
sp|Q9Y265|RUVB1_HUMAN	Q9Y265	RUVB1_HUMAN	RUVBL1	456	Homo sapiens	1:Experimental evidence at protein level	RuvB-like 1	1.0	0.999	3	3	3	3	0	0	0	0	0	0	0	0	0	1	0	0	1	0	1	0	0	0	0	0	0	0	0	0	0	1	0	0	1	0	1	0	0	0	0	0	0	0	0	0	0	1	0	0	1	0	1	0	0.0	0.0	0.0	0.0	0.0	0.0	0.0	0.0	0.0	0.0	0.0	0.0	0.0	0.0	0.0	0.0	0.0	0.0	0.0	0.0	0.0	0.0	0.0	0.0	0.0	0.0	0.0	0.0	0.0	0.0	0.0	0.0	
sp|Q9Y266|NUDC_HUMAN	Q9Y266	NUDC_HUMAN	NUDC	331	Homo sapiens	1:Experimental evidence at protein level	Nuclear migration protein nudC	1.0	0.999	11	81	81	81	3	3	1	1	3	4	5	3	7	7	8	6	3	9	8	10	3	3	1	1	3	4	5	3	7	7	8	6	3	9	8	10	3	3	1	1	3	4	5	3	7	7	8	6	3	9	8	10	26427.736	28818.37	14834.74	28548.498	35005.13	40966.973	31369.75	30205.322	45964.273	34056.145	42489.582	42102.203	44159.367	42049.38	48540.664	44887.906	5315.444	6064.8354	5567.961	6539.7534	6097.8174	6575.116	6066.143	6409.021	6763.3467	6255.4697	6389.651	6235.3223	6692.01	6328.6104	7152.645	6585.9717	
sp|Q9Y285|SYFA_HUMAN	Q9Y285	SYFA_HUMAN	FARSA	508	Homo sapiens	1:Experimental evidence at protein level	Phenylalanine--tRNA ligase alpha subunit	0.9713	0.999	1	28	28	28	2	2	3	1	2	2	1	1	1	3	1	3	1	3	1	1	2	2	3	1	2	2	1	1	1	3	1	3	1	3	1	1	2	2	3	1	2	2	1	1	1	3	1	3	1	3	1	1	5345.5664	5435.8374	4450.73	5298.3223	5922.4243	4772.1343	4110.3623	4735.8223	4564.7944	4891.163	4507.4595	4395.569	5484.59	4723.1714	4910.297	5009.0024	5345.5664	5435.8374	4450.73	5298.3223	5922.4243	4772.1343	4110.3623	4735.8223	4564.7944	4891.163	4507.4595	4395.569	5484.59	4723.1714	4910.297	5009.0024	
sp|Q9Y295|DRG1_HUMAN	Q9Y295	DRG1_HUMAN	DRG1	367	Homo sapiens	1:Experimental evidence at protein level	Developmentally-regulated GTP-binding protein 1	0.9571	0.9985	1	2	2	2	0	0	0	0	0	0	1	0	0	0	0	1	0	0	0	0	0	0	0	0	0	0	1	0	0	0	0	1	0	0	0	0	0	0	0	0	0	0	1	0	0	0	0	1	0	0	0	0	0.0	0.0	0.0	0.0	0.0	0.0	0.0	0.0	0.0	0.0	0.0	0.0	0.0	0.0	0.0	0.0	0.0	0.0	0.0	0.0	0.0	0.0	0.0	0.0	0.0	0.0	0.0	0.0	0.0	0.0	0.0	0.0	
sp|Q9Y2Q5|LTOR2_HUMAN	Q9Y2Q5	LTOR2_HUMAN	LAMTOR2	125	Homo sapiens	1:Experimental evidence at protein level	Ragulator complex protein LAMTOR2	0.954	0.9984	1	1	1	1	1	0	0	0	0	0	0	0	0	0	0	0	0	0	0	0	1	0	0	0	0	0	0	0	0	0	0	0	0	0	0	0	1	0	0	0	0	0	0	0	0	0	0	0	0	0	0	0	0.0	0.0	0.0	0.0	0.0	0.0	0.0	0.0	0.0	0.0	0.0	0.0	0.0	0.0	0.0	0.0	0.0	0.0	0.0	0.0	0.0	0.0	0.0	0.0	0.0	0.0	0.0	0.0	0.0	0.0	0.0	0.0	
sp|Q9Y2W1|TR150_HUMAN	Q9Y2W1	TR150_HUMAN	THRAP3	955	Homo sapiens	1:Experimental evidence at protein level	Thyroid hormone receptor-associated protein 3	0.9704	0.999	1	9	9	9	0	0	0	0	0	0	1	1	0	2	2	1	0	0	1	1	0	0	0	0	0	0	1	1	0	2	2	1	0	0	1	1	0	0	0	0	0	0	1	1	0	2	2	1	0	0	1	1	0.0	3495.4497	3432.7544	0.0	2209.2766	2923.5955	0.0	0.0	4087.169	2268.0645	3397.966	3455.996	2588.4524	2882.9358	2391.314	2637.9824	0.0	3495.4497	3432.7544	0.0	2209.2766	2923.5955	0.0	0.0	4087.169	2268.0645	3397.966	3455.996	2588.4524	2882.9358	2391.314	2637.9824	
sp|Q9Y2X3|NOP58_HUMAN	Q9Y2X3	NOP58_HUMAN	NOP58	529	Homo sapiens	1:Experimental evidence at protein level	Nucleolar protein 58	1.0	0.999	1	11	11	11	1	1	0	1	0	2	1	1	0	0	0	1	0	1	1	1	1	1	0	1	0	2	1	1	0	0	0	1	0	1	1	1	1	1	0	1	0	2	1	1	0	0	0	1	0	1	1	1	0.0	0.0	0.0	0.0	0.0	0.0	0.0	0.0	0.0	0.0	0.0	0.0	0.0	0.0	0.0	0.0	0.0	0.0	0.0	0.0	0.0	0.0	0.0	0.0	0.0	0.0	0.0	0.0	0.0	0.0	0.0	0.0	
sp|Q9Y333|LSM2_HUMAN	Q9Y333	LSM2_HUMAN	LSM2	95	Homo sapiens	1:Experimental evidence at protein level	U6 snRNA-associated Sm-like protein LSm2	0.971	0.999	1	9	9	9	1	0	0	0	0	2	1	0	0	1	0	1	0	1	1	1	1	0	0	0	0	2	1	0	0	1	0	1	0	1	1	1	1	0	0	0	0	2	1	0	0	1	0	1	0	1	1	1	3753.7637	3330.5215	2818.4133	4488.974	3151.1128	4447.0117	3606.7937	3941.9897	0.0	4801.049	0.0	0.0	1895.5886	0.0	0.0	3240.4333	3753.7637	3330.5215	2818.4133	4488.974	3151.1128	4447.0117	3606.7937	3941.9897	0.0	4801.049	0.0	0.0	1895.5886	0.0	0.0	3240.4333	
sp|Q9Y383|LC7L2_HUMAN	Q9Y383	LC7L2_HUMAN	LUC7L2	392	Homo sapiens	1:Experimental evidence at protein level	Putative RNA-binding protein Luc7-like 2	1.0	0.999	5	14	11	14	0	0	0	0	0	0	0	0	0	2	1	2	0	4	1	4	0	0	0	0	0	0	0	0	0	2	1	2	0	2	1	3	0	0	0	0	0	0	0	0	0	2	1	2	0	4	1	4	4128.189	4345.2974	0.0	0.0	8971.536	8056.0425	4257.7725	10023.344	12295.299	6008.0054	14153.837	13252.918	9131.081	11646.41	11860.856	12066.416	4025.624	4237.3384	0.0	0.0	5545.75	4764.9214	4151.988	6178.366	5202.781	5318.0986	6488.1987	5924.818	4133.5947	5286.3257	5263.758	6366.0225	
sp|Q9Y3F4|STRAP_HUMAN	Q9Y3F4	STRAP_HUMAN	STRAP	350	Homo sapiens	1:Experimental evidence at protein level	Serine-threonine kinase receptor-associated protein	0.9712	0.999	1	3	3	3	0	0	0	0	0	0	0	0	0	1	0	1	0	0	1	0	0	0	0	0	0	0	0	0	0	1	0	1	0	0	1	0	0	0	0	0	0	0	0	0	0	1	0	1	0	0	1	0	0.0	0.0	0.0	0.0	2385.621	0.0	0.0	0.0	4668.6196	0.0	0.0	1891.0197	2250.2993	2894.2166	1871.7667	2624.8335	0.0	0.0	0.0	0.0	2385.621	0.0	0.0	0.0	4668.6196	0.0	0.0	1891.0197	2250.2993	2894.2166	1871.7667	2624.8335	
sp|Q9Y3I0|RTCB_HUMAN	Q9Y3I0	RTCB_HUMAN	RTCB	505	Homo sapiens	1:Experimental evidence at protein level	RNA-splicing ligase RTCB	1.0	0.999	2	19	19	19	2	1	1	0	1	0	2	0	2	1	1	1	1	2	3	1	2	1	1	0	1	0	2	0	2	1	1	1	1	2	3	1	2	1	1	0	1	0	2	0	2	1	1	1	1	2	3	1	6225.2217	0.0	0.0	0.0	0.0	0.0	0.0	0.0	0.0	5027.206	0.0	0.0	0.0	0.0	0.0	0.0	6225.2217	0.0	0.0	0.0	0.0	0.0	0.0	0.0	0.0	5027.206	0.0	0.0	0.0	0.0	0.0	0.0	
sp|Q9Y446|PKP3_HUMAN	Q9Y446	PKP3_HUMAN	PKP3	797	Homo sapiens	1:Experimental evidence at protein level	Plakophilin-3	0.9712	0.999	1	7	7	7	0	0	0	0	0	1	1	0	0	0	1	0	1	1	1	1	0	0	0	0	0	1	1	0	0	0	1	0	1	1	1	1	0	0	0	0	0	1	1	0	0	0	1	0	1	1	1	1	1388.2806	2836.0662	0.0	0.0	0.0	0.0	2270.0896	0.0	0.0	1049.5841	0.0	1522.2374	0.0	0.0	0.0	1172.953	1388.2806	2836.0662	0.0	0.0	0.0	0.0	2270.0896	0.0	0.0	1049.5841	0.0	1522.2374	0.0	0.0	0.0	1172.953	
sp|Q9Y450|HBS1L_HUMAN	Q9Y450	HBS1L_HUMAN	HBS1L	684	Homo sapiens	1:Experimental evidence at protein level	HBS1-like protein	1.0	0.9951	2	3	3	3	0	1	0	1	0	0	0	0	0	0	0	0	1	0	0	0	0	1	0	1	0	0	0	0	0	0	0	0	1	0	0	0	0	1	0	1	0	0	0	0	0	0	0	0	1	0	0	0	0.0	0.0	0.0	0.0	0.0	0.0	0.0	0.0	0.0	0.0	0.0	0.0	0.0	0.0	0.0	0.0	0.0	0.0	0.0	0.0	0.0	0.0	0.0	0.0	0.0	0.0	0.0	0.0	0.0	0.0	0.0	0.0	
sp|Q9Y490|TLN1_HUMAN	Q9Y490	TLN1_HUMAN	TLN1	2541	Homo sapiens	1:Experimental evidence at protein level	Talin-1	1.0	0.999	7	16	16	16	1	0	0	0	1	1	1	0	0	1	0	1	4	1	2	3	1	0	0	0	1	1	1	0	0	1	0	1	4	1	2	3	1	0	0	0	1	1	1	0	0	1	0	1	4	1	2	3	0.0	0.0	0.0	0.0	0.0	0.0	0.0	0.0	0.0	0.0	0.0	0.0	0.0	0.0	0.0	0.0	0.0	0.0	0.0	0.0	0.0	0.0	0.0	0.0	0.0	0.0	0.0	0.0	0.0	0.0	0.0	0.0	
sp|Q9Y4E8|UBP15_HUMAN	Q9Y4E8	UBP15_HUMAN	USP15	981	Homo sapiens	1:Experimental evidence at protein level	Ubiquitin carboxyl-terminal hydrolase 15	1.0	0.999	4	9	9	9	1	1	0	0	1	0	0	1	0	0	5	0	0	0	0	0	1	1	0	0	1	0	0	1	0	0	5	0	0	0	0	0	1	1	0	0	1	0	0	1	0	0	5	0	0	0	0	0	0.0	0.0	0.0	0.0	0.0	0.0	0.0	0.0	0.0	0.0	0.0	0.0	0.0	0.0	0.0	0.0	0.0	0.0	0.0	0.0	0.0	0.0	0.0	0.0	0.0	0.0	0.0	0.0	0.0	0.0	0.0	0.0	
sp|Q9Y4L1|HYOU1_HUMAN	Q9Y4L1	HYOU1_HUMAN	HYOU1	999	Homo sapiens	1:Experimental evidence at protein level	Hypoxia up-regulated protein 1	1.0	0.999	4	40	40	40	1	1	3	2	3	2	1	2	0	3	2	3	5	3	5	4	1	1	3	2	3	2	1	2	0	3	2	3	5	3	5	4	1	1	3	2	3	2	1	2	0	3	2	3	5	3	5	4	0.0	0.0	0.0	0.0	0.0	0.0	0.0	0.0	0.0	0.0	1263.799	0.0	0.0	0.0	1609.7267	0.0	0.0	0.0	0.0	0.0	0.0	0.0	0.0	0.0	0.0	0.0	1263.799	0.0	0.0	0.0	1609.7267	0.0	
sp|Q9Y4Y9|LSM5_HUMAN	Q9Y4Y9	LSM5_HUMAN	LSM5	91	Homo sapiens	1:Experimental evidence at protein level	U6 snRNA-associated Sm-like protein LSm5	1.0	0.999	2	45	45	45	4	5	4	5	2	2	2	3	2	2	2	1	4	2	3	2	4	5	4	5	2	2	2	3	2	2	2	1	4	2	3	2	4	5	4	5	2	2	2	3	2	2	2	1	4	2	3	2	7135.2876	4062.3665	5711.267	9106.783	6904.9893	5253.3774	7538.894	7640.008	3702.048	0.0	3239.6233	3880.6067	5130.031	3727.4695	3626.81	3899.5706	5123.2334	4062.3665	5711.267	6020.6294	4940.9854	5253.3774	4631.673	4540.2803	3702.048	0.0	3239.6233	3880.6067	5130.031	3727.4695	3626.81	3899.5706	
sp|Q9Y512|SAM50_HUMAN	Q9Y512	SAM50_HUMAN	SAMM50	469	Homo sapiens	1:Experimental evidence at protein level	Sorting and assembly machinery component 50 homolog	0.9462	0.9981	1	2	2	2	1	0	0	0	1	0	0	0	0	0	0	0	0	0	0	0	1	0	0	0	1	0	0	0	0	0	0	0	0	0	0	0	1	0	0	0	1	0	0	0	0	0	0	0	0	0	0	0	0.0	0.0	0.0	0.0	0.0	0.0	0.0	0.0	0.0	0.0	0.0	0.0	0.0	0.0	0.0	0.0	0.0	0.0	0.0	0.0	0.0	0.0	0.0	0.0	0.0	0.0	0.0	0.0	0.0	0.0	0.0	0.0	
sp|Q9Y520|PRC2C_HUMAN	Q9Y520	PRC2C_HUMAN	PRRC2C	2896	Homo sapiens	1:Experimental evidence at protein level	Protein PRRC2C	0.9623	0.9987	1	1	1	1	0	0	0	1	0	0	0	0	0	0	0	0	0	0	0	0	0	0	0	1	0	0	0	0	0	0	0	0	0	0	0	0	0	0	0	1	0	0	0	0	0	0	0	0	0	0	0	0	0.0	0.0	0.0	0.0	0.0	0.0	0.0	0.0	0.0	0.0	0.0	0.0	0.0	0.0	0.0	0.0	0.0	0.0	0.0	0.0	0.0	0.0	0.0	0.0	0.0	0.0	0.0	0.0	0.0	0.0	0.0	0.0	
sp|Q9Y5B9|SP16H_HUMAN	Q9Y5B9	SP16H_HUMAN	SUPT16H	1047	Homo sapiens	1:Experimental evidence at protein level	FACT complex subunit SPT16	0.8635	0.9947	1	1	1	1	0	0	0	0	1	0	0	0	0	0	0	0	0	0	0	0	0	0	0	0	1	0	0	0	0	0	0	0	0	0	0	0	0	0	0	0	1	0	0	0	0	0	0	0	0	0	0	0	0.0	0.0	0.0	0.0	0.0	0.0	0.0	0.0	0.0	0.0	0.0	0.0	0.0	0.0	0.0	0.0	0.0	0.0	0.0	0.0	0.0	0.0	0.0	0.0	0.0	0.0	0.0	0.0	0.0	0.0	0.0	0.0	
sp|Q9Y5K6|CD2AP_HUMAN	Q9Y5K6	CD2AP_HUMAN	CD2AP	639	Homo sapiens	1:Experimental evidence at protein level	CD2-associated protein	0.9706	0.999	1	14	14	14	1	1	0	1	2	1	1	1	0	0	0	2	1	0	1	2	1	1	0	1	2	1	1	1	0	0	0	2	1	0	1	2	1	1	0	1	2	1	1	1	0	0	0	2	1	0	1	2	0.0	0.0	0.0	0.0	0.0	0.0	0.0	1270.2218	0.0	0.0	0.0	0.0	0.0	0.0	0.0	1108.0697	0.0	0.0	0.0	0.0	0.0	0.0	0.0	1270.2218	0.0	0.0	0.0	0.0	0.0	0.0	0.0	1108.0697	
sp|Q9Y5L0|TNPO3_HUMAN	Q9Y5L0	TNPO3_HUMAN	TNPO3	923	Homo sapiens	1:Experimental evidence at protein level	Transportin-3	0.9999	0.9989	1	2	2	2	0	0	0	0	0	0	0	1	0	0	0	0	0	1	0	0	0	0	0	0	0	0	0	1	0	0	0	0	0	1	0	0	0	0	0	0	0	0	0	1	0	0	0	0	0	1	0	0	3366.5515	0.0	0.0	2399.4504	3055.9128	2934.706	0.0	2609.048	0.0	3526.953	2130.6887	0.0	5038.7314	3586.445	0.0	0.0	3366.5515	0.0	0.0	2399.4504	3055.9128	2934.706	0.0	2609.048	0.0	3526.953	2130.6887	0.0	5038.7314	3586.445	0.0	0.0	
sp|Q9Y5S9|RBM8A_HUMAN	Q9Y5S9	RBM8A_HUMAN	RBM8A	174	Homo sapiens	1:Experimental evidence at protein level	RNA-binding protein 8A	1.0	0.999	3	47	47	47	2	2	3	2	2	2	4	4	3	1	4	3	4	4	3	4	2	2	3	2	2	2	4	4	3	1	4	3	4	4	3	4	2	2	3	2	2	2	4	4	3	1	4	3	4	4	3	4	16737.26	19953.982	20941.45	2889.5361	13571.18	19677.004	22745.004	21375.164	13863.711	13451.264	19461.336	9358.254	14456.127	20153.428	16799.742	17953.432	11651.29	9823.483	9283.334	9256.261	8465.954	9578.041	11620.387	10903.773	10297.07	7888.8374	10341.199	10678.15	9589.482	10943.473	8920.986	12824.231	
sp|Q9Y5Y2|NUBP2_HUMAN	Q9Y5Y2	NUBP2_HUMAN	NUBP2	271	Homo sapiens	1:Experimental evidence at protein level	Cytosolic Fe-S cluster assembly factor NUBP2	0.915	0.9969	1	1	1	1	0	0	0	0	0	0	0	0	0	0	0	0	1	0	0	0	0	0	0	0	0	0	0	0	0	0	0	0	1	0	0	0	0	0	0	0	0	0	0	0	0	0	0	0	1	0	0	0	0.0	0.0	0.0	0.0	0.0	0.0	0.0	0.0	0.0	0.0	0.0	0.0	0.0	0.0	0.0	0.0	0.0	0.0	0.0	0.0	0.0	0.0	0.0	0.0	0.0	0.0	0.0	0.0	0.0	0.0	0.0	0.0	
sp|Q9Y617|SERC_HUMAN	Q9Y617	SERC_HUMAN	PSAT1	370	Homo sapiens	1:Experimental evidence at protein level	Phosphoserine aminotransferase	1.0	0.999	2	7	7	7	0	0	0	1	0	0	0	1	1	0	1	0	1	0	1	1	0	0	0	1	0	0	0	1	1	0	1	0	1	0	1	1	0	0	0	1	0	0	0	1	1	0	1	0	1	0	1	1	0.0	0.0	0.0	0.0	0.0	0.0	0.0	0.0	0.0	0.0	0.0	0.0	0.0	0.0	0.0	0.0	0.0	0.0	0.0	0.0	0.0	0.0	0.0	0.0	0.0	0.0	0.0	0.0	0.0	0.0	0.0	0.0	
sp|Q9Y678|COPG1_HUMAN	Q9Y678	COPG1_HUMAN	COPG1	874	Homo sapiens	1:Experimental evidence at protein level	Coatomer subunit gamma-1	1.0	0.999	2	5	5	5	0	1	0	0	0	0	1	1	1	0	0	1	0	0	0	0	0	1	0	0	0	0	1	1	1	0	0	1	0	0	0	0	0	1	0	0	0	0	1	1	1	0	0	1	0	0	0	0	0.0	0.0	0.0	0.0	0.0	0.0	0.0	0.0	0.0	0.0	0.0	0.0	0.0	0.0	0.0	0.0	0.0	0.0	0.0	0.0	0.0	0.0	0.0	0.0	0.0	0.0	0.0	0.0	0.0	0.0	0.0	0.0	
sp|Q9Y6C9|MTCH2_HUMAN	Q9Y6C9	MTCH2_HUMAN	MTCH2	303	Homo sapiens	1:Experimental evidence at protein level	Mitochondrial carrier homolog 2	0.9586	0.9985	1	1	1	1	0	0	0	1	0	0	0	0	0	0	0	0	0	0	0	0	0	0	0	1	0	0	0	0	0	0	0	0	0	0	0	0	0	0	0	1	0	0	0	0	0	0	0	0	0	0	0	0	0.0	0.0	0.0	0.0	0.0	0.0	0.0	0.0	0.0	0.0	0.0	0.0	0.0	0.0	0.0	0.0	0.0	0.0	0.0	0.0	0.0	0.0	0.0	0.0	0.0	0.0	0.0	0.0	0.0	0.0	0.0	0.0	
sp|Q9Y6E2|5MP1_HUMAN	Q9Y6E2	5MP1_HUMAN	BZW2	419	Homo sapiens	1:Experimental evidence at protein level	eIF5-mimic protein 1	1.0	0.999	2	5	5	5	0	0	1	1	1	0	0	0	0	1	0	0	0	0	0	1	0	0	1	1	1	0	0	0	0	1	0	0	0	0	0	1	0	0	1	1	1	0	0	0	0	1	0	0	0	0	0	1	0.0	0.0	0.0	0.0	0.0	0.0	0.0	0.0	0.0	0.0	0.0	0.0	0.0	0.0	0.0	0.0	0.0	0.0	0.0	0.0	0.0	0.0	0.0	0.0	0.0	0.0	0.0	0.0	0.0	0.0	0.0	0.0	
sp|Q9Y6G9|DC1L1_HUMAN	Q9Y6G9	DC1L1_HUMAN	DYNC1LI1	523	Homo sapiens	1:Experimental evidence at protein level	Cytoplasmic dynein 1 light intermediate chain 1	1.0	0.999	3	18	17	18	2	1	2	0	2	0	1	1	1	2	2	0	1	1	1	1	2	1	1	0	2	0	1	1	1	2	2	0	1	1	1	1	2	1	2	0	2	0	1	1	1	2	2	0	1	1	1	1	3675.1108	0.0	1013.2108	0.0	0.0	3137.3162	3180.9846	2770.7314	1776.5217	3273.716	3193.4084	0.0	0.0	3142.3762	0.0	2962.5024	3675.1108	0.0	1013.2108	0.0	0.0	3137.3162	3180.9846	2770.7314	1776.5217	3273.716	3193.4084	0.0	0.0	3142.3762	0.0	2962.5024	
sp|Q9Y6M1|IF2B2_HUMAN	Q9Y6M1	IF2B2_HUMAN	IGF2BP2	599	Homo sapiens	1:Experimental evidence at protein level	Insulin-like growth factor 2 mRNA-binding protein 2	0.8868	0.9957	1	1	1	1	0	0	0	0	0	0	0	0	0	0	0	0	0	1	0	0	0	0	0	0	0	0	0	0	0	0	0	0	0	1	0	0	0	0	0	0	0	0	0	0	0	0	0	0	0	1	0	0	0.0	0.0	0.0	0.0	0.0	0.0	0.0	0.0	0.0	0.0	0.0	0.0	0.0	0.0	0.0	0.0	0.0	0.0	0.0	0.0	0.0	0.0	0.0	0.0	0.0	0.0	0.0	0.0	0.0	0.0	0.0	0.0	
