Genes	N.Sequences	N.Proteotypic.Sequences	E:\Yixin\SoftHybrid_Benchmarking_Data\RAW_data\2_SCP_AST_RAWdata\Normoxia_AST_50cell_S2-A4_1_8446.d	E:\Yixin\SoftHybrid_Benchmarking_Data\RAW_data\2_SCP_AST_RAWdata\Normoxia_AST_50cell_S2-B4_1_8447.d	E:\Yixin\SoftHybrid_Benchmarking_Data\RAW_data\2_SCP_AST_RAWdata\Normoxia_AST_50cell_S2-C4_1_8449.d	E:\Yixin\SoftHybrid_Benchmarking_Data\RAW_data\2_SCP_AST_RAWdata\Normoxia_AST_50cell_S2-D4_1_8455.d	E:\Yixin\SoftHybrid_Benchmarking_Data\RAW_data\2_SCP_GSC_RAWdata\Normoxia_GSC_50cell_S2-A1_1_8441.d	E:\Yixin\SoftHybrid_Benchmarking_Data\RAW_data\2_SCP_GSC_RAWdata\Normoxia_GSC_50cell_S2-B1_1_8442.d	E:\Yixin\SoftHybrid_Benchmarking_Data\RAW_data\2_SCP_GSC_RAWdata\Normoxia_GSC_50cell_S2-C1_1_8452.d	E:\Yixin\SoftHybrid_Benchmarking_Data\RAW_data\2_SCP_GSC_RAWdata\Normoxia_GSC_50cell_S2-D1_1_8456.d	E:\Yixin\SoftHybrid_Benchmarking_Data\RAW_data\2_SCP_MAC_RAWdata\Normoxia_MAC_50cell_S2-A7_1_8453.d	E:\Yixin\SoftHybrid_Benchmarking_Data\RAW_data\2_SCP_MAC_RAWdata\Normoxia_MAC_50cell_S2-B7_1_8454.d	E:\Yixin\SoftHybrid_Benchmarking_Data\RAW_data\2_SCP_MAC_RAWdata\Normoxia_MAC_50cell_S2-C7_1_8448.d	E:\Yixin\SoftHybrid_Benchmarking_Data\RAW_data\2_SCP_MAC_RAWdata\Normoxia_MAC_50cell_S2-D7_1_8451.d	E:\Yixin\SoftHybrid_Benchmarking_Data\RAW_data\2_SCP_MIC_RAWdata\Normoxia_MIC_50cell_S2-A10_1_8443.d	E:\Yixin\SoftHybrid_Benchmarking_Data\RAW_data\2_SCP_MIC_RAWdata\Normoxia_MIC_50cell_S2-B10_1_8444.d	E:\Yixin\SoftHybrid_Benchmarking_Data\RAW_data\2_SCP_MIC_RAWdata\Normoxia_MIC_50cell_S2-C10_1_8445.d	E:\Yixin\SoftHybrid_Benchmarking_Data\RAW_data\2_SCP_MIC_RAWdata\Normoxia_MIC_50cell_S2-D10_1_8450.d
A1BG	2	2	5550.82		4500.36						6953.48	5718.66	9182.69	7536.98		3171.71	2019.54	2223.38
A2M	26	26	3390.18	2432.59	2545.29		1221.12	989.024	1429.58		7614.32	9353.96	8734.71	9829.11	3781.95	5432.49	4516.13	4657.21
A2ML1	21	21	10018.8	6347.12	16358.5	3452.26	14124.6	6669.48	15223	8275.39	12764.5	7589.8	21535.6	19060.5	62112.8	6839.08	5748.75	13412
AAAS	7	7	6579.59	7577.16	7506.01	7064.53	12074.5	9974.78	11916	11626.4	8255.11	7408.87	8314.39	9153.36	8446.04	8361.54	8642.23	9394.46
AACS	8	8	3563.46	4112.22	4704.67	4305.16	9923.75	10953.1	8893.47	7137.64	3909.05	4837.19	3989.6	5259.72	2335.23	1877.35	1757.12	2127.01
AADAT	1	1	717.42	673.269	739.909	1108.42			857.44	567.571					1058.8			
AAGAB	2	2	2847.85	3943.37	3538.63	2659.98	2817.49	3103.83	2925.82	2883.18	4004.51	4205.48	3141.1	4483.68	2919.15	2317.77	2536.24	3376.79
AAK1	16	16	16331.6	17469.6	19641.6	15976.3	6406.59	6289.62	6411.09	6659.26	10692	12402.6	10268.1	12534.8	9331.83	8660.23	10297.3	10096.1
AAMDC	4	4	5167.72	6891.91	5621.44	6504.61	6186.11	4252.89	4025.56	3972.88	4325.36	4368.93	4778.99	4694.62	2497.24	2794.19	2525.78	2469.2
AAMP	3	3	2851.78	2885.91	3100.57	3106.11	2480.68	2355.41	1841.88	1643.45	4231.69	5297.37	4996.41	4758.37	4296.73	4115.07	4120.1	3573.92
AARS1	24	24	43685.6	46559.4	47064.5	47747.3	42312	49491.6	39253.1	42167.9	32385.7	38888	26734.4	32093.7	35553.3	46335.9	44657	40667.6
AARS2	18	18	5850.09	5689.88	5722.8	6154.8	6352.66	5564.27	5423.6	5409.63	8741.22	8201.56	7661.55	8966.87	8630.39	7727.83	8503.68	8453.92
AARSD1	8	8	20172.5	24206.8	23368.2	25008.7	15171.7	12313.6	13642.1	11926.8	13502.5	14768	17804.9	15574	17566.6	13032.5	12988.6	16870.8
AASDHPPT	6	6	8037.83	7063.01	7869.13	8298.93	9061.01	9284.16	7376.61	4652.08	9477.34	8955.09	7241.11	7983.15	7684.98	8796.11	8153.47	7993.26
AASS	8	8	2177.69	1855.47	2537.3	1160.46	4475.39	4571.8	3771.8	3485.91			1712.17		2432.88			
AATF	4	4	1895.4	1990.15	2068.83	1500.46	2388.83	1886.26	2403.95	1226.86	3473.39	1970.89	2350.96	2459.25	2893.12	2213.27	2591.24	3392.91
ABAT	3	3	807.206	1350.27	1084.67	1536.98		596.386			760.795		1458.55			457.395	1033.22	1126.1
ABCA1	6	6	1719.16	1112.16	1228.03						2360.63	1981.94	2828.79	2437.04	1474.11	862.462	1006.56	1170.57
ABCA8	1	1	1057.41	766.298	1288.56													
ABCB1	3	3					1784.25	2100.81	1774.71	1892.86								
ABCB10	12	12	4758.28	4230.41	4236.31	4704.15	5685.87	4987.72	4824.22	4756.47	8491.27	8597.45	7713.76	8203.47	7323.12	4871.83	6003.8	6850.07
ABCB6	8	8	43709.6	40713	41197.3	45121.9	89587.1	77463.2	91035	73717.4	39946.4	45807.6	45292.9	37202				48450.3
ABCB7	13	13	4923.67	4530.02	4960.16	5490.79	5478.22	5312.06	5231.13	5939.6	8018.1	8502.7	7658.29	7898.38	8257.91	7269.94	7627.6	7349.33
ABCB8	10	10	5162.66	5583.44	4966.4	4752.85	5990.49	4600.16	4126.8	3873.48	9119.63	8569.33	9052.86	8949.36	9303.94	7798.44	7663.91	9357.25
ABCC1	18	18	8937.99	9743.1	11162.5	9506.71	10845.6	8647.36	9914.14	9733.56	7683.48	7773.65	7803	7950.7	9289.91	7842.9	8629.99	8942.74
ABCC10	11	11	2688.13	2424.71	2514.48	2559.78					2778.73	3050.16	2293.44	2719.1	2809.64	2742.91	3032.39	2812.63
ABCC4	18	18	4067.22	3826.56	3921.53	3866.1	6708.6	5753.39	5872.51	5589.96	3198.67	2927.54	3270.66	3217.73	3578.58	2920.69	2823.15	3540.82
ABCC5	5	5	1029.37								4786.02	4342.79	4252.27	4863.96			1013.08	
ABCD1	16	16	6599.35	5047.33	5094.73	6368.87	5315.87	4856.84	5671.52	3939.79	12254.1	11377.6	12407.6	12369.5	17140	11267.4	16280.9	15637.1
ABCD3	14	14	15596.6	15135.2	24557.4	16430.1	8799.72	8202.73	8394.13	6502.72	12239.8	12555.3	12417.8	11115.4	13368.2	12748.4	13210.8	11630
ABCD4	11	11	1272.69	960.518		1042.19					4808.08	5117.36	4268.62	4889.91	1912.87	1415.49	1484.31	1793.67
ABCE1	21	21	26807.8	26415.3	27296.4	30612.8	29095.5	24699.1	24472.8	20796.4	22968	23092.5	21469.6	22448.4	33351.4	33097.8	36799.3	35810.4
ABCF1	17	17	26399.4	26219.8	25942.9	25881.8	24018.1	18772.4	18694.3	20171.7	23401.1	22731.8	23406.3	25164.9	20876	19740	21871.1	23090.8
ABCF2	10	10	8988.27	8455.61	8476.17	10341.2	7774.59	7226.68	6961.87	7665.4	6381.11	6338.75	5935.72	5725.6	5821.96	6893.54	7404.82	6997.58
ABCF3	19	19	14995.8	14020.4	12133.9	15203.7	10061.8	8801.58	9907.45	9084.37	14940	12787.4	12910	13196.7	15473.6	13343.1	14783.4	15901
ABCG1	2	2										235513				256807	259088	285882
ABCG2	2	2	1125.79								2006.07	1089.06	1655.21	1538	1481.88	1414.13	1975.02	1965.9
ABHD10	8	8	13783.6	14444.6	15310.1	16255.5	13580.8	11029.8	11927.5	12031.6	19463.2	23859.8	18684.1	22046.7	17282.9	22597.4	26278.9	23858.6
ABHD11	8	8	3445.15	4090.94	4442.9	3967.34	8202.37	7508.6	7588.11	6365.1	9162.78	9194.17	10350	9561.92	10855.3	10999.9	10079	11267.2
ABHD12	12	12	8789.69	6595.35	7631.84	8040.49	9281.25	9695.29	7259.32	6584.73	32549.3	31058.5	34458.8	28075.5	20821.6	19498.4	23254.5	21610.8
ABHD13	1	1		1022.82	1755.54	1100.68						1196.63					1163.94	
ABHD14B	6	6	11143	10170.6	15539.8	11111.1	4443.83	7776.98	8034.42	7449.82	19327.7	23039.7	20223.1	18543.2	14557.5	13223.3	15373.5	12258.3
ABHD16A	7	7	5231.28	5462.91	6472.64	7326.47	2620.93	4117.29	3873.84	4420.17	17035.1	18080.8	14381.3	15398.3	10680.4	10881.5	13297.5	11722.3
ABHD17A	2	2									3388.32	2697.05	2822.57	3026.62				
ABHD17B	1	1									1439.94	1907.72	1144.51	1881.6		669.849		
ABHD2	2	2		1213.77											1440.69	1776.75	1429.54	1402.99
ABHD3	1	1									1731.24	2656.1	1472.21		2276.34	1489.84	2700.57	1707.89
ABHD4	2	2	1262.37	1547.21	1476.44	1810.05	1255.23	1552.17	1023.48	724.589	2604.23	2201.39	1951.17	1799.25	2168.75	1769.01	2234.49	2048.9
ABHD5	2	2	1794.41	1342.72	1360.74	1345.36	2269.9	2013.41	1875.33	1839.28		1597.05	1305.99	1039.83	2585.72	1400.87	1020.02	2360.49
ABHD6	5	5	1970.78	1536.78	2127.95	1848.09		992.438		1542.52	4646.2	3651.58	3648	4510.57	3130.38	3096.99	3397.24	4393.18
ABI1	3	3	2547.91	2848.57	5787.73	2303.34					7240.12	14223.9	12358.3	6881.72	5316.08	7247.54	7738.89	6434.74
ABI2	4	4	3066.13	4286.82	3528.53	3908.58	7290.4	7592.37	7475.65	6952.32	2600.48	1823.67	2375.66	2005.74	1404.59	763.741	1800.45	1242.46
ABI3	6	6				1943.58					11463.9	14647.3	9599.77	10000.4	19316.7	21863.7	22222.6	19736.9
ABI3BP	6	6	5997.64	7865.61	6025.67	7146.14				1558.07								
ABL1	7	7	2322.5	2432.84	3219.59	2984.43	1021.74	1175.39	1173.66	1102.25	2492.03	2755.84	2325.95	2193.41	1229.76	1140.61	1298.5	1085.86
ABL2	6	6	1306.61	1474.99	1702.51	1707.51	1472.41	1787.42	1799.11	1451.4	744.505	755.605	1071.52	1282.7	1358.39	985.294	1137.68	1280.38
ABLIM1	7	7	7884.57	6977.16	7602.9	8842.58	1870.21	3239.92	2541.45	2232.1								
ABR	21	21	9462.07	9100.39	9326.64	9464.2	8918.5	8093.18	8045.96	7184.07	16863.4	17434.9	15164.7	15388	22946.4	25880.9	26196.5	28040.4
ABRACL	1	1		1068.36			2512.67	2646.51	1838.66	1734.98	3093.84	4540.86	5385.6	3515.51			4946.76	3697.69
ABRAXAS2	9	9	3622.95	3111.72	3815.03	3577.12	3972.4	2878.65	3189.16	2905.26	5941.58	6972.79	6571.07	6799.18	5704.93	5985.6	6180.88	6134.72
ACAA1	9	9	39610.2	36019.9	35899.1	42913.1	15840.2	15490	14510.5	13709.5	60117.9	47425.5	44537.1	52745.6	68993.3	52973.9	61218.6	62454
ACAA2	17	17	16992.5	20090.6	25405.6	21993.2	21958.9	21471.5	19190.2	20252.4	59313.7	71563	59915.4	54885.8	95530.6	85026.1	93482.2	84672.9
ACACA	35	35	9413.7	9140.8	9643.51	11311.4	21780.8	19806.8	18372.1	17970.9	8753.02	9622.76	8685.52	8912.94	5211.04	5340.64	5719.67	6407.87
ACAD10	6	6	941.445	1096.54	827.124	805.853	1997.45	1567.88	1438.66	1598.47	1549.87	1872.51	1534.38	2499.29	2209.33	1597.43	1393.17	1960.52
ACAD11	6	6	3503.39	3550.86	3818	3963.12	3989.87	3416.85		4097.51					3813.27	4135.47	3335.13	4270.93
ACAD8	6	6	911.724	1188.28	1453.71	1564.4		1257.37	978.842	915.119	4912.57	4913.01	3897.07	5170.98	9625.22	6340.88	7025.21	6881.23
ACAD9	23	23	13858.9	13542.7	15000.5	14650.8	15830.4	14959.6	13112.1	14218.8	27991.9	30843.8	27442.6	28647.2	26521.7	19027.3	21611.7	22102.3
ACADM	17	17	11389.1	12965.9	14165.3	13214.9	20240.2	24644.5	21600.6	20747.9	74757.3	85694.5	76022.7	73023.6	103629	102012	116485	104914
ACADS	5	5	723.667		1309.15	924.893	5367.9	4695.1	4277.14	5403.89	10628.8	8750.16	12044.1	12216.4	9838.59	8359.08	6852.66	11652.2
ACADSB	12	12	2835.6	2606.91	3875.21	2419.15	2542.84	2749.99	2240.66	2683.2	5298.77	5743.83	5924.27	5046.62	5859.61	5020.1	6313.84	6072.24
ACADVL	24	24	22159.5	21078.4	23217.3	26621	23487.8	25680	21733.6	20456.1	32638	35924.4	30856.3	33992.5	46474.8	49605.8	47292.9	44397.4
ACAP2	14	14	9674.96	7933.35	8636.73	7959.71	7293.85	5960.63	7096.49	5507.07	15095.3	13112.4	13854.1	13517.2	12321.9	10016.5	11716.9	12131.7
ACAP3	3	3	1845.43	1997.16	1744.54	1516.15												
ACAT1	16	16	47609.8	52572.1	56381.3	53828	113528	104463	99931.1	104452	144207	140595	118832	144846	131053	126974	126946	124799
ACAT2	12	12	71428.2	100416	94282.4	111334	196861	208958	227424	218782	118383	177790	117732	123854	31512.6	37003.6	37099.9	35154.7
ACBD3	11	11	15554.5	13352.1	15945	15529.6	8459.14	7005.02	7703.12	7292.8	8238.52	5998.43	7538.95	6981.37	6716.65	5838.19	7750.77	7331.19
ACBD5	5	5	2288.36	2365.1	1517.8	3147.82	3519.97	2709.62	2262.04	2712.2	4716.7	4596.43	4192.3	5021.28	4808.14	2661.02	3236.1	4186.8
ACBD6	2	2	2530.07	3431.03	4027.87	3795.35	2804.85	1856.27	2159.42	1803.91	2631.34	2737.12	2451.56	2484.14	1804.05	1751.93	2127.8	2159.42
ACE	8	8									5359.55	3341.64	3879.16	3796.9	5512.09	7908.47	7312.51	7168.58
ACIN1	24	24	17414.3	18446.5	18782.4	21365.3	23228.2	24068.9	23370.7	23916.6	21995.1	21012.2	18690.3	21135.4	20498.2	21374.3	21917	20825.2
ACLY	42	42	59552	66816.7	68203.5	71148.8	88546	80769.8	76584.4	61962.3	54029.6	68507.3	52037	51905.6	33917	39212.5	39750	35695.1
ACO1	15	15	5611.78	5135.45	6130.42	5943.31	7412.14	7776.98	6740.36	6705.22	11517.6	12128.8	10354.5	10616.3	8022.74	6902.02	7957.97	9507.82
ACO2	30	30	37434.9	41424.2	48537.5	45458.1	34887.6	35407.5	30346.5	34261.4	86056.3	102887	85494.7	84371.1	128974	112795	118273	130195
ACOT1	1	1	4096.6	4653.9	4965.63	4203.82	3292.68		2755.06	3198.67	8465.94	8367.24	7185.08	7513.22	12692.6	7486.18	11185.6	9370.1
ACOT11	6	6									7582.2	8415.25	7330.6	6787.72	7457.61	10038.2	9278.7	10219.4
ACOT13	3	3	21295.7	30639.2	42470.7	45726.5	10988.5	16375.6	11531.6	10935	31336.5	33138.4	30488	29114.5	28244.4	27131.7	29978.1	25227.8
ACOT7	7	7	17316.4	20756.4	25646.1	27233.1	19529.8	31444.7	16348.7	17232.6	12526.2	14228.2	12410.7	11334.8	8908.08	12304.5	11365.3	10157.4
ACOT8	5	5	3552.31	3550.06	3731.36	3503.25	3053.15	3040.91	3939.22	3923.57	4053.83	4413.95	3621.4	3657.14	5519.64	4505.35	4290.37	4548.42
ACOT9	13	13	22240.1	22098.4	25577.2	27501.5	16985.7	16080.2	15181.4	14096.2	21925.1	21253	18574.1	22446.4	19479.2	20506.1	18577.1	21408.1
ACOX1	9	9	19572.3	22911.9	35177.7	27714.4	15917.8	16272.5	10995.7	9441.28	24948.9	33623.1	30138.5	26593.3	42046.7	49945.4	53985.2	46817.9
ACOX3	12	12	4784.96	4825.81	7022.76	5568.49	2991.97	2379.08	2210.31	2379.61	6386.83	7743.71	7453.43	6991.18	6494.77	6209.75	7187.26	6494.74
ACP1	3	3	25556.8	30569.8	23499	34156.5	15215.6	11536.8	14200.5	14721.3	25937.6	26017.3	24045.8	24129.3	17337.8	17616.6	18554.5	18350.6
ACP2	6	6	14274.5	15847.8	21770.2	16852.2	5408.63	7171.82	4445.32	4721.49	66964.9	58992.6	57359.9	62181.1	72226.6	58021.1	63138.5	64079.7
ACP3	6	6	3261.47	907.172	2628.66	793.838	2328.28	1240.84	3288.86	1655.62	8805.06	7895.66	10188.1	10972.7	8432.98	5559.55	6806.7	5966.94
ACP5	3	3	889.318								22918.6	18421.7	21338	17275.4	10548.6	16809.4	10684.3	10506.6
ACP6	1	1	1226.03	817.469	1120.35		1981.65	1603.19	1761.63						1128.31	758.764	647.851	1025.27
ACP7	3	3	617.563		772.559							814.173	817.35		3731.87			
ACSF2	11	11	1812.77	1601.48	2180.56	1689.45	1681.82	1762.79	1614.33	1372.23	4540.09	3574.7	4401.13	3596.23	7428.7	5660.67	7616.39	7041.86
ACSF3	15	15	2406.56	2427.45	2713.98	3049.09	1819.18	2582.7	2400.8	2371.42	7925.49	8305.9	7114.15	7955.98	8496.15	7374.55	8481.24	8097.68
ACSL1	15	15	8713.76	9405.46	9758.64	10155.3	10823.9	12252.6	10675.8	10613.8	58564.1	46473.6	60061.3	55275.8	69273.8	50173.3	61071.8	62112.8
ACSL3	10	10	25075.8	25283.1	29340.8	28117	77840.4	61914.9	71915.1	65702.1	25180.9	29171	24906.9	25909	14748.2	15536.3	16505	16040
ACSL4	12	12	3921.96	4140.62	6217.95	6742.17	8192.12	8704.28	8902.97	7757.66	14368.4	15911	14198.2	12985.7	9685.15	8421.53	11551.2	9963.98
ACSL5	4	4									3408.83	3265.85	4356.73	2876.03	2920.35	2474.36	2124.89	2334.76
ACSS1	11	11		2997.68		2898.93	3364.65	2870.97	3320.47	3104.85	6755.93	6315.88	7242.07	6448.47	3610.26	3255.87	2886.57	3646.98
ACSS2	11	11	5500.93	4769.15	5645.43	4873.81	9677.04	8114.08	9408.41	8246.3	8175.86	10280.2	9211.32	8080.73	4850.05	5208.13	4812.53	4883.54
ACSS3	2	2					5939.11	5142.88	5165.35	5208.65								
ACTBL2	5	5	108600	130976	158487	119920	31270.5	41478.9	23876.3	5055.75	188744	227763	189680	191505	163588	161974	172312	129482
ACTG2	1	1	956.346	1158.42	1413.89													
ACTL6A	6	6	9129.46	8096.92	8850.6	7889.76	12789.3	13900.5	14529.5	15562.6	6373.62	7765.49	7311.23	7526.51	6686.93	8132.8	7051.81	7753.93
ACTMAP	1	1				1454.39					2357.78	2034.72	2948.89	3896.97	3048.11	1845.63	1469.38	2120.38
ACTN1	25	25	235649	279313	321341	301133	42734.8	45218.1	41935.4	30981.3	76803.1	78273.4	85942.1	62596.6	91328.2	85548.4	123125	101071
ACTN4	34	34	164361	207058	234992	236405	125791	134355	123291	107513	61445.6	74916.6	68874.8	62693.9	94314.9	102968	117959	105716
ACTR10	4	4	6479.64	6577.66	5957.21	6703.56	5133.88	5288.84	5525.63	4775.95	6680.32	8041.71	6070.65	5099.88	5605.95	6453.18	6189.08	5308.7
ACTR1A	10	10	31229	37877.5	42425.8	36750.7	21700.2	20736.9	20846.7	19021.6	39544.7	38457.8	36826.5	35404.4	25629.9	28841.2	33388.6	31459.9
ACTR1B	6	6	13929.9	17036.5	19813.4	17024.3	8971.17	7955.06	10410.5	8686.42	19799.4	23961	18673.5	20910.4	15694.9	17763.5	17969.7	16963.9
ACTR2	6	6	24638.5	31500.1	46204.2	33258.6	10380.1	13951.7	10701.7	9979.85	52336.3	88280	73506.6	56655.3	61487	87296.5	88790.5	77397.5
ACTR3	9	9	14355.5	19972.4	31216.3	21070.8	8241.73	9935.81	4943.53	6640.82	33910.5	88788.8	43754	36389.7	28680.9	73330.9	65754.4	41982.5
ACTR5	2	2	2910.55	2171.38	2700.66		2961.29	3355.72	3948.14	3263.61		2499.44	2835.33		1572.27	1695.68	2038.81	2793.99
ACTR8	4	4	2173.18	1785.44	2423.48	2289.26	1592.87	1776.07	1396.31		3207.96	2600.81	2483.61	2477.82	2145.07	2515.75	2373.46	2138.07
ACY1	11	11	5336.35	5281.16	5197.77	5977.21	6747.46	8383.97	7332.13	7357.5	11440.9	11674.5	10016.6	10855.2	12661.8	13620.8	15027.6	13821.2
ACYP1	3	3	3772.83	3752.38	4767.83	3639.35	11780.4	9957.62	7910.51	9429.5	4566.95	4069.86	4291.79	4862.46	2713.81	2875.25	2827.12	3516.38
ACYP2	4	4	2205.1	1787.19	1813.92	1995.86	1158.86	1017.35		1287.04	3826.47	3890.27	3928.33	3881.05	3622.36	3142.78	3076.2	4113.24
ADA	11	11	5160.31	6840.33	6464.21	5922.85	3463.11	3479.41	3661.51	3152.66	13746.5	18018.1	15619.6	15821.3	5552.05	7046.26	5799.14	5645.4
ADA2	10	10									44120.7	53011.9	53747.1	59331.8	7182.16	9385.34	7892.27	6713.52
ADAM10	14	14	4166.92	3545.75	4441.76	3980.97	4169.15	3793.67	2437.52	2316.25	10144.7	11158	12087.8	10775.7	9339.24	8767.77	11041.2	10013.2
ADAM15	2	2	1525.53	1301.69	1566.07	1474.11	1680.54	1678.77	1945.3	1446.32	1063.18	1807.61	1235.24	1231.02		991.641	707.436	
ADAM17	8	8	3914.12	3355.36	5597.4	4869.39	3895.33	2292.14	2614.65	2550.72	7254.18	7252.7	6989.56	7108.92	4344.79	5429.33	5292.22	5079.18
ADAM28	5	5									1969.41	2508.36	1914.69	1900.48	3301.78	3297.8	3824.09	3442.88
ADAM9	4	4	3192.27	2843.61	3729.63	2646.17	2247.03	1295.11	1610.46	1324.34	4566.98	5440.03	5011.16	4845.38	2174.14	2295.64	2187.02	2367.77
ADAMDEC1	1	1															455.963	1079.79
ADAMTS1	4	4	1189.46	1312.57	1570.01	1714.87												
ADAMTS5	2	2	1163.37	755.073	1358.42	1008.67												
ADAP1	6	6		1960.37	1191.65	1583.88					8810.03	8468.45	9380.17	10114.3	8518.79	9340.51	9649.88	9148.14
ADAP2	8	8									5582.74	5010.93	5141.27	5342.78	4662.12	3711.28	4053.14	3882.18
ADAR	24	24	22383.8	21691.1	24482.4	24737.5	19397.8	18795.4	17620.4	15317.4	18805.1	20543.8	18336.6	19633.5	17030	19627	20187.3	18217
ADARB1	4	4	1411.11	1288.11	1579.38	1130.83	485.727	748.874	663.876	659.687	725.285	1393.94	880.663	977.904	1426.19	1379.01	1312.67	1328.37
ADCK1	2	2			728.078			2416.89			1184.11	1444.68	1727.47	1316.87	1086.98	881.501	772.305	1105.72
ADCK5	3	3	576.632	496.402	590.63		845.355	566.854		433.949	1240.79	1441.53	1439.53	1803.52	1150.78	795.267	839.023	992.317
ADCY3	2	2		606.112	1107.58	1005.45			807.245		1380.5	709.142		897.845	1028.56	1020.55	1533.36	1665.9
ADCY6	2	2	1495.03	1642.05	1621.44	1709.95		1009.7	1331.22	1453.73	913.02	1220.84	1597.14	1157.95		993.273	968.915	1033.9
ADCY7	5	5			2112.04	1652.32					3233.07	2961.01	3277.68	3097.63	2421.89	2543.43	2900.71	2381.87
ADCY9	3	3	1285.89	917.306	1102.55	1041.07		961.138		911.287								
ADD1	18	18	32708.4	35468.6	37813.7	34856.6	15408.8	13816.1	13123.4	11450.1	6362.47	8083.99	7216.87	8666.58	6448.04	5401.33	5583.35	5961.6
ADD2	2	2					1517.27	950.268	1147.83	916.849								
ADD3	13	13	19849	21456.4	20508.1	22202.4	7678.79	6976.41	7789.32	6708.71	4184.71	3827.32	5187.49	4795.1	4161.17	3948.51	4501.92	4434.76
ADGRA2	1	1	779.64	687.123	1506.42	1085.55												
ADGRE2	2	2									924.663	1048.86	1021.56	977.411	1696.71	1502.93	2088.28	1508.17
ADGRE5	6	6	4007.84	4109.28	4790.53	4075.41	8308.53	8851.4	6546.34	6675.01	21009.1	20783.3	20623.6	18513.6	28233.2	32505.6	37607.9	27187.4
ADGRL2	3	3	2186.22	2149.68	3183.19	2139.39												
ADH5	6	6	40772	48040.4	50393.3	49325	50808.9	38623.3	29604.1	22454	40611.4	34163.6	41933.5	39212.4	41534.4	23567.5	37334.1	36712.3
ADH7	1	1	24303.2	42847.1	31153.5	43455.8	20840.5	23116.6	25758.2	27636.7	18546.4	19384.4	16897.1	20914.5	8893.79	9893.98	8262.21	9824.73
ADI1	5	5	2309.49	2607.9	5487.28	2681.43		1274.88			4300.31	8881.75	7288.89	4112.46	3115.08	4224.18	4539.79	4487.49
ADIRF	3	3					4156.5	4234.17	2930.34	3015.38								
ADISSP	4	4	2305.36	2951.15	3854.38	3132.56	1613.49	961.108	1046.96	996.593	9169.49	13950.8	9758.07	8953.81	4228.56	5523.36	6196.7	4997.49
ADK	10	10	17854.5	20005.6	19339.9	17180.3	16675.2	14744.1	12413.9	13168.9	16438.2	21468.4	20512.2	21723.4	29406.2	25139.8	31036.7	32012.2
ADNP	14	14	4202.31	4069.16	4745.85	4704.98	6706.15	5572.62	6262.23	6337.95	3353.18	3519.76	3870.74	3328.68	3411.86	3139.3	3639.1	3210.79
ADO	3	3	4079.87	4272.73	3209.98	3957.41	4807.67	4837.15	4490.95	4490.71	5796.29	4852.7	5055.7	6796.99	6241.59	5150.6	5903.48	6147.31
ADPGK	5	5	8826.19	6369.48	8705.45	9099.75	4856.66	3836.94	5155.61	4499.42	13434.6	17547.4	14871.4	12866.9	16477.4	19138	21797.2	18466.3
ADPRH	3	3									10545.2	7072.49	12375.9	11875.8	9196.36	5370.83	5142.76	6674.96
ADPRS	5	5	14090.4	13139.7	12950.1	12704.9	10328.6	12285.6	8727.22	8123.48	20917.1	24105.2	22330.9	20643.3	19134.6	18390.6	20886.3	18360.1
ADRB2	1	1									878.583	1012.24						
ADRM1	2	2	10434	11096.6	12123.2	13107.6	11090.1	11897.2	11516.5	10799	8892.59	11304	10240.7	7979.71	8906.22	11642.1	12181.6	9909.73
ADSL	11	11	10357.7	12076.9	14314.6	14396.8	7073.58	8150.12	5850.43	7298.81	15744.5	17886.6	15672.8	15237.2	11809	15037.9	13804	13878.8
ADSS1	2	2			813.391						1802.79	1020.67	1229.78	2491.45		846.962		
ADSS2	13	13	21277	21230.8	28603.7	26940.3	14932.9	16856.7	17148.3	15300.5	19760.5	19529.6	19182.2	19098.8	24424.6	24649.8	28494.2	30451.6
AEBP1	3	3	5280.9	3347.96	4382.55	4217.91		634.14										
AFAP1	12	12	50232.7	49036	43136.5	60027	12554.3	15134.8	16749.2	15069.9	5456.69	6588.01	6222.57	6867.81	7441.41	7736.16	12305.5	8032.3
AFDN	30	30	3912.21	3430.01	3924.67	4028.11	7516.59	5957.19	6285.66	5784.56	4969.02	4659.25	5119.89	5293.78	9371.42	8049.11	9076.33	9199.07
AFF3	1	1	145.317	139.191	349.971	132.013												
AFF4	2	2	3717.53	3483.38	3673.09	3611.87	4216.24	3906.53	3836.18	3898.24	3063.32	2121.5	2386.66	2999.49	2357.32	1944.6	1600.63	2328.43
AFG1L	5	5	2803.71	3638.61		2884.76		2249.12	2375.04	2043.38	5068.5	4608.42	4862.54	5466	5486.13	4283.9	5751.74	4619.85
AFG2A	11	11	3826.2	4030.73	4117.41	4324.81	4847.03	4043.47	5225.42	4508.36	3758.4	4002.97	4253.53	4161.48	3859.34	2704.4	3294.44	3600.28
AFG2B	12	12	2669.53	2620.93	2529.8	2261.06	4346.36	3154.11	3203.09	3007.84	3744.59	3087.41	2779.9	3454.14	3204.19	2461.26	3324.97	3389.9
AFG3L2	24	24	14708.1	14475.6	18300.7	17414.4	12015.5	11626	10608.3	11017.6	26814	25628	24448.9	26016.9	30979.6	26563.7	31382.3	29867.6
AFM	5	5									9202.67	8937.58	7550.45	9085.38				
AFMID	1	1				395.657						917.453	520.642	532.016	537.198	704.386	647.251	873.55
AFTPH	10	10	2969.24	3262.22	3373.59	3970.92		2499.1	2939.69	2184.98	4618.83	4730.74	4478.48	4577.21	4859.92	5101.1	5359.83	5020.27
AGA	1	1		464.601							779.623				2186.67			
AGAP1	1	1	8298.39	9075.64		5483.47				8306.93		5148.54			5339.57	5860.58		4349.68
AGAP3	11	11	1854.13	1834.46	1881.12	2010.96	3472.94	2917.82	3315.51	2709.19	3564.15	3472.19	2983.98	3214.11	3102.27	2841.5	3317.26	3552.02
AGBL3	2	2	2817.25	2296.98	3345.92	2017.09					8086.8	8010.05	10289.6	9817.29		1979.06	2626.02	2939.7
AGFG1	5	5	3990.05	5630.73	7433.13	6087.86	3688.38	4099.71	5002.51	3740.1	5151.66	6780.57	7108.21	5299.51	3723.16	5361.27	5202.16	4377.26
AGGF1	1	1	767.182		1082.42	919.126	1182.1	846.916	877.112		1151.78			1036.88	952.534	707.052	566.448	1149.16
AGK	8	8	21880.3	25883.5	23048.5	30882.7	25772.8	30420.2	25870.7	28043.7	23876.9	22661.6	21135.4	24400.9	27581.4	23716.4	26594.5	25569.9
AGL	25	25	8849.69	7585.57	10092.8	8280.69	8542.71	9454.02	7892.24	8171.73	12419.7	12252.2	12701.4	12826.6	13346.9	12572	13733.9	13501.1
AGO1	7	7	1487.36		2549.87	1695.63	2823.64		4761.77		2404.04	2799.77	2853.57	2849.67	3367.9	3906.02	4317.43	3582.56
AGO2	5	5	3227.45	2995.88	3699.15	3619.52	2784.52	2985.02	3385.79	3347.01	1965.63	2302.77	1929.86	2128.49	1968.65	2823.48	2463.47	2269.34
AGO3	3	3	987.089	1041.46	1508.06	1381.48						541.672			663.983	593.553	734.667	
AGPAT2	3	3	1692.04	1442.04	2174.61	1830.67	2789.41	2161.7	2283.87	2520.06	2667	2414.48	1921.28	2329.59	2254.21	1959.33	2446.97	2164.1
AGPAT3	7	7	4664.99	3854.65	3928.2	3528.28	4662.59	4404.95	3003.24	3543.38	6665.02	6509.85	6770.31	6202.16	6669.59	6202.22	6405.9	8137.76
AGPAT4	6	6	3903.34	4021.47	5899.44	4133.14	3254.64	2550.05	2965.54	3637.2	3471.49	2480.15	4646.51	4259.83	7356.85	6009.82	9152.25	8478.36
AGPAT5	7	7	3171.54	2487.05	3341.37	2924.15	4921.54	5745.96	6562.32	4972.37	6257.71	6873.26	6758.37	7504.94	6773.44	6636.05	7115.49	7075.73
AGPS	16	16	8997.91	8326.45	10505.8	9254.69	11455	10719.3	8842.08	7973.72	13589.5	13517.9	13714.8	13529.1	13263.9	11062.5	14119.8	14153.8
AGR2	4	4	2060.63								25339.8	56718.8	15158.9	33627.4		1552.43	858.907	1490.15
AGRN	15	15	5697.52	5185.41	4340.84	5747.13	3577.22	3265.61	3265.85	3428.75		669.704	1699.89					
AGT	3	3	1470.94	505.721	548.769						1003.48	1255.05	1239.41	1390.14		512.139		457.774
AGTPBP1	6	6	1360.86	1496.28	1239.46	1629.17	1941.87	1579.84	1776	1756.39	1924.25	1544.26	1614.41	1945.49	1758.48	1449.38	1444.13	2017.57
AGTRAP	3	3			4321.48	1117.71		741.922			3250.55	4807.26	3345.54	3586.33		1523.22	1164.76	866.016
AHCTF1	35	35	6128.95	5348.32	6640.06	6250.7	7571.49	7412.19	7388.09	7201.9	5191.25	4802.06	4831.14	5760.18	4857.32	4295.12	4715.06	5089.06
AHCY	15	15	58325.9	67976	100708	92581.8	41451.3	51089.4	48708.4	46848.8	139238	171078	165483	116919	137395	163868	152705	140117
AHCYL1	3	3	7627.88	9628.71	8325.7	8556.93	13323.2	12422.3	11970.4	10891	13477.7	11762.1	8954.89	10868.9	14918.9	14601.9	13345.1	17581.1
AHCYL2	4	4	4987.68	4663.5	3826.28	3742.43	2391.07	1800.03	2740.35	2735.64	6446.29	4079.26	4595.75	5826.3	6116.42	3355.53	3881.85	6076.76
AHDC1	8	8	4362.4	4168.55	4403.41	4205.52		1722.22	1612.03	1678.8	1389.73	1455.27	1740.46	2252.87		1199.34	1057.81	1580.69
AHNAK	195	195	375030	472156	472298	524028	131484	111966	112751	113929	97841	81815.6	98758.1	83514.1	66405.9	71592.4	83546	71176
AHNAK2	125	125	145495	57906.6	63899.1	64522.2	21513.5	12696.8	14074.8	12518.8			12482.2				5457.46	12169.5
AHR	7	7	9126.58	10091.8	8482.11	9090.61					1859.85	1634.35	1729.53	2311.06	3014.72	2494.63	2733.92	2680.5
AHSA1	13	13	14124.8	17957.1	24149	20363.5	13980.7	13770	15453.9	15302.9	18816.7	19626.2	18874.4	17157.6	16885.7	19732.2	17805.5	16449.1
AHSG	2	2		528.82	799.55						1081.92	2191.07	1672.73	1649.52	684.671	1079.12	548.117	609.864
AIDA	7	7	9571.73	9676.03	10960.1	11668.6	4169.08	3611.37	4180.81	4326.71	2750.6	3549.4	2611.42	2855.96	2095.2	1933.38	1985.65	2009.64
AIF1	8	8									23718.8	40313.3	27327.3	27738.8	19734.9	34214.3	31337.9	28021.2
AIFM1	18	18	18862.7	17309.4	21961.5	19750	37947.7	38672.8	34352.5	31784.6	45608.1	48665.5	42872.4	44980.4	50100.4	44769.9	49598.2	45113.1
AIFM2	3	3					5295.51	3857.99	3937.77	4322.82	2251.03	1587.53	1871.64	1693.73	1213.53	1578.54	1408.35	1114.51
AIMP1	11	11	34483.4	32773.9	37142.8	33993.3	29464.3	29222.3	26125.4	27533.1	31581.9	30632	30197.6	34061.7	36228.7	31645.4	36281.4	40277.1
AIMP2	5	5	13496.2	12707.4	13998.5	12944.1	8275.41	12149	7954.67	5212.14	15384.9	21125.9	16178	16321.1	15346.9	17434.1	21808.9	17386.7
AIP	9	9	40523.9	40827.3	38323.4	47541.2	44673.2	48497.2	38742	37451.3	38369.2	48466	36821.3	44039.4	41974.3	48626.2	44753.6	43044.1
AK1	7	7	72856.5	76395.1	61437.2	79880.1	48998.7	45631.5	50513.5	46811.7	31852.1	46500.5	38094	40335.6	34983.5	36028.4	36700.7	30538.4
AK2	15	15	36913.6	50602.2	46611.4	50830.9	70018.8	76227.6	69440.9	72880.7	86688.6	104219	82905.8	98354	123850	155110	154727	133515
AK3	13	13	17599.7	21655.8	19222.2	19992.7	12810.6	9946.73	8865.59	8805.58	23653.7	20078.6	23555.8	21725.8	28579.9	22919.5	28777.7	26446.9
AK4	7	7	13506.5	14077.2	14393.9	18180.1	4144.33	3428.3	4583.11	3751.31	2104.78		2751.37	4334.02				
AK5	4	4	3361.94	3096.95	3731.45	4323.11												
AK6	4	4	5064.92	5823.45	4911.35	5242.21	5877.17	5023.06	4322.77	6656.27	4584.48	5365.34	4568.98	5263.98	2888.25	2493.2	2636.52	3340.63
AKAP1	7	7	2048.7	1478.36	1659.01	3198.5	5366.96	3995.87	4887.5	4670.57	3677.42	3501.72	4139.15	3813.16	3203.25	3256.62	3315.67	2916.07
AKAP10	5	5	1825.59	1610.47	1747.55	1773.07	2402.43	2293.59	2016.86	1343.09	2294.44	2339.43	2475.28	2101.72	1739.84	1918.61	1744.41	1881.67
AKAP11	12	12	1977.11	2032.87	1741.87	1877.52	1464.55	1543.24	1597.63	1593.35	3170.6	2971.71	2874.4	3493.93	2179.67	1846.73	1679.63	1733.79
AKAP12	52	52	59620.6	82583.7	65901.7	78721.7	24034.3	21273	24523.7	20693.2		1210.35	2625.32					2481.93
AKAP13	32	32	5299.86	5077.78	5166.91	4985.84	5643.65	5646.93	5559.52	5488.23	5086.1	4842.67	5239.86	5515.5	5274.83	4986.19	5068.83	5445.26
AKAP17A	6	6	7983.23	10122.3	9012.59	10163.3	9429.21	9643.77	10423	8766.55	8222.49	8772.27	7935.94	8465.86	6882.43	8084.45	8225.97	7577.31
AKAP7	1	1				857.705	1941.18	931.718		1316.6		1704.11		1785.29	2015.87		1472.3	2121.62
AKAP8	8	8	5789.48	5337.11	6247.32	4625.69	6300.25	4909.16	5179.55	5588.61	5648.62	5218.43	5033.31	6039.83	5470.56	5957.4	5399.49	5555.79
AKAP8L	5	5	2630.9	1823.53	2547.59	2498.65	2611.86	2022.19	1769.12	1820.34	2214.38	2075.55	2410.98	2337.09	2548.18	2287.84	2515.05	2670.24
AKAP9	50	50	6495.87	6071.39	6079.97	6232.47	7446.62	5902.74	6351.66	5468.9	5301.73	4076.72	5069.88	5796.51	5770.79	4804.47	4636.22	6022.39
AKR1A1	13	13	49544.9	53779.2	50630.3	50391.4	36343.9	33337.7	33290.1	26475.5	141854	158752	146917	129468	113112	128292	153421	136488
AKR1B1	13	13	14281.1	15830.9	12684	16491.1	54172.7	65632.8	58746.2	56734.5	48815.7	49167.6	41709.8	51876	43641.5	30457.7	36331.9	36249.4
AKR1B10	3	3			1771.92		2069.16	1647.84	3032				4356.35		2632.15			1155.48
AKR7A2	3	3	3852.59	3529.92	9460.81	3062.49	3976.68	802.21	3644.59	2953.16	9905.05	10672.2	11589.4	8362.19	7988.47	12340.2	9859.71	10374.3
AKT1	7	7	10079.5	11018.1	11465.8	12506.9	5813.93	6631.06	5251.39	6593.31	8268.68	8848.03	8662.09	9052.8	7782.87	8999.69	8597.09	9357.89
AKT1S1	2	2	9919.48	10968.8	6958.69	13352.3	2955.25	2628.07	2882.41	2503.21	4022.51	4431.63	5289.46	5637.31	3630.97	2891.47	3351.28	4400.22
AKT2	6	6	4077.71	5568.31	5055.89	4611.84	2539.73	2702.15	2228.49	3314.12	5346.78	6362.5	6323.72	6273.46	4296.49	4643.15	4354.01	4587.17
AKT3	3	3	1224.1	1071.13	1315.84	1434.23	2195.57	1050.68	1046.27	760.379						680.825		
ALAD	3	3	907.087	1460.23	2855.22	2558.01		1290.29			2391.8	3125.11	3261.78	2541.21	1163.26	3497.66	3137.82	2637.59
ALAS1	1	1	401.412	315.674	632.297	722.738	464.374	578.582	563.772	568.795	654.273	625.978	517.357	456.341	552.725	790.498	638.373	571.453
ALCAM	10	10	16203.7	14680.9	18494.6	23025.7	6246.61	8166.65	6120.35	6825.43	5846.88	4518.79	6709.52	5817.77	9449.7	9756.72	12944.2	11894.3
ALDH16A1	7	7	6925.49	7356.49	8355.28	9778.83	4394.71	3791.34	4284.36	5012.97	24857.6	31992.2	25232.9	25040.1	17583.3	21077.6	22449.8	18269.9
ALDH18A1	28	28	47303.3	56334.9	68450.2	63279.1	26817.2	27029.8	31568.9	27016	12827.7	13570.3	15470.7	13628.4	16461.1	17882.8	18654.4	19204.5
ALDH1A1	9	9	3749.37		2913.8						20176.6	15232.8	14023.8	7709.96	4886.21	2037.47		933.175
ALDH1A2	9	9									12829.8	10930.6	24091.2	16890.9	23083.6	17114.6	44215.8	48002.6
ALDH1A3	9	9					13990	16949.2	13952.8	15363.5								
ALDH1B1	11	11	12549.3	13509.1	17871	16042	9039.97	9296.24	9946.92	8289.68	4617.98	5181.97	5703.36	5114.27	5451.05	5912.63	6504.09	5777.84
ALDH1L2	22	22	26780.6	32990.9	32281	35207.6	2569.79	2973.98	2276.54	2683.13		1490.42	1596.92		4672.51	5548.95	6281.29	5878.61
ALDH2	15	15	26072.7	35241.9	43726.5	34659.7	26426.3	29344.7	30588.7	26387.7	21619	25067.1	26929.6	18670.6	105692	127369	132258	105092
ALDH3A1	3	3	4393.5		5103.27		2081.85				1888.04	1494.65	3813.6	3729.36	4160.11	2351	1834.36	2623.98
ALDH3A2	11	11	17941.3	16632.3	19733.6	16170.7	25514.8	22914.6	21954.4	18109.6	19486.8	19361.3	16200.1	17172	17636.2	14162.7	14131.2	17067.9
ALDH3B1	6	6					2298.87	3030.76		3197.95	9328.36	8099.18	8408.94	9464.51	4832.86	4385.46	3382.9	4413.22
ALDH4A1	18	18	9389.67	9223.29	7822.11	7828.57	9366.36	8070.81	8798.39	8198.24	26716.6	25253	22922.4	25815.7	10436.1	8613.16	8490.21	10423.8
ALDH5A1	6	6	5832.65	6457.87	6507.72	6657.35	11622.3	8091.16	8388.73	8638.93	3747.58	3883.17	3811.2	5616.02	8409.57	4027.53	5551.66	8745.9
ALDH6A1	10	10	7096.17	6948.69	7157.67	6909.1	8941.06	7162.72	7908.01	6997.39	13119.3	12490.9	12664.8	13327.2	10437.8	7300.59	8329.51	9302.59
ALDH7A1	12	12	44026.6	52007.5	72081.3	57524.6	43430.4	44465	39549	37835.6	43869.9	50820.3	45213.4	49295.8	30094.6	28973.1	31688.2	27905.9
ALDH9A1	15	15	85707.2	83249.6	77828.8	85170.8	25074.7	23070.8	21922.6	23250.3	56545	60431.5	57155.9	58125.2	48437.1	39742.7	46967.3	48213.1
ALDOA	4	4	28025	32541.7	52244.8	31366.2	48636	23841.9	35113.9	20764.7	87187.1	82840.6	68427.5	44520.9	40778.6	78447.8	86532.6	54116.7
ALDOC	15	15	10142.5	10732.3	8140.68	10277.4	79346.4	65348.8	68422.8	55461.5	9679.75	9557.76	9327.05	10691.1	6956.5	2789.57	2757.92	3569.34
ALG1	8	8	5746.59	6286.51	6927.33	6574.49	3071.56	2656.25	2486.22	2405.93	7255.73	7777.91	5818.63	6694.83	6376.84	5968.64	6258.14	6859.22
ALG11	8	8	4619.03	3748.33	4667.77	4585.89		1451.01	1163.02	1479.76	2587.19	2323.18	2777.55	2544.68	2471.36	2272.3	2940.64	2648.37
ALG12	1	1	1171.57		1816.1							1175.22	2419.59		1880.28		1612.18	
ALG13	3	3	1580.2	1872.27	2738.53	1857.17	1634.24	807.622	1553.79	1284.88	2051.56	1693.99	2195.84		1831.25	1116.52	1944.39	1714.45
ALG2	12	12	11808.7	10563.7	14759.4	11000.5	4855.11	4091.52	3830.29	4425.13	8978.54	9529.88	8505.83	7145.3	11647.5	12749.4	11447.7	12630.8
ALG3	2	2	1726.28	1451.52	1770.98	1550.56	1629.15	1560.23	1455.94	1194.76	2499.34	2501.62	2486.91	2583.97	2310.55	2937.91	2968.5	2400.86
ALG5	2	2	2268.83	2592.87	3740.34	2422.17					4804.73	6105.66	6302.24	4498.96	4636.77	7051.98	7484.31	5568.7
ALG6	2	2	3014.1	2708.84	2878.36	3036.55	2374.28	2421.49	2272.06		4005.86	3527.31	4020.73	3579.85	3017.04	4179.81	3883.69	2948.93
ALG8	1	1	4280.87	3635.14	3495.04	3226	2991.63	3042.94	2569.35	2810.18	3400.73	4475.29	4116.69	4380.94	4649.45	3915.17	5052.88	4095.15
ALG9	3	3	892.931	1276.45	1811.66	3226.97		1303.65	2165.16	1654.74		1790.91	1772.51	1057.36		1613.33	1017.13	1334.34
ALKBH3	1	1	819.066	769.259	850.634			790.022	921.073		554.804	799.448		793.153	683.357	886.864	483.808	686.8
ALKBH4	4	4	3706.34	4112.4	3779.52	3715.48		2128.37	2882.43	1991.35	3698.03	3298.5	3879.54	3280.3	3439.68	2916.36	3365.09	3339.22
ALKBH5	4	4	2501.13	2665.63	3236.13	3358.88	3917.73	3526.74	4096.53	4805.62	1500	2158.76	1310.24	1699.82	2354.18	1889.28	1432.29	1469
ALKBH8	2	2		1441.6	1768.49	1614.87	1613.29	2704.99	4769.49		2837.44					2282.48		
ALOX12B	11	11	5910.36	4337.37	8074.81	3732.19	9604.22	3895.99	6958.27	6868.69	8891.1	12823.3	9888.76	5811.94	12343.3	3871.47	3462.88	8163.23
ALOX15	3	3													4345.74	1472.31	780.617	
ALOX5	18	18									4224.05	4899.78	4965.12	5397.53	15993.6	18237.1	17866.4	18091.9
ALOX5AP	4	4	1260.57	1896.55	2016.35	907.892					63877.6	103025	72074.1	73285.5	348421	490230	471402	401976
ALOXE3	3	3	3303.25	2146.38	3432.13		5468.33	3688.6	3866.28	4830.33	3639.27	4203.16	2293.76	2790.33	2822.54	2558.26	2897.52	3774.87
ALPK1	2	2					1352.72	745.476	1081.6	1016.47	1088.9	805.932	757.52	1045.67	1413.14	1195.32	1192.54	1454.77
ALPK2	3	3	928.801	786.215	783.292	752.184												
ALPL	4	4	5661.37	4256.6	4929.92	8481.08												
ALYREF	10	10	16320.7	21920.5	19565.2	21390.7	18341.9	22019.4	18513.3	15893.3	16946.2	23296.6	12729.4	17658	12581.5	19827.3	20396	14684
AMACR	5	5	2695.23	2980.11	2519.61	1928.24					6068.28	4846.29	6393.06	5911.5	4642.32	3093.39	4411.59	4183.36
AMDHD2	7	7	6047.46	4268.52	4563.08	4845.52	4339.93	4896.21	4955.84	3905.35	48534.7	48959.3	43139.1	44212.1	12390.5	8875.76	9500.53	11939.8
AMFR	4	4	6108.51	6212.8	5932.38	5938.95	7005.72	7366.42	5856.53	6596.38	6098.07	5436.8	6108.32	5695.25	6785.34	5133.48	5138.54	7839.49
AMN1	2	2	1483.44	1192.3	1863.87	1927.35	2538.85	1438.25	1554.68	2135.8		1078.67				1161.32		
AMOTL1	4	4	1581.74	1258.81	1312.75	1704.8		1207.55	1200.76	750.794								
AMOTL2	5	5	3856.8	2822.65	2965.54	3249.47	2337.67	2664.34	2887.88	3036.43	1901.59							
AMPD2	14	14	18092.9	17235.8	19231.8	20344.4	13998.2	16864	13471.4	11484.5	10497.7	11347.8	10219.2	9718.87	25223.1	23275.9	29274.6	24731
AMPD3	13	13									6491.4	8318.05	6285.35	7291.37	8345.57	9316.26	11579.7	10343
AMPH	5	5	12037.4	14024.5	12589.6	10124.9												
AMZ2	1	1	2499.29	2153.03	1411.8	2175.69	2650.77	2622.08	2070.49	3349.74	761.324							
ANAPC1	10	10	3564.91	3778.91	3866.88	3851.71	2811.49	2947.72	3193.56	3204.68	3165.87	2923.56	2920.85	3227.16	3262.19	3057.28	2998.17	3310.25
ANAPC10	2	2		1026.11	1035.49	1122.26	1065.29	673.468		456.012	1017.64	1100.98	1209.49	942.293	984.972	1532.83	1460.11	1178.44
ANAPC16	1	1	3290.07	3009.71	3602.58	3849.84	2422.9	2727.86	1919.62	2403.63	1084.9	2143.73	1522.37	2326.35	1789.54	1385.1	1675.31	1694.65
ANAPC2	5	5	2020.38	1897.87	3117.61	1776.21		1242.97	1775.91	1561.98	1655.89	1701.18	2499.87	2002.19	2097.46	2003.28	1780.67	2473.47
ANAPC4	4	4	1923.41	2100.22	2476.45	3091.03	2725.88	1808.15		2032.68	2123.98	2624.93	1744.82	2170.3	2118.9	1945.24	2294.85	2474.23
ANAPC5	3	3	1759.73	1999.79	1780.35	2397.6	1946.77	2142.97	1715.31	1836.62	1798.53	1333.42	1166.58	1334.9	1449.78	1653.4	2135.95	1430.49
ANAPC7	5	5	3233.99	3512.47	3374.02	3499.13	3361.17	3171.46	3333.56	3845.3	3085.23	3241.01	2551.13	2481.13	2755.89	3364.32	3407.2	2876.92
ANGEL2	4	4	1622.21	1507.64	1644.77	1833.46	1075.34	737.986	1136.14	977.32	954.15	1160.09	909.16	1226.37	1507.41	943.835	1414.81	1210.54
ANK1	2	2		642.736		536.532	816.384	839.034		717.961						218.916		
ANK2	19	19	5186.83	5532.44	6187.08	5422.49	1339.09	1265.19	1383.23	1310.89					1180.21			923.809
ANK3	22	22	6422.82	4504.87	7242.86	8711.52	5026.69	5262.7	5688.32	4078.6		5797.36	9607.43				5426.29	
ANKFY1	24	24	14309.8	15089.1	19189.4	17722.5	8529.98	8956	6508.29	7399.08	27823.8	34166.7	30260.5	28910.6	16184.9	18357.6	18376.3	17221.9
ANKH	6	6	2118.3	2435.66	2405.06	2160.94	1132.64	1738.01			5075.88	7528.93	4193.71	5953.09	2995.64	2758.06	2873.7	3539.98
ANKHD1	12	12	5616.24	4616.69	4605.91	5130.14	7419.72	6187.46	6815.2	6554.42	5852.33	5250.03	4362.21	6081.21	4971.89	3282.99	3642.76	4477.81
ANKIB1	2	2	2058.29	2216.54	3156.52	4150.41												
ANKLE2	12	12	7366.94	6870.99	6434.86	8087.2	9560.21	8400.38	9051.53	7747.35	4590.24	3576.95	3564.7	3725.25	3880.16	3735.77	3910.16	4316.62
ANKMY2	4	4	3660.38	3890.92	3207.24	3159.53	3716.86	3508.86	3250.12	3432.82	3008.14	3720.95	3495.48	3775.78	2585.06	2558.59	2866.9	2763.33
ANKRD10	1	1					976.384	1138.61	1176.2	686.081			1326.86	1447.84	1529.86			1009.59
ANKRD13A	5	5	2738.42	2504.41	2853.49	2883.36	2958.45	3160.22	1940.3	2489.37	3709.66	3847.66	3669.03	3108.58	1934.64	1781.42	2469.65	2404.28
ANKRD13D	3	3	1349.65	1707.1	1370.13	1895.92	2010.19	2390.9		2133.88	2482.41	2217.12	2426.54	2530.96	2446.19	1382.26	1741.26	2027.29
ANKRD16	1	1	962.099	741.068	1366.77	676.257	1338.71			1364.4		683.977						
ANKRD17	14	14	5305.24	5316.93	6088.76	5950.41	5763.93	4607.77	4726.61	4361.92	4062.59	3705.46	4085.75	3855.11	3259.03	3104.3	3172.4	3309.6
ANKRD22	3	3	1820.89		2586.76				833.424			1463.04	2018.05	1628.33	5433.09	5724.78	5674.05	5711.19
ANKRD27	1	1		588.848	333.672			571.317	608.095	705.848	1189.01	955.113	939.861	569.849				
ANKRD28	6	6	4179.74	4323.43	4255.74	4629.06	4570.52	4204.19	3917.91	3233.48	2357.13	1863.58	2502.95	2223.42	1983.72	2205.76	2218.97	2471.31
ANKRD40	1	1	704.211	703.242		667.184						844.099	671.435		851.897	566.637	568.177	662.731
ANKRD44	17	17	2009.48	2008.89	2591.4	2190.6	2431.03	2101.14	2350.68	1978.35	4802.42	5335.64	5434.64	5201.67	6389.03	6763.84	7303.8	6495.58
ANKRD46	1	1	2062.69	1734.17		1343.33	1961.26				3072.8	3147.09	3195.52	3567.05	2151.2	2200.1	1982.23	2693.12
ANKRD50	5	5	1719.08	1374.1	1151.61	1524.42	1225.21	1062.18	1252.51	935.894				1032.08			895.149	550.397
ANKRD52	7	7	6650.77	6357.94	5324.08	7017.37	3488.03	3289.3	2677.54	2685.88	1552.45	1715.47	1566.58	1721.02	1342.88	872.152	1230.91	1621.79
ANKS1A	5	5	3181.11	2375.93	4704.09	2856.98	3785.62	2054.16			5661.67	5667.69	4851.2	4148.18	4117.9	3777.69	4293.48	4356.88
ANKZF1	2	2	2414.35	2602.56	2682.34	2995.88	2441.41	2139.41	2196.39	1705.65	1686.58	1452.98	1678.55	1704.84	1715.27	1711.18	1363.25	1860.77
ANLN	17	17	3191.5	4135.46	2275.56	5193.1	7243.25	6866.82	6353.34	7963.88	3045.51	3440.59		2263.43				
ANO10	8	8	14546.9	13433.8	14048.5	14136.1	3913.67	4100.03	3950.58	2964.8	3765.9	3331.68	3861.08	4126.53	2595	2619.3	2516.89	3197.4
ANO6	10	10	8778.55	6917.59	8251.61	8676.73	5453.12	4740.88	4501.81	5199.57	7379.27	6798.19	8806.1	8639.3	6185.16	3861.23	5425.67	5541.74
ANP32A	6	6	60897.4	45897.1	49981.7	50627.6	54773.9	61051.8	52758.4	50779.9	59906.3	59870.8	43414.3	58707.2	59907.4	64127.2	59680.2	62827.1
ANP32B	7	7	43969.9	45940.8	42954.1	52062.8	65778	61564.6	60491.8	50478	53479.6	79512	49685.3	60710.5	56524.3	60881	69818.8	54773.3
ANP32E	6	6	29032.9	30291.8	25754.6	28651.5	23750.3	27234.6	25064.4	22144.2	15526.4	19027.3	19744.7	19336.9	18074.8	21559.4	20543.2	21004.7
ANPEP	21	21	3163.7	4745.3	3883.62	4804.11					10125.5	8217.27	8128.02	9678.68	13019.1	14703.8	15901.3	15274.1
ANTXR1	1	1	842.548	1127.65	903.939	1458.89							693.904			293.628	363.426	
ANTXR2	8	8	3349.32	2628.46	3107.84	4719.3	3807.37	3612.61	3401.93	3852.58	6739.98	7436.53	6771.72	7091.67	2377.62	2471.15	3248.14	2676.24
ANXA1	25	25	360695	308032	425261	393815	317266	423278	370702	399407	102004	100371	128217	95383.1	136234	302310	296664	167027
ANXA11	17	17	26289.5	25056.8	21615.4	23502	55368.7	56665.9	49594.6	43331.5	112871	108358	90115.5	98550.5	74401.9	55582.4	74651.5	79914.2
ANXA2	10	10	449218	566269	725556	679952	284677	401132	301340	303260	203271	211770	289302	100398	158698	411594	281163	176040
ANXA3	14	14	47829.8	52897.3	58456.7	63485.9	66226.8	73978.4	69956.5	58357.6	6325.04	8881.28	19577	9644.37	6589.63	7870.69	6772.7	6835.3
ANXA4	19	19	38950.9	45385.4	57295.9	45947.9	19362	23191.1	18675.6	16203.3	127728	150231	123226	117286	70055.1	76201.4	81580.9	75741.5
ANXA6	35	35	284981	328461	355407	391980	57108.9	56004.8	54642	51055.7	308636	371762	353817	303200	28480.4	39769.4	34926.7	38318
ANXA7	13	13	49145.4	54696	52878.3	63422	43226.2	46579	42007.9	48173.6	47730.4	51101.6	44732	46044.5	40078.2	38067.7	40066.7	38196.7
ANXA9	4	4	3965.36	306.954			12885.2				3260.97	343.75	1318.17		6125.02	531.804		
AOAH	3	3									2945.55	5942.02	3687.28	3211.95		1191.41	1683.66	
AP1B1	10	10	18339.7	19312.4	15724.3	17540.8	20793.4	18077.9	14171.3	14017.8	76732.4	85550.9	76011.5	81774.6	41192.9	48068.1	50861.8	51245.9
AP1G1	12	12	21699	26921.2	27035.2	28132.3	17716.5	19211.5	15513.5	14608.6	32717.1	36290.9	35711.5	29936.9	24173.4	23667.9	27591.2	27574.1
AP1G2	12	12			1950.26	1261.05	2178.25	6018.84			7120.08	6791.42	7124.68	7535.01	6299.35	5773.09	6446.06	7185.82
AP1M1	11	11	13444	14997.6	22884.5	16042.7	13216.1	13360	14194.1	9380.47	22304.2	25352.3	23998.8	24030.5	17643.3	18300.5	21973.4	21199.1
AP1S1	1	1	6554.52	5400.86	7294.58	3483.15	1744.34	606.712	1478.87	1151.43	3145.47	2342.97	5474.73	5719.07	4327.78	1528.64	1964.04	4876.62
AP1S2	4	4	6178.18	7318.95	5895.3	6383.02	10034.9	9737.32	10294	8057.24	12873.6	14997.7	11325.2	13242	6942.7	8769.09	7971.31	8064.78
AP1S3	1	1	9186.39	4423.21	3982.37	4703.74	1961.75	3378.47	2298.16	2309.1						1649.04	1597.66	1024.41
AP2A1	17	17	50735.4	51676.3	61064.3	57964	12463.4	14311	10244.1	10523.9	27321.4	29570.8	31015	28065.2	25136.2	27766.3	29099.2	28868.8
AP2A2	18	18	20282.6	21702.9	25768.4	22424.4	11879.8	10486.8	8153.55	9274.48	48559.7	56710.5	46338.1	48480.1	17905.9	21884.4	23274.3	21146.1
AP2B1	9	9	38699.3	47861.3	65556	60671	11990.8	14424.9	10305	10167.4	22296.5	28259.6	26832.8	20607.6	14830.4	19262	21613.8	17429.2
AP2M1	14	14	91408.5	116706	123909	137066	35356.4	38442	35993.5	38922.6	108836	146191	113580	112660	70204.2	67887.3	68179.5	70092.6
AP2S1	4	4	113934	154271	227723	180743	31380	29099.4	18920.9	23425.8	166296	253305	242641	174684	109811	137314	135422	112587
AP3B1	26	26	54060.7	52645.8	51543.8	59940.4	26822.3	28136.2	26035.1	23756.3	61133.8	64094.1	54570	56855.8	46208.1	43374.1	54264.1	49068.2
AP3D1	16	16	26721.7	23478.5	27286.2	28465.6	14737.8	13400.5	12587.4	11981.4	30437.2	33028	30615.7	31482.5	23527.9	23229.9	25049.3	25747.5
AP3M1	5	5	16844.2	16976.1	14729.1	18367.2	7515.32	6677.66	6920.88	6513.2	15777.5	18606.8	16026.7	16708.5	14005.3	13921.7	15223.8	12146.9
AP3M2	2	2	2019.87	2279.41	1858.76	1705.66		1372.22	1664.48		1893.15	1313.24		2794.9	1563.95	1424.95	1411.28	1251.31
AP3S1	5	5	7535.64	9064	11162.2	10748.3	4075.38	4477.58	3568.77	3272.46	10008.5	13031.8	9433.77	8898.7	6788.44	7834.3	7831.13	7365.38
AP3S2	6	6	1555.03	2304.91	1767.1	2103.26	4313.82	3166.07	4157.94	3792.97	4839.28	4742.33	4073.51	3931.61	5428	5255.44	5606.42	5454.37
AP4B1	2	2	1097.18	1380.63	901.345	1670.14		494.493			1176.16	668.238		898.059	1448.25	786.093	834.38	790.239
AP4E1	7	7	5315.58	4704.35	5041.48	5463.07	3437.54	3374.33	3927.28	3125.46	3838.31	4019.59	3887.15	5350.09	4580	3955.24	4550.22	5543.77
AP4M1	6	6	2381.95	1823.93	2189.14	2081.25	1919.19	1361.48	1587.22	1729.87	1385.33	2037.83	1465.12	1671.35	2098.16	1783.18	1704.12	1831.32
AP4S1	2	2	3262.7	3115.7	3375.72	2843.52	1300.96	1145.02	1203.86	1288.6	3231.22	3028.71	1874.53	3174.51	2868.48	2427.07	2878.89	3082.27
AP5B1	6	6	1380.84	1563.22	1457.3	1274.41	1259.6	1435.03	1599.98	1267.77	3362.51	3055.88	3084.54	2930.85	2323.7	2865.44	2360.8	2516.02
AP5M1	2	2	5260.36	5680.44	5454.01	5820.83	6246.94	2961.03		2644.67	10091.1	10790.2	10270.7	11347.3	7725.33	7009.71	7920.23	8016.29
AP5S1	2	2	1688.18	1515.99	2016.71	2368.43		838.966			3268.87	4227.79	3917.17	3026.48	2925.05	2381.94	2960.3	3493.8
AP5Z1	7	7	3906.8	4644.61	4739.65	4460.76	2478.89	2207.21	2564.05	2333.48	7365.91	7978.34	8730.79	8623.51	6257.73	5830.63	6672.53	7326.45
APAF1	13	13	4047.09	3041.17	2534.97	3004.91	2697.39	2652.86	2551.07	1935.08	5062.79	4214.02	4303.52	5498.23	3546.17	3048.58	2663.06	3798.88
APBA1	2	2	1864.81			1218.45					2262.76	1874.29	2375.24	2571.96		1008.56	1112.11	
APBA3	2	2	1043.34	1150.49		1224.22		1181.08			1250.28	1388.91			1797.75	1215	1174.83	1401.38
APBB1	6	6	3219.15	2483.94	2666.16	2780.83	5518.78	5053.98	4911.61	4303.46								
APBB1IP	8	8									15472.8	17495.6	17776.5	14081	24565.6	32139.9	36421.3	36453.4
APBB2	6	6	1724.53	2035.59	1495.77	2680.09	2229	1811.71	1710.26	1745.43							890.146	
APEH	9	9	17049	19552.4	16881.9	19411.8	36939.6	37505.7	35291.3	32951.4	42435.9	43657.7	38484.6	48612.3	29799.5	33711	30239.4	33344.3
APEX1	10	10	29463.5	32604.2	41803	31239	22032.9	22445.4	19758.8	17948	50408.8	60404.8	44597.1	45806	52610.9	65190.3	68109.3	59902.9
APH1A	2	2	2665.96	5192.41	4158.18	3790.12	2466.83	4322.63	2437.24	2046.33	7730.28	10658.7	9269.13	9228.65	4891.36	4458.95	4319.47	5478.39
API5	18	18	96609.7	102354	110642	98984.1	133365	138804	132523	121302	112722	119066	104071	108180	98174.9	116701	118238	109860
APIP	5	5	4859.75	3997.74	3435.06	5376.12	11301.7	10021	11551.7	9965.51	13831.9	16344.8	13976.6	14926.6	13485	13559.8	12918.7	13667
APLF	1	1	1595.33	1463	1593.1	2266.31	1348.5	893.092	856.38	1221.23	987.675	928.239	1117.75			952.855	828.5	1040.21
APLP2	4	4	2300.07	1872.59	3077.02	2101.55		1175.36			3768.73	3542.78	3244.59	2965.37	2755.2	4309.2	2950.26	4241.6
APMAP	9	9	25952	26369.4	24596.5	34995.9	18670.1	15018.5	18350.6	21244.1	29904.3	26539.7	28394.4	38968.1	23273.5	20870.1	27195.7	29999.6
APOA1	10	10	4196.58	3567.47	5023	1887.01	3736	2813.82	2685.18	2423.1	6553.9	5917.33	7578.57	6039.66	4913.16	8291.3	5921.72	5603.82
APOA2	5	5	1991.39	2378.94	1736.82	1860.35	3242.93	2718.52	2183.59	2223.53	5309.59	5177.23	5511.31	4067.49	2885.56	4220.39	3124.96	2427.41
APOA4	2	2	5104.94	2636.03	2416.7						4253.61	3394.25	4313.54	3714.68		3464.43	2582.85	
APOB	11	11	12749.4	9868.82	11813.5	10644		3363.31		12734	13809.1	13265.8	18199.4	16514.6	15785.1	13775.7	8871.92	8615.32
APOBEC3C	1	1		899.089	1613.6						2954.72	4419	4338	2393.27	3789.53	7179.32	5410.1	6194.5
APOBEC3F	1	1										749.322	1300.63		589.449			
APOBR	28	28									21790.8	16199.7	16894.9	19323.3	31456.9	22544.5	30642.5	31086.8
APOC1	3	3						1245.28			11066.2	6411.35	6061.34	6687.37	24290.4	26668.9	19985.2	22825.7
APOC2	2	2										2404.51			5326.68	12626.2	15587.1	9456.86
APOC3	1	1	577.123	671.262	826.826	528.36		267.964		308.162	550.412	510.527	764.624	559.108		492.405	335.77	
APOD	5	5	15525.7	6020.69	9104.69	3154.41	8267.64	5706.02	7709.58	6321.98	30822.6	24808.8	27833.2	52849.2	17400.8	7957.92	5967.56	10025.4
APOE	14	14	2955.82	2566.28	5464.17	3267.43				2358.07	38276.7	34337.3	35620.7	30580.4	100618	107299	103123	117797
APOL2	9	9	8463.71	6475.38	6106.13	8353.58	1272.16	1824.14	1399.36	842.03	6695.11	6613.94	6385.12	6124.69	6535.59	5496.08	6858.13	6380.79
APOO	4	4	5380.33	5546.24	4702.54	5787.71	7800.04	5782.33	5743.93	7369.63	4593.31	5863.05	4280.57	5033.92	5964.11	5506.17	5195.23	5340.8
APOOL	8	8	4821.98	4135.3	3966.87	3890.6	4224.14	3180.32	3389.43	3113.11	5530.42	4949.83	5184.3	5849.4	7403.44	5797.51	5623.76	6347.47
APP	3	3	2890.17	2290.28	3662.99	3646.96	4683.94	3177.79	3578.09	4182.92	1673.16	1701.93	1681.06			1607.14	1582.1	1425
APPL1	17	17	9180.83	9358.86	9723.4	9769.12	12051.5	11171.9	10106.6	11100.9	13947.7	15289.7	15446	14119	12851.1	11299.4	13362.7	11837
APPL2	13	13	5020.49	4753.47	5872.02	6311.36	3228.37	4233.03	3269.61	3549.92	12526.5	15179.2	13046.6	14155	4799.84	3594.32	4476.07	4413.96
APRT	7	7	80966.9	80737	85462.6	83526.4	61226.6	62046.7	50077	51411.4	111706	125660	111427	125482	107196	106038	116354	112194
APTX	2	2	2136.03	1931.12	2603.69	2070.5	2937.4	3308.6	2700.49	2451.24	2152.21	2132.28	1894.75	2337.44	2833.42	1706.2	2350.84	2097.49
AQR	22	22	8633.95	7309.14	9772.53	8921.69	10406.8	9948.51	9902.72	8644.81	9333.69	10134.9	8635.56	10038.2	9854.97	10136.5	10154.5	10714
ARAF	6	6	4031.48	3274.27	3312.76	3344.75	3583.33	3029	2808.54	3000.79	3781	3673.21	3475.63	4056.07	4028.66	3545.62	3348.17	4205.53
ARAP1	28	28	7466.26	7479.06	7514.57	6976.95	10739.1	9170.47	7360.69	7993.42	38095.1	36496.3	31717.3	36135.1	40318.1	33708.3	39923.5	40111.6
ARAP2	1	1								1196.17					2194.1		958.746	
ARAP3	11	11	1487.08	1400.87	1125.93	729.784	3367.41	2271.29	2052.79	2134.96	2420.73	2530.75	2410.43	2279.97	2781.05	2357.46	2410.31	3061.84
ARB2A	5	5	4414.99	3801.97	3290.65	3996.31	2175.33	2023.02	2420.97	2294.19	3614.69	2265.15	2706.15	2563.32	3276.31	2309.32	2988.36	2990.6
ARCN1	19	19	91762.2	99618.4	88854.6	101497	41381.2	38764.8	39846.6	37619.6	53741.5	52348.3	46443.9	53867.7	50470.9	49517.1	53648.8	52531.9
AREL1	1	1	889.894	1369.62	1174.54	1053.39					732.83	1263.33	1139.57	867.794	738.875	744.913	1026.53	1184.58
ARF4	3	3	189858	182272	188045	164722	76312	81866.1	46416.2	39188.7	49006.2	58211.9	69414.4	52309.7	35015.4	55938.6	54164.5	48517.7
ARF5	3	3	15183.9	17335.7	17213.1	23057.6	10266.2	12810.7	11986.4	9171.2	13978.8	17843.3	13045.3	15500	10847.5	10891.1	11243.2	8956.72
ARF6	3	3	10123.5	13254.6	18326.6	14087.6	8839.76	8572.6	7236.87	7767.34	23695.8	37757.7	31565.5	27692.1	22300.3	23330.9	21982.3	23122.3
ARFGAP1	7	7	19331.9	21405.1	24377.7	22970.8	9236.99	9558.51	10655.4	8915.25	11308.8	12633.4	12144.7	10269.9	10400	10651.2	10833.7	9727.37
ARFGAP2	9	9	12761.5	11284	11640	12218.6	12333.1	11681.4	11651.2	10509.5	14722.4	12674.4	12837.5	15344.6	13085.3	11494.2	12084	13324.1
ARFGAP3	9	9	29444.7	30531.6	27856.2	32397.3	17866.6	17463.3	17191.7	15775.7	7062.92	6638.7	7004.65	6033.91	6147.71	6787.01	7235.71	6838.52
ARFGEF1	14	14	5326.62	5082.62	5146.62	5303.94	4956.89	5601.87	5263.19	4207.75	5156.33	5253.4	4934.03	5608.7	5336.34	4852.78	5242.4	5903.17
ARFGEF2	14	14	6918.14	6690.93	6528.03	7149.41	5064.64	4782.08	4512.64	5313.92	10626.4	10844.7	11125.2	10211.1	8328.85	8100.16	8954.48	8479.87
ARFIP1	14	14	13101.2	10712.3	13862.5	12466.6	14456.3	9698.34	11930.9	10236.7	17846	19636.9	18059.9	17497.8	16977.6	17290.4	18998.9	18954.7
ARFIP2	12	12	5171.93	3819.18	4749.18	4362.53	5012.38	3994.35	4424.89	3389.61	4597.94	4280.05	3136.47	4806.44	3567.16	3976.87	3320.59	4138.41
ARFRP1	1	1	3413.98	3149.27	3680.12	3643.53	2793.75	2851.68	3158.44	2885.72	4165.7	3777.66	3959.19	5430.97	5159.66	3428.11	4203.03	4904.5
ARG1	10	10	15439.3	12754.7	20052.8	9487.28	18712.6	10073.9	26729.3	20775.4	38443.6	73145.5	67341.6	35203.9	137769	19802	21045.9	35042
ARGLU1	8	8	10350	10581.8	10370.1	10850.5	13142.4	14076.4	14183.6	11333.6	9085.08	9327.2	7675.88	9106.04	10253.5	9539.08	10576.7	9907.14
ARHGAP1	15	15	42767.5	52417.1	62183.2	54437.2	36968	32099.8	32920.6	24998.2	47096.6	60981.9	57553.7	52008.6	30123.5	33010.6	36534.1	37117.4
ARHGAP10	11	11	5841.33	5779.28	5294.24	6684.45	4038.41	3876.82	3141.59	3263.11	4750.6	4646.92	5006.13	5183.57	5053.09	4367.73	5515.43	5420.01
ARHGAP11A	1	1						519.788		724.929								
ARHGAP12	4	4	1714.54	1288.38	1650.94	1823.28	3738.64	2909.59	2079.77	2751.76	1990.22	1552.27	1851.28	2122.22	2242.57	1370.37	2323.34	1740.81
ARHGAP15	2	2									898.556	841.115	939.97	1115.61	1043.2	1049.45	1034.29	1148.22
ARHGAP17	12	12	12148.3	11931.2	12978.7	12555	6995.71	6664.16	6719.45	6633.96	20505.1	22316.8	18191.4	21169.6	13962.7	16394.8	18474.2	17964.8
ARHGAP18	21	21	4525.17	4510.52	5155.05	6043.08	14607.6	14566.1	13898	11978.6	20220	22656.9	17894.4	20211.5	24575.3	26339.9	28373.9	27083.9
ARHGAP21	11	11	2651.47	2201.47	2337.4	2429.28	2722.54	2762.64	2588.98	2149.1	2004.89	1434.3	1677.44	1646.86	1533.16	1137.18	1582.6	1770.9
ARHGAP23	4	4	3007.74	2970.24	2956.49	3241.6		1661.81										
ARHGAP24	2	2	1253.69	1354.74	1595.5	1404.58										560.149		
ARHGAP25	19	19									24888.8	23835.1	23397.2	25210.2	16125.2	13895.3	14896.7	16891.9
ARHGAP26	11	11	1136.15	1115.22				1238.23	1348.04		7336.77	8031.16	7555.75	8044.09	4311.43	4154.04	4134.43	5277.01
ARHGAP27	6	6									4364.85	6467.41	5041.27	5471.59	4868.7	4242.37	4601.35	5373.55
ARHGAP28	3	3	3929.27	3770.12	2761.15	4298.74												
ARHGAP29	18	18	3842.99	3246.14	3604.05	3493.36	2695.02	2370.06	2013.7	1743.46								
ARHGAP30	11	11									6483.72	5578.56	7268.73	6847.7	5615.09	5504.09	5843.52	5821.89
ARHGAP31	7	7	2222.93	2020.78	2135.05	2726.25	1878	1754.59	2345.22	1345.91	2003.82	2043.72	1888.99	2049.69	2210.13	1827.86	1751.53	2182.3
ARHGAP32	3	3	628.388	799.34	868.341	821.296	1388.64	1734.13	1155.43	1031.82								
ARHGAP35	21	21	5217.94	4965.2	4848.46	5000.34	3258.71	2996.3	2772.79	2902.9	4379.52	4998.74	4491.6	4835.63	3540.27	3736.98	3781.42	4355.62
ARHGAP4	24	24			2483.42						29911.5	40935.3	32279.3	33136	20840.4	24819.5	24292.6	25542.2
ARHGAP42	1	1	1316.93	1299.41	1232.78	1864.33	943.284	807.521		714.658					657.725	599.169		
ARHGAP45	21	21									22850.5	28928	21090.4	21813.8	18793.5	22136.7	21565.5	19748
ARHGAP5	10	10	2863.65	3219.34	3765.78	3910.63	2443.99	2311.64	3060.69	2404.31	2855.77	2865.06	2882.49	2739.67	2310.13	1973.01	2188.38	2183.71
ARHGAP6	5	5	1202.89		1055.99	1040.64	1139.55		1217.43		4320.84	4925.2	3904.64	4639.68	1917.8	1656.4	1202.54	2864.71
ARHGAP9	12	12									12752.7	13841.9	11900.7	10932	13289.5	14386.9	14654.9	15292.2
ARHGDIA	7	7	59464.5	84672.2	76375.4	89762.4	71421.2	63082.7	64768.4	58068.5	83652.2	100273	76916.8	74797.9	62143	65470.2	61755.6	65491.8
ARHGDIB	11	11	3454.08	4218.67	3992.16	4675.3					144456	166663	140214	159417	151523	185072	202991	173885
ARHGEF1	25	25	12337.3	12270.8	12128.4	13040.4	7967.68	6527.73	6230.36	6253.62	20718.3	21230.6	17492.9	22114.4	19424.6	16843.1	19488.4	20303.6
ARHGEF10	8	8	5960.28	4857.59	6744.75	6067.19	1988.68	1583.89	1442.18	1269.74								
ARHGEF10L	10	10	1730.93	1321.88	1897.49	2404.31	2259.82			1132.98	5715.18	6070.75	5260.6	5553.3	5211.66	5036.1	5029.97	5173.36
ARHGEF11	15	15	3126.64	2768.02	3283.85	3312.57	2834.29	2068.58	2504.22	2423.91	3695.07	3068.29	3746.45	3368.28	3550.04	2488.65	2629.82	3170.19
ARHGEF12	13	13	3086.39	2852.02	3709.28	2908.27	2550.59	2164.34	2063.44	2772.85	1459.49	1164.06	1596.39	1828.02		622.087	1049.81	
ARHGEF16	4	4									1350.29	1636.54	1263.47	1433.18	1834.97	1434.86	1700.16	2115.47
ARHGEF17	10	10	3927.37	2812.43	3740.15	3270.23											861.583	
ARHGEF18	12	12	4080.61	4510.04	4628.31	4688.85	7270.9	6378.92	6666.21	6521.74	4114.94	3650.67	4220.35	4554.76	3723.08	3104.08	2992.97	3811.59
ARHGEF2	32	32	45746.3	47660.1	46350	44734.5	21044.3	21149.2	21388.5	18451.3	28531.3	31174.3	26406.9	25938.6	30434.4	30569.4	33467.3	30863.3
ARHGEF3	1	1					2169.92	2489.29	2284.71	2757.61		837.082					1142.32	1607.08
ARHGEF40	15	15	7811.19	7293.21	7897.28	7912.69	4373.57	3606.48	3881.93	3934.94	4528.61	4766.7	4760.7	4829.83	5239.36	5075.66	5126.58	5424
ARHGEF5	5	5		1067.55			3414.29	4794.35	3112.64	3428.12			839.565		2011.45			1233.13
ARHGEF6	10	10	2217.55	2751.61	2929.02	2484.41	6332.01	5065.75	3949.4	4246.75	9163.71	10449.8	9193.64	11168.3	8235.14	9543.3	9973.34	9932.48
ARHGEF7	9	9	5441.2	4876.98	6049.47	5298.42	2911.82	3419.5	2962.65	2631.77	6750.43	5547.12	6156.9	5926.53	6076.34	5928.8	7400.64	6884.34
ARID1A	9	9	3281.11	2389.41	2352.41	1679.05	3076.86	2937.57	3004.5	3389.79	2552.82	2481.71	2511.52	2789.61	2389.22	2658.98	2350.84	2303.29
ARID1B	6	6	3367.84	2801.7	2427.2	2736.49	4084.02	3150.29	3625.23	2980.9	3235.48	3185.89	2665.65	2725.34	4023.52	2564.42	2579.52	2917.07
ARID2	9	9	2445.5	2227.07	2605.19	1931.53	4300.86	4318.04	4389.88	3921.63	2480.04	2128.87	2164.46	2207.45	2016.67	1680.53	1627.51	1566.31
ARID3A	13	13									5398.15	5714.58	4854.36	5821.69	2942.44	2873.66	3280.56	2857.16
ARID4A	3	3	689.714			824.499				845.073	1111.31	784.891				740.43	944.146	
ARIH1	6	6	5427.63	5403.77	4805.59	4527.45	6690.99	4853.44	5065.04	3784.41	4950.56	4923.8	5068.41	5020.39	5511.66	4643.74	6034.36	5702.8
ARIH2	5	5	3358.7	3019.61	2338.24	2845.1	4770.27	4139.37	3651.44	4049.82	3415.54	2969.46	2852.63	3264.41	2153.84	2546.01	2870.61	3148.7
ARK2N	2	2	2332.75	1713.83	1545.61	1809.38	1580.72	2012.67	1735.42	1977.41	1214.92	1280.85	2010.51	1821.3	1319.2	1037.57	1016.98	1511.59
ARL1	4	4	93563.9	140157	95013.6	130685	55738.4	75995.3	78265.6	57458.5	71979.6	80765.6	67391	63665.6	63757.9	52986.4	65628.5	63830.4
ARL10	4	4	3009.97	3469.54	2937.66	3314.76	3128.77	2683.29	2378.46	2784.04			1642.81		2432.64	2152.71	1578.42	2182.87
ARL11	1	1									1644.96	1589.34	1929.7	2156.78	1781.5	1262.55	1542.5	1637.74
ARL14EP	2	2	1368.16	1511.4	1617.17	2417.01	954.003	1465.05			1897.36	2845.06	2292.52	1850.36	1942.09	2002.09	2017.59	2363.2
ARL15	3	3	8865.86	8950.81	9832.42	10454.7	3571.26	4850.75	4675.58	4905.23	11439.6	8966.04	11573.9	11368.1	6529.74	6218.76	6285.75	7292.83
ARL2	6	6	17119.2	14199.1	15389.1	14894.7	15523.4	17042	13039.8	15188.6	10088.5	9000.58	10089	10886.4	8564.97	7153.86	7873.2	8007.71
ARL2BP	3	3	6533.39	3294.32	2767.6	2609.53	7033.78	2752.83	3356.2	3892.01	3173.38	2279.04	2648.9	2935.3	2858.02	2279.84	2300.13	3195.93
ARL3	10	10	72468.6	89105	91901.5	86509.4	73114.5	63670.7	58883.6	51207.9	36360.5	47758.6	45670.3	37247.6	19614.6	23904.8	28042.9	23543.9
ARL4C	1	1	1282.34	1437.74	1511.25	940.683	3117.64	2862.22	2548.55	3552.59		1054.58		1716.28				
ARL5B	2	2	2007.12	2106.71	1787.74	1760.76	1891.43	1912.6	2590.86		6315.42	2110.1	3736.27			1500.33	1525.43	1875.18
ARL6	5	5	8021.38	7300.89	9514.71	11569.4	10946.7	7910.88	9961.88	11060.9	3490.99	4196.1		3739.66		4955.8	4861.9	5042.6
ARL6IP4	3	3	8085.64	8174.23	10746.7	9344.45	12496.9	12665.7	12330.5	12105.7	7220.97	5658.1	10338.8	9866.76	10456.8	3167.44	5832.57	7066.02
ARL6IP5	3	3	11010.5	8020.21	18790.1	12038.2	12757.2	5324.15	10785.3	11812.2	15026.2	16349.8	16606	13578.2	21039	27245.8	25564.6	26399.5
ARL8A	3	3	4165.6	4206.79	6611.94	4071.64	3035.06	3211.51	2182.48	1591.12	8890.3	7341.79	6274.61	10103.7	6400.56	5097.29	5449.51	5651.54
ARL8B	2	2	10648.9	9103.75	8312.13	10929.9	6749.09	7522.72	5729.56	5737.5	33445	30836.3	19988.5	32751.1	20565.5	16609.1	20146.7	16616.3
ARLN	1	1	2686.37	1835.79	1936.66	2282.74	2172.88	1728.53	1406.39	1333.34	746.749	836.635	1291.48	1354.69	834.272	855.84	1072.54	954.673
ARMC1	6	6	9277.63	10594.1	10651.7	11839.3	14028.1	11722.4	10508	11253.4	11705	9083.13	8348.03	9453.38	7301.73	7413.75	7577.91	7442.36
ARMC10	5	5	4516.57	4191.13	4230.94	4317.56	6477.27	6040.48	5615.85	6560.41	5421.99	4453.55	4886.13	5634.22	4941.69	3722.61	4066.1	4778.82
ARMC2	1	1	1386.56	1471.35	1085.2	842.463												
ARMC5	1	1	1421.95	1514.27	1420.78	1324.76		965.147			1420.36						1084.99	
ARMC6	4	4	5511.84	2540.5	2487.15	2827.43	1458.14	1799.28	1229.31	1750.34	3344.61	1876.8	2745.92	3469.08	2332.86	2212.22	2669.35	2919.18
ARMC8	10	10	8875.34	9556.98	10150.3	9524.09	7985.6	6346.2	6310.44	6294.6	12259.1	11164.6	11738.4	12416	9629.16	9552.16	9933.91	11333
ARMC9	10	10	8593.41	8700.85	8237.44	8540.87	4712.6	4167.94	3927.19	3928.98	13229	14400.8	16278.8	13584.7	4000.36	3450.46	4637.06	4902.9
ARMCX1	5	5	10322	8863.73	11593.9	10322.6	4196.54			2210.84	1444.8	1743.89		2197.23	1580.71	2024.98	1310.89	2007.42
ARMCX2	7	7	4420.34	4689.37	5085.34	4052.55				749.251								
ARMCX3	9	9	15206	15292.9	14866.9	15356.5	7720.26	7204.98	7467.21	6258.48	7111.14	7248.04	6771.77	7636.95	4534.05	3779.02	4497.72	4620.16
ARMH3	6	6	1468.27	1565.15	2145.57	1669.35		1624.99			3191.68	3241.32	3842.76	3039.05	2826.14	3277.63	2766.98	3181.59
ARNT	3	3	884.301	708.045	1652.56	1138.42	729.228	799.858	831.482	695.475	841.827	970.292	1004.01	1188.99	605.517	612.534	720.561	
ARPC1A	5	5	37922	44663.5	42811.3	50405	33571.1	29406.5	24783.7	24903.7	16802.7	22256.5	14516.5	14871.1	11854	18518.4	18486.9	12982.9
ARPC1B	8	8	42785.5	47013.7	65456.3	65425.2	27720.3	22018.1	30623.9	29697.8	73731.4	120002	78929.6	85235.1	101965	104229	109538	100055
ARPC2	22	22	148827	169451	190643	175190	68939.5	82125.5	46706.2	49355.4	278297	314882	289058	267138	319031	351052	374687	307056
ARPC3	8	8	30559.9	34595.1	46919	32771.4	13518.3	14183.9	12433.2	17701.6	91379.7	105686	88983.1	81408.2	93552	122224	128273	110837
ARPC4	9	9	453553	512216	475259	538631	223774	218474	214075	215520	518617	557729	464738	522934	542686	496299	642995	572341
ARPC5	6	6	136056	170026	174257	203293	93290.6	73129.7	102873	67766.1	145999	181517	129722	152118	136033	191276	197111	125791
ARPC5L	4	4	49499.8	43134.7	30850.4	45300.6	42738.8	38876.4	32557.6	28388.4	41585.3	26650.2	35711.5	42571.8	60857.3	41242.8	59726.5	60631.5
ARPIN	6	6	6233.62	6349.34	8301.9	7753.64	9010.39	9589.64	8287.85	7937.08	11008.6	11150.7	10207.8	11791	7524.46	7228.92	7611.76	8411.73
ARPP19	5	5	6565.39	3552.4	5081.9	4451.77	4678.76	8328.76	8003.1	4489.36	6242.42	3681.95	9105.25	6338.45	6046.09	4223.3	6575.86	6534.13
ARRB1	15	15	1789.4	2177.02	2962.61	2645.17		832.735			19887.3	25740.4	18074	18674.4	15260.4	18630.8	18983.6	17223.3
ARRB2	11	11		478.146	1058.4	664.067	2187.25	2315.52	2248.49	2727.34	15982.4	21237.5	15377.6	17933.9	13192.9	16456.5	15487.2	14233.6
ARRDC1	6	6		1526.97	1515.87	1284.12	2805.87	3336	3091.57	3557.84	4887.85	5133.6	4556.94	4551.28	2844.36	3885	3110.33	3038.58
ARSA	2	2	5922.9	4700.14	6269.82	5700.48		1680.67	2360.58	2169.94	5526.66	6128.92	4348.94	8076.82	2719.31	2012.99	1912.59	1924.48
ARSB	5	5	12829.7	12170.4	14786.5	21200.4	3577.3	3014.14	3412.61	4235.46	19224.3	20337	15329	24762.4	5042.03	5931.86	6054.16	5712.82
ARSK	1	1	1154.16	1591.3	1384.94	1610.4												
ARV1	1	1	1356.79	1638.6	1584.04	2080.27					2001.18	2171.08	1655.11	2069.01		1560.57	1362.23	1685.3
ARVCF	3	3		1583.44	1682.52	1343.74												
AS3MT	4	4	2557.38	2117.64	1894.28	1719.63	5035.52	3743.85	3602.99	3659.52								
ASAH1	9	9	3654.44	3905.46	6845.25	6716.96	13439.2	343.676	1028.52	647.496	33754.4	46865	36224.2	43200	32079.9	28595.3	50372	35096
ASAP1	19	19	11914.1	10706.1	12209.4	13058.9	8313.67	7603.34	7266.69	7241.78	17847.3	17060	17716.5	18711.8	14112.5	11966	12845.2	14107.1
ASAP2	9	9	25753.9	22013.6	31308.3	20777.5	24639	13378.5	15411.5	13870.5	13701.1	10935.4	15799.8	16454.8		6802.6		
ASAP3	1	1	2865.24	2783.35		2492.6												
ASB16	1	1	1643.19		1333.74				915.404	1073.5	3812.64	1535.18	3013.88	3033.36	3591.87	1003.09		
ASB3	1	1	1896.22	796.673	1416.67	1527.35			1118.13	1067.12		756.442	612.874	824.286			571.533	
ASB6	1	1	3597.44					5781.87								3534.77		
ASCC1	7	7	3124.35	3755.31	3450.79	3088.2	2736.87	2424.67	2597.74	2087.7	2041.89	2445.62	2072.42	2542.67	2328.95	2657.52	2287.28	2549.11
ASCC2	8	8	7205.78	8838.26	7622.2	9747.63	7305.87	6985.66	7459.35	6784.56	6814.92	6124.7	4813.16	5785.35	6657.54	7004.94	7369.15	6517.29
ASCC3	40	40	11636.5	12269.2	12356.1	13379.6	10383.8	8343.51	9710.44	8688.73	7248.99	7249.04	6851.04	8328.15	9142.53	8438.5	9201.52	9036.73
ASDURF	5	5	2606.39	2436.15	2652.03	2517.8	2231.34	2325.93	3340.05	2580.47	2626.76	2359.84	2851.57	3809.38	2652	1904.04	1922.59	2266.56
ASF1A	2	2	1283.64	1250.31	3051.04	1362.87	2019.76	1067.14	958.283	1491.42	2549.13	4002.43	2547.24	2656.08	3215.02	4791.57	4623.13	3727.43
ASF1B	1	1						1720.09	1776.29	1628.19	1834.23	2583.19	1444.16	1705.18				
ASH2L	4	4	2515.66	2700.69	2254.22	2581.76	3700.72	3762.11	4588.17	3297.2	2722.65	3161.21	2648.02	4047.2	2870.42	3224.65	3174.64	3686.49
ASL	11	11	4254.03	3745.06	3211.52	4387.35	2667.78	2026.67	1585.03	1729.51	5334.43	4634.37	4688.06	4711.1	4287.27	3609.63	4400.65	4407.64
ASMTL	9	9	6344.92	6541.28	6750.34	7174.7	3707.52	2792.07	2475.44	2793.19	4502.93	4303.23	3740.72	4426.09	2997.3	2703.55	2655.47	2939.83
ASNS	17	17	42417.7	55190.5	53788.1	50601.4	10731.5	8434.58	8498.79	5359.07		3180.24	1862.37		10568.4	10742.8	13486.8	12768.2
ASPH	16	16	22223.2	22672	26512.2	24438.9	15950.9	16329.5	13330.3	14143	35985.2	35487	30695.9	31033.5	35112.8	31829.4	37616.4	36326.6
ASPM	2	2				389.786	466.076	1297.7	752.148	795.935				514.488				
ASPSCR1	9	9	4753.45	4557.48	4463.65	5392.47	2475.74	2612.11	2645.51	2340.48	4244.88	4050.15	4360.74	5081.99	4183.92	3593.46	3584.25	4370.74
ASRGL1	2	2									943.044	1549.39				1979.31	2355.57	3851.43
ASS1	13	13	30870.8	29156	27056.8	21297.6	4893.84	3870.17	4821.13	2791.09	3838.14	3863.87	3955.93	4458.48	29919.6	24106.6	42337.9	26196.7
ASXL2	1	1	1008.86	603.534	890.84	944.316	2011.12	1740.45	1472.48	1047.81	1227.25	774.48	475.975	650.801	868.182	755.129	1015.26	1122.57
ATAD1	10	10	14677.3	13952.3	15908.3	15341.9	14127.8	15780.7	13297.1	13640.2	14164.1	12893.1	11462	11559.8	16787.7	14398.7	18405.1	15476.8
ATAD2	14	14	1069.84		774.144	658.146	3946.92	4740.91	6353.55	6171.01	2085.83	2617.52	1698.51	1600.62			856.889	
ATAD2B	2	2	524.207	295.519	477.882	435.986				368.329	806.648	785.952	877.336	844.079	877.91	1013.08	964.301	697.469
ATAD3A	7	7	2378.31	2797.61	2654.23	2410.71	3074.86	2513.2	2787	2017.99	3595.81	3496.17	2512.56	2787.18	4180.23	3276	4184.27	4325.32
ATAD3B	1	1	6296.79	6090.15	6309.45	4875.98	4034.61	4544.21	4444.87	2878.42	6417.26	6223.14		8490.04	6982.05	5972.28	5971.85	5567.93
ATAT1	3	3	2442.21	1993.38	2322.72	2329.22	2392.93	2258.23	2176.23	2104.61					1483.62			
ATE1	4	4	2920.55	2956.61	2751.81	2984.58	3832.36	3050.12	2715.87	3096.7	3716.58	2939.84	3773.63	3701.57	4638.41	2501.69	3971.24	4231.14
ATF2	4	4	1673.91	881.459	1051.87	1096.64	2074.32	1269.99			1599.12	1008.55	1491.13		1270.49	783.081	1188.41	1270.61
ATF6	1	1	1264.65	1294.38	1195.72	1016.91					525.412	691.79				602.194	624.284	
ATF7IP	2	2	3701.11	2937.44	3531.08	3189.56	3254.38	4751.31	3551.88	3514.58	1962.29	1918.77	1807.81	3069.78	2285.58	2439.43	2654.98	2508.75
ATG101	1	1	686.153	614.348		495.698						322.996					320.457	
ATG13	4	4	2198.19	2027.15	2506.99	2200.06	3185.54	2410.06	2344.94	2313.17	2771.79	2163.52		2330.45		2635.78	2999.01	2090.62
ATG16L1	8	8	3844.68	3155.27	3586.14	3410.27	3927.09	2373.44	3030.65	2895.49	3694.36	3490.38	3270.63	3874.5	3066.08	2704.11	2499.5	2592.83
ATG2A	2	2	774.654	626.534		1010.55		1054.72		982.517	707.694	1356.28		726.863	2185.99			
ATG2B	12	12	2208.3	2353.54	2536.21	2767.47	1207.25	1425.2	1277.29	1301.82	1905.49	2173.86	1983.08	1727.91	2067.15	1157.31	1147.08	1600.95
ATG3	5	5	4338.21	5567.86	5986.76	5763.26	4382.33	5030.15	4661.31	3786.85	11171.2	10895.6	10752.2	9322.11	10502.9	12660.8	11488.5	10557.9
ATG4B	4	4	3244.8	4604.6	6038.1	4764.52	5891.64	4286.13	3854.64	4422.25	11182.7	4589.11	6965.69	5322	5284.22	6631.32	6559.95	11963.7
ATG4C	5	5	1138.29	1467.37	1209.34	956.226	1534.18	986.313	1331.94	1487.15	12477.2	13562	10199.6	14934.9	3940.14	3844.28	3876.46	3553.61
ATG5	6	6	1417.19	1351.91	1811.09	1472.47	1078.65	771.987			3850.35	5482.72	3654.05	2706.49	2726.54	3976.36	4328.47	4169.41
ATG7	18	18	8747.87	8460.21	9886.21	10206.3	6544.03	7808.55	5499.62	6104.97	36111.1	30789.8	34910.8	33118.4	26919.7	28795.5	38129.6	35796.7
ATG9A	5	5	5470.59	4696	5905.9	6639.82	5047.64	4944.58	4413.9	4041.17	4592.66	5797.81	5159.64	4561.9	3073.12	2246.08	2576.83	3141.23
ATIC	23	23	63110.8	78838.9	73141.1	87254.3	58205.3	69400.1	60246.1	54785.3	65682.9	74829.2	68371.8	68925.1	90031.4	92438.5	103028	96722.9
ATL1	7	7	7450.52	5788.1	5498.03	6567.69	1991.18	896.572	1508.16	909.429					1227.26	469.48	837.865	860.788
ATL2	7	7	3225.28	2318.55	3241.68	2614.35	2628.89	2151.34	2523.34	2358.01	3033.26	2974.07	2073.75	2895.68	2259.35	1578.69	2040.74	1949.1
ATL3	17	17	21767.6	21637.2	29637.7	25835.7	8536.92	7185.37	5562.99	4009.37	19042.8	18396.8	19915.6	17509.1	15223.9	15028	19743.7	17532.5
ATM	20	20	3563.16	3267.77	3368.26	3866.85	4276.35	3864.19	4352.72	4460.52	4225.45	3858.34	3092.85	4134.26	4896.22	4705.98	4550.63	4804.18
ATN1	1	1	7927.02	6119.66	4991.32	6085.24	9171.43	7149.27		5768.73								
ATOX1	2	2	3089.36	2435.57	4787.05	2466.22					18352.1	24211.1	24739.7	14602.8	12714.3	19312	22168	20087.1
ATP11A	11	11	2638.01	1706.6	2377.56	2641.98	3700	2086.28		2620.46	7956.41	7700.92	7895.07	9844.77	6613.02	5085.6	5094.18	5669.36
ATP11B	4	4	517.353	1050.82	1138.38	1072.19	1654.38	874.294	292.507	589.675	1445.63	1635.41	1683.19	1703.28	1236.34	1166.94	1195.31	1283.94
ATP11C	3	3	2164.59	2995.55	2545.29	3443.93	2430.83	1918.62	2168.26	2184.77	2371.6	2328.06	2233.8	2526.61	1818.75	1651.74	1734.69	1425.74
ATP13A1	27	27	13492.5	12006.2	12667.3	12857.9	5837.93	5985.05	4519.52	5187.99	19443.7	18567.7	17186.5	18615.4	19311.1	16662.2	20625.7	20586.4
ATP13A2	3	3	3718.62	1878.32	2853.93	2180.04	4303.94	3088.82	3034.58	3104.13	3070.73	2718.73		3506.74				
ATP13A3	6	6	1251.92	1155.56	729.049	836.799	1310.16	930.277	1140.56	1151.48	2735.02	2264.44	1867.68	2388.18	2451.8	2463.83	2874.27	1955.68
ATP1A1	17	17	61761.9	63810.1	69339.4	66959.6	61459.5	53049.4	50820.3	49472.9	119256	89209.9	97340.8	104726	95454.3	85058	126321	97554.9
ATP1B1	6	6	18231.3	17705.3	21847.2	16306.9	22569.5	21577	12810.1	23967.8	129861	141919	122737	128392	37522.1	34813.9	51061	34841.3
ATP1B3	7	7	5526.02	8294.3	11345.3	5385	5763.05	3756.22	5444.49	4217.6	11471.4	8142.2	12093.4	9052.47	13447.2	16330.6	24787.1	17841.8
ATP2A2	12	12	47111.8	49154.8	51312.7	52962	39115.3	40348.1	30829.2	38779.9	67283.4	66024.3	61098.2	75955.3	44892.1	36472.3	47942.1	47426.9
ATP2A3	5	5									2521.24	2897.16	2733.34	3214.22	2278.33	1959.44	1668.99	1849.39
ATP2B1	9	9	10462.2	10149.8	10339.5	12627.6	4333.96	3095.71	3752.78	3339.11	8413.21	8563.67	8144.57	9085.88	5290.56	4758.31	5589.25	4743.02
ATP2B2	1	1	9923.68				1793.91	1806.37	1519.15		4515.11	5418.52				2135.24	1533.67	
ATP2B3	1	1	2236.74	3258.45	5802.98	6111.8	326.239	391.155	482.909	453.126	751.328	2919.82	1288.99	875.238	286.031	931.154	759.566	215.249
ATP2B4	15	15	39487.4	41476.7	42516.1	38111.3	10472.4	10870.1	10214.5	8852.61	9761.76	8020	12929.3	9010.18	10200.5	9131.31	9748.81	11549.2
ATP2C1	9	9	6990.45	6305.95	7275.3	6594.82	3729.72	3697.75	3655.39	3757.38	3190.52	2953.67	3659.68	3480.27	3425.96	3202.6	2900.64	3119.73
ATP5F1A	33	33	296674	348826	343749	422205	228532	227453	224904	231420	494271	609285	437157	516826	477033	536561	531796	524353
ATP5F1B	22	22	265222	294368	414462	295274	154555	183724	113404	98244.1	661701	852290	675718	588067	633687	780856	851321	709362
ATP5F1C	11	11	97851.3	102373	109380	119104	55591.5	58041.3	64821.4	54028.6	161448	194336	139835	159695	181549	163271	166826	173480
ATP5F1D	4	4	77824	66762.8	70756.7	68495.7	60693.6	46500.2	51334.9	52922.6	87357.9	96300.5	103199	103978	123764	80633.5	98955.3	96947.5
ATP5IF1	2	2	9464.69	15408.8	23363	21639	9205.05	8962.85	15796.2	19404.9	11197.7	27188.6	13743.9	16461.6	9937.99	16269.6	17576.6	10085
ATP5ME	5	5	32242.1	30864.8	49862.5	34026.7	29085.6	27704.3	35890.7	34796.4	93980.3	114664	94054.3	80470.9	115638	114864	131240	100854
ATP5MF	1	1	147655	137386	164202	151472	100084	108051	77276	78201.2	224878	223624	174840	201742	228749	183988	206599	267664
ATP5MG	8	8	124061	158177	206643	166726	74525.4	74059.7	95737.2	86042.2	321386	355990	304054	290218	312903	425030	466707	334932
ATP5MK	3	3	4203.71	5519.42	11703.5	4811.66		2132.11	1216.87		22089.5	35553.7	33263.4	19763.1	30691	48822.2	49677.8	41462
ATP5PB	12	12	30884.3	46548.5	87004.2	50650.9	10645.4	19605.6	17926.3	12182.6	114358	161954	115014	117434	119179	147096	140137	124339
ATP5PD	6	6	80110.3	77574.5	88526.3	91206.7	64233.3	56483.4	72924	67709.8	101658	174236	142731	132278	129744	158247	156922	167648
ATP5PF	4	4	42349.6	42876.1	30259.2	50862	41018	38689.3	25383.6	33067.4	85538.3	53889.3	51541.2	74759.3	76945.5	57196.5	69870.6	79025.7
ATP5PO	10	10	82935.4	104122	121689	129437	64185.3	57086.1	57879.2	65753.7	147765	182023	159885	151806	180636	166669	180640	156288
ATP6AP1	12	12	21591.2	20361	22169.1	23205.6	24574.8	23579	20970.2	19910.1	53448.3	54831.4	43818.2	55951.7	44314.3	37559.3	45016.3	41651.4
ATP6AP2	7	7	7468.66	5288.71	5536.24	6773.48	7697.36	5781.37	5864.48	5457.62	7557.75	7571.59	8835.17	8902.08	6796.34	7104.61	7601.64	7276.43
ATP6V0A1	19	19	27870.9	25552.2	34175	27317.4	9276.99	9711.04	9682.46	10787.2	168090	189219	163451	169013	68958.6	63911.7	68066.7	68130.4
ATP6V0A2	7	7	5541.17	5940.71	7086.97	6887.72	5560.61	4769.99	4926.82	5262.66	10601.1	9357.6	10589.9	10772.3	6791.94	5619.3	5972.04	6436.3
ATP6V0D1	14	14	15885.1	15522.1	22774.4	18163.7	12923.1	10822.1	11048.7	9479.26	94625.7	113160	96921.1	92695.9	65965.5	64848.5	72906.4	63824.6
ATP6V0D2	5	5					4544.05				8391.48	5626.9	5679.31	6258.76	3352.7	2327.15	3211.56	2848.7
ATP6V1A	18	18	25499.4	28995.9	33279.5	27016.1	18686.2	22896.6	20273.2	17328.8	167895	164949	148012	149530	125504	142911	161441	149778
ATP6V1B2	18	18	8569.01	9362.89	13607.1	11160.9	9064.7	7257.43	9140.62	9807.49	46518.4	60176.1	46321.2	44236.4	35707	49005.9	50650	37781.4
ATP6V1C1	20	20	9611.66	10374.9	9973.87	12354.3	9636.12	9511.8	8317.45	7637.7	50031.1	61540.6	44939.7	58681.1	29885.3	31640.5	39795	34537.7
ATP6V1C2	1	1													4005.98			
ATP6V1D	10	10	9437.83	10678.7	10708	10756	8602.74	6712.66	6359.44	7075.86	31662.2	33716.7	30280.3	30917.9	24440.4	22276	24528.4	24577.6
ATP6V1E1	7	7	18952	17362.3	20043.8	20136.6	15543.9	13501	13316.9	12082	73443.5	85957.9	67959.5	71988.8	56361.1	58857.8	61388.3	64403.7
ATP6V1F	4	4	7905.97	7085.4	9059.28	6813.84	7230.08	5631.37	6917.28	4509.06	30080.8	27297.5	26582.5	24649.1	19016	21113.2	27622.6	18602.4
ATP6V1G1	2	2	3854.38	4506.97	9404.09	5613.54	1493.49	2128.8	1748.3	1028.34	41579.7	59166	54750	43788.4	36712.9	43898.5	50497.2	50626.2
ATP6V1H	13	13	11165.3	10027.6	14446	10401.8	9895.21	8544.53	9760.12	8699.28	40448.5	45038.1	53532	39794.1	38485.3	43980.5	49480	39203.1
ATP7A	9	9	2366.14	2315.25	3542.73	2837.04					4447.53	5063.83	4584.95	4834.38	3419.85	4318.12	3395.86	3418.72
ATP7B	4	4	3231.37	3850.66	2988.73	3871.58												
ATP8A1	8	8					1798.88	1017.06		1090.54	2577.79	1890.68	2625.28	2522.55		1392.26	1060.46	
ATP8B1	1	1	1284.13	1275.36	943.689	1900.49												
ATP8B2	2	2	657.995	810.923	905.395	764.342												
ATP8B4	3	3									847.35	2384.8	1259.35	1925.97				
ATP9A	5	5	4298.18	3461.1	3899.06	4044.3	3952.98	3525.4	4038.87	3829.5	2285.51	1857.47	2375.13	2142.12	1939.95		1725.88	1468.36
ATP9B	4	4	1135.49	1121.38	1154.63	1625.9					2149.34	1916.5	1589.86	2024.2	1967.93	1640	1646.77	2092.44
ATPAF1	4	4		1665.17	1920	2074.88	4678.48	3868.06		4448.29	3379.78	2878.65	2411.44	2551.92	2493.83	2675.93	3005.74	3266.52
ATPAF2	5	5	2574.55	2955.02	3044.18	3763.22	2609.1	3388.46	2591.27	2541.03	5131.14	3441.37	3529.68	5167.25	6268.47	5240.78	7260.07	6768.13
ATR	7	7	1912.9	1968.99	1842.7	1629.13	3278.13	3074.2	3063.29	3092.47	2081.71	1978.16			1921.09	2261.46	2451.27	2165.04
ATRIP	1	1						438.401	971.703	772.963					529.192		512.836	
ATRN	3	3	2975.7	3443.49	3282.15	3010.92		1402.39	1674.26		2330.89	3153.79	2621.57	2723.88	1489.71	1352.16	1704.21	1616.64
ATRX	14	14	8085.4	5958.62	8034.57	7094.19	8259.36	7772.13	7814.49	7136.48	5088.9	4716.83	4859.56	4907.63	4716.14	4993.57	4687.92	4630.34
ATXN1	2	2	1251.05	1014.36	1045.3	1181.98	1419.79	1917.68	1499.46	1258.53	678.337	614.625	555.002	645.7	861.381	1191.36	1133.61	1098.44
ATXN10	11	11	16143.3	17816.7	15658.1	17943.1	48060.8	51935.1	40330.2	39253	13217.7	11421.5	10801.7	12759.4	11754.7	9717.82	12183.4	11989.7
ATXN1L	2	2	1455.49	1988.85	1267.17	1853.6			1954.65	1624.46		1186.89	1407.35	1691.65	1505.69	1058.01	770.115	1110.64
ATXN2	8	8	2963.9	3313.35	3760.72	3250.16	3035.48	3179.42	3042.14	2975.38	2976.83	3057.85	3162.82	2365.82	2495.56	2368.13	2519.87	2043.86
ATXN2L	25	25	14890.6	15308.4	16452.9	17146.1	14232.6	13088.2	13238.8	12907.1	13557.6	13255.3	11619.8	11283.2	13394.7	14511.8	15508.8	12349.1
ATXN3	3	3	4006.88	4142.34	5135.29	5210.83	2107.08	2549.58		3046.68	5073.48	4778.64	4605.66	3971.88	7220.74	4452.32	6043.77	6275.27
ATXN7L3B	1	1	7032.21	9317.58	5903.43	9023.22	6816.01	5716.83	4593.56	6519.57	5152.65	5024.37	4720.34	4857.64	6654.71	4719	6862.24	5327.67
AUH	7	7	3067.27	2994.12	2619.36	2430.64	9683.7	8675.22	8650.5	7283.35	7764.5	7277.69	6311.99	7786.28	14091.7	10912.7	14928.3	12159.7
AUP1	7	7	2932.72	2988.34	3635.61	3493.76	4009.49	3232.21	3223.71	2959.91	5535.98	5897.18	5276.03	5312.73	4487.59	3699.05	4608.12	4364.81
AURKA	1	1				2740.3	5826.65	4818	3820.94	6569.82	2009.75	1848.36	1524.77	2386.21				
AURKB	5	5	547.828			1224	2411.9	2919.2	2026.5	2663.57	725.948	1169.82	643.576	1080.77				
AVEN	3	3	3002.5	2833.73	2563.15	3631.64	2290.11	1544.96	1993.73	1889.85	1174.42	1226.82	1810.82	1416.91	1776.76	1153.17	1739.05	1650.42
AVL9	12	12	2719.85	2452.66	3100.06	2388.42	7823.4	7041.61	6811.63	6322.63	5537.42	5243.26	5350.16	5869.89	3873.29	3625.42	4150.1	4215.65
AXL	4	4	4396.21	5314.67	4419.27	7518.32	3289.59	3154.58	2789.36	2503.06	2926.22	2772.92	3697.33	3668.44		1106.5	893.785	2217.44
AZGP1	6	6	79508.4	22483.7	32873.5	14233.6	19343.7	18302	27507.2	17449.6	47146	33525.5	50444.3	57521.3	78619	36465	25533.6	36366.5
AZU1	2	2	6519.12	11683.9	8924.26	3527.53	5635.3	5481.11	6679.06	5370.3	11433.4	11446.4	11675.7	14078	6764.16	12171.1	10118	9738.7
Albumin	37	37	144706	54116.4	70502.5	21079.8	25864.1	22339.1	23529.1	51174.5	99559.2	92710.5	136218	124778	50530	96460.6	75294.9	57547.7
Alpha-S1-casein	3	3	5106.31	4945.62	14212.4	4634.27	7167.44	6692.82	5832.99	9376.55	14377.7	20393.2	17292	8862.33	9003.91	19515.1	13069.5	13269.8
Alpha-S2-casein	2	2	1167.59		1202.73	1031.36	2334.56	1726.92	1533.52	1284.15	1255.46	2299.46	1614.8	1576.8		2256.38	1909.41	2110.61
Alpha-amylase	2	2	8353.7	2467.78	11463.8	1417.16	2404.06	3177.54	3046.98	2196.21	4079.42	6452.63	9464.26	9439.93	3383.49	5038.06	2824.88	3959.5
Annexin	22	22	1.67007e+06	1.82189e+06	1.52374e+06	1.83768e+06	922007	1.09286e+06	951247	964333	1.53004e+06	1.52298e+06	1.23784e+06	1.53662e+06	1.33897e+06	1.34078e+06	1.5342e+06	1.29191e+06
Antithrombin-III	5	5	3959.79	1067.82	1840.49			698.59		1071.57	1737.49	970.093	2095.13	2627.31	1288.38	1246.12	1257.6	1242.06
B3GALNT1	1	1			830.869	1155.91	1939.45	1179.78	1239.06	1293.79						330.999		
B3GALT6	5	5	2633.26	2036.87	2548.52	2939.65					2514.22	2119.13	2217.11	2161.55	2168.18	3182.07	2575.92	2188.7
B3GAT3	3	3	3613.29	3538	3671.54	4429	5394.33	4639.06	4626.25	3987.37	3832.14	2876.43	3629.03	3173.19	3726.09	3005.13	3152.08	4278.98
B3GLCT	6	6	3823.08	4251.71	5593.42	5013.88	3031	2314.77	1567.57	1553.36	2157.95	3247.8	2783.88	2244.41	2984.03	2990.72	3659.88	3847.99
B3GNT2	2	2			1265.85	1213.96					2944.07	2475.24	2803.34	2055.74	1975.66	2407.24	2992.44	2358.29
B4GALT1	3	3	3203.53	2629.86	3757.15	2757.63	3099.88	1887.93			2243.17	2481.31	2630.28			1906	2397.16	2561.82
B4GALT5	1	1	22454.6	15149.5	12933.4	16561.2	7960.94	6310.23	6521.63	4794.81	5781.76	5629.02	4674.86	5849.06	6349.05	5258.44	3365.34	4550.9
B4GALT7	4	4	5192.3	3795.71	4909.07	3967.04	2603.58	2299.9	1903.27	1778.74	3514.69	3925.13	3455.24	3259.06	3814.14	4091.58	3770.43	4209.07
B4GAT1	3	3	41844.8	3837.81	2346.41	2985.35	3823.84	4816.94	5235.4	3867.02		2157.88		5670.24		2461.5	2441.51	2290.75
B9D1	1	1	945.042	1112.74	792.687	527.927	596.907											
BABAM1	4	4	5068.1	4597.74	5411.72	5519.34	4063.84	4420.8	4419.15	3494.59	6323.5	5472.6	5210.2	5600.27	5893.73	5040.04	5449.11	5622.64
BABAM2	6	6	12190.2	14213.5	14162.4	12900.7	9020.93	8029.66	10196.4	7732.77	9056.94	11233.8	10303	8859.42	10286.1	8791.86	7829.29	9749.09
BACC1	3	3	16141.6	20836.7	18563.4	15100.2	23084.6	20572.6	23200.6	26675.9	14305.5	11580.7	15868.3	11455	22497.9	23641.8	22561.2	22034.1
BACH1	10	10	5017.64	3755.97	4231.91	4172.36		1549	1567.56		2582.83	1907.1	2130	2363.4	2306.65	2105.24	2162.4	2290.02
BAD	1	1	3348.44	4456.73	4995.33	3803.83	2421	2527.24	2782.17	3160.46	1292.96	2016.56	1730.93	1928.31	1310.21	1295.42	1532.15	1091.9
BAG1	6	6	3951.05	3255.45	3439.81	3560.79	2288.06	2012.03	1633.17	1850.07	7689.23	7108.47	6444.93	8157.87	7042.11	5408.07	6794.46	7236.74
BAG2	15	15	31206.3	29810.3	29171.7	30692.8	30570	28556.6	21941.8	22965.3	9352.61	8121.97	9826.92	8806.52	10045.1	9022.35	8792.76	10246.4
BAG3	16	16	20307.6	17578.7	13733	16231.3	24027.5	25176.9	22120.1	18354.2	7759.42	5528.1	7125.41	7211.38	5356.2	4759.91	5366.62	5399.27
BAG4	3	3	1879.01	1448.74	1975.22	2139.93	1873.48	1998.94	2243.73	2186.87	1998.49	1830.03	1634.8	2354.88	2163.86	1735.85	1854.1	1910.94
BAG5	12	12	7681.01	6375.04	8290.6	6225.59	5967.57	4789.58	3711.72	4167.9	16387.2	13399	14212.5	15028	9184.97	7059.77	8785.76	9612.65
BAG6	17	17	9562.8	9085.3	8807.51	10430.5	12501.2	12180.2	10041.8	9407.08	18186.3	18497.4	18185.8	18497.3	13207.3	12986.9	14404.5	15461.8
BAIAP2	16	16	10254.3	9317.86	9702.76	9172.03	12614.7	12884.5	11637	10130.3	13572.3	9569.04	11592.1	11865.7	13260.2	9495.75	11855.8	13186.9
BAIAP2L1	3	3	303.316	289.276	463.514		856.471	1021.73	722.983	896.34								
BAK1	2	2	11576.8	10776.2	12414.8	8443.22	4700.3	4229.99	2551	2302.16	10075.8	6003.53	10029.8	10513.5	13754.5	8984.26	12758.6	13851.2
BANF1	4	4	33552.3	27055.6	53410.2	31631.3	36881.8	26324	28601.2	36612.5	56727.5	66064.4	52147.8	50407.7	54239.6	63462.4	69505.8	62089.3
BAP1	2	2			1230	1018.52	2173.75	1555.83	1999.74	1579.7	1351.23	1357.83	1732.91	1748.18	1940.82		1389.67	1507.56
BARD1	2	2				558.242	1851.11	1822.47	1474.36	1895.96		832.79						
BASP1	16	16	239792	231257	192946	214350	848.172	537.53		645.221	12059.9	4651.88	24563.6	9307.03	21712	11492.8	20945.7	25094.7
BAX	4	4	101972	143692	126806	153437	24925.8	21430.5	27678.6	23460.4	93478.8	160937	96873.6	122545	82901.7	91397.9	82333.3	79732.5
BAZ1A	9	9	1951.1	1938.52	2166.47	1958.2	2333.49	2449.58	2584.31	2171.17	2266.39	2939.68	2596.56	2166.65	2101.08	2243.24	2144.23	1942.03
BAZ1B	14	14	4228.29	4231.52	6197.71	4942.28	8324.93	7322.24	7577.6	7970.92	4873.3	4871.77	4280.35	4255.78	4281.49	5331.53	5850.41	4979.79
BAZ2A	5	5	3325.31	1325.92		1313.31	3813.32	2831.06	2774.23	2699.26	1013.49	1478.44	1755.51	1883.99	2520.12	1207.56	1311.05	2141.4
BBLN	2	2	3611.53	2943.24	2461.02	2421.46		2959.4	2122.62	2103.03	3584.93	2520.8	4329.68	3768.38	3299.94	2145.32	2341.15	2653.62
BBS1	2	2	1336.01	1205.49	1624.24	1594.22		636.175		1044.55			1008.58					
BBS2	1	1	5639.72	3452.91	4142.32	4028.13	6527.96											
BBS7	4	4	3263.99	3488.25	3413.41	2676.3		2668.9										
BBS9	2	2	1107.55	1384.22	1383.55	1289												
BBX	2	2	2926.55	2903.74			3108.29	2680.06	2886.85	3227.61						2699.03		
BCAM	6	6		709.99	1242.38	706.562	2223.17	1436.92	1568.84	1522.44	1151.86	950.613	1980.14					
BCAP29	2	2	818.679	1556.05	2091.1	1514.77		697.218				2460.35	1578.26				1578.29	4223.08
BCAP31	9	9	33347.9	37515.3	43519.2	42878.3	22566.6	30451	40610.5	45605.1	72963.9	92877	72805.7	66040	72824	57449.3	70693	73194.3
BCAR1	7	7	12264.3	14850	11669.9	13405.1	9856.24	8305.34	8781.41	8763.81			2741.31		3606.53	1312	3023.64	6133.53
BCAR3	3	3	1165.6	1085.58	1381.85	1231.39	1336.99	1222.96	1117.45	1010.76		1084.42	1347.69	1064.19	1116.01	748.911	942.482	971.018
BCAS2	3	3	6968.93	5728.81	5107.58	5987.44	5289.35	6253.63	5174.06	5326.04	7609.43	6470.5	9588.54	12384.3	10338.1	8680.27	8721.97	12780.7
BCAS3	5	5	5073.83	4734.27	4830.05	4695.66	3155.61	2598.6	2912.79	2507.02	4183.11	3710.68	4180.97	4895.67	3919.95	3423.61	3651.09	3804.77
BCAT1	5	5	51206.4	57639.8	44722.3	40783.3	42968	37699.5	36164.1	41184.3	50276	36953.8	50800.5	51671.3	18338.3	19936.6	26275	24594.2
BCAT2	6	6	3700.56	4033.52	3283.27	4334.55	2432.59	3202.42	2069.96	1773.21	2379.79	2057.88	2732.45	1917.32	3217.59	3897.49	3650.87	3398.73
BCCIP	3	3	4180.9	4099.16	4022.47	3989.7	8139.53	10915.8	7433.35	5869.85	4688.09	5008.88	4688.83	5541.02	5321.22	5547.06	6477.8	5458.97
BCHE	1	1	1621.34	1184.08		1185.13	3702.72	3163.33	3426.22	2344.68								
BCKDHA	6	6	3153.75	2654.48	3719.05	3175.94	3107.34	2474.79	2433.37	2221.42	6929.59	7212.99	7952.97	7987.94	7397.67	5640.72	6263.07	7442.92
BCKDHB	1	1												1362.65		995.638	912.197	702.358
BCKDK	6	6			1716.59						5719.01	6884.1	6524.53	5706.99	4371.52	4401.67	5440.02	4883.97
BCL10	7	7	4182.56	4338.07	4021.35	4314.08	5809.4	6720.65	5083.53	5029.56	4758.89	4306.01	5026.94	4497.91	3473.67	3788.64	4590.47	4218.78
BCL2L1	2	2	2601.97	2728.87	3249.62	2362.29	3963.69	3553.03	3880.12	2592.34	7433.92	8110.98	6381.63	5491.13	3948.73	4034.67	5853.75	4541.83
BCL2L13	11	11	6925.38	6732.77	7205.45	7258.02	12412.9	15600.2	11069.8	12034.7	9029.41	7383.56	8874.33	9165.55	14849.9	13374.2	15501	14900.8
BCL3	1	1				981.171											846.617	
BCL9	3	3		895.827	1221.16	1509.48	952.393	828.095	1162.72	871.323								
BCL9L	2	2	2408.56	1773.4			1961.18	2243.33	2314.39	2485.47					3341.74			
BCLAF1	20	20	18317.4	19088.8	23286.3	23621.2	15515.7	15515.6	14142	13909.9	18466.1	21814.5	17791.3	18756.4	19143.2	17870.7	18736.7	20820.8
BCR	7	7	3017.41	2655.05	2830.62	3316.55	4043.83	3345.78	3072.79	2898.35	1004.77				2240.44	1232.14	1425.22	
BCS1L	9	9	7416.8	6989.26	6801.96	7098.89	6616.93	4760.62	5498.06	4987.81	6237.21	5916.27	5189.34	6043.67	5340.73	5738.02	5663.38	5819.59
BDH1	3	3	1473.58			1234.13	19553	18341.9	17582	20997.7	31306.9	30385.9	25269.1	26540.9	29870.4	18184.2	22150.8	26643.6
BDH2	4	4	34871.7	33884.5	29594	34541.5	35965.8	38108.4	32866.3	36065	19420.1	25304.1	26806.5	26719.5	36093.9	25414.1	25248.3	24835.5
BECN1	7	7	2710.33	2316.41	4862.05	2546.75	3542.69	3309.52	2256.24	2580.66	4036.75	2834.65	3832.88	4813.26	3269.89	2895.82	3089.58	3992.03
BET1	2	2	4755.65	5836.17	5616.28	5905.45	1852.22	1427.73	1894.19	1084.21	2023.27	2288.6	2445.7	2298.58	2175.61	2528.78	2522.88	2403.85
BET1L	3	3	3810.04	2390.24	7836.9	4177.68	2464.63	2227.27	2932.1	2598.5		2006.1				1238.46	1155.07	
BGN	9	9	24649.2	21919.2	22680.7	24486.6												
BH3-interacting	7	7	23907.8	22946.6	19644.1	22302.8	35911.3	31677.9	39418.9	29788.4	60266.8	60116.2	57838.8	59390.6	60283.8	52813.6	60715.5	66241.2
BHLHE40	2	2					2710.28	2918.08	3883.02	2363.92							1377.96	
BHLHE41	1	1									417.347				573.416	750.761	762.718	
BICC1	3	3	2076.54	1469.76	1948.03	1814.83	1108.94	1487.84	1258.5	1117.12								
BICD1	3	3	1192.61	967.401	1008.61	1081.21	1440.45	1254.07	1188.63	1245.43					886.552	952.488	898.181	1335.11
BICD2	18	18	6828.52	6485.86	7149.22	7177.89	6256.47	5303.98	5841.12	4742.92	5052.83	5500.08	6026.28	6105.44	6926.12	5277.18	5214.6	6032.25
BICRA	4	4	684.076	1109.1	1223.09	1576.93		1110.97				976.689	1996.3		1554.99	627.728	1033.6	
BIN1	12	12	12147.8	11700.6	10593.8	11922.5	9814.91	8758.64	9228	7982.26	31582.1	38644.9	28477.4	35045.2	22145.7	20672.6	20792.2	21774.5
BIN2	11	11									6505.56	5842.62	6683.67	7762.16	10933	10989.6	9581.12	11328.5
BIN3	2	2	2244.71	1729.45	2144.79		2562.07	2140.25	3258.37	1674.29	3274.31	3442.86	2620.67	3059.83	2362.45		2121.89	2489.6
BIRC2	4	4	2005.24	1873.05	2042.87	1908.6	3306.5	3172.07	2768.96	2692.26	1905.2	2146.74				1178.22	1046.84	
BIRC5	2	2	419.16		270.711	667.802	1167.72	1073.93	1045.96	1055.14	357.187			666.38				
BIRC6	33	33	3769.49	3800.86	4405.24	4552.07	3107.62	3047.31	2991.96	2874.31	3958.06	4235.4	3935.41	4149.87	4165.45	3816	3744.45	4239.1
BKGD	3	3	2784.66	2947.92	4569.05	3931.6	8225.33	5194.42	5063.83	5659.69	9791.63	12562.7	8896.68	9453.31	12542.8	7719.88	8596.66	9408.24
BLM	2	2	1795.57			1844.24	4225.96	4252.78	3896.01	6565.49	3442.27	2902.31	2755.3	2873.35		4730.64	6443.01	
BLMH	5	5	15689.5	17658.7	29868.7	18792.7	12780.4	8990.81	14024.9	11247.4	26043.6	36015.6	37471.1	27842.6	44843.4	27832.9	25123.5	25867.6
BLNK	6	6									2771.56	2664.58	2797.03	2499.98	2551.05	2510.34	2276.31	2402.14
BLOC1S1	2	2	4241.15	3881.33	4252.07	3698.55	4885.71	3827.72	4486.47	3374.65	7118.34	7882.5	6858.42	7048.7	5556.63	4894.61	7398.76	6809.01
BLOC1S2	2	2	1554.33	1740.89	1440.56	1527.48	1984.41	1373.89	2785.65	2798.32	3135.27	1512.89	2398.5	2396.5	2787.01	1894.55	2880.55	2605.66
BLOC1S3	2	2	4502.01	5519.11	6486.61	6602.9	4542.22	3652.65	4040.73	3104.77	7953.7	12596.8	7219.02	7344	4588.95	5743.5	7114.43	5028.75
BLOC1S4	2	2	3886.39		2126.81			3605.7	4069.59	3814.8	4133.85	5800.43	4035.62	4568.42	4293.59	3605.97	3792	3768.22
BLOC1S5	5	5	1311.14	1785.62	2499.54	1899.09		1166.68	810.296	613.178	2063.1	3304.56	2455.99	2641.85	1942.9	1928.24	2012.76	1731.85
BLOC1S6	1	1		1242.1	1370.43	783.638					3569.73	3856.87	3823.41	3764.22	2819.94	1721.33	3026.34	2940.04
BLTP1	2	2				709.894	1047.67	1250.82	1031.44	857.777	2122.73		1265.86				586.692	726.292
BLTP2	5	5	1621.38	1167.43	1355.98		2394.05	1443.02	2350.56	1459.03	1575.73	1598.14	1870.21	1771.91	1503.13	1531.53	1648.8	1551.14
BLTP3A	6	6	1831.09	1769.97	2353.6	2032.83	1721.76	1836.95	1368.73	1601.83	2906.22	3617.48	3892.55	3996.06	2649.57	2591.35	2847	2890.94
BLTP3B	7	7	1934.79	1965.85	3216.83	2369.63	2194.05	1967.84	2035.06	1906.83	2064.95	2133.46	2207.6	2637.79	2268.21	2100.76	2149.75	2401.37
BLVRA	14	14	37610.1	40267.1	33743.4	37818	42111.2	43681.9	39805.9	29752.8	110592	98585	98175.1	101421	28257	18017.6	23363.8	26769.1
BLVRB	7	7	27852.5	26072.6	23513.9	25791.9	20148	16092	20478.3	22975.2	332732	313344	286671	274944	34286.2	34204.9	36146.2	34167.8
BLZF1	3	3	2091.2	1997.15	2307.3	2214.23		1142.2	1277.79	1329.49	1938.84	1195.25		1458.67	1690.22	1678.03	1070.29	999.351
BMAL1	1	1				755.622		1051.3							1097.53	635.241	511.811	912.241
BMI1	1	1	492.929	514.315		519.528	1016.24	645.734	462.604	652.737		314.069			487.259	291.95	372.922	
BMP1	6	6	2872.2	3808.29	3363.43	5077.72			1794.68									
BMP2K	14	14	1854.42	2027.98	2297.32	1937.35	2025.05	1113.94	1429.85	1396.35	3953.62	7190.69	5070.75	5490.11	4388.13	4903.77	4212.12	4910.14
BMPR2	2	2	1792.04	2072.79	2013.59	1822.79			1494.78			987.695						
BMS1	19	19	2679.13	2218.86	2570.92	2112.15	3431.19	2755.8	2915.47	2479.43	2596.64	2359.27	2582.63	2744.55	2876.34	2869.46	3153.88	3347.83
BNC2	2	2	1393.17	913.585	1192.1	1332.73						526.903				139.022		
BNIP1	6	6	10346.5	8896.08	8812.4	9966.28	7339.3	4989.94	4688.27	4568.62	7980.72	7221.55	7624.05	8069.93	6902.38	6517.25	6846.23	8059.31
BNIP2	1	1	2371.86	3214.19	3014.18	3277.12	2234.89	2649.24	4264.52	2371.12	6387.46	7881.76	6590.61	8651.38	6577.65	5809.94	5975.96	5830.77
BNIP3	2	2		637.404	832.362	643.614	541.424				470.326	420.853						478.625
BNIP3L	2	2	1965.59	2111.73	2796.15	3399.54	1319.85	1162.35	1408.35	1052.33	2020.39	2239.88	1924.45	2254.61	1584.35	1575.67	1447.7	1351.37
BOD1	1	1	332.579	802.058	467.732	1065.32	328.901	518.71		261.344		193.06	310.085			314.133	309.5	205.815
BOD1L1	20	20	4436.58	3529.88	4395.68	3905.55	4114.46	3267.53	2946.16	3589.55	3690.8	3354.94	4459.17	3753.18	4123.49	2982.08	3103.24	3897.74
BOLA1	3	3	4686.16	4686.5	4598.91	4604.12	4943.12	5115.27	4649.19	4723.1	5631.47	6636.41	4557.84	5119.28	3772.1	4171.48	3715.93	
BOLA2	2	2	7961.82	9088.39	12666.4	9092.67	5448.87	5756.99	5400.37	4322.53	8111.3	9300.2	8136.06	7432.26	8792.16	7861.59	8644.84	10060.2
BOP1	10	10	5855.5	5264.42	5141.29	5141.81	6356.32	5637.91	5127.19	5213.77	4534.35	4102.74	4394.75	4137.91	4700.87	5343.25	5764.55	4947.81
BORCS5	4	4	10899.8	11552.5	12140.3	10479.9	7828.54	7462.13	8621.93	7421.47	15539.3	14917.2	15872.2	15863.9	15338.6	12641.6	14029.8	15877.9
BORCS6	9	9	2903.94	2945.85	3562.32	3316.41	3928.24	3496.34	3444.75	2989.11	5890.4	5665.98	5369.61	4904.65	5067.95	4403.09	4253.04	4549.78
BORCS7	3	3	4274.64	4556.95	3925.61	4026.25	2368.26	2596.66		2632.37	4312.23	3834.35	3149.55	4194.98	4360.23	3750.81	5058.03	3717.37
BPGM	6	6	3219.61	3644.58	5338.69	4169.35	1526.49	1094.92	1716.15	1676.15	794.318	784.517	1024.66		948.302	796.288	683.362	756.414
BPHL	4	4	4384.88	4132.69	4079.3	5058.67	3364.97	3076.55	3278.58	3247.89	7715.24	7456.78	5369.01	7914.01	4983.03	4367.4	5262.08	4489.37
BPI	4	4	2017.8	5608.12	3659.2	1490.88		1854.61			6027.83	7844.35	15805.8	14275.6	10637.4	6804.45	5864.01	4859.96
BPIFA1	10	10	1.31856e+06	59412.7	67459.1	20338.9	25630.6	28063.2	18835.7	27114.4	49847.1	53278.5	92082.3	100677	41603.5	75480.2	52807.2	50295.8
BPIFA2	2	2			3453.15						3645.37	3336.08	3806.23	3633.07	2182.15	3318.87	2502.47	2654.68
BPIFB1	21	21	83177.8	15453.4	23467.5	5685.65	7612.58	8760.33	7985.94	8488.9	16300.2	19314.5	23085.1	26730.7	14032.1	26303.9	18823.9	14926.4
BPIFB2	5	5	24862.8	4563.6	4683.51	2092.73				2037.11	2625.01	2488.69	3572.73	5170.09	2145.49	3330.54	2440.61	2923.44
BPIFB3	1	1	528.841													225.802		
BPIFB4	2	2	42886.3	1862.41	2573.08		881.934	926.762			2127.65	1732.9	4572.3	2251.48	1742.9	2980.99	2757.7	2111.09
BPIFB6	2	2	2845.87															
BPNT1	9	9	14417.5	13492	12018.8	13095.9	9868.07	9704.62	9728.98	9329.51	11319	9967.35	11422.8	9735.31	12173.2	10148.8	11360.3	11103.9
BPNT2	8	8	18294.3	15527.9	18945.4	18069.5	12422.2	10974.6	10845.9	10628.4	7192.13	6761.77	8366.33	7475.45	7881.21	4516.24	5069.58	4220.7
BPTF	17	17	3306.01	3053.8	3213.09	2888.14	4323.76	3487.55	3733.79	3448.37	2540.27	2229.47	2403.54	2356.9	2452.51	2205.02	2468.27	2385.56
BRAF	1	1	3243.95	3351.48	3072.36	4168.37	1764.75	2067.37	2624.98	2229.19	2564.97	2916.08	2808.78	2459.72	1896.72	2095.85	2424.92	1762.91
BRAP	1	1	1192.66	1158.25	1464.51	1282.56		1084.74		1443.77	3545.33	4584.68		3686.85	4453.85	7463.22	7407.37	5579.58
BRAT1	7	7	2425.15	2189.45	2532.74	2429.78	2892.51	2098.95	1956.14	2076.24	2995.58	3109.47	2893.48	3044.58	2796.64	2343.17	2776.91	2670.03
BRCC3	5	5	2336.12	2955.24	2955.61	2549.02	2238.7	2208.13	2605.4	3023.67	4858.53	4499.12	4660.34	4686.65	4085.93	4844.61	4429.21	4439.32
BRD1	3	3	1646.56	1475.12	1610.97	1844.97	3859.25	3801.41	3363.09	4104.32	1991.57	1631.99	1483.96	1916.53	1619.63	1020.73	1460.52	1886.72
BRD2	10	10	3893.19	4142.09	4862.46	4730.36	5032.51	5749	6450.67	5343.8	3585.92	3480.44	4135.25	4156.17	4769.99	3251.66	3711.32	4764.44
BRD3	8	8	2793.66	2170.18	3196.85	3077.16	3086	3428.01	2719.12	2340.77	1907.89	2254.75	2641.63	2236.51	1985.71	2243.77	1972.5	1597.95
BRD4	13	13	6025.64	4989.61	6720.84	6617.78	7584.98	7099.49	7571.38	7642.85	6589.28	6231.08	5654.68	6162.17	5267.56	5515.67	5090.62	5018.61
BRD7	1	1		1242.91	1043.61	753.637	1744.32	1800.07	1710.3	1311.02		705.923					706.929	
BRD8	4	4	1198.08	994.049	1280.92	889.813	1627.72	1710.21	1868.63	1800.58	1115.19	1467.78	542.346	1696.29	1374.73	1092.57	1004.17	1302.43
BRD9	2	2	1069.7	1443.23	1648.16	1817.28	2510.55	1362.28		1536.75	1202.92	1399.47	1364.34	1521.73	1636.73	1526.81	1119.23	1141.13
BRI3BP	3	3	7831.63	7063.44	10405.7	4005.71	14600.4	13902.8	9330.33	10703.5	16990.3	12130.9	14661.3	17684.8	10404.5	14317.4	15765.9	14509
BRIX1	9	9	18925.6	17654.7	20202	18333.6	17494.4	15363.1	14731.5	11424.9	16059.4	14657.4	14710.7	15097	18056.6	15887.8	18072.6	18771.8
BRK1	4	4	1663.34	1375.89	2144.91	1258.72	1041.48	988.179	1241.99	1068.06	5467.33	6198.02	4990.01	4647.04	4484.54	7559.89	6057.21	3996.59
BROX	8	8	17215.6	15743.7	18827	16134.9	15446.5	15976.8	15840.3	12239.5	23706.7	30510	21358.7	23953.2	16540.3	21363.9	22495.3	18611.3
BRPF1	1	1	542.22		642.667	425.631		717.56	622.131	681.487	443.489	367.82		726.084	548.312		2001.94	
BSCL2	1	1	3567.89	2782.84	2927.16	3230.89	3236.69		2838.05	1995.98			2444.88				2093.52	
BSDC1	5	5	3154.17	4612.94	5094.79	6346.69	5326.22	5250.17	5359.91	4398.47	4020.2	3847	3325.51	3194.85	3846.79	3646.52	3385.36	4158.34
BSG	5	5	50316.4	59142.2	39498	59871.5	44285.7	51466.9	37388.8	36117.7	60263	53364.2	51842.1	52933.5	83346.4	63838.8	75763.3	76750.8
BST1	1	1				1251.11	1450.96				2575.29	2665.52	2321.5	4046.23				
BST2	4	4	1709.79	1852.61	2187.38	2627.16		1955.96			2673.43	2387.38	2147.57	1623	1607.31	2250.83	2188.63	1977.92
BTAF1	14	14	3917.76	3577.3	3775.97	4005.01	5537.4	5375.63	5073.59	4589.87	2977.43	3273.01	3259.64	3299.22	3333.16	3487.53	3645.49	3318.73
BTBD2	1	1	2002.91	1295.92	989.409	1209.09	1373.49	1071.53	900.547	893.305	620.9	522.845		655.055	736.629	639.671	484.502	
BTBD9	1	1	998.429		987.41	1032.15					653.205	866.193	1051.68		979.844	744.395	870.873	798.409
BTD	4	4	5173.26	1756.88	3282.57	4018.84	11174.7	8321	6500.95	4153.74	4072.68	4380.2	4153.21	4336.3	4209.37	2285.14	2794.13	3356.33
BTF3	6	6	8602.23	10565	10614.7	12689.1	8811.68	11633.2	11948.4	12227	5751.67	8552.4	5475.59	6079.68	5926.7	6948.24	5469.07	5859.66
BTF3L4	3	3	23847.4	24440.6	19914.7	25297.7	15905.6	13881.4	14395.1	15946.2	34153.7	25887.4	30377.8	30017.4	39200.1	26701.3	37772.5	35122.5
BTK	19	19									7261.28	9030.7	7519.61	6864.28	9792.82	10559.6	11794.1	10412.1
BTN1A1	1	1		1346.4	2142.42				1361.36	1171.74		4401.42	1814.98	2331.02		511.784	1131.94	1417.37
BTN2A1	2	2	7944.41	8948.14	5920.4	8567.6	3140.93	3336.86	3576.32	4616.18	2907.88	2823.73	2842.67	3413.27	2797.1	2863.08	3671.89	3118.05
BUB1B	3	3				1431.84	3649.13	2157.78	1858.71	2678.94		1865.24		2507.26			1356.09	
BUB3	7	7	10793.5	11040.5	17413.2	13149.4	7913.86	8855.51	6676.07	7829.16	21365	24846.7	20248.8	17137.9	17131.6	20903.1	21492.1	21830.8
BUD13	3	3	4469.28	4920.41	4953.97	4409.62	5954.1	4620.59	6022.04	5669.33	4637.99	4134.39			4439.68	4099.16	4112.24	4809.27
BUD23	2	2	1269.09	1569.47	2168.85	1824.83	4135.84	2092.71	2395.81	4398.64	3312.52	2668.65	2273.69	1934.62	2278.38	4114.28	2624.4	3140.17
BUD31	1	1	1985.31	1855.99	3553.06	1788.72		1121.19			4014.25	4965.71	4985.99	3448.07	3724.01	5756.36	5539.8	4534.62
BYSL	8	8	11404.4	12397.6	12427.6	15111.5	13816.9	14798.1	13335.8	14842.9	10953.8	11811.8	10779.3	10128	10522.2	12372.4	13252.8	10864.2
BZW1	17	17	38220.8	39784.7	40692.4	46968	24120.8	21632.7	19307.1	18714.2	29289.7	30675.6	22562.8	26930.5	23332.9	21661	26305.2	23856.1
BZW2	18	18	32789.4	31882	25629.6	31761.2	23922.6	25757.2	21990.8	18153.3	21636.3	19077.2	18866.7	22046.1	21818.7	21261.2	24948.6	23126.7
Beta-2-microglobulin	3	3	15292.4	6757.01	6820	8295.08	8913.14	9484.74	8589.02	6496.98	13108.5	16036.4	13653.8	13215.2	5807.5	5850.7	6748.67	6388.96
Beta-casein	1	1			1366.1						1867.19	2848.02	2578.98	1836.6	1918.99	3816.41	2636.59	2107.26
C11orf68	4	4	19522.9	14208.2	19418.3	17121.6	8441.04	5845.5	7411.48	6300.47	8204.78	7291.35	7877.55	30794.3	9426.71	8377.93	10231.5	11143.2
C11orf98	3	3	8177.06	7655.59	9477.21	8349.29	10373.3	11560.8	12930.5	11233.6	5299.31	6363.83	4764.66	5309.36	4591.94	6118.89	7150.33	5195.53
C12orf57	2	2	15892.2	15167.1	17070.7	16401.3	14252.8	9068.74	11883	11158.6	2532.45	4416.62	2804.58	2930.82	2436.88	2491.32	3261.74	2874.86
C14orf119	2	2	4601.97	4286.73	3395.33	3423.04	2426.54	1602.51	2495.83	2311.62	2718.85	2995.43	2444.78	3181.71	2545.5	1841.03	1910.88	2078.82
C15orf40	1	1	1963.54	1926.87	2197.38	2970.7	3169.44	3109.96	2835.21	1994.8	3697.21	2865.52	3186.34	2942.25	2620.79	2693.32	2679.55	3126.91
C16orf87	1	1	1203.18	686.045	645.846	1028.44	392.494	513.125	744.611				559.4		479.576			
C17orf75	4	4	4057.45	3550.27	3298.09	4270.2	5319.46	4981.75	4476.5	3629.05	3092.32	2598.25	2632.73	2592.2	2373.53	1673.71	2581.57	2164.45
C19orf25	3	3	7120.9	4232.5	6511.97	6286.52	1985.55	1522.79	1949.33	2015.51	3025.5	3594.52	3126.75	4416.23	3055.56	2618.22	2630.73	3165.31
C19orf47	6	6	2133	1855.77	1808.52	1692.29	1007.03	833.905		1117.79	1742.77	1414.04	1502.96	1451.35	1037.04	1274.84	942.158	1216.67
C19orf53	1	1	1469.79	3182.07	3912.95	4956.07	1315.93	1984.25	2334.76	2393.12	1244.7	4012.46	2543.12	2622.76		1701.11	1952.3	857.931
C1D	1	1	2369.27	2479.09	1676.54	3170.09	6206.03	5239.82	3628.56	4607.47	3688.75	3687.21	3126.54	3717.54	3974.77	5546.86	4409.45	3739.89
C1GALT1	3	3	1558.96	1350.21	2718.59	1450.85					2449.75	3321.42	2887.69	2595.25	1660.85	1394.94	1400.79	1773.08
C1GALT1C1	2	2	4372.64	2808.36	4029.76	3850.68		1735.53	3240.21		5125.14	3747.56	5415.99	6028.73		1791.78	1702.22	4269.06
C1QA	3	3									3310.51	4116.64	4438	4905.47		3179.46	876.708	973.189
C1QB	5	5									17813.5	21436.5	22002.1	19177.6	7462.08	7913.16	8416.13	6765.84
C1QBP	5	5	63480.8	63103.4	61442.6	59976.8	122823	100377	114607	93277.2	87063.4	90833.5	103972	95445	140676	114566	109536	123496
C1QC	5	5	666.216		2135.63						38058.1	49420.4	49944.1	47970	11568.8	10937.6	13170.1	11886.4
C1QTNF6	1	1	610.513	548.268	594.649	432.381												
C1RL	1	1	339.112	334.169	596.323											415.042		624.217
C1orf122	2	2	7234.34	7039.97	7400.98	7390.76	8093.3	3867.82	4610.53	3504.93	3238.01	3976.99	5118.64	3804	7817.28	3756.32	4630.05	4216.85
C1orf174	1	1	1443.09	1699.85	1669.07	1172.31	1494.92	1549.33	1492.77	1497.56	2476.12	3215.78	2309.42	3142.42	1663.04	1678.36	1290.59	1943.72
C1orf198	12	12	27035.2	25511	26708.1	28851.9	2340.91	1713.74	2102.7	1160.22	2829.48	2582.12	3119.82	2864.12	2160.57	943.703	1772.91	2391.47
C1orf50	3	3	2952.6	3180.36	2465.16	3394.5	2422.71	1587.87	1414.2	1617.67	1908.76	2158.77	3091.85	2426.92	2367.12	1564.54	1798.21	2533.72
C2	3	3	1645.42								3708.38	5406.84	4896.53	3661.02			2117.2	
C2CD2	3	3	854.829	503.372	880.995	692.419	1293.17	1098.96	1337.24	1073.01	444.009	589.671	571.336	469.987		319.799		
C2CD2L	7	7	969.15	1121.84	1362.67	1004.04	1629.88	1121.63		1234.25	3027.7	3471.32	2427.45	2972.49	1946.68	1711.07	2182.26	2021.14
C2CD5	9	9	7120.41	7064.1	8109.39	7531.36	10131	7169.19	6925.83	7068.47	11897	14531.8	12760.1	15447	13762.6	9846.73	11234.8	11628.3
C2orf49	4	4	3015.26	2608.61	3528.64	2750.34	4398.87	3208.34	4374.2	2824.68	2695.98	2538.6	3105.66	2584	2081.18	2708.88	3001.57	2073.23
C2orf69	1	1	1387.82	961.049	723.918	1355.96	1868.38	1343.68	1352.26	1778.03	1479.01	820.296	1015.35	1306.61	1146.27	971.829	1285.15	1546
C2orf76	3	3	4119.07	4320.43	4522.21	3997.73	2006.5	1776.75	1737.77	1355.53	3296.65	4213.73	3122.75	3501.47	3898.63	3642.21	3803.6	3974.8
C3	29	29	13644.3	8602.22	8572.61	2912.48	1767.04	3474	4372.15	3439.22	9859.55	9661.19	12367.9	13814.6	10546.7	13946.6	12471.4	11594.9
C3AR1	1	1									5252.45	7280.61	5273.61	6315.49	5998.32	7164.5	4940.37	5328.92
C3orf38	4	4	1732.75	1843.36	2271.55	1995.6	1853.26	1036.98	1935.22	1613.16	2532.29	3259.31	2850.2	2638.49	2231.69	2130.37	1991.49	1905.89
C4orf33	1	1	3138.61	2018.07	2349.9	1591.24	3386.79	2611	3522.37	2290.98	5798.7	4901.41	5664.49	5154.32	4590.17	3495.4	3969.03	4454.24
C4orf36	1	1	10111.1		12693.4	12126.3	5656.29	10370.9	8376.89	6275.8			17266.7					
C5AR1	2	2									20440.8	24142.9	15198.3	16037.7	15138	21676.9	21228.3	12812.6
C5orf22	3	3	2752.05	2641.07	2457.23	2785.46	1902.58	2560.45	2248.64	2249.94	2449.88	2716.5	2394.68	2954.2	2524	2303.99	2365.86	2554.8
C6orf136	1	1	258.012	150.961	351.113	164.54					619.907	615.326	384.49	441.69	399.437	421.789	598.894	790.396
C6orf47	2	2	2118.15	1622.84	1110.42	1298.3	3507.87	1492.73	1754.78	1331.87	3281.64	2018.95	2387.19	2754.47	2731.58	2176.13	2081.32	2343.19
C7orf25	2	2	3414.32	3746.48	3133.31	3393.61	2116.46	1893.3	2003.13	2588.4	1808.89	1968.5			2090.48		1792.2	2244.2
C8orf33	2	2	3853.92	3854.2	3627.21	4971.74	5789.52	4659.77	4291.91	4463.2	2919.02	3245.81	3112.64	3295.28	4262.78	3960.72	3700	3641.2
C8orf82	3	3	5826.8	4215.27	5726.78	4732.9	9154.18	9810.79	7585.65	6461.77	8339.48	8020.6	7299.14	9104.03	9214.99	7864.34	9322.4	9062.96
C9orf40	1	1	1014.89	1253.21			2038.66	1652.83	2244.46	1541.75		1644.74	1150.99			734.416	496.001	840.065
C9orf72	6	6	1070.36	1590.45	1495.61	1340.35	1761.59	1888.83	2156.75	1326.94	3996.47	4871.2	4705.27	3906.62	3483.51	3822.81	4074.56	3705.46
C9orf78	1	1	2087.01	2044.39	3405.65	2108.17	3314.11	5038.67	5612.17	4130	3783.14	2754.17	2043.03	3507.31	3233.46	3529.25	4096.28	3976.01
CA13	1	1	276.018	572.011	798.049	407.353	587.072	464.372	501.559	633.679		507.152	432.053	435.842			246.072	
CA3	4	4					5330.32	7233.09	5291.36	4509.85		4465.94						
CA8	2	2						2514.83	1185.53		2024.61	2502.19	2725.63	2847.83		1584.45	2863.71	2182.79
CAAP1	3	3	2056.66	1826.25	1879.45	1858	1753.61	1005.33	1397.39	2454.61	1812.13	1740.58	1449.15	1948.45	1411.58	878.429	1403.06	1659.19
CAB39	14	14	9235.75	10645.1	10431	9785.51	10788.4	11419.1	9314.88	8840.29	43348.3	46939.4	45259.6	43154.7	23772.1	23829.7	28067.5	25727.4
CAB39L	3	3		1135.28		1115.55	1974.51	1690.89		1253.57	1787.5	2347.26	2673.16	1671.2	1478.09	1120.77	1739.02	1362.74
CABIN1	1	1	1132.06	1529.99	2085.44	4612.96	1131.02	1348.7	1391.45	1437.12	1480.09	2031.82	1603.75	2042.74	1363.54	2184.69	2496.45	2288.75
CABLES1	6	6	2846.54	2791.75	2105.99	2513.45					5098.74	5505.31	4863.84	5475.25	3059.96	2824.69	4116.7	3414.87
CACHD1	2	2	2562	3185.35	3339.87	3735.97												
CACNA2D1	7	7	9250.89	8851.2	9826.51	8857.55	4972.18	4422.02	4513.07	4662.14								
CACNB3	2	2	619.949		763.85	892.086	994.168	1173.87	1045.89	705.153								
CACTIN	5	5	1631.99	999.489	1112.34	1426.24	1188.9	1209.78	1124.03	1598.4	764.364	1014.58	880.67	1170.94	1075.17	885.737	662.65	834.805
CACUL1	4	4	2704.78	3436.84	3430.1	3333.63	3413.03	3143.12	2590.77	2844.81	3451.7	3921.75	3479.38	3314.7	3226.1	3747.73	3287.88	3560.36
CACYBP	7	7	21086.1	13126.5	20727.9	18490.4	62697.3	39627.7	43513.6	38486.5	53304.5	41094.6	45351.7	42756.7	38685.7	33610.2	42219.2	44403.7
CAD	50	50	29110.7	29120.9	30265	32058.1	18798.4	17225.5	15708.8	16328.2	28214.3	28671.5	26967	26184.2	25833.4	26557.7	30490.4	29106.9
CADM1	4	4	13656.2	6912.64	8910.59	9690.27	13726.6	15457.4	6101.58	7387.75					6612.45	7027.98	8844.92	5434.88
CALB2	4	4	2163.09	4594.94	2318.91												1809.29	
CALCOCO1	4	4	2662.72	2236.1	3073.3	2110.1	2420.95	981.505		1643.03	1985.39	2775.67	2593.03		2587.85	1707.8	1923.22	1666.63
CALCOCO2	2	2	1516.64	1253.16	1483.5	1353.54	1018.65	935.14	781.269	674.823	1110.11	1057.99	1414.69	1092.11	707.279	526.869	754.326	923.948
CALD1	38	38	274648	301451	191295	277201	48154.2	39490	41211.8	33432.2			11727.4					6468.15
CALHM2	4	4						739.374	973.534	1373.79	4362.2	4328.03	4466.61	5000.54	2183.39	3615.33	3230.42	3381.11
CALHM5	1	1		1551.18	2573.17	2435.2												
CALML3	5	5	4396.75	2908.72	11847	1339.04	3868.13	2245.32	3724.81	2167.04	5206.26	3103.14	15071.5	8098.84	26338.3	2940.18	2071.3	5665.64
CALML5	10	10	40008.7	33325.5	65202.9	17017.1	34281.8	34089.4	43622.4	40411.8	54805.5	35990.7	75511.4	77958.4	197426	34693.4	34697.6	47904
CALR	22	22	256841	262646	404509	366299	35231.3	53780.8	36459.8	34121.2	327661	399732	399359	321605	196239	311316	394017	274538
CALU	17	17	239112	326307	417608	410081	78682.8	68767.8	79080.8	87085.2	136512	172632	139877	119818	105699	120453	142067	138324
CAMK1	10	10	1404.16	1549.32	1858.39	1478.92		1040.13	3056.55	338.698	5437.78	7345.84	5602.85	5196.79	12375.8	18498.2	18438	13283
CAMK1D	6	6	7840.23	6950.95	7847.79	6559.05					2674.74	2273.56	2446.76	2769.14	5566.79	5493.32	4535.55	5019.43
CAMK2D	8	8	10289.9	11726.5	15856	12965.2	5488.84	6130.14	6989.05	5692.78	9434.75	11818.4	15211.2	11600	11894.6	12290.3	14916.2	11937.4
CAMK2G	3	3	4019.61	3916.92	4488.42	4000.76		2502.74			3511.47	4311.97	4143.1	3709.31	2853.76	3116.3	2734.02	2985.6
CAMK4	1	1	1836.67	1618.01	1266.37		2155.82	1495.23	1914.12	2585.13					1479.9	952.176	779.235	1915.62
CAMKK1	3	3									1598.38	1973.58	1842.38	1646.31	1027.13	1811.43	1645.45	2001.69
CAMKK2	3	3	1639.57	1424.14	1913.08	2165.43		1616.72	1580.96	997.244	1437.49	1340.83	1492.55		1629.91	1260.38	1438.42	
CAMKMT	1	1	1608.2	1466.86		1490.72											915.724	
CAMLG	3	3	8734.75	8496.87	8522.13	8530.56	4207.19	3353.82	3640.45	3723.49	4549.77	6407.08	4435.43	5806.33	3192.85	3454.47	2917.06	3963.42
CAMP	3	3	1135.86	1384.49	1110.12		906.091		706.909		2340.43	2020.33	2962.02	1752.79	1217.63	2642.3	2013.9	1599.33
CAMSAP1	11	11	2347.77	2390.69	2679.23	2781.85	2469.08	2307.47	2673.72	2282.09	1818.96	1853.01	1842.35	1695.28	1567	1624.77	1337.22	1846.24
CAMSAP2	10	10	4802.24	4429.47	4195.94	5063.15	2553.09	2475.04	2679.76	1935.12	1415.62	1255.93	1861.14	1462.76	1227.14	1451.38	1387.18	1415.83
CAND1	29	29	73025.8	75835.9	79781.6	76522	72041.7	71838.7	63285.6	61974.7	52096.3	58014.1	50312.5	49700.9	44079.5	53145.1	56189.3	48547.8
CAND2	8	8	3706.99	4271.65	3747.41	4133.02	2877.26	2756.42	1333.68	2134.82								
CANT1	3	3	6060.09	2940.31	3798.85	3948.79	4186.34	1975.66	3417.89	2627.17	3192.19	2278.72	2764.71			2616.95	2379.44	2863.73
CANX	21	21	88363.2	77501.3	84383.5	82782.5	44341.7	58898.4	43892.8	44414.2	126939	110009	116764	111267	81830.8	91048.7	127643	105636
CAP1	18	18	234975	254235	218730	259493	108272	114782	106149	98147.1	355682	356966	288545	342443	272336	305903	320603	310051
CAP2	11	11	33823.3	32949.1	39334.9	36724.6	7923.7	10803.7	6912.53	7979.6			1944.69					
CAPG	11	11	28716	33305.8	35070.8	43833.8	17015.7	18865.5	17569.6	21654.5	188309	204173	181040	143723	182218	296366	301003	205160
CAPN1	20	20	33883.6	36166.3	43345.3	42718	32251	24619.6	31110.1	26669.2	59528	64132	61441.1	57445.9	48548.4	41449.2	46654.1	48517
CAPN2	14	14	194532	222906	181832	260291	70785.8	79461.6	66355.6	69969.6	32765.4	32902.3	42101	29838.1	14626.5	22729.1	18444.4	18108
CAPN5	5	5	2068.27	2435.21	3573.85	3185.82	1965.4	1125.68	966.771	602.238	1152.57		1522.91	855.951				
CAPN7	9	9	4241.86	3894.59	4347.75	4203.3	2340.49	2955.28	3318.17	3448.13	5832.62	5443.98	6837.14	7494.79	4210.64	4029.69	4661.45	4601.55
CAPNS1	3	3	67259.3	77950.3	113376	108894	12113.1	21795.8	15115.7	19815.5	38887.4	58835	41057.7	53355.4	36372.9	36134.9	39302.4	52077.9
CAPRIN1	13	13	16637.6	15597.2	19796.4	17042.8	11832.5	12889.8	12229.3	11701.4	12079.3	12517.5	11430.5	10933.8	12534.3	13255.4	14989.1	13510
CAPS	5	5	4648.49	3761.22	3075.74	4873.09		1126.65	2334.69	2074.34		2552.23					2035.2	
CAPZA1	6	6	168766	197949	212514	208135	146607	134574	137766	129888	302573	290602	275975	270504	242490	249132	258350	246212
CAPZA2	5	5	67390.8	61868	46982.9	66329.5	53523.8	48407.2	48244.9	49209.8	132482	145302	114814	149185	89587.2	90366.9	84041.4	90844.6
CAPZB	10	10	46603.5	61086.9	56133.5	66244.5	47163.2	47232.3	53548	46213.1	106340	129162	85594.9	98056	78751.4	99491.2	94256.9	80465.9
CARD11	5	5					1846.09	1210.29	1307.51	1213.45	1811.59	1540.83	1424.79	1524.69	944.127	1202.16	1124.06	1517.48
CARD18	2	2	4165.6	1292.36	1438.79		1888.22	700.956	1623.9		2021.15	1716.01	2417.61	2399.93	20993.5	974.321	1011.3	1728.28
CARD19	5	5	5365.13	5919.8	7905.5	6147	3607.27	2606.75	1759.45	2273.66	13099.4	14815.6	13950.2	12080.5	10651.5	10601.2	12927.9	10641.9
CARD6	5	5									1119.36	939.984	822.758	1485.93	1994.06	1616.59	1532.49	1762.14
CARD8	8	8	649.631	821.847		1183.16					1619.47	2061.11	1917.63	2620.16	2089.29	2227	2714.57	2638.39
CARD9	14	14					4256.53	2550.87	1580.05	1476.79	4508.18	5027.01	4165.32	5024.15	9817.42	11394.4	10752.9	10924.4
CARHSP1	3	3	10907.6	14888.8	23374.7	20768.4	5787.55	9365.33	3587.38	5416.89	10791.6	16408.4	13421.2	9110.1	6754.05	13571.1	11269.5	9611.29
CARM1	9	9	15794.7	16176.7	14916.8	13508.1	11589.1	9573.09	7336.15	8833.06	12770.7	13202.8	12070.5	12405.8	8072.21	7555.55	8977.69	7891.69
CARMIL1	10	10	3285.13	3882.46	3450.52	3472.01	3129.54	2768.14	3272.63	3263.73	1708.98	1801.49	1643.25	2064.91	1745.83	1394.58	1414.7	1991.61
CARNMT1	1	1	2420.3	2984.77	3438.9	3367.19	3539.97	5306.92	4072.39	3602.16	3212.75	2760.37	2763.15	3427.96	2819.56	2859.08	2591.96	3296.29
CARS1	24	24	29896	29466.9	31315.4	28412.4	23965.7	25501.7	18461	15561.9	19548.8	18511.9	18663.2	15924.9	20957.4	23800.9	24985.9	23748.3
CARS2	9	9	4632.17	5358.4	6410.72	5291.39	6037.39	4661.35	4598.66	3872.3	6445.87	6892.16	6948.21	5907.08	8970.33	6685.56	7862.19	8450.61
CASC3	5	5	1691.02	846.858	1322.81	1111.19	1799.68	1687.21	1041.87		1152.58	1248.72	1449.35		1727.59	700.203	996.64	1584.05
CASK	13	13	5030.09	5029.96	4693.69	4755.49	4440.07	4447.97	3593.18	3275.62	1752.1	1241.54	1681.1	1824	1184.75	760.505	1210.7	968.41
CASKIN2	3	3	1527.48	1840.11	2307.19	1875.5		1124.98		1064.54	1619.44	2202.91	3426.41	4406.17		1440.04	1171.78	
CASP1	2	2	1384.78	910.22	1328.85	1215.88	2797.24	2325.98	2133.3	1862.78	20664.7	22247.7	20578.8	24299.4	14565.3	12678.9	12341.4	19018.9
CASP10	4	4									2356.11	1985.71	2317.74	2752.2	1802.23	1600.16	1732.77	1868.39
CASP14	11	11	33094.3	18210.7	23117.1	22961.4	44233.9	16625.2	28351.5	19569.5	35953.6	23435.9	38784.4	46435.6	289422	20984.8	19969.6	36108.3
CASP3	3	3	13912.9	15291.2	14958.5	20267.5	13427.6	9543.05	8543.04	7380.3	15642.2	15795.4	15157.3	14588.3	8794.13	8584.45	11023.2	10363.1
CASP4	1	1	1570.22	2036.79		3935.04	4525.06	4733.27	3748.8	4531.11	2465.97	3485.42	2645.25	2556.56	3769.13	4286.33	4127.15	2605.99
CASP6	7	7	3632.12	2596.68	3296.04	2845.74	6963.1	7937.51	6499.62	6206.44	4147.56	4527.54	5384.37	5510.3	4000.95	3004.09	3492.59	3924.09
CASP7	4	4	10974.7	11849.1	10066.8	12521.6	5908.44	7032.95	6744.69	5722.17	6509.61	7326.92	6299.13	6085.98	4677.22	5564.89	6305.72	5538.23
CASP8	8	8	4463.9	3104.27	3428.9	2853.27	3654.64	4286.65	3845.84	2281.68	6055.3	5488.83	5137.85	5702.52	8426.95	7772.25	10237.4	9003.68
CASP9	2	2	1070.42	1171.39	785.222	1277.46	1559.69	1859.33	1585.06	1703.87	2162.61	2269.53	1401.19	1639.45	2053.91	2406.13	2210.93	2264.3
CAST	14	14	55147.8	50752.4	37997.6	46904.6	103678	99784.4	100501	86022.8	41525.2	34171.2	34622.6	42225.7	28115.2	26817.7	30005.7	32961.3
CASTOR2	2	2	1855.42	2633.13	2596.54	3284.31	5189.52	6777.75	5636.65	4344.34	1335.04	1704.98	1564.46	1083.47	1101.48	1592.39	1633.27	852.937
CAV1	5	5	50292.6	67433.4	108891	93198.9	3665.2	6530.29	4157.23	2883.76								
CAV2	2	2	2396.95	2374.58	3921.67	4355.9												
CAVIN1	13	13	115301	161222	184234	189646	15340.6	13534.1	15667.1	17077.2			3163.88				1164.27	3650.68
CAVIN2	14	14	21798.8	18427	26117.9	41811	4877.48	3712.76	6582.54	6676.69								
CAVIN3	8	8	34798.3	25261.8	29827.9	34272.5												
CBFB	7	7	7693.13	6504.39	7820.05	6333.65	14821.4	13051.1	11889.8	12025.7	9080.3	8474.57	8860.19	9509.3	10592.8	8564.18	9510.74	10595.8
CBL	6	6	5125.16	5663.07	4917.81	4975.19	9763.6	9485.57	6939.23	8466.11	8819.22	6992.46	8329.83	7352.44	9835.92	9839.17	12212.6	11050.8
CBLB	3	3	1006.17	799.258	654.812	559.986	1302.13	690.643	875.355	860.667	1014.79	626.157		1142.28	1405.52	522.477	941.03	570.098
CBR1	5	5	36172	37603.3	39821.9	35881.9	28560.2	30770.1	31368.6	27167.7	25932.2	32578.1	28819.4	25738.5	28934.5	24808.5	25582.2	20754.9
CBR3	5	5	8245.21	8678.96	6092.33	8463.38	9874.38	9458.03	8429.3	8187.4	4841.31	4359.12	3608.46	3975.15	3786.37	3339.58	3693.34	4149.85
CBR4	3	3					5585.69	5957.62	5384.45	6177.18	5877.02	6846.29	4674.7	7458.45	7037.13	6448.05	5899.15	6582.48
CBS	7	7	10193.2	10986.5	9004.13	10986.1	3362.47	2938.08	3719.3	2578.81	4474.1	3133	3452.89	4103.43	3959.04	5048.95	4886.93	4593.25
CBX1	4	4	11827	8494.37	13805.3	10033.9	12919.1	12743.1	8552.15	8840.42	10137.9	14195.7	8682.21	10191.8	7384.97	7545.22	6830.63	7336.96
CBX3	4	4	50603.3	52122.9	40030.1	41030.4	102752	81786.8	80533.4	78048.7	65049.7	50339.4	51935.9	58406.9	54516.4	48503.2	57105.8	70133.2
CBX4	1	1	2488.74	2261.75	2455.85	2596.58	4433.54	3115.3	3658.09	3844.84						2482.47	2500.38	
CBX5	5	5	20766.2	14793.9	13203.2	15208.1	21671.1	24754.3	17463.2	19880.9	11410.9	9521.93	7566.14	10670.6	11146.4	12194.3	15973.5	13431.7
CBX6	2	2	544.83		567.926	537.784		642.215		685.714							353.684	715.54
CBX8	5	5	1159.82	1393.24	1858.49	1662.78	3009.22	3424.79	3971.14	3478.77	1258.01	1392.37	1838.61	1733.37	1313.81	1314.24	1762.54	1666.3
CC2D1A	23	23	14310.1	14181.3	13604	13570.1	12089.1	9676.87	11388	9332.42	13601.9	13686.5	14374.2	13798.2	17084.4	13220.5	14022.5	16260.2
CC2D1B	13	13	3580.54	3324.93	4083.52	3868.17	4508.16	3187.02	4503.36	3542.79	6264.1	6503.65	5629.78	5830.08	4043.19	4410.54	4767.08	4339.21
CCAR1	17	17	15422.1	15433.3	17118.3	16845.1	26073.2	22503.4	22202.2	21362.3	16711.2	17971.7	15725.6	16490	20394.3	17697.5	19273	20017.4
CCAR2	23	23	14445.1	13451.3	17693	17547	19584.1	20186.2	17395.7	17763.3	18121.8	16970.8	16018	15887.1	19075.8	19263.2	19910.1	19090.6
CCDC102A	2	2	3049.39	3557.57	3264.91	4464.08												
CCDC12	3	3	1680.27		1752.18	1376.17	1875.23	1650.88	1831.38	1108.38	2092.42	1316.87	1595.89	1958.5	1817.92	2179.69	2027.76	2182.5
CCDC124	12	12	12070.9	11904.7	12386	14047.5	4668.46	4875.17	3888.23	5151.57	9533.14	9552.04	8523.79	9204.07	8419.25	7778.16	7814.07	9600.94
CCDC127	5	5	2814.55	3200.89	4339.46	3548.9	2795.84	2041.4	1920.38	1900.97	3939.76	3955.02	3730.51	3891.53	4540.06	3440.46	3665.34	3713.61
CCDC134	5	5	4194.56	3685.4	4071.06	4064.93	5240.68	5535.48	4089.39	4541.92	5385.39	4736.17	5249.26	4703.79	4206.02	4117.5	4237.59	5577.09
CCDC137	3	3	2138.8	2528.21	2288.3	2678.18	3794.19	2803.99	2932.94	2874.83	1788.92	2269.8	2027.74	2871.49	2164.89	1802.26	1520.78	1777.68
CCDC154	2	2	7056.67	8257.05	21703.2		4014.42	9988.79			20420.4	27510.3	32299.1	30936.8	7417.78	7880.39	15832.6	20747.2
CCDC160	1	1										11896.8	7416.37					
CCDC167	1	1	4221.45	4549.08	4762.9	6616.17	3681.94	3529.91	3844.62	3625.75		1660.38						
CCDC186	8	8	3189.18	3053.63	3846.79	3840.75	2303.2	2646.38	2866.42	2497.46	1913.78	1826.85	1821.77	1966.79	1867.21	1810.65	2103.11	2246.23
CCDC22	21	21	12118.8	13544.7	12604.8	12324.4	9840.11	7179.09	8371.85	7707.5	26634.9	27503.5	27868.9	30634.6	20206.9	16289.5	18795.2	19198.4
CCDC25	4	4	2540.27	2529.78	2722.33	3255.16	3645.13	3235.9	3040.78	3074.82	3025.6	2785.55	3729.38	3436.54	2832.97	2971.12	3041.06	3766.72
CCDC28A	3	3	583.613		469.773	504.889	625.005	698.009	1217.79	779.295	679.826	1091.34	769.992	923.847	515.763	617.256	748.007	1019.68
CCDC28B	2	2	1643.61	1959.95	1768.18	1854.12							1249.74					
CCDC32	2	2		526.646							1231.08	1538.36					735.989	918.83
CCDC43	4	4	6013.07	5901.84	5749.38	6725.51	4999.45	6570.02	5454.29	5649.36	7882.52	9279.01	6828.41	8505.74	5397.44	6374.78	7133.06	6041.37
CCDC47	14	14	15804.1	16186.6	20328.5	19565.3	9011.48	11047.5	10443.8	9703.98	12977.1	13568.2	13096.9	13599	13434.7	12856	14452.1	13471
CCDC50	4	4	6478.43	6895.22	8258.41	6709.3	6790.73	4873.38	6839.59	7077.92	6210.45	6853.96	6935.97	7190.26	3796.96	3433.78	3295.05	3690.52
CCDC51	9	9	5154.54	4643.37	5260.07	5292.35	6969.93	7410.55	7128.63	5714.29	9093.69	7837.1	7209.94	7719.58	8006.67	7407.13	8393.65	9064.53
CCDC59	1	1	990.812	1227.99			2683.87	1942.77	2970.72	1932.44							918.901	
CCDC6	16	16	23018	23890.2	22973	23838	15861.2	14691.6	14107.6	12962.9	13545.8	12802.5	14074	14344	12698.9	11378.6	13696.2	12256.1
CCDC71L	1	1	910.702	1522.13	1460.79	1819.94	1485.09	1354.92	1097.86	986.885	1414.88	1124.96	802.847	949.019	1120.2	714.498	864.852	1097.31
CCDC8	7	7	2121.08	1620.89	1308.67	1252.82					720.223				656.557		652.659	
CCDC80	9	9	7394.57	6658.55	6906.94	7114.27							1433					
CCDC85C	2	2	1536.99	1667.68	1685.5	1579.86		1295.97										
CCDC86	7	7	5931.15	5018.6	5430.35	5157.35	8919.54	7526.87	6819.89	5870.47	6149.19	4632.84	4662.99	5590.13	6290.86	5375.81	6711.61	6318.73
CCDC88A	50	50	3232.38	2879.85	3504.69	3279.55	2629.34	1956.14	2198.83	2038.93	6919.66	6176.08	6991.99	6469.1	8630.86	8450.51	9748.11	8896.77
CCDC88B	16	16									6923.79	6442.77	5827.94	6559.1	6447.24	6008.77	5870.55	6390.72
CCDC9	6	6	8860.09	8146.05	8811.21	8166.95	4908.31	5606.02	5415.22	3997.23	6360.17	6712.01	4377.17	5856.4	4970.66	5409.76	5602.49	5522.61
CCDC90B	8	8	5787.95	6364.08	4797.57	5797.64	5647.04	5674.12	4255.36	3366.13	6657.32	5288.32	5267.56	5658.32	6772.14	5115.09	6544.84	6432.54
CCDC91	1	1	1087.22	933.487	1152.87	996.97	1278.83	860.383		1182.07	1436.87	793.653	1576.98	1157.41		816.596	1113.03	988.817
CCDC92	3	3	4324.53	4342.12	4505.4	6008.65		2747.52	4672.79	3580.51	2186.56	3337.44	3981.46	3626.63	4534.54	3914.45	4000.1	4343.79
CCDC93	21	21	5010.26	4705.9	4783.78	5289.6	3974.54	2665.32	4719.1	3446.42	11041.3	10919.3	9936.92	12188.2	8160.35	7499.05	8654.7	8144.94
CCDC97	2	2	2271.14	1132.88	1213.62	3181.44		219.581	313.868			1788.82	1475.9	1751.56	1522.48	2020.58	865.022	1278.61
CCDC9B	9	9	1347.64	1168.53	1657.71	1136.6	4042.13	3744.76	3938.97	3602.11					702.593	1828.25	817.072	1068.32
CCM2	5	5	1623.07	1850.34	968.495	2017.82		1654.7	659.067		2290.01	2312.47	2277.72	2299.05	1628.07	1387.91	1821.11	1880.52
CCN1	2	2	3409.11	3639.61	3567.41	4557.12	3183.57	3223.92	3033.93	3219.01								
CCN2	2	2	6151.59	3571.49	4102.07	3184.86												
CCNA2	2	2	1084.95			1141.25	2757.68	1912.68	1933.31	2253.18	1081.17			1781.38				
CCNB1	6	6	1874.09			3878.9	7075.7	4657.9	4665.13	4129.34	1985.05	2493.16	1266.16	3579.57				
CCNB2	4	4				4047.26	7215.96	5697.56	5081.4	6354.64	2493.51	3090.12						
CCNC	2	2	2768.72	2870.12	2529.15	2825.93	4219.6	3430.14	4910.07	3020.72	2580.51	3372.59	2682.5	4025.78	3048.72	2270.11	2223.95	3353.52
CCND1	1	1	2538.98	2473.68	2226.25	2992.27	1985.17	2305.91	1181.08	1102.48	1339.36	1539.98	1352.02	967.71			873.641	771.33
CCND2	2	2	7032.34	7200.97	4376.03	5353.43												
CCNDBP1	4	4		1028.96		957.647	2333.73	1971.87	2026.05	1305.98	1240.22		1548.11	1266.63			2233.71	1537.27
CCNH	3	3	1934.21	2158.94	2390.82	1648.54	2157.98	2149.12	1408.1	2390.4	1838.66	1540.33	2227.42	2342.38	1848.15	1297.15	1759.76	2322.5
CCNK	6	6	4341.6	4214.37	3914.87	3410.61	7288.86	4611.38	5124.66	4706.62	4596.65	3759.49	4826.17	4401.13	5392.03	4330.07	4591.97	4966.15
CCNL1	1	1		760.605	2331.22	663.461		643.743			786.986	1098.98				2364.93	1076.81	613.918
CCNL2	2	2	690.082								1028.69	859.928	946.227		929.421	707.784	909.63	1218.85
CCNT1	3	3	1009.55	1793.22	2071.63	2188.88	1522.79	1373.01	1029.75	712.059	1604.38	1790.73	2002.92			1485.29	1959.61	1437.07
CCNT2	2	2											556.849			313.844	667.633	479.632
CCNY	2	2	5817.8	5321.34	4656.46	4321.34	2039	2335.56	2648.97	3171.27	3422.58	3779.59	4478.21	4347.46	2747.55	1975.29	2165.53	3383.08
CCNYL1	2	2	4473.01	4787.02	4591.59	4716.09	2998.3	2887.09	2949.96	2788.75	4526.21	3633.8	3606.34	4208.75	1927.89	1501.32	2276.02	2623.27
CCPG1	7	7	1831.94	2279.89	2601.52	3170.64		1323.89	1589.82		1635.61		1729.67	2081.56	2067.02	1533.41	1357.36	2156.61
CCR1	2	2									9364.14	16144.3	9893.4	11160.7	3284.5	3680.14	3072.61	2618.39
CCS	4	4	10987	11175.8	9180.88	8868.78	8201.15	7397.91	6544.8	7119.78	10310.1	10486.3	9094.04	10701	6864.28	6361.92	6648.35	8472.94
CCT2	23	23	41768.9	64640	69375.5	70390.7	39423.8	48404.3	35844.2	33336.7	57182.2	67749.8	58267.6	54890.9	45867.4	54455.1	67007.9	53246.8
CCT3	21	21	92867.1	105677	97106	120252	118208	112185	103057	98373.3	121331	116737	96342.5	103913	95214.5	98587.7	113076	107193
CCT4	18	18	95152.4	108140	92848.3	119775	88821	106121	86104.6	86954.1	115484	120167	99274.8	106087	101347	99618.5	109054	107486
CCT5	17	17	82440.7	87873.2	85661.5	98531.8	81009.9	77876.3	64960.3	67499.9	80956.1	81555.8	68036.2	77311.2	67913.5	69563.7	76939.4	66616.2
CCT6A	18	18	115611	147456	129358	148949	115679	115357	131113	119930	102569	115908	89194.7	106034	83967.8	97021.5	95216.7	92158.9
CCT7	17	17	41071.4	52056.6	50894.4	59768.8	50137.8	51927.8	50763.3	54793.8	50669.6	51842.9	38105	45438.2	37437.8	46131.4	52433.1	39067
CCT8	27	27	137173	155345	149729	161782	152667	151166	158121	146805	152409	164478	124395	151444	135524	138127	154036	133012
CD101	14	14										1822.95			8615.22	13410.3	13520.3	10306
CD109	13	13	9509.36	8872.05	10203.8	8650.1	13668.6	16738.4	11084	16119.5	13813.9	9703.52	22243.8	16612.1	9391.57	7748.1	4642.39	20078.5
CD14	13	13	3457.82								44871.8	49498.5	31058	40013.3	17970.4	25300.8	20338.8	16300.9
CD151	2	2	5018.63	5184.97	6920.51	5950.27	2471.28	3340.56	1871.7	1644.29	2735.01	3241.51	4837.26	3010.4	2242.95	2444.11	2826.9	2521.93
CD163	4	4									7421.57	13072.6	11129.6	7157.55	1711.9	2124.91	1834.44	1797.46
CD180	3	3									25455.4	31535	24939.7	24735.6	9331.91	9531.8	9620.5	7765.83
CD1C	1	1									2185.78			4309.7			655.558	
CD200R1	4	4									2835.74	4764.87	3954.22	4437.79			254.703	
CD274	1	1	458.987	388.188	366.575	920.063	389.467		547.705						1023.27	323.91	986.702	811.462
CD2AP	21	21	13168.9	12003.7	11278.7	13604.2	17206.3	17289.7	17432.4	18283.5	19949.8	22886.6	20591.9	23088	15881.4	13588.3	14514	16108.5
CD2BP2	5	5	5239	4113.28	5781.11	5399.16	4600.19	3690.03	4034.3	3394.95	5390.14	4976.04	4828.34	6057.52	5772.29	6145.44	6546.36	5949.63
CD300A	4	4									5840.27	6185.95	6300.36	5124.96	2176.6	3051.33	3651.41	4347.27
CD33	6	6									4076.35	4321.12	4114.48	4388.41	3926.9	4145.3	3906.46	3869.72
CD36	10	10			757.222	778.651			473.59		27771	31382	32488.8	26289.6	2944.67	3219.09	4706.59	3242.19
CD4	2	2									3048.13	2884.47	2983.33	2659.53	1746.34	1868.57	2161.49	2220.87
CD44	6	6	32716.3	32515.5	53409.6	39380.2	30893.1	52451.6	32012.2	30370.8	22517.7	16968.6	24198.8	18285.4	23299	32631.6	32274	29416.3
CD47	3	3	6656.24	6678.97	7782.3	7614.96	9464.29	9106.82	11263.5	10166.2	26658.4	32301.5	26886.8	31626.4	4530.51	4426.29	5568.06	4237.54
CD53	2	2									14789.9	14790.4	14790.1	16779.4	6304.23	4229.48	7332.13	5532.11
CD58	1	1	3815.58	4225.82	3669.77	4677.31	3809.39	4183.66	3428.44	2961.4	2781.13	2394.44	2235.92	2186.8	6188.54	5100.08	7645.06	4977.93
CD59	2	2	4035	5482.62	4131.17	7592.27		2913.66			6332.71	7770.62	4976.49	5519.83	2556.53	4857.81	6133.1	4173.3
CD63	1	1	41521.6	44377.1	30318	56684	53331.7	51869.6	31650.4	33035.2	544857	343464	517878	588318	31491	21314.4	29575.7	31963.3
CD68	1	1									9004.01	10064.5	7264.82	5471.97	4409.37	4664.24	4592.74	3537.13
CD70	2	2		2156.92	3695.45	3610.49	5142.36	4679.98	4249.64	3154.68								
CD74	3	3					778.352	2113.56			6955.78	6944.25	6249.8	6263.9	21744.8	27360.5	19897	21369.7
CD81	3	3	2404.59	2519.91	3836.8	3091.36		903.587			10983	13469.4	11818	13362.7	5277.08	8302.4	10277	7706.89
CD82	2	2	1919.12	2126.53	1903.73	1812.42	3138.8		2580.35	1983.49	5149.68	2490.34	4406.06	5267.86	2877.21	1835.83	1881.64	2468.26
CD83	1	1									5821.13	5170.02	5215.21	6224.88		4134.98		
CD84	7	7									14911.2	17533.2	17537.2	13354.1	11773.4	14856.2	16173.3	14455.9
CD9	4	4	2240.7	2183	2706.3	2437.39	4135.5	4008.59	3824.31		22350.7	17045	28204.2	19805.3	17819.3	20037.4	40589.2	24107.5
CD99	1	1	53475.3	27231.4	43846.7	66154.3	15056	26813.8	13928.2	16853.7	15835.3	14680.6	8542.62	11302.1	8359.42	7772.4	10636.8	6390.49
CD99L2	1	1	1031.08															
CDAN1	1	1	1400.01	917.499	987.209	1232.96												
CDC123	8	8	9658.44	9423.29	11242.2	12109.3	8542.57	7674.83	10105.9	7992.59	9984.78	12573	9662.62	11494.2	10242.9	9560.2	10574.4	11192.2
CDC16	5	5	6281.88	5816.4	5586.71	8097.75	3826.58	3462.68	4152.67	3497.16	3698.58	4739.14	4974.12	4629.65	4882.54	4061.38	4297.96	4798.65
CDC23	10	10	7744.37	6242.31	6763.07	7692.16	7292.6	6540.29	7895.61	6160.51	7019.41	6395.37	6753.33	5632.34	6352.33	5452.48	5568.69	6753.02
CDC26	1	1	2328.99	3099.31	4112.09	4111.07	2324.28	1321.29	2210.5	2221.47	1129.62	2228.45	1696.13	1501.31	1066.29	2039.06	1355.81	1402.36
CDC27	13	13	7484.45	7759.34	6825.65	8729.73	5466.08	6227.02	5890.03	5622.85	5613.65	6117.98	5244.97	5971.99	5045.66	5302.54	4912.83	5152.63
CDC34	3	3	6547.91	5840.27	6066.31	7127.29	3884.29	2632.2	3620.27	2278.5	4272.32	5915.27	5932.32	4201.6	6279.68	5048.81	4687.23	3864.88
CDC37	10	10	16300.7	17336.9	18026.3	17462.6	17454.8	18398.7	17529.1	16117.5	19901.9	20070.5	18153.5	19198.6	19734.6	17695.7	22902.8	22513.1
CDC37L1	2	2		833.867	1290.05	1025.39										1031.94	897.342	
CDC40	6	6	2324.59	1901.05	1977.64	1868.99	2296.44	2638.27	1938.72	2162.77	3129.7	2353.91	2933.35	3380.43	2631.67	2704.88	2762.12	3281.91
CDC42	6	6	130035	135858	123309	140450	73966.1	77422.6	67542.3	64648	197631	174241	151976	171122	103128	92321.8	107410	103893
CDC42BPA	23	23	4415.03	4320.17	5509.82	5867.66	3077.66	3085.8	2691.2	2894.26	1173.24	1414.48	1506.13	4122.52	731.046	1696.61	845.542	
CDC42BPB	26	26	7332.12	6860.23	8792.26	7346.38	4131.7	3745.39	3704.49	3181.54	5329.87	5276.32	5713.72	5490.69	5207.89	4458.68	5228.39	5104.75
CDC42EP1	7	7	16100	15044.8	14935	17494.9	15459.6	12391.6	11835	11004.4			1829.76					
CDC42EP2	2	2	5302.06	5603.48	5801.59	7388.85												
CDC42EP3	2	2	2807.38	2511.91	2560.28	2809.64	644.245		950.748	736.67								
CDC42EP4	3	3	2420.1	1971.58	2707.32	2102.24	4470.44	3925.31	4441.43	4602.07			1185.61					
CDC42EP5	3	3	13587	13738	12826	13373.1												
CDC5L	25	25	20411.9	18518.4	20700.6	21053.8	27950	22992.3	22298.1	22903.8	20107.4	19634.2	19201.5	19564.4	20005.9	19551.5	20983.9	19623.6
CDC73	17	17	6705.57	6706.95	6271.3	7730.71	7669.2	7569.86	6570.56	6693.26	6038.87	5440.82	4735.43	5822.47	6093.06	5091.19	5542.57	6169.74
CDCA2	2	2					2200.68	1565.78		1626.67								
CDCA3	6	6	1257.42		570.39	1080.14	2999.4	2698.22	2330.83	2630.46	1318.38	1246.91		2869.53				
CDCA5	1	1	1089.48			632.33	1127.46	1104.88	1095.75	1197.28		705.096		1063.62				
CDCA8	3	3	1012.95	2360.01		2538.23	2807.7	2468.48	2349.85	3214.77	1498.1	1758.88	1229.37	1651.87				
CDCP1	1	1					1303.52	1668.7	1154.97	2228.97	1878.28	1142.86	1354.46	1167.41	806.592	879.136	597.673	
CDH11	6	6	7318.92	5869.05	5780.64	6579.15				702.661		816.492						
CDH13	1	1	700.688			844.6												
CDH2	4	4	12462.6	11525.2	14167.7	14009.1	6466.4	8782.88	5989.04	5664.15			1616.62					
CDH6	3	3	1994.01	2960.62	2683.69	2831.65		2010.87										
CDIPT	2	2	17731.8	19934.4	27571.7	22851	7223.32	5648.2	5008.98	4221.42	17542.2	17237.8	15893.4	11848.9	13425.8	14884.3	16550.8	14582.1
CDK1	6	6	8220.72	3803.26	6002.12	7122.24	39165.3	40109.2	29080.4	33470.1	14575.6	11594.9	11311.6	14315.2	6677.58	5504.95	7003.79	6771.09
CDK12	9	9	1004.46	1062.32	1088.05	1145.18	1871.74	1417.21	1308.7	1357.46	1277.91	1428.28	1261.96	1119.74	1608.25	1392.98	1384.29	1264.31
CDK13	6	6	1772.73	2245.3	1649.27	1819.36	2665.84	1920.73	2867.17	2285.45	1666.76	1680.29	1197.27	1491.51	1289.73	1201.34	1552.26	1528.22
CDK16	5	5	4131.77	4193.14	5329.16	6650.59	5588.95	6624.56	7137.69	5514.91	3068.47	2043.17	1671.07	2503.78			1668.59	
CDK17	6	6	2849.12	2937.9	2551.3	2697.19	3024.43	2157.21	2141.49	1796.35	1915.96	2017.58	2373.69	2424.53	2987.75	2257.86	2508.56	2618.34
CDK18	4	4					443.349	398.816	580.407		1857.31	1762.12	2127.75	1492.98	1152.53	650.877	865.973	1359.14
CDK19	1	1	1582.98	1638.05	1620.2	2160.92	2015.87	2166.12	2505.94	1933.83	1817.25	1265.1	1172.77	2023.29	767.41	1262.03	1232	1268.54
CDK2	6	6	3801.58	3526.68	4524.98	4522.33	17357.4	20198.7	17075.3	18585.2	4286.23	4555.69	3715.59	4253.34	3106.11	2658.47	3586.96	2623.69
CDK3	1	1										1857.32				2522.49		
CDK4	7	7	12772	13193.6	15275.2	16829.3	11516.5	9089.44	9281.08	7208.27	15616.5	17678.5	18185.2	15525.6	10484.3	9192.61	13349.8	10776.6
CDK5	8	8	5222.22	5662.1	5975.26	6653.71	5598.3	6454.37	5389.16	5219.15	10237.3	9795.93	11263.1	10402.2	20388	14286.2	20108.6	18983.1
CDK5RAP1	3	3	1599.17	865.347	1119.11	1485.7	2069.09	1212.9	990.231		1830.38	1643.79	2178.36	2420.66	3016.97	1784.66	2119.91	2003.19
CDK5RAP2	2	2		631.541		469.487	468.351		547.685	379.415			1041.11				448.074	
CDK5RAP3	13	13	14554.7	13919.3	15649.9	14852.1	11344.9	13161.5	11435	9091.02	17158.6	17909.6	17116.8	18114.2	14776.7	17788	20366.3	18173.2
CDK6	7	7	10364.3	9637.62	10057.9	10361.3	9383.15	8576.13	8675.55	7533.41		3323.72	3321.15			3044.01	2814.61	3196.77
CDK7	6	6	4464.59	3950.42	4512.11	5262.07	5927.06	5744.35	6095.42	5477.46	5142.24	4647.72	5027.11	5298.67	4384.57	4928.18	5230.72	5126.46
CDK9	8	8	5502.7	4813.94	5265.7	4916.54	9009.74	7896.06	8345.65	6693.75	4743.78	4123.72	4295.78	4507.37	4371.87	4061.1	4820.49	4364.9
CDKAL1	4	4	3155.02	3407.26	4897.44	3057.68	3586.45	2920.49	3076.09	2694.8	2894.39	4111.79	6556.06	5110.71	2962.46		3369.56	4669.65
CDKN1A	1	1	3046.88	3980.9	3414.32			2926.59			3056.16							2327.76
CDKN1B	1	1	876.931				1022.94	882.675			1392.86	1109.03	1533.82	969.727	1457.65	1335.69	1063.92	871.791
CDKN1C	1	1					1942.96	1811.05	1956.54	1479.29								
CDKN2A	4	4	4207.53	6285.42	7620.33	6715.44					748.782	1349.76	1496.94	1361.87	2850.64	2175.74	3573.53	3499.97
CDKN2AIP	12	12	8976.87	8114.83	8951.41	9957.57	15077.8	12804.9	12251.9	13432.3	9731.05	10096.3	11899.1	10931.2	14997.2	13414.7	13743.6	15228.7
CDKN2AIPNL	1	1	2246.03	2296.5	3500.39	2411.53					1923.64	2470.85	2105.67		2742.35	1818.98	2183.38	2363.9
CDKN2B	2	2	7782.21	5982.45	5921.57	5957.74					2020.8	1387.21	2628.34	1762.48			799.672	
CDR2L	4	4	5545.32	4342.86	3502.93	3959.29	1090.17	1604.21	1450.53	1444.55								
CDS2	6	6	3386.73	2838.16	3115.93	3090.75	2545.68	3224.15	2423.51	1936.28	9790.81	7087.76	8217.91	9117.51	5847.67	4221.09	5636.91	5303.37
CDSN	1	1	6224.54	4455.51	13778.9	1644.05	4709.04	2814.02	4358.11	5461.56	6968.22	13748.2	17773	9802.31	5606.04	2886.67	3724.89	7370.5
CDV3	7	7	48919.3	40914.8	32068.1	29973.7	38076.6	24349.4	30223.4	17275.7	112375	61289.7	79827.6	87255.5	86276.7	54573.3	77943	92937.3
CDYL	4	4	1037.87	911.701	1701.18	1050.82	1613.49	1290.04	1062.21	1364.02	1034.47	1234.36	1346.93	1175.26		1013.83	1063.54	916.12
CEACAM5	1	1	1089.73	1010.05	1454.68			945.903		993.162		916.756		1678.7		514.281	1436.48	
CEACAM6	1	1			828.175							628.157	1386.89	1291.01	675.815	754.667	527.193	1036.45
CEBPA	3	3										973.716	2647.92	1763.03	2691.17	1659.7	1830.14	1872.69
CEBPB	3	3				1554.58	6021.81	6197.31	4526.41	5047.92	3577.85	2396.98	3536	2890.73	7584.17	7837.99	7774.74	7967.33
CEBPZ	10	10	5911.83	5579.11	6794.03	5364.01	5755.39	6008.91	5533.01	4522.52	6337.63	5398.25	5551.91	6344.97	6120.07	5236.53	6409.27	6695.46
CELF1	1	1			772.419			738.792	1060.11		574.782	1143.28	1395.32	518.352	1158.89	1138.44	1180.43	1195.03
CELF2	2	2	999.537	1776.44	2845.75	2226.94					3441.68	5059.69	3324.48	3309.56	4617.37	6331.97	5995.16	5644.29
CEMIP	17	17	7818.94	7309.15	10032.1	7312.86	805.197			3992.16			2288.37					
CEMIP2	6	6	4756.38	3663.78	3988.4	4064.87	7113.13	5446.38	5880.99	5425.36	4161.99	4173.4	4737.67	4906.44	3876.45	3428.76	3700.19	3785.53
CEND1	4	4	528.214				6027.05	7184.69	7488.82	5722.63								
CENPB	5	5	1950.5	1796.96	1822.07	2373.59	3101.93	4444.7	4142.06	3742.73	2186.99	2125.99		2458.09	1638.21	1786.29	1476.5	1966.4
CENPC	13	13	2328.58	2980.21	3868.53	2815.44	5435.71	5243.58	5555.91	5339.85	3685.94	4546.43	3676.52	3972.91	4960.92	3675.2	3446.54	3301.92
CENPE	1	1					740.491			614.028	716.446							
CENPF	33	33	2850.59			4132.66	7264.14	6349.7	5224.03	6906.11	3001.8	2720.13		4085.52				
CENPH	3	3			1659.61	612.81	2119.07	2299.07	2845.76	2157.12		2915.26	2013.15					
CENPI	3	3					992.38	1446.44	1280.17	1239.35		672.197						
CENPK	2	2				536.495	2325.64	1718.5	1373.88	1708.93			687.86	764.797			425.235	
CENPM	1	1						967.504				740.605		751.829				
CENPN	1	1		587.022	967.893		3483.03	3585.05	3481.08	3165.26	1121.02	1874.74	1095.78				950.749	619.99
CENPQ	3	3			1152.48		2938.43	2796.06	2847.5	2358.63	1405.92	1530.34	1256.43	1104.41		370.522		
CENPU	3	3	2410.96				2543.24	2236.83	2304.27	2359.58	1801.33	1548.25	3436.67			1678.33		
CENPV	3	3	1578.92	1455.46	1842.51	1412.69	4437.53	5238.09	3903.51	3724.33		889.419	1427.09		647.069	1322.44	1086.3	901.488
CEP112	3	3		304.33	407.747	437.786	750.271	629.489	570.721	589.928								
CEP131	2	2	645.815	538.989	763.691	564.847	1080.24	618.816	785.441	567.048	695.538	451.971	630.245			443.136	508.76	718.904
CEP135	2	2	1211.47	1326.04		1337.15					1486.49	1462.06	1799.31	1364.4	1951.98	1109.58	1238.63	1300.5
CEP170	30	30	16664.1	16148.8	19228.5	20585.4	7727.26	7099.93	7164.64	6836.46	11291	9623.37	9303.2	10352.9	9549.95	11156	11449.7	10895.9
CEP170B	8	8	3400.78	3175.07	3900.77	2865.99	1955.51	2404.53	2543.97	2245.94								
CEP250	12	12	2664.01	3012.22	2383.55	2433.91	3435.05	2166.38		2580.02	3087.38	2718.46	2122.61	2638.48	3413.83	2492.82	1973.64	3705.54
CEP290	4	4	976.087	668.422	777.572	601.456	903.926		952.773	920.438	1021.46	676.006	1656.73					
CEP350	3	3	1275.72	1320.52	1110.46	1604.13	1948.99	1627.61	1669.16	1674.47	1225.1	1251.88	1271.49	2213.06	1390.13	1566.28	1064.42	1102.4
CEP41	4	4	2251.66	2082.12	2132.62	2062.09	1798.51	2168.63	1730.36	1321.09	2591.35	2002.95	1914.08	2214.17	2099.91	1638.61	1302.26	1797.86
CEP43	8	8	2837.99	3132.79	4076.95	2822.98	3852.25	2723.27	3218.59	2896.38	2206.43	2271.23	2927.38	2580.23	2150.91	3408.44	2122.41	2912.75
CEP44	1	1	7093.48	7475.85	7581.1	9229.06	10695.7	10153.3	9787.42	10466.7	5945.33	6604.33	4680.08	5204.2		8471.72	10405.3	
CEP55	5	5	1346.13			1228.03	4518.97	4630.11	3576.66	3439.58	1303.11	1867.09						
CEP72	1	1		1240.72	1384.11	602.413						1300.53				856.049	389.39	
CEP83	1	1	2225.54		2019.15				2824				4803.45		17240.4			3285.02
CEP85	3	3	872.074	479.883	994.216	1000.76	1670.49	1310.33	1283.59	1175.55		866.875	1108.47	1082.63	576.466			1047.64
CEP89	1	1	1751.66	1336.17	1557.56	943.26		1212.66				498.833					915.772	
CEP97	5	5	1493.87	1873.28	2087.47	1691.1	1800.26	1824.08	1511.46	1385.18	1485.59	874.881		997.37	1622.93	1296.36	919.813	919.443
CEPT1	3	3	27135.4	25200.3	22155.2	23772.8	23022	25375.8	25254.2	27424.8	57477.4	45293.6	40210.2	59947.3	54915.1	44006.3	56623.6	52749.5
CERCAM	9	9	7341.29	10065.9	11137.7	10153.7	1475.3											
CERS2	5	5	7940.73	12024.2	11273.8	14359.7	8672.03	9061.7	11534	12837.9	12458.2	14490.5	13522.3	9820.67	9003.99	10457.9	11963.6	8639.73
CERS4	1	1										500.872	804.478	454.249				
CERS5	2	2	1604.52	1054.28	2187.2	1420.68					1408.01	1011.67				1606.95	1454.33	1420.69
CERS6	1	1	616.218	1130.49	1952.02	1324.51	687.286		752.065	566.302	1238.4	2630.31	1386.94	1863.62	1458.01	1817.4	1130.12	1250.37
CERT1	15	15	3326.52	3208.03	3298.95	4070.61	3314.92	3338.14	2731.57	2304.33	16786.8	15847.6	14115.7	14304	9329.28	15268.1	12308.7	14211
CES1	3	3											878.078		1089.78	1239.49	1593.19	986.308
CES1P1	1	1											479.794				2413.74	
CES2	9	9	3747.46	3903.62	6181.14	4145.79	2829.65	1587.86	1817.72		3183.22	2688.59	3028.19	3593.89	2239.98	1948.33	1884.89	1697.55
CETN2	2	2	4193.97	3559.56	2740.11	3320.49	7232.23	7630.28	6088.55	6044.07	2505.52	1903.84	2225.87	1674.86	1253.76	1094	1786.28	1666.44
CETN3	1	1	2322.37		1331.5	2279.22	4677.14	4597.34	3388.32	3627.01	1977.01		1996.31	2474.34			1232.47	1593.48
CFAP20	4	4	2932.41	2627.19	3691.43	1959.5	2576.95	1472.8		1914.29	2356.85	3282	3836.45	2520.79	2125.76	2905.9	3173.64	2391
CFAP298	3	3	2252.85	1629.93	1691.36	2291.52	3922.91	2923.42	3244.56	2300.14	2327.86	2069.48	1783.12	1984.64	2091.36	1163.93	1635.43	2133.03
CFAP410	2	2	1602.69	1349.17	1517.74	1590.27		654.692	432.138		1017.63	1011.64	939.19	1050.91	775.724			
CFAP43	1	1	911.669	409.601			1158.98	613.443		547.886	1330.26		2284.32	3848.86	1178.81	815.889		1351.92
CFB	1	1	5184.75											3318.95		1841.79		2166.82
CFDP1	4	4	3095.18	2218.2	2560.7	2093.14	4017.42	3949.47	4750.99	3709.85	3452.44	1575.36	2799.71	2749.99	2036.84	1125.22	1627.22	1831.98
CFH	1	1	275.365	93.9725	440.638	191.57										197.27		
CFL1	9	9	454411	651220	608075	777609	510682	555416	540147	418328	718548	710948	487013	693510	743242	552176	623388	741026
CFL2	5	5	31045.2	32502.5	32641.5	43574.7	14100.9	17326.8	15908.6	19918.7	5397.31	7354.3	6930.65	5856.75	2886.65	3941.9	3996.48	4042.67
CGAS	5	5					2183.23	1808.63	2025.23	1831.81	1100.34	1136.27			841.6	1955.2	1710.15	1220.21
CGGBP1	6	6	9567.9	9756.41	8184.83	11802.9	17437.9	20065.3	23431.7	22641.5	9780.93	8350.29	8072.49	9433.86	8477.72	8156.96	7978.18	7992.4
CGREF1	2	2	1252.9	735.137	782.294	1167.69												
CHAF1A	5	5	939.79	1236.36	1179.49	1641.68	3463.76	4131.83	3895.05	4002.64	1370.92	1475.95		1608.1		746.631	1151.1	
CHAF1B	6	6	1339.29	1004.94	1186.52	1377.1	3524.86	3657.1	4178.2	3836.57	2226.83	1981.87	1296.5	1626.67		700.748	640.668	
CHAMP1	10	10	6720.46	6218.47	7857.2	7192.97	8425.17	8000.92	8378.26	8288.56	6116.52	6407.96	5104.21	5517.78	5389.69	5490.99	4777.39	5287.98
CHCHD1	2	2	5014.34	4312.3	4385.97	3819.8	4078.33	4210.03	2888.52	3981.16	6698.39	6546.19	5529.63	6252.73	6546.9	7137.73	6560.73	5912.35
CHCHD10	1	1										1626.22	973.098			1747.14	1964.73	1432.19
CHCHD3	9	9	14632.6	13568.2	13683.5	16112.5	17489.6	20316.7	18061.8	17163	19987.4	23854.3	20493.9	20827.6	21580	20840.1	22003.3	19269.8
CHCHD4	2	2	828.747	1029.73		1540.04	1467.61	1679.06	1305.54	1717.99	2188.41	2712.38	2283.82	2366.84	3088.93	3625.38	3793.57	2685.05
CHCHD6	5	5	4379.09	4276.39	4194.74	4554.54	3217.91	4001.26	3090.31	2793.96	4074.7	3612.93	4131.61	5120.9	4283.86	3841.65	3448.41	3552.12
CHD1	7	7	3280.58	3119.8	3432.66	2783.1	6307.36	4295.27	5406.59	3874.39	3330.17	4455.17	3637.91	3814.9	2970.01	4237.93	3894	4427.76
CHD1L	14	14	3810.39	3359.63	4047.94	4258.25	5655.42	4417.39	4593.33	4018.09	4121.19	4053.58	3422.18	3827.07	3697.58	3296.93	3512.8	3579.54
CHD2	14	14	4095.28	3918.01	3999.93	3859.39	9133.61	7561.1	6551.81	6809.61	4018.34	2967.2	3101.45	3659.13	5485.17	3012.12	3820.48	4292.61
CHD3	3	3	4506.92	4626.93	6676.23	5783.59	3975.4	4016.03	3454.32	3512.67		1446.8		1768.92	2276.79	2972.21	2629.28	2632.83
CHD4	26	26	7746.29	7479.43	7736.51	8700.02	12860.7	12475.2	12025.9	12514.8	10283.3	9939.19	8489.47	10444.4	9667.14	9458.27	9522.68	9773.66
CHD8	8	8	3930.88	3297.77	3985.12	3822.49	3347.27	3053.7	3084.01	3213.14	4916.93	3934.45	3169.72	4124.57	3909.32	3953.65	2775.64	3581.69
CHEK1	3	3	2805.13	1362.89	4568.48	2342.49	3816.58	3293.08	3779.25	2910.87	3075.04	2218.15						
CHEK2	1	1					633.993	858.679		730.214	713.38	1065.25	993.912	1122.06	1337.9	773.59	905.837	1347.89
CHERP	8	8	5238.72	5357.44	5202.77	5637.07	6926.37	5923.1	5727.63	6361.85	7182.13	7243.87	6569.3	6470.83	7073.76	8153.53	8461.31	7711.63
CHFR	2	2	101.467	244.37	259.166	226.872	289.43			193.172	380.903	348.725	290.882	364.63	267.501	208.803	216.767	
CHI3L1	7	7	1549.77								5398.52	2732.14	2024.55	3074.37	7777.47	9355.02	16612.6	9230.33
CHID1	5	5	3531.9	3767.56	4158.48	5781.19	5812.05	4364.7	3987.82	3400.01	10307.1	13543.3	10301	9668.45	6323.06	7155.88	7259.29	6949.18
CHIT1	8	8									48264	6807	9639.99	9353.37	11428.8	18485.8	10976.5	13174.2
CHKA	1	1			1121.9						1691.3	2361.26	1805.55	1320.33			935.483	
CHKB	7	7	1011.78	1315.03	1751.49	2100.29	2191.03	1687.08	1800.04	2189.01	1836.21	2288.72	2132.22	1873.69	1904.85	1699.15	1489.56	2078.03
CHLSN	6	6	4789.01	4674.04	4840.74	4168.66	6174.43	6782.04	6163.3	5862.34	4459.45	2498.29	3135.6	3150.24	2931.22	2229.14	2741.58	3440.17
CHM	7	7	3248.4	3559.7	4305.84	3937.65	3702.25	2484.83	2448.54	2675.38	5458.04	6853.83	4747.82	5849.44	4849.69	3778	4557.35	4989.35
CHMP1A	2	2	2228.23			1661.36	2511.06	9509.46	10003.3	8782.11	6108.05	7780.15	3486.2	3523.56	3991.53	6412.94	7806.16	4940.25
CHMP1B	2	2	12511	10188.3	11558	15618.2	14040	10738.4	12640.4	9830.16	17477.5	17022.3	11335.6	14579.3	19847	18547.2	17566.5	18506.7
CHMP2A	6	6	7983.3	8593.41	8306.48	8604.83	8313.33	8222.9	6776.9	7926.71	10369.5	9388.16	9105.89	10128.4	8068.86	5889.08	6646.37	6983.24
CHMP2B	5	5	8703.66	7118.8	8287.64	9341.97	9722.06	10220.8	10223.8	9695.26	6619.24	10845.1	6718.22	7450.73	5913.66	5769.72	5436.62	6017.29
CHMP3	2	2	6547.42	6921.62	5712.58	7947.15	4275.95	5325.64	3992.21	3951.58	8485.81	8307.4	6761.61	8143.91	6185.74	5975.77	7224.95	5537.05
CHMP4A	8	8	6307.9	6086.66	5476.75	5786.61	2764.33	2458.92	2426.76	2778.08	11148.7	10451.7	10202.2	11394.1	8242.19	7472.84	8229.75	8558.9
CHMP4B	7	7	23320.4	25474.1	25326.1	26079.2	27840	24222	26888.9	26258.2	39640.1	40572.1	40640.4	45423.2	36176.9	38697.5	33556.8	32733.1
CHMP4C	1	1				1754.11	4777.34	5423.44	4623.58	4828.89					1718.72	1516.18	945.495	1187.04
CHMP5	3	3	12955.6	15367.5	18307.1	16919.8	16132.3	18236.9	17660.9	16512.5	21568.8	20764.6	15434.2	17887.3	14760.7	14914.7	16873.5	18458.5
CHMP6	5	5	2577.05	2589.35	4371.96	2630.7	3471.93	2395.87	1795.09	2234.24	5718.55	3300.77	5924.1	4898.18	3517.71	3060.88	3296.66	4714.33
CHMP7	9	9	13925.9	12749.8	11682.6	12841.1	14418.9	13034.6	11424.9	12565.6	9872.26	8180.76	8995.24	11140.6	9184.65	7870.36	6972.86	8380.57
CHN2	5	5													2795.77	1995.88	2075.65	2878.54
CHORDC1	6	6	2779.8	4503.57	5102.38	7164.7	5769.91	7843.79	4246.44	2570.17	6485.91	9311.31	7188.89	6703.55	6329.92	8023.03	8195.8	5954.07
CHP1	14	14	10491.3	9758.27	11637.3	12010	18142.5	17577.5	16140.6	16309.7	12527.9	12486.2	10557.6	11982.8	13551.8	12574.9	13319.2	13650.1
CHPF	7	7	14566.8	12374.8	12290.2	15728.9		1218.02					2438.47					
CHPF2	10	10	6128.83	5985.16	5983.12	7389.93	3748.46	3332.21	2943.29	3369.28	2284.88	2531.68	2225.84	2596.74	2724.29	2695.54	2392.36	3014.92
CHPT1	1	1	4923.6	4920.95	4723.28	5268.78	3322.32	3673.3	3504.64	2998.82	5981.24	5934.15	5517.3	4526.86	3586.72	3577.31	3573.75	4511.07
CHRAC1	2	2	5026.86	3053.64	3586.3	6299.39	9272.22	9277.88	8659.03	10007.2	5002.61	6291.63	5228.16	6061.14	4192.8	4670.45	5017.74	3822.74
CHST11	1	1		446.979	508.357	859.93	2853.97		2324.26	3514.83				856.017	1430.09	1129.47	1171.47	1636.75
CHST12	2	2	2063.15	2312.42	1993.75	2250.8			1817.81		1178.54	750.941		1561.35			459.699	
CHST14	6	6	6773.64	5359.57	6772.73	6571.97	2846.16	2757.68	2891.19	3370.93		1102.86	1418.08		1017.13	887.844	1484.4	3097.78
CHST3	2	2	2049.79	1775.13	2277.59	1130.01	2934.61			2038.79								
CHSY1	5	5	5498.24	4319.54	4258.53	4461.38	2727.32	2050	2471.88	2335.68	1958.57	2063.94	2243.54	2247.62	2517.87	2902.77	2537.73	2305.94
CHSY3	7	7	5466.74	3331.21	4483.88	4360.78					1356.46	672.018						
CHTF18	5	5	1114.02				1675.16	1703	1981.22	1682.5	2065.91	1434.75	1734.92	2306.21	1728.47	875.781	1047.71	1298
CHTOP	2	2	5679.58	4073.64	8843.71	4687.99	4064.08	4313.42	5393.14	5138.21	4164.09	5700.06	3656.27	4690.64	4845.82	3184.75	3615.45	4671.35
CHUK	8	8	3347.45	3218.14	3737.13	3245.71	3224.51	3182.3	3223.11	2437.42	4476.21	3759.1	3883.59	4523.48	3243	3499.72	3659.55	4042.66
CHURC1	1	1	18218.8	17830.6	16988	18298.8	2984.15				8957.43	7732.6	6289.79	7419.6	9512.81	8230.9	9121.79	10846.6
CIAO1	3	3	19570.3	18180.7	25229.4	24425.9	13326.8	20236.6	15529.4	12040.4	43210.9	41248.2	40050.3	35134.6	34687.2	34995	38866.9	36024.2
CIAO2A	1	1	1403.04	2013.17	2225.59	2003.2		2330.83	2440.75	1364.05	20540.9	26798.4	20091	15843	17526.9	20650.4	19473.4	21946.3
CIAO2B	3	3	21442	23637.4	21180	26771.4	16609.7	18040	14776	16924.6	18039	23367.8	17893.6	18124	15960.5	18419	17135.6	16380.1
CIAO3	7	7	2909.66	2721.78	2461.33	3045.76				1834.15	4448.84	4894.9	3624.53	3537.51	4002.21	3111	3253.84	3861.64
CIAPIN1	9	9	9599.22	9035.32	7610.62	9359.04	7877.59	9074	7913.89	7522.16	10827.6	10762.8	9100.03	10793.7	10243.5	10478.1	11674.3	10074.7
CIB1	9	9	1750.74	1049.83	1162.18	1158.13		885.842	961.234		7699.63	8423.32	7260.57	8661.39	4044.94	4117.84	3601.55	3922.75
CIC	3	3	2516.31	3166.08	2827.83	2987.14	1827.31	1976.61	1784.18		2165.15	2654.71	1958.28	1797.91	3349.79	2354.78	1849.72	1603.9
CIP2A	13	13	2704.52	2873.02	3083.88	3089.21	9080.4	8663.18	6869.78	6401.69	3278.24	4561.43	3491.98	3760.91	2413.42	2173.54	2317.64	2657.78
CIRBP	5	5	33125.2	31309.4	46126.5	33186	13332.2	11060	17514.3	15769.7	16927	27050.5	21043.4	18183	26017	32814.5	33313.3	29519.2
CISD1	2	2	928.482	1560.28	3650.62	1861.35	2864.75	3438.43	2103.8	2392.87	3682.67	5315.21	3416.97	3670.6	2316.26	4374.88	4548.1	3895.15
CISD2	5	5	9993.97	10951.3	10257.3	12207.7	15061.1	15182.1	14201.1	12914.2	22013.4	29007.2	24793.8	25702.2	19993.6	22939.9	29502	19379.1
CISD3	1	1		708.004	580.431	737.705		785.076	708.143	879.351		937.058	886.762	790.428			827.85	485.141
CIT	15	15	537.867	1455.28	1557.53	1660.81	2979.62	4226.78	3271.07	3815.21	2696.46	1637.73	2187.31	2336.65				
CIZ1	7	7	775.008	659.253	823.209	675.284	888.34	615.905	821.907	859.156	587.461	494.551	717.319		881.587	351.399	451.053	937.645
CKAP2	3	3	1064.21			2166.17	4011.41	3217.61	2503.7	3324.35	1360.46	1532.07	583.984	1481.44				
CKAP2L	3	3	1170.89			1888.17	3790.97	2731.1	3059.6	3743.3				1517.81				
CKAP4	47	47	227701	228989	252379	270276	90442.6	91091.4	83420.6	80203.6	12877.8	8659.21	18777.2	9267.39	21289.9	23826.8	25572.7	23963
CKAP5	46	46	14840.3	14407.7	15583.2	17711.2	26379.8	25460.1	22536.2	24112.4	11667.5	11971.8	9556.09	11203.9	9405.51	9084.27	10564.9	9789.34
CKB	9	9	81978.8	67283.4	69165.5	72341.1	97957.3	113042	79601.7	94982.6	10771.7	15886.1	15280.2	15938.4	42076.4	44954.5	43798	42250.5
CKLF	1	1										2084.01			1766.06		3313.43	1669.29
CKMT1A	2	2		717.545			1652.72		1830.79					1419.1	7554.74			1852.4
CKS1B	1	1	820.112					601.682			1525	1581.9	1216.24	977.995	952.639	831.782	1088.24	997.904
CLASP1	20	20	5326.8	5308.25	5945.33	5929.62	5001	5035.41	4582.18	4357.84	4099.35	3924.38	4320.01	4322.33	3960.1	3251.51	3600.57	4047.44
CLASP2	13	13	3700.45	3872.51	3801.22	3951.14	5200.41	3921.45	4560.31	3465.6	4736.95	4572.1	4466.18	4679.99	3804	3161.02	3655.94	3698.01
CLASRP	2	2			1086.72	729.021						998.951	991.587			995.954	512.13	937.336
CLC	4	4										5603.29	29600.4	25772.8	31099.3			
CLCC1	10	10	10658.6	11181.7	9700.83	12813.9	6536.28	5517.19	7314.41	7066.45	8738.55	8479.85	9182.13	9419.1	6760.04	6017.02	6979.25	7306.93
CLCN3	3	3	3648.37	4200.08	4450.29	3447.07	6382.85	2918.6	4449.34	3684.7	5722.87	4144.06	5427.11	6111.99	5252.95	2737.47	3113.32	3669.59
CLCN5	3	3	4566.43	3662.56	3781.95	2582.62	1982.85	3631.26	1945.22	1514.02	10930.9	11113.7	10717.6	12718.3		2720.02	3877.03	5626.67
CLCN6	9	9	1737.06	2094.75	1851.84	1143.57	2024.53	1936.94	2338.98	2397.27	7152.89	8104.08	6779.14	8142.37	1894.25	1875.51	1504.35	1171.51
CLCN7	13	13	6992.39	8037.18	8300.56	8116.09	7489.67	7012.71	7333.63	7235.17	26527.7	26027.2	23699	23037.8	15406	13498.6	14965.2	13971
CLDN1	1	1	1660.93	2471.61	1806.04	2859.88												
CLDND1	1	1	849.676	754.152	859.232	739.302		973.428			1618.72	1326.36	2349.15	2124.43	1246.63	1121.91	2058.1	1184.5
CLEC16A	3	3		460.342		633.363	701.49	446.222	847.152	573.957	914.52	977.399	976.233	1217.7	777.274	666.533	1028.48	953.586
CLEC3B	2	2	3896.69	5314.09	4378.22	4851.85												
CLEC5A	2	2													1595.74	2999.21	2785.39	3194.36
CLGN	1	1						639.202										
CLIC1	12	12	407627	466666	431395	528319	376628	435170	407904	412780	535712	650388	554786	524998	340832	379872	363296	359002
CLIC3	2	2	1845.9		3370.12		1834.31		1640.81	1868.49	1396.63	1704.08	3909.66	3391.34	9047.1	1473.46		
CLIC4	8	8	84166.3	83553.7	91365.4	90432.6	38870.1	50523	47089.1	41444.3	27422	32191	30768.5	25115.9	33026.4	40195	48100.1	44303
CLINT1	16	16	8220.81	10324.3	11723.4	12203.4	9136.01	8220.23	8439.58	8057.84	13763.1	15776.8	13385.6	12439	11562.6	10915.4	12190.3	10200.1
CLIP1	42	42	9233.27	9340.17	8866.25	9969.57	9027.12	7618.74	7819.61	7381.78	5934.26	5946.87	6248.89	6262.29	5193.56	4968.28	5579.06	5928.3
CLIP2	34	34	9112.49	7292.13	7958.7	9359.33	5067.91	3911.49	4471.92	4139.84	8499.11	8225.64	7710.39	9033.93	6978.83	6161.66	6460.77	7032.05
CLK2	3	3	2129.88	1083.76	1697.55	1395.93		1177.52		766.607		1375.89					937.773	2378.98
CLK3	1	1														907.38		
CLMN	4	4	1800.53	1673.4	1636.99	1716.22	2844.8	2985.64	2014.78	2830.37					1129.02	1103.9		708.609
CLN3	3	3			1082.78		462.433				1501.66	2788.89	2378.17	1984.17		1004.9	703.821	1001.03
CLN5	3	3	6650.7	7217.84	10144.7	7027.14	1055.94				14197.4	14964.9	15221.5	14887.4	5601.57	7159.94	7037.29	5213.08
CLN6	2	2									1658.79	2665.06	2678.94	1930.33	1324.81	1418.73	1290.52	1335.89
CLNS1A	3	3	11159.3	11133.1	13630	15007.8	14376.7	11681.1	10140.8	10850.4	9910.9	10130.1	8055.56	10664	11238	12479.4	11960.9	11152.9
CLP1	4	4	3183.19	2329.78	2584.7	2586.26	2690.69	2888.28	2340.29	2517.14	4433.73	3548.58	3817.75	3275.68	3997.39	4120.56	3411.34	3388.76
CLPB	14	14	5470.15	4776.87	5852.68	5230.13	7497.16	6252.37	6979.31	6025.88	12936.3	13144.6	11764.3	12661.3	13732.6	12042.3	12165.4	11863.9
CLPP	6	6	4520.37	5576.04	3532.06	4093.07	9157.94	7666.9	5984.94	3322.64	9592.24	5253.69	6575.21	7465.89	10413.6	6587.58	11242	11006
CLPTM1	7	7	15641.9	9800.78	12126	9900.98	6158.68	5440.01	3719.37	4029.86	12754.2	13077.5	13606	12884.6	14103.6	11362.9	14610.9	15242.6
CLPTM1L	4	4	1926.33	2225.67	4621.66	3558.9	2371.41	2200.62			3647.79	5502.57	4810.9	4367.77	2245.41	3308.39	3351.5	3521.31
CLPX	22	22	12179.1	11276.7	13101.6	12287.1	13855.3	12703.2	12534	12073	15332.2	14061	13510.7	14351.8	15096.4	14851.4	15398.6	16037.6
CLTA	4	4	66090.3	75025.5	178928	166909	40321.6	41718.4	47456.2	46525.4	56400.1	107369	100309	98432.5	30108.2	46962.8	50916.9	33610.9
CLTB	4	4	10411.9	9298.54	6574.28	7438.37	7120.56	7086.56	7454.32	7712.38	6736.2	7086.68	6678.31	10098.5	9939.19	6102.45	8138.68	6830.92
CLTC	47	47	130521	164665	253208	166152	54322.8	67665	65303.7	44663.9	289331	446639	337399	306789	175633	228966	235574	204867
CLTCL1	2	2				9187.17						2035.99	1392.5			17896.4		
CLU	8	8	10212.7	4201.51	5167.87	1996.72	14169	12383.2	13779.5	11034.3	5066.12	3679.85	5552.45	7076.91	5031.67	3963.63	3423.66	4175.68
CLUAP1	1	1	1196.94		1794.53	2143.56		1425.6	1822.91									
CLUH	20	20	6063.53	5242.17	5857.5	5785.47	10539.4	8060.83	8252.5	7041.82	9659.04	9115.88	8269.67	8312.08	8162.08	8842.57	9245.25	9308.06
CLYBL	4	4	953.825	1325.84	1957.09	926.309	4112.4	3212.86	3284.55	2948.71	3109.91	3507.89	2710.49	3090.49	3839.81	2459.49	2184.98	2759.13
CMAS	8	8	8888.17	8178.73	9394.46	8202.07	6758.32	6024.78	5393.92	6203.82	5751.74	4515.14	5397.1	5775.56	8792.16	6312	7891.48	8642.15
CMBL	7	7	1798.84	1978.39	2291.9	3024.57	2450.35	2462.18	1482.71	1608.27	2999.91	3432.25	2872.09	2740.02	1304.14	1921.78	1808.58	1471.89
CMC2	2	2	2878.98	2973.92	2960.97	3488.26	9993.75	9557.69	5718.6	6096.73	7586.97	8043.58	6646.07	7799.12	6779.02	5813.85	6188.13	7753.09
CMC4	1	1						4394.9			3233.51				3658.64			3213.85
CMIP	4	4	2014.31	2342.02	3437.59	2988.07	1338.57	1399.42	1524.46	2277.44	1780.15	1992.83	2329.6	2491.29	2103.65	1760.61	1702.39	1969.06
CMKLR1	1	1										1512.33	791.089			720.523	775.895	
CMPK1	11	11	153352	143311	121905	131031	95474.4	76710.7	76974.4	82252.7	74847.6	72022.1	69994.4	81809.2	83178.9	63919.9	67050	73768.3
CMPK2	10	10	1435.05		1318.5	1142.61	1908.87	724.003			10135.1	12209	10320.1	12534.9	3959.75	4308.48	3350.86	4486.12
CMSS1	3	3	1362.68	1074.65	1483.4	1367.65	2812.15	2870.51	2769.59	3115.41	1132.34	1198.45	1436.04		1252.8	1108.72	1557.57	1128.36
CMTM3	1	1	8110.31	5298.19	2301.05	2849.2	4899.73	7735.64	3459.92	3413.62	22598.1	6544.37	20338.3	23523.5	26036.7	6524.23	19149.7	31319.9
CMTM6	1	1		2116.39		1949.14		3066.2			6826.39		3722.29	5102.82	3532.73		6252.62	3245.6
CMTR1	11	11	3613.41	3762.9	3638.6	3763.15	4822.78	4236.24	4791.21	4815	5513.53	6926.49	5378.21	5622.3	4703.27	4489.79	4176.35	4281.21
CMTR2	1	1				836.621												
CNDP2	20	20	24591.7	27105	24565.2	24864.5	31379.7	43717	27290.3	31780.9	192967	229198	190673	180848	148204	183150	173268	149388
CNEP1R1	1	1	2297.02	2080.82	1730.16	2012.87	1421.94				2226.46	1147.56	1617.81	1629.62	1944.62	1161.26	1398.91	1334.02
CNN1	2	2	2938.24	2561.72	5383.72	2987.39												
CNN2	6	6	51420.8	70276.2	43037.8	77555.1	34690	31651.1	29696.4	26339.5	8011.91	9763.04	9411.36	10021	9805.81	7057.93	8957.59	10077.7
CNN3	3	3	23543	28851.2	33010	29791.4	30100.4	25294.1	23269.8	20888.4			1865.22					
CNNM3	7	7	1530.47	1449.9	1837.6	1754.51	2447.84	3451.64	3826.28	3432.95	2659.85	2714.81	2510.28	3884.67	1711.7	1992.08	1876.43	2730.35
CNNM4	5	5	917.485	1029.41	1182	746.453		525.322			1407.14	1291.43	1628.58	1337.46	1247.36	1158.57	1276.85	1313.77
CNOT1	39	39	12552	13267.6	15065.1	14115	12538.1	12511.3	10221.8	10504.4	13137	13573.1	13042.3	13433.9	10855.3	10947.3	12320.6	11855.4
CNOT10	11	11	6118.69	5257.23	5336.54	5980.44	6278.1	5692.56	5262.81	5468.05	6269.58	5154.38	5861.62	6233.19	5650.36	4630.32	4495.36	5972.82
CNOT11	4	4	8085.98	6927.17	8570.43	8578.91	7047.53	6538.95	8939.78	8200.95	6508.95	7670.03	6371.8	7303.05	5910.29	5686.11	4948.59	5595.47
CNOT2	5	5	6577.4	6000.1	6222.02	6931.07	5322.49	4090.66	4237.91	3811.84	4695.89	4943	4993.38	5392.76	4048.29	3773.57	4057.53	4946.16
CNOT3	8	8	5514.27	5219.14	4887.87	5714.96	5849.27	5485.08	5110.25	4694.38	4716.75	4682.63	3868.66	4847.73	3975.5	3759.19	4110.67	4508.05
CNOT4	2	2	2518.12	2462.21	2756.34	3170.23	1797.32	2036.64	1395.34	2275.12	2235.06	1380.23	1862.79	1744.23	2014.97	1590.12	1596.86	1944.35
CNOT6	1	1		233.468	269.751	248.702	443.283	335.891	480.182	631.231		305.056	163.486	499.678		161.075	84.1818	167.745
CNOT7	2	2	4392.6	5593.49	4751.44	4601.37	4563.52	4209.09	4654	5198.99	3272.8	4619.02	3998.98	4623.15	3729.92	3439.91	3478.39	3522.51
CNOT8	3	3	2264.74	2779.07	2321.99	2603.05	1578.01	1289.24	1772.9	1486.83	1768.42	1872.18	1825.84	2434.47	1685.84	1571.74	1348.11	2055.77
CNOT9	7	7	3978.36	3717.63	4308.92	4603.99	4139.06	3902.88	3277.15	2785.6	4196.26	4286.67	4352.93	4000.82	3019.53	3421.8	3621.83	3136.54
CNP	17	17	12242.2	12197.1	14840.2	13474.8	12508.6	12431.7	11495.9	11224	26191.6	29318.9	23384.7	26023.7	16475.7	16661.9	17064.6	15504.4
CNPY2	5	5	18216.6	16730.7	16718.5	21388.4	4751.83	9268.22	5991.81	5851.24	15607.5	19580.7	21231.7	14262.2	15702.5	24500.9	27332.8	20146.9
CNPY3	5	5	2871.69	3424.88	6059.79	4856.07	3667.65	4774.05	2497.37	3507.65	16926.1	27651.2	16950.8	14567.9	10660.4	15675.2	19802.8	14161.6
CNPY4	4	4	9191.83	8196.22	11194.1	12591.1	1994.94	2534.21	3643.98	2662.77	5033.05	5459.16	4666.01	4802.39	3785.5	3392.35	3897.61	3859.85
CNRIP1	4	4	2552.87	2153.43	2764.69	3094.01					6520.27	9305.55	10141	6384.78	3241.39	4152.55	5499.93	4589.11
CNST	2	2	1070.29	1182.06	1298.1	1086.8	599.599	586.221	463.704	512.317	811.924	711.914	759.626	764.168	541.186	745.224	634.186	699.932
CNTNAP1	10	10	8225.49	8877.89	8715.7	11433.7												
CNTRL	2	2			435.619	662.915	1243.3	1445.21	1920.24	1133.49	1195.87	2107.36	2085.3	1571.82	1135.41	1095.88	1307.74	1871.73
COA1	3	3	1047.5	1579.06		1144.25	2452.98	2230.89	2465	2525.62		1239.21	1300.1		1617.85	1463.27	1531.78	946.676
COA3	3	3	8508.45	8693.87	7846.93	9942.58	12605.7	9530.59	9706.12	9135.85	11920.2	10656.2	12399.5	11451.8	12962.5	10556.7	10641.6	10517
COA4	1	1	4623.42	4900.25	3039.53	4747.88	14451.9	12494.5	12440.5	13536.3	5404.26	4927.83	4018.39	4701.01	7312.85	6035.68	5018.21	7547.81
COA6	2	2	5612.64	4986.35	5350.77	5292.09	8304.9	9057.99	6790.72	5827.74	22478.1	14268.9	19682.9	17574.5	20109.8	9544.41	12646	21083.7
COA7	4	4	2601.29	1938.58	2823.69	1934.41	3089.99		2676.68	2561.87	7272.31	7567.86	6682.9	7215.86	7849.07	7076.45	7536.88	7795.08
COASY	9	9	6865.14	6833.5	6622.37	7193.44	8950.53	9364.13	8023.45	7593.14	16655	15424.5	13750.5	16140.2	14663	14819.4	14042.4	15066.4
COBLL1	8	8	5008.11	4083.69	4045.45	3412.69	2523.76	2751.53	2269.35	2170.79	887.253	1442.69	2038.19					
COG1	16	16	6413.88	5966.15	6553.32	6200.84	5149.82	4309.18	4673.21	4033.75	4376.98	3647.92	3642.31	4007.34	4043.15	3643.6	3839.93	4657.97
COG2	11	11	8068.7	8234.98	8001.8	7914.36	4633.62	4741.11	3913.76	3762.3	5195.13	5062.17	4477.89	4620.52	4596.25	3370.66	4885.96	5399.62
COG3	11	11	6808.52	7235.87	7070.38	7087.07	4090.3	4005.02	3663.18	4131.64	4222.49	3727.26	3483.18	3983.31	3967.08	3806.35	3838.2	4315.54
COG4	13	13	6544.58	5779.99	6217.72	5998.29	2921.76	2834.03	2536.46	2848.82	3423.05	3536.1	3307.12	3656.85	3027.22	3440.94	3047.64	3169.38
COG5	12	12	10104	8469.2	8970.02	9515.43	5753.73	5405.7	5475.11	5251.75	5912.99	4584.98	5711.17	5174.08	6066.21	5266.67	6060.68	5904.92
COG6	14	14	9672	9849.81	9370.52	11151.9	6677.9	6157.41	6796.9	5442.55	5457.49	6006.04	5590.14	6194.8	6003.4	5411.47	5693.58	6143.28
COG7	10	10	9286.75	9724.39	10398.5	11536.3	5923.33	6189.97	5825.58	5679.98	6336.69	6568.54	6867.35	6819.35	6318.05	7420.11	7713.03	6936.49
COG8	8	8	6004.62	6333.36	5600.29	6870.48	5350.63	5304.45	5804.11	5135.63	4773.12	4422.95	4177.16	5400.62	4860.4	5120.07	5225.73	5122.66
COIL	8	8	1934.45	1917.22	2003.99	2083.03	2112.7	2449.88	2329.76	1650.51	2665.32	2661.29	2527.45	2503.87	2071.92	2494.71	1823.33	1994.91
COL11A1	22	22	11126.2	9175.86	11272.6	6355.01	2617.41	2305.3	2273.71	2332.48								
COL12A1	64	64	50055	36920.8	48155.7	40730.3	2695.26	2231.76	4098.46	3454.07			2626.55					
COL14A1	15	15	7975.7	4868.28	6122.71	4756.3	2569.25	2055.04		2343.57								
COL15A1	12	12	18287.9	21619.3	29537.3	24351.7												
COL16A1	4	4	3448.7	3551.1	3095.65	3611.19												
COL18A1	11	11	10148.6	7654.1	8767.34	8757.5	1914.55	1269.15	1797.17	1019.96			654.107					
COL1A1	52	52	661970	557881	497399	519208				14997.5			20881.2	2582.55			21524.3	7257.91
COL1A2	47	47	188565	188052	162902	172166			5593.74	21170.6		896.455	8979.52	5659.86			16172.8	7017.51
COL21A1	6	6	6645.94	6285.13	7564.67	7134.76												
COL26A1	2	2	1105.47		1372.7	1089.76												
COL2A1	2	2	5169.87	2934.45	2414.37	2280.61				5090.78								
COL3A1	30	30	67557.9	63686.7	65601.5	58983.2							7879.54				1825.64	
COL4A1	16	16	28863.2	27486.5	19916.9	25314.6	4140.89											
COL4A2	16	16	16576.1	14045.2	18379.6	19274.9	5301.81	4874.96	6293.52	5831.58		10965.3					5147.68	
COL5A1	34	34	71721.1	84062.7	90922	77778.5	6906.68	2308.69	2461.97	3591.59			5779.5					4718.4
COL5A2	31	31	17946.9	21026.6	17247.9	19787		599.7					1139.69					
COL5A3	1	1	5647.78	5168.28	3599.68	5586.03												
COL6A1	31	31	65204.8	80891.8	99179.8	86155.7	9421.65	8421.54	9110.91	9927.87	6819.44	5815.75	9819.25	4960.74	21373.9	16146.4	22474.4	16185.6
COL6A2	27	27	85574.8	81774.3	96811.1	84026.3	7449.21	6584.25	6241.93	6797.93		2496.03	6466.44		9687.54	6403.84	10029.9	9612.23
COL6A3	105	105	26221.7	22913.6	36637.7	27779.3												
COL7A1	7	7				741.28	4599.13	3741.14	4769.7	4554.58	1295.64		1964.92				1316.18	
COL8A1	3	3	59482	60681.8	67574.7	82135.1												
COLEC12	11	11	2769.28	3636.04	3842.02	2562.73					15448	14930.4	12561.8	15649.9	6879.03	5819.22	5493.27	6001.19
COLGALT1	18	18	48701.1	52677.3	58721.6	69449	18965.6	19441.8	18529.5	15865.3	92049.1	103930	88492.2	82346.7	74786.3	83427.2	93120	87366.5
COLGALT2	1	1			2625.63	4067.57	3852.38	3334.23			15768.4	17404.2	9718.26	18445.9	16176.7	14164.6	14967.8	
COMMD1	6	6	6940.61	6201.97	6715.86	5912.54	2818.28	2124.43	1601.19	1960.82	8215.67	8480.17	7651.79	8952.76	6026.7	5070.08	6003.49	6496.56
COMMD10	9	9	8928.17	9809.27	9274.33	8983.94	4973.52	5144.45	4867.06	6330.14	15431.3	16833.6	14596.2	16448.8	11015.5	11051.8	10537.4	10262
COMMD2	4	4	9530.02	9318.46	9767.47	11819.2	5384.97	4316.55	4819.22	4069.3	16866.2	17400.1	16392.6	16542	10431.2	12465.8	13174	12755.5
COMMD3	3	3	13412	15913.1	16230	16329.8	5940.16	7716.29	6720.09	6397.95	21031.9	27698.4	26518.5	21239.8	15024.5	14267.1	17712.7	16234.1
COMMD4	5	5	11365.4	12071.8	11655.3	14569.1	5395.07	6723.27	5044.13	5833.52	20161	18352.5	17154.6	19877.5	12119.4	13177.1	12461.7	12733.2
COMMD5	5	5	4385.16	3329.19	3962.67	3915.39		3346.3	3546.26	3163.53	11006.4	9362.01	10401.8	9530.99	6966.42	8299.74	8100.82	7680.62
COMMD7	8	8	10327.2	8871.31	10212.8	10424.2	5671.92	5575.83	6223.43	7138.71	20997	21818.7	21623.2	23414.4	13712.9	16100.8	15310.6	15674.4
COMMD8	2	2	2781.67	2006.8	4018.58	2073.9		1056.15	2834.09		5537.97	4834.38	5483.61	5348.55	4201.4	4960.44	4055.02	4427.67
COMMD9	3	3	2107.38	2233.45	1923.52	2103.67	1336.26	1661.28	1380.03	1294.4	4351.23	3806.68	3895.85	4214.54	3395.71	2470.44	2660.63	2845.8
COMT	4	4	995.65	2211.26	1489.52	1407.18	21720.6	22022.7	18401.3	17503	7169.58	6781.07	8131.8	5590.39	7413.59	6481.38	8190.75	6819.73
COMTD1	1	1		810.116		775.861	1306.84	726.042	1492.54	1189.61	2292.54	2730.47	1827.3	2412.64	2762.93	3787.26	3231.88	3178.38
COPA	44	44	101918	113781	126185	137701	59435	59692.2	57631.2	53756.4	84210	88327.7	84212.5	76310.5	78122.3	87607.1	100901	89891.3
COPB1	31	31	74314.4	90066	104635	104339	44673	37145.1	40700.2	38637.6	55650.4	70761.9	57963.4	53083.9	51443.2	67501.6	69944.6	58116.6
COPB2	26	26	98384.5	100946	131404	106414	43349.8	43614.2	35434.3	33584.5	78857.9	87212.7	85741.6	74887.7	80309.2	79952.6	91772.5	81661.2
COPE	10	10	71086.8	78159.7	78005.7	90804.9	29574.7	36662.7	31970.3	34288.8	38491.4	43127.2	41084.2	41659.9	39425.1	41233.5	35280.7	39334.8
COPG1	29	29	71821.9	84163.1	77784.3	94837.2	22623.1	26756.5	25681.9	20719.2	38192.1	41709.4	33746.1	36529.2	38217.3	40631.6	42937	43576.6
COPG2	14	14	12047.6	11459.8	15060.8	13073.9	12045.6	12311.1	11585.1	11262.6	12885	14452.8	12306	13254.2	10834.5	11858.7	11295.9	10480.2
COPRS	1	1	2040.47	2625.44	1996.16	3597.41		1959.5	2172.13		2237.81	3061.43	2185.81	2421.17		2269.19	2690.31	
COPS2	16	16	10389.3	10768.9	12937.6	13879.8	6360.36	7719.97	6745.3	6380.19	10477	11643.1	10061.3	9820.6	10573.3	11555.5	11845.9	11449.2
COPS3	8	8	10388.4	11168.3	14717.1	11221.6	7856.77	9343.45	8244.9	8843.28	10515.1	12495.2	12292.3	12145.6	9718.02	14248	11610.6	12782.2
COPS4	17	17	16761.2	18819.2	20526	20619	14427.5	13812.3	14531.3	11031.2	13709.9	15666.4	13998	14842.1	14119.3	14614.5	15775.4	14375
COPS5	5	5	19534.9	21443	19644.3	22496.1	14758.3	15649.9	14933.8	17381.2	13512.9	14328.3	13931.3	15112.5	14109.9	12374.6	13145.3	14573.4
COPS6	8	8	19506	25710.8	32471.4	26643.9	10271.1	10160.5	6761.12	8753.91	19344.3	23262.4	27163.6	18272.2	16688.5	21263.9	22625.3	20313.2
COPS7A	9	9	8697.35	8466.63	8529.41	8581.21	5605.5	5465.18	5040.03	5032.58	6619.07	6784.27	6086.43	6323.05	5732.47	5250.12	5694.52	6735.87
COPS7B	7	7	9548.27	11386.1	13173.4	11208.7	7562.21	7233.63	7692.88	6550.03	7411.47	9697.32	8191.58	8577.15	9255.42	8904.47	9751.08	9766.22
COPS8	2	2	7159.32	8705.56	7340.69	11412.6	8689.47	7024.6	7626.52	6625.86	7646.89	9180.29	4653.25	5774.34	5487.04	6364	6240.04	7216.68
COPZ1	8	8	60273.5	69630	77846	76861.6	34326.9	36328.8	42887.4	34772.5	53533.3	70380.2	49337	49093.8	50630.6	76692.3	57093.5	50658.8
COPZ2	5	5	10747.2	9739.74	7407.64	9187.58	2763.26	1971.37	1730.53	2066.73			1053.42				333.187	
COQ2	1	1					1755.83	1372.21	1317.55	1296.84	2466.24	986.175	1353.76	2031.16	1880.76		1217	2060.89
COQ3	1	1	1125.86	1288.22		1296.72	1585.17	1421.12	1619.9	1554.44		1318.28	1723		1322.84	1629.83	1840.46	1786.67
COQ5	9	9		926.961	2375.69						3594.18	4446.27	4493.66	4226.27	3921.2	4886.78	4887.79	4600.9
COQ6	7	7		991.825		736.784					1852.33	2992.47	2224.92	2187.67	2397.47	2312.99	2741.79	2481.11
COQ7	2	2	791.863	894.635	909.894	804.894	986.342	1501.66	815.285	1496.81	2019.25	2510.25	1975.92	2789.58	2452.09	2370.17	2508.9	2534.92
COQ8A	8	8	1259.45		942.898	948.742	4400.41	3559.88	3808.1	3417.91	6295.01	7337.38	5781.77	6876.21	5965.04	5573.63	5226.07	6207.91
COQ8B	8	8	2041.39	1881.05	1876.81	2368.09	2487.84	2495.93	2169.7	2064.2	3242.21	3719.29	3265.39	3198.26	4240.8	3524.17	3867.66	4638.21
COQ9	3	3	3046.47	3480.67	4075.06	3052.99	5602.46	5805.34	5003.03	5589.82	9014.43	8488.23	6242.13	8920.51	10303.7	7766.4	10138.5	9591.38
CORO1A	16	16	3494.22	5165.56	6185.98	3964	3721.61	3236.96	3152.37	4210.6	222465	218855	147143	253560	190623	210211	215479	218805
CORO1B	10	10	48184.6	66722.2	66565.3	78040.5	60682.6	60984.8	54738.2	51895.3	150305	197802	99025.9	130082	98716.9	124663	124649	105270
CORO1C	13	13	134522	146715	150740	169425	59863	58706.2	56723.3	55253.1	102596	106239	94860.4	102719	109620	102568	132765	119201
CORO2B	5	5	8943.04	7614.43	9320.18	6259.13												5162.43
CORO7	14	14	5279.47	4625.2	5122.98	5070.28	8222.19	7910.94	7310.81	7338.19	42503.9	50188.4	43462.5	46776.8	33468.2	28830.4	31206.5	34376.9
COTL1	10	10	60685.8	58468.6	44069.9	67237	66619.5	73433.6	54970.7	65183.2	123744	183881	99516.2	106537	176838	250194	238051	159176
COX11	1	1		473.627								824.458	1086.49	552.55	569.31	1374.89	922.601	869.821
COX17	1	1	4879.54	4557.1	10104.1	5058.86	8095.7	10217.8	7611.95	9345.19	8512.19	9667.34	12015.7	10600.6	8544.43	8600.43	10199.6	10933.8
COX18	2	2		341.864	539.73	515.987	784.651		489.959		572.066	892.781	837.685	889.873		698.209	719.014	
COX19	2	2	4700.24	5033.07	6015.59	4457.02	6459.65	5846.39	5162.75	5063.03	6528.77	5199.41	5922.2	8078.79	6764.01	5253.52	6366.55	6997.55
COX20	3	3	974.356	1481.52	2559.04	1067.09					2290.1	2737.19	2042.23	1846.47	1526.31	2808.22	2392.39	2193.56
COX4I1	4	4	28966.1	27861.4	43464.8	45812.8	16994.3	22978.5	15432.1	14733.3	86742.4	132622	111133	94160.8	128784	125064	134751	114653
COX5A	4	4	14880.8	16376.8	19884.9	19708.9	26234.2	21126	26209.6	35930.5	33864.6	53403.3	39489.7	42221.6	40845.5	48342.3	51082.3	43702.4
COX5B	6	6	25023.4	47360.4	59253.6	55967	32571.2	49159.3	47877.9	59036.8	158639	275738	170304	137245	133695	303649	283744	180961
COX6A1	1	1									1794.88	4556.84	4739.56	2607.21	1719.2	6288.53	4892.07	2691.56
COX6B1	4	4	11637.4	10264.9	8319.8	11624.8	20119.6	16472.9	18422.5	16158.2	27738.3	24088.8	22407.7	23767.1	27101.3	27826.7	32376.2	26254.8
COX6C	3	3	22008.8	24191	26693	26563.3	41745.6	33133.4	33803	46116.8	68172.9	75865.9	67019	81215.5	83435.9	87987.4	101103	91912.1
COX7A2	3	3	10070.6	13986.8	19042.4	13059.5	8913.58	11587.1	13671.4	9050.11	65185.4	94442.7	55526.8	62683.3	80350.4	115864	105583	100537
COX7A2L	4	4	2833.76	3058.67	3136.01	3374.85	2669.87	2268.47	2830.88	3071.98	5783.87	6939.85	5611.34	7701.02	8525.19	9276.75	8517.77	8224.76
COX7B	2	2			3030.7			2518.36			4742.62	3781.76	3959.89	3894.69	4834.56	3883.85	4915.34	4757.44
COX7C	2	2	14531.5	13312.3	9707.94	19345.2	32933.3	32125.5	26247.5	28447.6	38569.1	62572.9	16043.2	27832.7	42263.2	60365.9	74715.4	46822.6
COX8A	1	1						1403.92			3067.21	3316.76	3309.27	2846.28	5630.62	4097.15	4781.34	4642.73
COXFA4	3	3	2516.58	2964.82	3749.02	1980.89			1501.7	4001.27	11687	20650.9	14329.5	9443.33	9082.02	16767.6	14498.9	12926.4
COXFA4L3	3	3									4465.7	8619.22	8969	7236.76	20708.5	45552.6	52214.6	26953.7
CP	2	2	2514.73	1258.6			882.885				1311.19	979.908	1670.45	1541.15	1129.59	1452.24	1299.89	
CPA4	6	6	20536.7	18728.4	22357.7	16265.7	15868	6548.03	13028	7186.05	15828.3	12763.2	18050.8	17780.1	80954.4	6127.32	5863.93	14330.9
CPD	14	14	11740.4	9346.61	11366.8	11225.9	11402.4	11322.8	10920.9	10936.4	7766.49	4776.15	8155.03	7531.01	4953.49	5655.33	6290.51	7028.58
CPEB2	3	3	1915.31	1612.01	1334.06	1998.8		472.642	473.222			376.755	425.242				464.961	
CPEB4	3	3		534.672	409.549		320.089				989.034	1007.46	1026.4	1729.58	1523.94	1080.09	1569.69	1302.1
CPM	4	4	1717.87				2963.43	1939.72	2808.64	2046.34	3918.35	3728.07	3038.65	3398.13	11023	7058.36	9723.11	6205.05
CPNE1	13	13	60878.8	73589.7	95075.1	77246.7	43921.6	36725.3	50940.7	69448.3	88263.2	105708	88113.5	83466.8	82833.4	96637	101298	87834.8
CPNE2	8	8	1209.32	1861.14	2245.42	2434.69	2403.9	2355.31	2840.68	2714.53	4079.44	4936.32	3822.02	3407.05	2277.3	3058.42	2403.3	1933.81
CPNE3	12	12	5244.46	5604.79	7190.66	7297.22	8678.35	11736.4	8265.59	10195.7	9752.63	11890.7	10588.2	7333.02	6888.38	7423.59	6958.79	6180.22
CPNE8	2	2			1009.04						1878.98	1916.18	1617.96	1684.34			619.417	
CPOX	10	10	10793	11176.6	16391.5	14513.2	13916.7	17249.8	15153	12224.8	19269.1	25713.4	21887.3	18222.1	17887.3	23574.7	27288	20942.8
CPPED1	7	7	5201.68	4425.51	4780.05	4209.42					11711.6	17669.9	13683.3	12669.4	6783.61	11227.7	12491.6	10566
CPQ	2	2	5233.97	4008.74	5393.41	4400.37	2224	1905.71			2647.92	2254.64	2639.55	2686.54	2538.01	2276.54	2147.65	1997.11
CPSF1	20	20	6767.88	5853.41	7489.35	6228.96	7411.81	6787.61	7178.07	6520.22	8148.21	9187.82	7849.14	8969.41	9736.89	8955.08	9294.05	8852.58
CPSF2	12	12	5790.3	5244.63	5662.8	4705.05	8041.97	7855.25	6198.52	6110.45	7189.61	5164.52	6770.19	6905.32	7000.6	5744.81	6675.06	7537.13
CPSF3	8	8	7017.26	6421.99	7559.79	8168.54	7374.17	6483.3	6891.5	6978.89	7381.2	8494.72	7930.04	7863.01	8956.84	8198.24	8312.1	9618.11
CPSF4	3	3	1712.74	1353.95	1954.95	1651.02	1834.81	1756.17	1533.4	2379.65	2016.57	2046.18	1270.23	1792.4	1806.14	1971.5	1862.15	1983.42
CPSF6	6	6	12524.9	13267.7	17057.8	11555.5	15830.1	14826.4	16981.9	17363.1	14588.6	18296.6	12859.6	15804.8	16583.7	17325.5	17470.7	16553.1
CPSF7	12	12	21432.5	18145	25537.9	19493.8	24988.8	24730.1	21340.8	21365.1	22474.1	24216.2	24151.4	23437	17916.3	22133.4	19184.6	19754.9
CPT1A	11	11	4844.9	5528.06	5405.15	5245.79	10008.9	9191.37	10336.6	8129.98	14448.8	14052.9	10951.7	13092.4	12116.5	10444.1	13025.8	11050.9
CPT1C	1	1	1608.21	2037.5	1429.7	1379.65												
CPT2	18	18	5526.26	5151.2	5138.11	6025.85	7823.38	8364.79	6860.02	7211.13	25006.6	22630.2	22852.6	25619.8	22933.4	22131.7	26969.7	22140.9
CPVL	9	9	5942.83	4893.34	10336.5	8230.77			37841.9	15846.1	410493	496661	488503	396812	82908.1	96261.9	83183.8	75749.8
CRABP1	2	2	1306.67		462.704													
CRABP2	6	6	221527	287423	341405	392381			4029.84		14999.3	7316.18	9269.26	7450.25	26873.6	7828.56	22459.3	20954
CRACD	2	2							1312.7		1296.39	978.438						
CRADD	4	4	3171.43	3085.02	3584.37	3960.97	3251.86	1956.92		2269.62	2859.51	2689.65	2756.56	3139.05	2914.06	1851.18	1995.21	2131.34
CRAT	10	10	7053.27	6009.82	7498.2	7042.15	10501.1	9519.67	9178.09	10113.7	8236.12	8941.62	8643.86	8941.81	5824.66	5769.4	5272.59	5661.64
CRBN	2	2	4389.24	2783.43	2124.59	2005.95	2865.99	3135.53	1340.4		2190.22	2131.19	3437.6	3564.93	2335.18	2137.14	2514.63	2946.15
CREB1	1	1	9866.13	7258.26	9633.07	8368.92	9576.69	7506.35	7694.5	7897.28	7837.83	8151.39	8451.65	7737.76	8102.35	5525.5	6443.58	7711.69
CREB3L1	3	3	3694.35	3870.44	3772.56	3785.04												
CREBBP	4	4	1794.19	1863.33	2060.01	1759.48	1603.41	1698.44	1670.65	1406.19	1670.9	1365.35	1083.17	1333.2	1982.57	1179.65	1410.11	1159.61
CREBRF	1	1	13245.4	7259.37	14728.6		29089.1	6407.12	12570	8400.14	21428.1	6314.44	21466.3	23828.3	45033	7372.66	10973.4	19518.9
CREG1	2	2	3674.11	4882.26	4545.72	3389.95		1731.95	2961.59		16913.3	38912.6	28394.5	22965.9	6533.08	6654.64	4833.21	5899.85
CRIP1	1	1					1980.71				4014.98	2763.17			6392.68	11505.7	14168.3	11052.6
CRIP2	2	2	4630.9	3652.45	3822.02	1814.61												
CRK	13	13	30220.8	25700.8	26927.1	29448	17927	18270.8	17294.6	16561.6	22525.7	23150.2	20531.8	23040.4	17438.8	18685.3	18959.8	20260.1
CRKL	8	8	12771.8	17103.3	16396.5	17128.7	23355.4	20564.2	27109	22549.7	25324.7	29578.3	27818	25699.2	21085.8	23751.3	25520.7	26587.9
CRLF3	6	6	1660.64	1589.75	1892.81	1510.66	3417.14	2241.82	2549.14		3599.31	4710.58	4811.95	4054.15	3465.52	4410.5	4367.63	3692.59
CRMP1	14	14	49268.6	58130	95329.7	70638.2												
CRNKL1	13	13	6772.07	5210.2	5898.38	5685.68	7907.04	6412.21	5856.44	5919.06	6772.69	6272.74	6222.71	6870.6	7276.82	5609.2	6147.48	6716.17
CRNN	6	6	2196.2	1395.34	11348.8	750.437		607.52			2197.29	1866.88	4907.26	3848.09	2881.23	2221.49	1258.88	1343.22
CROCC	2	2	36857.1	26339.4		51345.8	154951		28549.6	101170	35887.1	31728.3		26043.5		17716.5	19642.6	16984.4
CROT	1	1	3622.42	2807.25	2934.19	2260.79							1950.07	2020.2	2238.49		1483.18	1851.13
CRTAP	9	9	29761.1	34483.2	58235.5	40462.3	8224.46	7063.95	7999.66	8112.23	11921.5	13844.7	16041.5	10991.8	8100.97	9118.45	10441.7	10274.7
CRTC1	2	2	3032.01	2381.52	2322.1	2107.34		1261.8			2789.35	4543.6	17609.8	14453.5	2322.49	2404.79	2341.92	2442.63
CRTC2	3	3	4512.6	3717.07	3411.24	3517.11	5595.89	5023.89	5330.52	4979.31	4372.59	3167.9	3301.77	4904.57	5156.62	3853.82	3452.58	4153.77
CRTC3	3	3	1128.31	1266.16	1943.75	1262.57		689.264	386.382		1335.55	1886.86	1385.57	1573.84	921.609	1699.98	1535.81	1431.61
CRYAB	11	11	105547	107208	94168	132571			1971.5	4076.12	2807.27	2519.31	4947.07	3385.56	3872.6	2439.86		4091.42
CRYBB1	5	5									10145.6	11095	10887.2	13403	4164.48	3492.55	3897.54	4643.24
CRYBG1	27	27	4470.46	3463.91	4880.08	4623.6	13191.4	11968.2	10658.7	11917.4	5284.36	4827.77	4992.9	4341.42	5494.29	4615.08	4906.23	5836.77
CRYBG3	4	4	1608.99	1779.02	1246.17	2350.32		1372.49		1038.16	627.272	1003.37		1377.8	730.954	864.615	1863.01	1287.04
CRYL1	9	9	5528.82	13045.6	7499.17	10001.1	9305.62	9496.25	9358.74	11040.6	39238.4	51030.1	44835	44440.2	20886.4	16240.7	18590.7	17897.4
CRYZ	14	14	22821	25308	25649.2	31521.6	28336.7	31963.1	30211.5	33956.7	19250.4	24272.5	23860.1	19847.4	21329.7	18362.9	19231.9	16963.2
CRYZL1	5	5	7127.73	7884.37	7433.38	9274.5	5655.97	5518.75	5109.11	5709.26	7498.12	8354.05	8780.2	7943.5	6001.45	6329.7	5332.22	6044.76
CS	14	14	63529.8	87443.5	124552	98034.8	109823	110302	126999	128787	167148	193636	169944	156198	228380	186171	194269	197664
CSDE1	28	28	18799.9	18615.8	16283.8	22530.3	16521.6	15165.9	14901.1	15175	15500.1	13525.3	13819.5	13420.4	14837.9	13548.2	15789.8	15059.8
CSE1L	26	26	21467.3	24538.7	30485.2	26310.9	32517	41939.3	26493	25096.5	22944.1	25935.6	22324.1	23643.7	18980	22332.1	28013	21827.5
CSF1	2	2									4082.88	4689.46	4936.4	5456.47				674.223
CSF1R	7	7									9827.62	12154.8	9069.92	8835.91	4587.18	5545.09	4370.46	3906.92
CSF2RA	2	2									1945.42	1796.68	1480.81	1076.28	1193.93	1346.68	1136.23	1508.44
CSGALNACT2	1	1	1790.44	939.601	1375.46	1238.68							3301.11	2375.84				
CSK	12	12	8549.65	9692.58	12300.6	11538.7	9405.42	10280.5	10037.7	10967.8	27692.1	36308	37079	29007.3	26179.6	35292.1	33967.9	31171.1
CSNK1A1	3	3	4860.15	5506.56	7624.82	6901.02	2936.63	4065.67	2034.62	4164.16	4907.41	4988.79	4589.68	3885.39	4968.38	3701.88	4789.15	4020.64
CSNK1D	2	2	5060.44	4572.35	5359.72	7811.8	5611.37	5499.31	6443.33	5094.67	4978.38	6643.22	4964.33	4776.82	3962.51	4942.48	5283.88	4138.53
CSNK1E	4	4	3269.76	2835.61	3228.59	3658.17	2186.9	2390.09	2616.68	2294.23	1686.25	2044.56	1583.53			1290.38	1240.81	806.994
CSNK1G3	1	1		543.52	750.976	540.117						488.4	774.585					300.545
CSNK2A1	2	2	920.368	756.237	1007.29	995.991	715.384	469.505			1005.73	1334.42	2038.87	1804.69	1275.78	1145.61	2582.66	1562.96
CSNK2A2	12	12	2700.95	3291.37	4097.05	3253.89	2610.35	2369.29	2558.14	2991.51	4011.83	4957.43	5851.38	4893.69	4817.38	4703.21	5196.28	4820.68
CSNK2B	2	2	2272.53	2280.6	4759.03	3183.17	1288.53	1177.03			4689.41	8169.37	8659.63	4255.67	4969.07	9534.4	10456.9	6069.55
CSPG4	17	17	10669	11790.7	15727.6	15540.8									2891.46	2723.11	4015.57	2947.07
CSRP1	4	4	27518.9	20474.5	58044.2	20052.9	21784.8	42421.4	20443.1	16111	17786.6	24441.4	28096.4	12795.9	21995	24768.4	36902.1	30312.6
CSRP2	2	2	51107.8	36393.3	78437.3	39252	25361.9	25285.1	21093.6	25439.1			4756.76					
CST3	1	1									5546.77	6297.94	5498.38	5691.41	3437.55	6191.85	5859.66	4157.67
CST4	1	1	1293.79		1133.59		455.149			261.188	655.561	969.441	1143.49	1724.52	530.271		490.754	472.447
CST6	2	2	2234.91	1620.83	2000.84	1942.95	2166.11	1991.14	1723.33	2302.11	2612.23	2511.24	3372.72	3644.9	5861.09	1683.75	1950.96	2081.94
CSTA	7	7	15453.4	6748.77	10517.6	3542.33	10320.4	11487.2	9782.67	9809.79	16393.7	8382.1	25998.8	28268.9	135244	8367.5	9921.6	21360.8
CSTB	6	6	18156	14602.5	36208	18203.7	9948.52	8230.61	6976.09	4525.21	150079	99299.7	183597	132366	73217.7	45326.8	103881	99166
CSTF1	6	6	2695.4	3185.83	4904.71	3766.51	2912.82	2648.87	4155.79	1801.67	3125.62	4295.32	3755.91	3229.19	3866.02	4318.65	4031.21	4162.79
CSTF2	4	4	6558.06	6105.55	6448.55	7165.34	8635.12	8709.14	7631.54	6448.71	9231.01	7487.22	6893.76	9048.25	9153.03	5945.33	10331.2	9703.81
CSTF2T	3	3	2174.94	2188.95	2129.35	2631.25	2379.9	1726.6	882.851	1966.13	1773.1	1566.65	1558.29	1679.11	2917.79	2328.21	2180.76	2220.21
CSTF3	20	20	22751	21070.3	25496.1	23514.1	23685.7	24265.9	21280.9	22913.8	21785.6	21806.1	20322.4	20654.6	25047.9	22617.5	24561.3	24174.9
CTBP1	8	8	22434.5	22599.3	22843.4	24902.2	34946.7	33752.8	31984.7	30056.5	24174.9	23365.7	19593.5	22845.1	23707.8	21091.7	22947.2	22867.8
CTBP2	7	7	12160.3	10391.7	10033.8	11094.7	22573	21933.4	21130.4	15773.7	6141.07	5542.94	5789.01	6181.96	9241.48	9451.27	9297.51	8774.77
CTBS	5	5	3246.57	4166.2	5315.12	4965.3		1106.52		2176.55	12160.5	28825.3	19269.1	18016.8	6279.46	7069.95	3735.14	3927.29
CTCF	1	1	986.899	1289.34	2005.78	1575.76	1013.93	1874.14			2285	2365.24	2644.72	2144.3	1826.94	1644.4	2753.87	
CTDNEP1	2	2	5062.07	4079.22	6160.1	4858.82					6264.28	7372.57	7564.91	6410.46	6342.93	5733.6	6603.11	5348.77
CTDP1	11	11	10887.6	11237.3	9613.24	11349.7	8973.1	6986.06	8747.8	7736	12995.2	13534.2	11989.6	12768.3	13761.7	12564.3	13119.4	14903.5
CTDSP1	1	1									1694.01	2201.73	1103.07	1668.91	1584.1	1368.31	1263.5	1389.93
CTDSPL2	8	8	4170.76	2999.37	4300.36	3315.34	5927.28	6908	5979.96	5825.21	4106.51	3612.65	3623.42	4100.31	2281.73	2049.88	3143.07	2886.1
CTF1	2	2	1749.63	2433.45	1826.38	1641.48	827.48	427.197				975.251				560.749		
CTH	4	4	5520.15	4540.76	5794.25	5951.08	4797.2	3943.85	3428.43	3912.61		1894.04			4918.27	2002.06		
CTHRC1	1	1	2055.2	1955.45	2015.66	1962.5												
CTIF	7	7	6326.02	5363.53	5440.92	5787.39					2317.89	1579.25	1990.45	2046.26	1566.64	1229.5	1474.18	1590.4
CTNNA1	15	15	27967.2	30193.4	28953.4	36690.8	16978.4	15948.7	14363.6	15776.4	5579.33	4479.56	6175.4	4384.65	4345.9	3979.87	4634.2	4788.68
CTNNA2	1	1											1346.58					
CTNNAL1	4	4		1333.43	1910.53	468.099	1718.85	1639.79	1363.15	1092.59	972.853	1170.51	919.474	1284.28				
CTNNB1	13	13	16668.8	17350.7	19961.7	18533.2	6566.63	6663.84	5793.81	5500.04	1757.39	1512.49	2808.02	1292.48	1498.55	1067.54	1172.17	2089.85
CTNNBL1	9	9	16082.3	15814.2	17661.4	16551	17884.2	19245.1	16438.2	18064.3	18128.6	15762	14691.6	16106.9	15192.7	17011.4	15433.3	16486.2
CTNND1	20	20	15423.6	15760.7	19342.7	20827.1	13910.8	10616.9	10672	9848.61	10169.3	11755.2	10875.2	9702.84	13381.1	14976.8	15694.5	15100.7
CTPS1	12	12	13113.2	11325.3	16467.7	11512.9	16909.4	13923.6	13625.5	12945	11733.7	13645.5	12707.8	12878.1	12890.3	14392.5	17237.5	14689.7
CTPS2	8	8	12919	11492.5	10103	13083.6	14939.6	14768.2	13055.1	12295.8	12230.3	12716.4	12372.1	13515.2	10261.3	9616.02	10491.4	9811.65
CTR9	12	12	6288.5	6079.23	6974.02	6787.5	5671.62	5496.43	6432.09	6426.21	7575.67	7452.48	7013.27	7266.32	7827.58	8163.67	7843.86	8418.8
CTSA	6	6	5635.42	6217.05	9885.93	8278.55	1548.85	1989.38	2323.41	2216.74	17198.8	23926.3	22823.1	18086	12830.9	12405.1	12945	12752.8
CTSB	8	8	108499	99048.6	115794	92346.5	139096	97816.6	94724.2	78733.7	702855	844840	788039	669352	195774	272577	189373	200087
CTSC	6	6	19099.5	15338.9	24771.1	26384.7	14984.2	17229.1	13216.2	10513.2	1.37575e+06	1.39081e+06	1.25004e+06	1.28352e+06	387024	350269	310959	352618
CTSH	4	4									13289.5	17352.4	14719.2	11133.4	9946.59	13202	10845.4	9413.96
CTSL	2	2	1674.12	2982.95			1115.37		2054.63		11809	14108.8	11776	9084.13	9036.4	8576.72	10386.4	11410.7
CTSS	7	7	3173.21					2201.71	2665.24		31238.9	49645.8	39449.2	34559.6	34729.1	36729.2	31019.9	25532
CTSV	3	3	3184.94	1897.19	2680.34	1451.5	2145.7	1291.62	2356.16	1823.79	1993.79	1417.99	2313.15	2084.77	11089	1088.87		1483.29
CTSZ	3	3					1674.56	1804.52	1119.22	799.655	107526	108700	113254	59660.2	27458.5	51942.5	47543.7	32126.4
CTTN	22	22	20254	22659.6	31243.4	24029.9	14927	15564.6	12863.5	15261	3920.23	4113.49	5956.67		6495.35	4888.72	7642.65	5729.42
CTTNBP2	4	4								2040.37	1963.35	1887.62	2758.97	2771.83				
CTTNBP2NL	19	19	11283.1	11801.2	10255	13543.4	6574.3	5276.92	4759.56	4892.1	5410.26	4923.28	5165.99	5255.37	6022.21	4902.44	5408.62	6342.36
CTU1	2	2	1579.71	1791.09	2343.06	2216.13	967.693	917.329		715.66	1547.14	1995.31	2132.8	1342.75	1731.56	1969.08	2088.15	2153.81
CTU2	3	3	2327.85	2817.84	1604.31	2261.4	3149.62	2379.95	2514.04	2357.28	2364.89	2089.36	2004.89	2000.2	2012.1	1423.24	1952.62	2557.71
CUEDC1	4	4	3481.36	2749.89	2946.78	3382.79	1448.63	2101.75	2031.13	1632.1	2870.26	3002.33	3320.68	3304.8	1193.1	2160.72	2920.14	1930.73
CUL1	17	17	10027.2	10277.7	10874.4	11537.2	9161.46	10767.3	10621.3	10327.9	10552.5	11821.8	11146.8	11050.4	8733.09	10397.2	10261.6	9607.26
CUL2	14	14	6357.1	7041.08	7853.4	7533.72	4913.56	6026.72	4874.29	3510.09	10298.3	11229.5	10800	8925.86	10098.6	10426.8	11950.2	11009.5
CUL3	19	19	6010.64	7001.71	8707.17	7061.51	6017.98	5472.87	5316.59	4866.34	6303.48	6912.88	6692.84	7206.83	5693.62	6647.5	6750.37	6438.24
CUL4A	15	15	9001.05	9180.16	6869.52	9372.96	12969	12603.9	9598.8	10673.4	11044.7	7681.17	8693.35	10006.7	7898.3	5860.06	6863.45	8232.17
CUL4B	19	19	6646.6	6484.3	7889.85	7256.15	7666.24	6612.8	7000.91	6336.16	4997.33	5261.55	5584.69	5126.27	4028.57	3690.15	3985.56	4077.02
CUL5	23	23	14817.8	14373.7	14687.5	17944.1	13168.2	13484	12475.6	12164.2	14540.1	15486.9	14593.4	15581.6	13139.1	11274.4	14584.3	13357.8
CUL7	10	10	8572.73	9193.87	7668.43	9049.23	3954.22	3549.31	4349.04	4223.57	3375.51	2862.14	3633.42		3351.1	2715.44	2975.83	3313.56
CUSTOS	7	7	4941.36	3317.29	4160.63	3773.86	6837.64	5865.65	5473.42	5925.19	3392.04	2727.77	2789.07	3374.9	3584.59	3324.09	3273.59	3708.33
CUTA	3	3	34043.1	34791.7	37635.3	47352.2	32733	34899.6	34029.5	35721.1	23192.5	31365.3	29306.9	34447.2	18356.9	14052.3	13665.1	15568.7
CUTC	1	1													625.6		358.928	
CUX1	28	28	6585.39	5733.7	6363.78	6282.22	3651.05	3607.77	3967.98	3457.77	5230.12	4177.73	5216.54	4916.4	5734.63	4643.15	5460.41	6220.69
CWC15	4	4	5654.8	5754.43	5904.48	7088.83	6630.52	7212.22	6900.72	6968.03	5622.01	6267.37	6042.73	6233.2	5104.13	5579.11	5397.53	5391.17
CWC22	12	12	4144.3	3618.59	4205.6	4198.36	5744.43	4766.49	4621.55	4131.36	4695.42	4708.72	4283.05	4745.39	4854.78	4314.89	4445.85	4539.07
CWC25	3	3	1869.79	1506.32	1778.59	1412.74	1694.06	1464.66	1694.41	2078.32	1083.79	1467.05	1740.78		979.501	1088.52	1379.84	1414
CWC27	4	4	2110.68	3480.01	2809.58	3431.09	3358.82	2993.21	5924.95	5244.23	3261.63	2809.34	3159.29	2751.7	2475.82	2767.72	3314.6	2879.21
CWF19L1	7	7	5729.9	4638.07	4800.56	5159.94	8179.62	6902.85	7028.01	6610.65	6489.89	6220.66	6474.82	8910.97	6027.06	4949.13	6116.08	6741.35
CWF19L2	3	3	516.131	534.456	436.944	429.84	772.902	756.425	779.023	709.661	351.14	389.94	229.002		314.499	288.814	286.646	
CXADR	2	2					2221.73	1978.51	1708.15	1843.02					1094.28	2006.04	2342.34	1267.81
CXXC1	3	3	1322.55	987.77	1123.88	1278.2	963.881	1377.77		1020.89	1247.63	1377.23	1218.48	1275.25	1577.63	1313.39	1559.17	1056.92
CXorf38	2	2	5231.32	5906.11	4789.89	6681.23	7803.22	9797.85	8553.45	8435.09	8909.97	9148.77	7394.13	7802.41	6194.65	7761.05	9400.17	6366.93
CYB561D2	1	1									536.814	968.125	726.645	553.43	494.955	1026.7	1152.97	
CYB5B	4	4	1327.5	1850.42	1816.7	1384.45	1735.38	1551.73		930.505	3559.55	3485.77	5408.94	3671.94	2557.02	3462.71	5561.09	3546.69
CYB5R1	8	8	17246.5	14294.5	14828.2	17137.9	12866.6	12286.8	9319.61	9313.84	30425.1	25991.7	30056.1	33388.2	26112.7	20919.9	23982.9	24241.7
CYB5R2	3	3	2858.85	3688.39	2303.97	2655.18	3444.35	1730.44	1570.22	1520.15	867.377		2122.02		12384.6	1034.76		
CYB5R3	15	15	260739	272507	435005	261100	118753	128548	87644.9	77777.9	161399	132838	159856	129139	185472	157084	200482	205934
CYB5R4	6	6	958.265	974.719	985.248	665.034	967.384	1091.71	1368.43	2995.24	1964.32	2545.45	2275.48	2217.98	1910.54	2017.58	1763.84	1968.04
CYBA	3	3									45904.7	37259	30206.2	43657.3	38764.8	66101.7	64068.6	31880
CYBB	12	12									50597.9	69865.6	57260.8	53563.3	56952.6	60789.8	65288.3	54525.4
CYBC1	4	4	1655.8	1655.38	3485.9	2913.68	828.798	1658.83	2142.23		4193.03	4466.17	4954.03	3059.42	2966.25	3982.22	2809.39	3513.63
CYBRD1	5	5	4955.82	4489.12	5866.52	5158.53	6400.99	5564.89	5324.61	5695.98	9583.42	10472.7	11713.6	12980.7	3885.61	2662.12	3164.29	3719.15
CYC1	6	6	5245.02	7478.32	12192.1	6986.01	6895.83	13874	6953	5204.71	22232.1	44388.8	31374.9	21519.5	26971.1	44012.4	49766.4	31546.6
CYFIP1	20	20	35278.1	35658.5	40554	36283.7	37007.4	35095.5	33938.9	25613.4	88201	103299	78417.8	81482.4	92867.5	114073	107509	101101
CYFIP2	9	9	5457.85	2296.08	7746	6516.55	718.664				4532.58	4356.33	3308.96	2837.1	2992.52	4663.59	2041.65	3632.45
CYGB	2	2	2604.77	2692.89	2367.92	2183.9							2451.95					
CYLD	7	7		2008.85	2037.91	2534.02	3449.84	2145.53	2275.02	2536.56	2573.71	2293.6	4253.46	2293.55	3713.75	2215.7	2873.13	4028.47
CYP1B1	4	4	6920.86	8238.64	5615.01	5595.83					4399.6	3231.37	3876.87		3476.68	1897.77	2428.01	2834.76
CYP20A1	9	9	12561.9	14509.2	15912.4	15600.9	4902.67	5277.75	4197.8	5656.96	13595.7	16200.5	14098.8	15317	10573	14250.4	14136.2	13747.9
CYP27A1	15	15					10050.5	7974.84	9153.97	8347.83	11743.2	4172.26	12011.3	7170.12	54156.9	55230.6	72258	60754.8
CYP27C1	2	2	2462.11	2774.78	3366.4	3444.36												
CYP2S1	13	13			5096.2	243.755					7241.1	9486.13	7823.49	7767.85	8868.13	8638.14	8309.14	11195.8
CYP2U1	2	2	3133.97	2826.41	3442.36	2888.91	1132.09	1193.26	1425.42	1192.12	1624.13	1040.98	1315.1	2122.58		571.888		
CYP4F12	1	1	7348.85	5074.69	4844.94		15271.8	10368.7	11192.2	10704.4	18001.7	10624.1	13510.3	29651.2	25056.1		8912.08	25015.1
CYP4F22	2	2	704.325		1233.72				599.659	659.24		577.342	973.779	887.293	3047.53			
CYP4V2	5	5									1270.24	1908.54	1855.15	1995.06	1615.89	1367.85	1667.15	1451.88
CYP51A1	12	12	9046.55	9064.07	12070.4	9004.98	7779.89	7235.22	5922.6	6164.85	8040.72	9556.95	8583.97	8415	5381.04	4976.51	6078.91	5772.98
CYRIA	4	4	1004.18	410.268	894.051	508.288					4772.92	5617.91	4865.34	4939.19	2677.2	2777.06	2735.27	2997.93
CYRIB	14	14	21650.2	25354.3	28218.3	26037.3	27503.5	51461.1	36216.5	29884.9	166588	162372	185129	145295	159044	201313	194570	187177
CYSTM1	2	2									7800.69	4763.87	6690.4	5220.63	1664.8	1373.07	2079.84	2767.17
CYTH1	6	6				1257.3					3226.71	3395.56	3363.13	3428.17	2536.41	2162.67	2249.95	2931.17
CYTH4	8	8									16120.2	18854.9	15326.4	17833.5	12517.1	8709.09	11722	11541.8
CZIB	2	2	27700.6	16626.9	22108.3	17742.7	13494.2	10273.1	12390.6	12260.6	26194.9	36095.5	31527	28017	23911.5	33600.6	29429	29125.8
Carbonic	12	12	2472.72	1549.26	2928.88		55689.9	52470.8	38527.9	45452.5	56418.1	47743.7	40111.6	50960.2	98390.6	54829.2	99452.9	104524
Catalase	20	20	24482.6	20059	32831.7	23486.6	58307.6	35351.6	43316.3	41260.3	80759.1	93035.2	95252.7	87058.9	64928.7	60939	68620.7	73534.6
Cathepsin	16	16	289061	254688	320328	257443	178010	205699	175846	182586	2.86985e+06	2.63446e+06	2.4183e+06	2.50653e+06	932186	935584	949368	810028
Creatine	4	4										6690.54						
Cytochrome	11	11	29879.4	41066	67963.9	45193.4	18878.3	22948.1	14250.7	15019	42206.7	62370.8	52413.2	39464.2	59366.1	69725.8	70455.7	54904.3
D2HGDH	2	2					1932.1	2386.96	1361.04			5745.64		7645.72		2750.67	2679.45	5453.86
DAAM1	5	5	2956.27	2768.56	3432.17	2992.32		1927.29			2827	3884.54	2977.08	2822.3	2656.13	1397.32	1575.21	2261.47
DAAM2	5	5	2416.66	2624.24	2369.39	2312.63												
DAB2	19	19	34434.8	33902.3	35884.3	37619.3	4311.88	2862.28	3395.76	2878.71	138239	174120	124595	149868	23964.3	21463.5	25574.1	25196.4
DAB2IP	4	4	2647.09	2772.34	2466.78	2987.64	1404.25	2029.16	1623.8	1541.47								
DACT1	1	1	397.993	273.742	368.429													
DAD1	4	4	23654.3	25851	24411.8	27722.2	16214.7	18203.4	10463.2	8796.89	34530.4	33983.8	25068	26400.8	22153.1	29851.8	31599.6	24497.3
DAG1	9	9	6070.26	7845.6	7900.35	8006.12	8036.25	7464.45	7857.69	5540.23	2378.46	2338.59				2620.62		
DAGLB	10	10	2499.59	2607.31	2944.04	2033.64		2102.68	2454.05	1575.02	7004.13	7293.99	6736.21	6833.98	4622.27	4598.92	5281.8	5124.34
DAP	1	1	3695.35	3551.28	3570.05	4544.01	1230.23	2208.99	1803.06	1437.03	1779.02	1860.69	1291.92	1921.01	1131.75	667.054	1583.88	1518.81
DAP3	10	10	9246.14	8252.33	8417.93	7515.04	11393.2	12392.9	7962.74	9410.28	14751.1	12565.5	14182.6	15458.3	19366.5	18766	22565.9	21015.5
DAPK1	12	12	3077.23	3370.01	4010.52	3781.51	454.774	624.682			3686.95	3855.61	3719.53	3792.97	3329.75	3477.13	4162.48	3863.92
DAPK3	9	9	10764.2	11371.3	9922.42	12629.5	11656.6	7234.77	9927.31	7459.33	4014.64	5454.94	5453.18		3107.85	3584.22	4031.23	
DAPP1	2	2	1359.05				1598.2				3255.19	2427.09	4328.56	3670.93	3284.07	3983.79	3179.92	3554.42
DARS1	21	21	60844.3	68775.4	76647.6	78106	83922.9	83661.3	81758.2	73665.7	92511.8	91988.9	85251.5	91508.3	86468.3	99614.4	111030	94683.4
DARS2	12	12	6607.35	6706.45	9196.26	8108.17	8525.42	10145.1	9697.65	9130.7	17641.4	17402.6	16981.1	15945.7	19583.5	17061.4	19390.4	17853.3
DAXX	2	2	1881.8	793.068	1518.04	1914.43					1164.22	1710.97			1357.25	1428.97	1356.54	1314.77
DBI	3	3	3540.36	3340.84	5234.62	2580.5	9139.44	4308.21	3599.59	4883.07	38498.9	28820	46305.9	23635.9	37420.9	32366.2	54949.8	41719.8
DBN1	16	16	83139.8	112656	132526	119917	33628.1	37510	38508	34035.4	6750.24	3498.77	14942.3	4636.04	6382.02	5392.84	7967.88	9148.24
DBNL	15	15	11117.7	10664.1	11139.9	10687.7	7090.44	6274.62	7508.77	6143.95	13219.7	13293.8	12083	14127.5	16423.8	16214.3	17726.7	16877.9
DBR1	7	7	6846.12	6056.46	7663.09	7123.44	10709.5	9229.96	10650.2	7946.98	8987.16	8448.15	8682.97	8829.58	9183.62	8630.74	10139.9	8329.95
DBT	8	8	3690.49	3503.16	3334.48	4085.89	3170.01	3324.5	3781.63	2252.01	5122.89	5239.81	3762.17	4979.53	5081.97	5336.74	5667.81	4520.36
DCAF1	17	17	2149.74	2253.72	2369.5	2406.21	4389.32	4939.43	5197.53	3817.05	3744.14	3945.04	3632.33	3968.09	3575.08	3719.67	3643.9	3466.34
DCAF11	3	3	816.182	449.172	905.022	492.074	687.582	590.639	794.881	855.79	790.354	804.75	830.831	854.383	753.937	562.018	599.78	882.875
DCAF13	4	4	2618.6	2715.36	3719.27	3359.56	4693.33	3713.08	3533.24	2843.02	3329.51	3436.75	2853.74	3774.04	3184.15	4205.99	4503.34	4414.58
DCAF5	4	4	2284.68	1967.11	2292.42	2481.35	1668.92	1446.5		1540.74	2279.17	2116.56	1903.06	2412.01	2342.61	2199.98	1999.97	1912.62
DCAF6	3	3		1556.65	2198.7	2133.08	2154.63	1244.88	2463.82	1839.2	2537.58				1504.02	2284.81		4701.39
DCAF7	5	5	2158.94	2803.06	4132.04	3200.49	1299.93	1539.9	1236.75	1350.61	3250.32	3718.7	3360.85	2998.34	2724.16	3162.67	3108.77	3090.86
DCAF8	3	3	1375.71	1732.73	2406.07	2373.95	1602.58	1010.87	1620.72	770.397	1163.24	1664.62	1590.14	1103.9	1209.82	1291.46	1197.14	1397.05
DCAKD	12	12	16666.6	17334.9	19700.7	17569.9	10728	12007	14384	13583.4	10027.2	11017.6	9857.64	8734.5	10699.8	9819.23	10830.9	10350.9
DCD	6	6	331797	269386	415303	89209.1	476905	335542	442126	304213	548790	297669	446332	506329	484161	408040	160582	456832
DCK	6	6	7485.27	5866.88	5492.21	6347.35	12498.1	11518.7	11522.1	10550.8	15886.9	14071.8	13159.5	16726	11159	10831.4	12595.2	12911.5
DCLK1	9	9	4632.83	3330.99	3563.91	2307.28	28194.3	37146.4	23845.5	28864.3				26656.1				
DCLK2	11	11	1251.76	1247.64	1254.14	1384.53	1390.81	1227.22		758.792	2889.63	2837.18	1787.46	2983.32	4513.19	4127.18	3918.79	5065.64
DCN	2	2	4869.62	5372.66	4734.13	5270.82							1171.16					
DCP1A	8	8	2591.34	2594.84	2832.06	2872.87	2553.07	3450.94	3050.09	2463.07	3267.77	3789.11	3139.44	3103.08	2804.29	2753.62	3311.91	2714.72
DCP1B	5	5	1768.12	1486.84	1649.54	1433.97		695.382			1325.23	1344.48	1938.73	1813.78	1734.71	1331.02	1304.03	1533.9
DCP2	2	2						346.989			1458.55	1175.89	1452.5	1854.09	1510.59	1549.53	1409.42	1682.04
DCPH1	13	13	8821.02	7483.76	8170.81	6296.69	5451.8	5678.03	4689.44	3737.86	17633.8	17672.8	17102.4	17524.3	15414.2	15951.2	21307.9	19276.1
DCPS	8	8	6640.09	5894.51	6779.83	7026.76	8502.97	10865.8	7517.98	9579.27	7706.66	8168.15	9054.39	8449.22	6026.62	7393.56	8051.51	6964.77
DCTD	4	4	13617.6	11789.2	12013.5	15909.3	17103.1	18264.1	13028	14135.4	8747.81	8131.49	8447.47	7415.57	5721.05	6160.22	7551.67	6481.39
DCTN1	35	35	15950.4	16981.6	17663.3	19179.5	9947.78	10182	8863.83	8987.57	18944	18847.5	19981.3	19492.6	14549.6	15964.4	17166.1	16204
DCTN2	16	16	26532.1	28426.8	28943.5	33534.7	18605.7	20397.4	18142.9	16542.5	29286.7	28444.3	29222.7	29720.2	20973.5	20370.4	23475.4	24109.4
DCTN3	4	4	11803.2	12458.8	11009.7	17155.7	14213.8	14186.9	12351.3	12646.6	18337.6	18667.2	10570.9	12705.4	14052.5	15489.9	18055.2	14650.6
DCTN4	7	7	10817.3	9232.09	13502.3	8529.72	7730.36	8777.98	8009.31	7359.92	12991.5	12456.1	14117.4	12388.3	9381.54	9351.64	9894.33	10589.5
DCTN5	2	2	3051.16	2432.53	2869.23	2799.7	1904.55	1213.97		1527.77	2163.19	2927.63	2469.35	2228.63	2238.26	2234.55	2068.71	1359.08
DCTN6	2	2		3340.07		3115.29	4039.06	4131.17	2623.86	2587.18	4426.16	2377.46		3035.83	4750.33	2920.07	3091.73	1928.04
DCTPP1	7	7	6989.74	5855.91	5796.69	6875.55	10059.6	12745.5	9341.12	9433.11	7766.57	7867.63	6272.44	5940.56	5321.46	10088.5	9614.62	7776.17
DCUN1D1	4	4	3811.25	3861.67	4655.97	4462.03	2791.46	3017.6	3524.99	3142.28	6851.61	9566.61	7333.19	6268.11	8486.33	11155	10255.2	8820.96
DCUN1D3	3	3	5463.25	4745.54	4985.46	5210.95		2416.98										
DCUN1D5	5	5	1894.89	2265.45	1927.6	2726.71	2649.1	2331.13	2439.97	2258.5		2103.94	1906.76		2096.5	1818.29	2015.86	2394.02
DCXR	7	7	19359.8	20806.3	18523.8	17783.4	36454.4	30429.7	23249.1	21604.8	46536.7	39295.9	36112.7	44841.5	41958.3	29359.4	29004.3	30555.2
DDA1	1	1		700.771	1865.47	705.643					1564.27	2495.58	1198.21		1443.93	2815.54	2991.37	2299.29
DDAH1	7	7	7104.46	11546.5	10089.8	12270.9	6448.08	8082.3	7658.83	6479.47	2588.08							
DDAH2	9	9	33062	33660	28135	35799.4	14130.2	12870.4	12582.8	11897.9	30955.9	24158.5	24580.7	26355.7	13454.9	9260.67	9348.67	9768.88
DDB1	31	31	17555.4	14254.4	17770.8	19634.3	23876.9	24058.9	23062	20072.3	19994.3	21899.1	18654.9	20228.9	17323.5	17256.2	18708.5	17124.5
DDB2	3	3		2083.55	1619.78	2191.5	3374.97	3628.86	2947.75	3063.37	2569.09	2894.91	2641.52	2718.67	2746.67	3053.65	3253.59	2384.99
DDHD2	6	6	4040.01	4986.65	4358.18	4895.05	6022.75	3893.25	4342.78	3567.49	3977.35	3170.45	2798.71	2858.16	2500.96	2176.54	3243.37	3971.89
DDI2	7	7	6877.27	7060.42	4935.27	6773.85	6987.95	5427.92	6478.26	5227.67	17370	14913.5	13661.5	16011.1	18416.6	15454.4	19155.6	18034.8
DDIT4L	1	1									8716.68	9699.29	6630.5	9651.83				
DDOST	15	15	209464	216203	242738	230758	88467.9	89198.7	91048	87112.2	140666	167236	151123	157604	129395	133331	144290	130861
DDR1	3	3					3900.27	2883.61	2391.35	1359.83								
DDR2	5	5	3084.34	3338.99	3883.58	3099.64	1146.3	1023.49	1380.54	1681.69								
DDRGK1	9	9	10797.6	11596.9	11454.4	11674.4	8204.97	8621.26	5182.26	5009.78	13831.3	13475.9	14265.9	16170.7	13508.2	13479.6	14594.4	16270.7
DDX1	22	22	118919	110943	103338	105703	66008.7	64850.3	55029.7	40043.5	70655.1	57174.8	66338.7	63477.6	68222	63046.9	71369.6	74611
DDX10	15	15	4206.1	3618.98	4252.03	4112.33	4593.61	4749.82	4571.85	4127.48	3529.81	3529.77	3543.4	3692.73	4244.05	3196.45	3548.19	3696.69
DDX17	14	14	35538.8	42991.7	58535.1	44435.5	60868.5	40288	53571	53204.7	48694.3	69809.4	64969.8	48397.2	46093.3	70857	67218	57703.5
DDX18	15	15	10700.3	9813.7	11972.6	12043.4	13680.3	12361.5	11651.3	11933.9	9360.5	10570.9	9084.94	9051.82	9871.79	10979.3	10363.4	10210.1
DDX19A	1	1	1045.59	1235.23	843.276	1431.22	2238.85	2043.98	1977.04	2274.58	2372.1	2219.35		1473.48	1879.73	2436.76	2726.98	2029.85
DDX19B	1	1	832.23	913.674	1065.64	1287.48	684.651	890.806			902.553	739.035	1241.06	952.982	811.609	787.1	1109	930.852
DDX20	14	14	3816.35	3697.3	4069.13	4439.81	5437.95	4249.4	4498.17	3703.8	3880.24	3879.26	4247.48	4565.08	4119.12	3644.36	3850.59	4305.55
DDX21	29	29	24487.1	20592.3	25752.8	23993.1	42340.5	38193.3	39229.3	36203.2	14661.2	13183	11270.5	13508.5	17251.6	18319.4	17339.2	18137.7
DDX23	17	17	14234.7	15902.7	16037	16580.4	20526.6	17421.9	18849.4	18704.2	13722.2	15080.8	12386.5	13861.9	13786.5	14169.6	15212	14641.5
DDX24	15	15	5848.74	5604.37	5871.65	6247.25	3578.27	3603.39	4397.09	3672.47	4666.89	4844.27	4282.11	5085.46	4286.91	4673.53	4178.1	4515.18
DDX27	20	20	11020	9615.3	9835.83	10728.2	12266.3	11268	12045	11712.9	9880.58	9135.03	8217.77	9606.95	10297.6	9922.1	9928.94	9488.2
DDX28	11	11	988.32	1110.41	1556.04	970.092	2751.01	2606.6	2291.33	2442.45	1986.47	1939.37	1928.85	1822.59	2496.33	2503.15	2751.15	2771.63
DDX31	9	9	3833.54	4009.17	3793.49	3935.58	3065.83	3264.41	4051.15	3138.97	3740.04	3693.34	3589.85	4898.52	4379.84	3708.11	3833.06	4219.26
DDX39A	4	4	13077.2	16888.5	14002.9	22485.9	23509.9	20563.2	21966.5	21837.4	27778.2	34460.8	23160.1	33228.9	26209	31216.4	21847.1	20487.1
DDX39B	5	5	86312.2	114666	96967	102983	102841	109659	100356	112401	61463.7	75532.1	53295.2	69064.6	53331.5	61943.4	69693	72796.2
DDX3X	11	11	36955.9	38426.2	35533.3	43349.3	38581.8	40381.2	38839.4	38184.5	35091.4	38107.6	28883	32037.3	34508.3	30239.2	31814.1	31544
DDX3Y	7	7	10015.5	9600.38	9028.73	8045.24					6990.52	6906.07	6596.09	8062.26	7321.18	6540.3	6357.63	8306.41
DDX41	12	12	3332.31	3284.49	3388.99	3600.88	6449.6	5601.34	5088.75	4222.73	4105.36	3934.04	3574.85	3594.35	4390.74	4957.73	4700.74	5248.45
DDX42	24	24	15629.3	15826.8	16100.5	15936.1	16889.1	17947.9	16808	16561.7	13578.7	11581.7	11392.4	13342.7	12845.9	13311.5	13815.8	12736.6
DDX46	23	23	13139.3	9672.89	10861.8	10982.4	14392.2	12650.7	14705	11902.9	12208.8	11310	12016.8	10956.6	12746.1	11562.1	13554.8	13675.5
DDX47	7	7	7868.5	7609.49	7652.18	7764.41	17372.7	15267.5	16316.5	15585	8098.33	7017.32	6046.63	6302.74	8597.94	7507.3	7594.88	7676.52
DDX49	5	5	3975.54	4193.19	5521.9	4694.71	3951.12	5287.27	4088.83	4417.53	5894.46	5560.23	5078.03	5285.62	5497.24	5095.66	5566.63	5730.25
DDX5	17	17	59633.5	57187.5	74335.5	60880.3	61987.5	63235.5	69389.1	72785.6	77919	78383	79643.8	69623.5	88594.8	98456.8	100253	93154.8
DDX50	12	12	9483.88	9447.1	9318.98	8739.57	16085.8	14616.7	13552.2	14135.9	5431.53	5660.19	5926.53	5658.59	5276.06	5255.7	4682.05	6672.36
DDX51	9	9	3368.57	3306.12	3679.26	3197.96	4634.39	4576.61	4258.73	3744.28	3519.88	3375.21	3138.34	3800.72	4092.52	3897.23	3794.67	4046
DDX52	5	5	4996.8	4165.74	5007.7	4327.27	5013.55	4348.01	5167.28	4783.1	3405.91	3158.73	2672.31	3854.47	3954.44	4642.78	4014.18	4935.52
DDX54	18	18	7175.61	6347.38	6910.94	6933.46	9912.38	9615.59	8522.49	8372.35	6387.07	6703.18	5466.02	6395.43	6473.73	6400.09	6717.61	6251.14
DDX55	5	5	911.603	1103.44	960.265	772.99	1606.54	1368.76	1241.74	1304.98	1646.89	1215.87	1534.99	1453.54	1052.89	1272.11	1305.96	1468.13
DDX56	8	8	5310.52	5013.15	5302.95	6100.29	5562.61	4506.62	5347.61	4834.14	5356.53	4425.82	4776	5447.49	6020.39	5218.41	6005.9	5434.37
DDX59	3	3	4463.28	2389.82	1046.99	2089.49		3380.39		4294.44	3386.72	3163.25	3084.01	1655.3		2720.85	2830.77	2590.85
DDX6	17	17	21796.7	18798	18879.6	20424.9	17078.9	15605.7	12495.2	12364.7	19731	19579.8	17184.9	19064.7	22206.7	21697.6	24207.6	24434.7
DDX60	19	19	4184.62	4032.69	3952.05	4012.45	3636.98	3391.06	3653.52	3514.04	6130.34	6785.53	5854.05	6845.85	4891.59	5507.56	4851.14	5396.83
DDX60L	11	11	2708.69	2656.43	2651.82	2641.05		479.44			2468.19	2646.87	2766.62	2714.27	3168.08	2837.56	3301.47	3752
DECR1	10	10	5294.66	7602.81	7484.3	7871.82	41293.9	37307.2	40006.6	40539.3	37328.9	37988	32153.8	34608.4	48527.8	30023.3	38501.8	39872.7
DECR2	7	7	7247.38	6961.31	7741.8	8709.26	3607.39	2551.31	2915.31	2012.33	4432.61	4991.31	4459.14	5741.71	5065	3450.07	3309.57	4037.33
DEF6	8	8									8199.3	8283.6	7470.05	8281.1	8042.05	8305.23	7589.03	9033.99
DEF8	2	2	985.402	942.743		1242.35					3379.36	2207.24		1990.86	1421.29			
DEK	11	11	13713.9	11971.5	12257.8	16374.2	47921.2	55300.8	47809.1	50606.9	21960.4	20352.5	18870.4	22381.7	18114.4	18758.3	21898.1	19012.9
DENND10	1	1	812.019	808.88	1265.84	1018.66	470.106	407.274			2007.46	2955.17	2837.99	2089.33	958.444	1201.31	1277.92	1045.05
DENND11	2	2					644.844	885.935	754.567	540.783	1077.6	1358.08	996.691	1450.99	1303.59	1235.28	1171.28	1432.67
DENND1A	9	9	2193.03	1724.99	1488.82	1461.47	2106.26	1539.72	1700.4	1761.98	3086.27	3361.25	3573.31	3502.1	2171.28	1572.69	1776.68	2574.07
DENND1C	4	4									2705.5	2659.96	2517.63	3296.95	3796.99	2299.09	2475.75	2802.78
DENND2A	2	2	1000.46	1275.46	1630.77	1144.7												
DENND2B	7	7	8991.93	10992.1	10550.5	12951.6	7095.82	6012.9	6690.72	7683.57	4016.09	4268.08	3716.29	4791	3740.58	4505.25	4160.72	3978.51
DENND3	18	18	5555.07	9012.79	3595.34	3172.26	9193.79	9232.01	7022.35	7387.38	20631.8	22630.9	21008.7	22014.7	35656.1	39932.2	39086.8	42965.5
DENND4A	5	5	2567.58	2378.03	2584.57	2004.92	3764.88	4318.76	3446.79	3332.82	3441.86	3533.86	3367.31	4195.33	2512.17	3031.45	3224.13	3887.51
DENND4B	11	11	2225.53	1689.48	2185.58	2375.06					8208.07	8090.94	7899.84	8942.42	6609.31	4832.31	5640.14	6322
DENND4C	27	27	3109.75	3106.02	3035.59	3460.46	3988.46	3249.69	3244.89	3374.98	8850.61	8684.01	7171.69	7651.98	5201.86	5416.86	5961.45	6112.99
DENND5A	3	3	1472.27	1231.03	1415.81	1454.74		782.286	1155.57	846.812						763.962	619.458	1091.23
DENND5B	2	2	1098.41	1003.66	1174.41	1076.75	1257.85	988.241	1466.94	960.436						555.611	662.119	
DENND6A	3	3	1632.5	2188.17	2153.15	1581.49	2238.68	2604.84	3421.39	2452.35	3239.58	2680.66	2403.56	2787.81	2218.55	1481.64	1342.92	2738.93
DENR	6	6	10401.4	13694.7	10428.4	16372.6	9192.81	11449.9	11158.2	11318.3	8863.9	10347.9	8155.11	9543.01	8182.22	9323.29	10727.7	9206.78
DEPDC5	2	2		1008.69							2595.88	2449.53	4180.85	2541.87	3417.93	2113.8	2268.44	4240.42
DEPTOR	1	1													1577.33	1636.6	2077.93	
DERA	9	9	9767.9	11042.6	10677.9	11827.8	5822.24	5976.65	7046.41	5131.74	28553.3	30452.9	29255.5	31968.9	18422.6	20842.2	21349	21437
DERL1	2	2	6682.29	7940.78	12435	7829.4	4901.01	4002.41	4413.71	4021.42	21794.9	27392.7	23563.8	16458.3	17723.4	17525.7	23502.7	20729.3
DERL2	1	1	2416.01	2911.99	5134.32	3002.63	1508.69	1173.94			5606.21	7076.58	5570.87	5754	4762.72	6705.71	7468.28	5895.25
DERPC	10	10	3119.63	3997.55	4674.71	3917.07	13607.1	11162.1	11158.9	9090.88	4045.21	3608.5	1852.32	2983.36	3700.54	3182	3631.07	3853.32
DES	2	2		2847.33				7219.61										
DESI2	1	1	7688.81	9333.04	13921.3	10830.7		5354.17		2929.76		12814.2				20934		
DFFA	7	7	7349.23	8659.82	9217.35	8198.04	7819.1	7498.19	5608.07	5884.72	9591.83	9722.32	9033.57	8778.96	8011.76	6693.41	7672.38	8389.62
DGAT1	5	5	1656.19	1093.57	888.541	1294.35	1926.54	1274.19	1237.11	1220.45	1991.5	1100.34	2148.8	2094.05	2711.66	844.786	1636.26	2190.7
DGCR8	2	2	2028.11	1825.35	2649.55	1667.26	2506.75	2546.96	2758.96	1754.95	2231.75	1759.35	1840.18	2272.1	1665.27	1725.93	1340.79	2246.08
DGKA	16	16	13631.8	16998.8	13939.7	16711	4503.42	3119.06	3605.49	4550.05	5015.09	5272.69	6226.3	5175.77	6510.01	6320	5999.91	6269.93
DGKI	2	2	2023.41	2096.76	1890.99	2116.88									570.83			
DGKQ	3	3	1317.39	1572.37	1556.76	1781.73	572.038	812.971	639.682	752.025	1152.02	921.185	1114.52	840.3	1012.83	881.428	1165.29	770.048
DGKZ	8	8	1592.41	1438.03	1836.48	1325.28	1159.82	1006.78	814.31	721.927	2599.36	2554.46	3349.44	3497.2	4513.71	2311.59	3024.02	3337.88
DGLUCY	7	7		1191.53	1119.33	1292.32	4593.73	3028.83	3414.94	2818.05	6986	6637.78	5425.91	6905.42	9035.73	5494.95	7331.69	8133.67
DGUOK	4	4	3318.08	3345.7	4525.92	3968.94	4278.81	3933.05	3310.62	2802.43	3067.24	3366.64	2871.65	2901.83	3537.79	3079.44	3361.54	3393.33
DHCR24	8	8	14029.2	16815.4	30307.9	17372.1	15871.1	17100.8	16614.6	16490.7	41010.1	66309.4	41826.5	35893.4	6247.27	12572.1	12467.1	10965.9
DHCR7	4	4	12319.2	12625.1	18353.7	15434.5	18972.7	37931.2	32333	32163.3	27967.5	37514.6	21621.8	21902	5909.28	10609	12938.8	6883.47
DHDDS	4	4	2179.89	1280.95	1617.05	1703.55			1024.05	1385.8		1132.43		1798.03	1562.81	893.596	1301.26	2038.68
DHFR	2	2	1757.24		1213.05	3592.64	2376.28	2701.88	2710.57	3139.47	7257.21	9663.07	5262.92	5944.86	2128.77	2783.7	3689.96	2685.7
DHODH	14	14	3883.1	3744.39	4210.34	4056.73	7242.1	6218.72	6193.31	7180.56	5646.73	5679.1	4943.15	7024.92	6208.59	4854.7	5464.75	5432.25
DHPS	6	6	2136.07	2340.48	1568.8	2185.47	5243.75	5207.72	6556.52	4770.76	1966.23	1711.79	1819.87	1871.84	1538.42	1246.29	1459.85	1254.57
DHRS1	5	5	5162.04	4781.71	6693.96	5928.51		1424.34	1307.13		6217.68	9224.72	6288.6	6068.33	3998.41	3784.15	3628.93	3639.37
DHRS11	3	3					1456.82			819.934	930.304	1300.11	1348.42		1363.7	907.023	968.207	1210.55
DHRS13	1	1	1897.06	1107.58	1131.97				1607.23	1337.84	1383.7	2044.48	1978.82	1882.03	1584.96	1028.44	1268.76	992.146
DHRS3	4	4					4768.56	4727.01	4701.36	4488.05	4634.48	3416.02	4707.96	4905.55	5463.98	6778.11	6358.57	5965.3
DHRS4	4	4	5637.18	6853.56	7371.76	7450.98	3437.16	2188.39	1815.51	2270.98	16730.9	22500.7	19720.5	17402.3	13251.6	12555	11463.3	13007.8
DHRS7	6	6	18661.2	21883.3	27012.2	24350.7	9288.7	11671.8	9490.28	8798.3	29652.6	29505.7	27443.7	28571.9	25938.3	23141.2	27463	29036.4
DHRS7B	8	8	3199.87	2842.08	3521.12	2840.08	1725.47	1878.45	1455.36	1713.68	3889.65	4317.69	3999.53	3912.37	4196.8	3291.6	3948.28	4239.51
DHRS9	8	8									16480	11878.5	16418.2	14485.9	12070.6	9783.17	13848.7	13040.2
DHRSX	5	5	1032.39	751.711	1449.21	1013.95		709.9	396.297	851.275	2930.02	2796.53	3415.34	2869.31	1377.08	1392.98	2101.73	1956.55
DHTKD1	6	6	1231	1406.65	1608.25	1457.37	2869.32	2558.46	2451.19	2941.89	4138.29	5012.8	4496.31	4366.63	3435.41	3940.49	4181.6	3700.66
DHX15	25	25	24907.1	25189.4	25328.7	24658.9	44127.5	40397.1	40574.8	39342.3	29592.9	32158.7	27025.9	27202.7	28718.7	31569.4	31524.5	29871.2
DHX16	12	12	2359.35	1882.14	2637.2	2335.61	3643.94	3784.41	3248.61	2720.19	2951.66	3064.77	2418.12	2574.57	2581.2	3019.45	2768.77	3064.05
DHX29	17	17	7650.04	7367.11	7376.95	8044.18	4135.28	4143.61	4903.93	3770.23	5053.27	4682.63	4219.51	4282.58	4647.15	4442.2	4566.91	4886.73
DHX30	25	25	9268.76	7885.67	9701.07	9424.93	12725.4	11942.5	12606.5	11624.8	7539.47	7631.63	7573.98	7729.8	8811.5	8621.7	9417.57	9396.54
DHX32	3	3	2088.67	2439.22	2647.73	2738.74	3906.53	2310.42	3537.21	2814.53	3209.38	3491.65	3547.79	2566.21	3448.75	2252.67	2104.86	2591.7
DHX33	4	4	1751.04	1249.4	2559.39	1707	1580.52	1992.15	1807.9	1634.74	1744.16	1763.69	1638.09	1157.41	1374.42	1516.9	1798.11	1654.93
DHX34	4	4	1684.21	2094.18	2246.33	1925.85				1591.08	2398.23	2193.93	2522.52	2298.6	2047.96	1683.5	1884.02	2201.98
DHX35	2	2	986.204	998.133	712.234	1277	617.963	942.624	847.024	726.344	1172.15	1602.37	1323.89	1339.8	1345.74	1020.61	1409.45	1531.64
DHX36	15	15	4142.19	4516.91	4741.03	5102.44	3816	3963.9	3280.81	2995.59	3618.31	3942.24	3265.26	3793.23	3472.67	3871.03	4116.64	4275.71
DHX37	11	11	2020.31	1720.15	2064.36	2101.54	2551.18	2675.25	2418.69	3510.6	2326.6	2597.97	2342.57	2613.55	2641.47	2479.97	2969.98	2825.25
DHX38	18	18	3978.59	4110.88	4131.54	4182.57	4613.62	3993.17	5029.27	3975.2	4744.32	4725.11	3665.71	4724.55	4874.59	4212.15	4447.17	4373.92
DHX40	2	2	1211.6	1284.68	1552.85	1500.75	1755.99	1414.71	1500.56	1644.32	1681.19	1014.77	651.03	897.843	654.67	739.296	1013.88	865.103
DHX57	10	10	4261.93	3501.72	3563.08	3123.86		1712.23		813.506	3248.14	2789.01	3242.43	2400.17	3493.9	2811.95	2349.83	3115.39
DHX58	2	2			1333.99										1858.18	893.171		
DHX8	18	18	2506.68	2520.46	2554.44	2397.94	3817.41	3855.53	3838.67	3723.9	3195.03	3063.95	2779.94	3512.68	3263.69	3210.22	3246.36	3378.68
DHX9	32	32	68856.3	66754.2	85744.5	69877.8	97440	91695.1	91742.1	93291.5	79550.4	84444.9	70126.7	72136.2	81623.8	97850.5	100125	92311.7
DIABLO	8	8	13114	14446.1	25934.2	18283	10513.3	13155.9	10034.3	10546.2	12171.6	15895.3	14960.3	14128	15615	13869.5	14710.8	16011.7
DIAPH1	23	23	10353.6	10323.8	10580.6	11537.3	17417.9	16485.6	16826.7	15196.4	13152.4	13316.8	11559.7	13435	20218.7	19999.7	21766.9	23321.1
DIAPH2	19	19	1935.52	1869.59	1575.31	2106.57	3630.61	3679.63	3413.98	3391.98	6747.39	7076.5	6245.5	7498.97	5121.62	5975.05	5343.25	5476.94
DIAPH3	7	7	1946.95	1264.59	1369.87	1957.95	2497.21	2415.09	2961.75	3193.15			2095.13	1867.97				
DICER1	25	25	3460.31	3136.85	3321.8	3690.19					4441.49	4447.53	4634.97	4436.12	3198.71	3380.56	3365.89	3532.09
DIDO1	20	20	6749.25	6347.31	6908	6385.59	8502.74	6673.89	6838.42	6024.56	5409.34	5537.16	5710.56	6826.26	5399.66	5359.08	5611.99	5884.45
DIMT1	6	6	4169.27	3529.98	3906.5	4129.51	9572.66	9754.02	9109.86	8645.41	3899.61	4094.57	3789.48	4351	3495.76	3587.07	3743.44	3540.63
DIP2A	5	5	1328.06	929.913	1039.54	712.114	822.302	398.391	856.17	875.957	1313.54	1353.14	1752.15	1752.97	1103.67	828.256	899.634	1045.82
DIP2B	23	23	5547.81	6267.19	6445.74	7195.69	8148.61	7694.38	8054.07	6653.83	9614.24	10930.2	9680.44	10035.5	7774.8	8744.86	7974.19	8258.45
DIP2C	5	5	1647.81	1701.7	1731.99	1569.77	1628.62	861.458	1176.52	1177.37			776.358		704.051			
DIPK2A	5	5	4133.69	4601.56	4497.49	4943.13	1648.94	1797.68	1471.17	1651.5	5457.66	4754.66	5086.9	4218.82	2127.11	2108.44	2174.7	2829.62
DIRAS1	2	2	2392.73	2011.22		2125.04									1841.13	1642.41	1710.38	2242.32
DIS3	18	18	9150.02	10101.5	13589.8	11878.3	9538.34	11146.6	7943.7	8734.11	8531.71	9470.38	8466.75	7491.19	10221.4	9851.48	10212.9	9776.18
DIS3L	3	3			837.503	991.917	2002.49	1331.1	1292.12	1078.87	950.864		1104.02	1769.07	1021.03		991.906	
DIS3L2	10	10	2258.86	2620.67	2726.29	2841.98	3055.36	2073.69	2669.1	2295.31	3156.58	3274.41	2699.73	3203.25	2994.99	3005.97	2707.36	3507.49
DISC1	2	2									1801.11	1381.75	1743.5	3772.38		1193.53	1190.04	
DIXDC1	1	1	384.2	301.17	529.436	463.047		248.3										
DKC1	10	10	10090.9	9820.98	11482	10678	8918.26	11084.5	9530.38	11030.7	8607.99	11028	8663.6	8536.19	10301.5	11263	10413.9	10815.3
DKK3	1	1	4428.16	5071.02	4936.52	5835.64	1741.12	845.133	1592.15	1771.73								
DLAT	12	12	7575.06	7508.73	6723.84	7765.66	34183.1	28772.4	27749.9	29085.7	11816.2	11573.6	10615.3	13288.8	12453.3	10834.2	10784.5	12081.5
DLC1	7	7	5030.39	5654.9	5119.9	6726.99												
DLD	11	11	14356.3	14897	12154.3	19131.4	21664.1	21101.2	22648.5	19775.5	22611.9	21066.2	17849.6	25216.1	21052.9	14239.1	19584.9	20026.2
DLG1	11	11	15441.5	16462.1	18811.6	16163.9	14630	10538.4	11474.1	9862.27	5537.05	2499.66	4616.57	3413.47	3929.28	2647.88	4994.72	6065.12
DLG3	1	1					875.803	991.009		200.884								
DLG5	6	6	2898.72	2661.55	2988.38	2771.26	3828.6	2914.04	3152.65	2914.66								
DLGAP4	4	4	9931.92	8271.69	6181.01	6944.07	4605.18	4160.9	3986.49	3893.17	5188.61	2718.29	4710.12	5650.49	6065.28	3189.24	4758.39	6472.69
DLGAP5	5	5	1673.99	777.167	1675.46	2355.03	3024.34	2970.78	2013.7	2553.04		2009.26		1885.1				
DLST	16	16	57793.7	54049.1	53359.7	62685	34828.2	35182.3	28805.2	33483.9	91338.6	79755.5	81225.2	91873.2	98929.4	77164.6	90068.4	95439.3
DMAC2	2	2		3648.22	3650.54	5018.38					4261.74	4740.65	3824.03	6995.89	3903.03	3391.55	2399.84	4272.79
DMAC2L	4	4	2020.6	2505.84	2851.06	2436.68	1751.74	1665.63		1813.74	2808.33	2888.12	3604.65	2920.49	4708.65	4989.94	5287.3	4604.68
DMAP1	6	6	1804.48	1653.8	2062.35	1756.25	2356.94	1676.85	1778.58	1596.06	1893.3	1859.09	1813.41	2134.76	2222.97	1405.92	1753.71	1966.39
DMBT1	8	8	53795.3	45311.4	69070.6	12545.6	12953.6	18572.5	13090.9	16306	62617.3	70575.6	104957	73372.6	53744.9	94169.2	75067.3	51707.3
DMD	8	8	3969.07	4023.82	4498.16	3692.38	2190.32	1587.4	1903.44	1440.5								
DMTN	1	1					1670.15	2009.48	1382.3	1414								
DMWD	1	1		1519.26	1180.29	1193.82												
DMXL1	14	14	2906.14	2851.76	3254.92	2993.73	4087.89	2757.71	2713.74	2674.68	5010.73	4860.94	4540.9	5237.85	3676.26	3895.07	3814.57	3889.95
DMXL2	31	31	1940.93	1616.21	2064.21	1973.3	2219.57	1585.89	1635.15	1973.96	4656.69	4741.77	4884.39	5382.27	5607.3	5316.91	5339.85	6033.51
DNAAF10	3	3	1449.12	2112.69	2430.31	2466.27	1852.35	1115.18	1657.77		1814.33	2388.44	2902.05	2363.49		2583	2404.88	1880.17
DNAAF2	1	1	979.55	831.279		777.928	823.343		412.871	456.026	769.163		508.504	513.05		421.852	573.674	643.378
DNAAF5	13	13	5476.72	6786.05	5344.22	5958.48	8438.97	5851.65	5772.22	5710.56	5155.43	4842.49	4880.48	4444.79	3885.44	4356.06	4699.5	5070.32
DNAJA1	10	10	11727.2	11716.7	23013.6	14205.4	9246.65	9646.39	6694.33	6937.95	19238.1	20711.7	21745	16263.6	16791.2	18342.4	20164.4	16971
DNAJA2	8	8	6205.98	5671.93	6893.62	7221.52	4424.8	5577.31	4938.66	3108.71	7815.61	8621.01	7574.39	8396.26	10143.3	9877.77	9274.75	8775.73
DNAJA3	11	11	7145.97	6550.46	7934.1	6593.86	8999.56	6972.24	7535.13	7142.65	9639.58	8577.9	9383.28	9971.97	11171.4	9659.76	11668.8	10879
DNAJB1	15	15	9579.68	9007.8	11584.6	10019.7	18311.5	18634.9	14029.3	14142.6	11320.9	12501.2	10936.3	11175.5	10664.4	13186.3	12211.9	11585
DNAJB11	16	16	16696.5	18543.3	19591.1	22381.6	12682.9	11464.4	10006.7	9864.41	21447.7	21462.7	18438.1	21724.3	17838.6	16191.5	18226.2	19037.9
DNAJB12	5	5	1896.21	1351.44	1956.71	1304.81		1450.62			3283.94	3392.7	3970.83	3192.04	3069.33	4016.14	3858.11	3737.32
DNAJB14	4	4	1584.91	1178.81	1484.43	1756.32	1785.18				1063.47	1515.47	1574.68		2502.15	1554.38	1632.44	1997.04
DNAJB2	7	7	5029.46	4842.97	5550.36	4740.9	2512.53	3627.52	4375.55	3825.79	4729.99	4836.81	5361.69	5758.95	3891.05	4878.89	3282.57	4181.1
DNAJB4	14	14	15823.1	13276	17417.4	17033.7	4426.46	3604.77	3173.01	3643.99		1561.84	1449.57	998.958	1487.91	1841.06	1565.55	1160.75
DNAJB6	2	2	3117.95	3270.81	5050.55	3720.34	2978.47	2619.89	3889.53	3202.64	4240.27	4918.29	4521.27	4374.38	3701.12	4220.33	3663.33	3773.82
DNAJC1	7	7	5535.24	4683.34	5485.78	4776.12	4576.95	4116.61	4726.36	4596.07	3559.05	3165.87	3050.14	2954.12	2226.05	2370.33	2632.13	2817.94
DNAJC10	12	12	11449.3	11850.9	11762.9	11911	5197.83	5632.43	4510.78	3828.04	10706.2	12775.3	9278	10006.7	8487.12	9642.35	10195	9569.19
DNAJC11	13	13	5294.75	6795.39	9838.65	7608.64	7746.32	6033.36	6054.85	6368.92	7801.57	9347.77	8545.94	7139.77	7709.57	9103.84	8523.72	7391.68
DNAJC13	53	53	15781.9	15625.5	18230.5	17618.8	13741.8	11895.3	11262.4	11423.3	27213.1	28435.4	26068.1	27514.8	25159.1	24417.5	27433.9	27738.9
DNAJC16	2	2	1966.13	2369.49	2156.9	2001.34					1439.69	1598.59	1926.56		1478.89	1743.74	1371.21	1136.09
DNAJC17	6	6	6617.92	6217.54	7537.83	5912.89	6871.19	4864.53	5026.1	5331.91	6968.83	7935.3	6742.1	7613.8	7903.78	7556.42	7119.71	7850.38
DNAJC19	5	5	4662.5	6787.65	4538.1	6491.39	10224.1	7226.26	8149.34	9431.33	15332.1	9751.01		6566.25	7088.52	6118.85	5701.83	6334.54
DNAJC2	10	10	8924.67	8440.24	8370.36	9127.25	6571.06	6415.04	6938.06	7091.73	5877.48	5357.5	5682.98	5828.43	5581.64	6321.13	5822.75	7131.12
DNAJC21	5	5	3346.76	2556.87	3115.89	2006.53	2388.76	2197.21	2482.98	2271.44	2265.57	2822.22	2268.34	3196.49	2367.68	2140.76	1563.61	2549.29
DNAJC25	2	2	646.161	751.89	1198.8	838.819					610.728	1050.77	1107.71	993.07	961.38	821.896	864.965	1038.14
DNAJC3	14	14	14981.2	14542.1	18394.9	15260.6	10872.3	11275.3	11005.3	11245.2	20773.1	20457	17065	19535.2	15983.9	15537.2	18680.6	15155.7
DNAJC30	4	4	3094.38	3227.27	3458.85	2492.72	7651.8	1427.5	4695.65	3666.09	4526.38	3663.9	5602.53	6697.21	6990.84	2462.66	4508.35	5208.71
DNAJC5	6	6	1565.89	1652.76	3091.3	1757.05					4150.48	6087.27	5574.73	4060.95	3024.4	3239.95	3248.23	3067.11
DNAJC7	18	18	8024.18	7724.03	8064.72	9079.61	11180	11897	11229.2	11066.2	8676.88	9225.68	7537.8	9240.93	8478.1	9364.55	9594.23	9328.95
DNAJC8	14	14	13344.4	12977.6	19112.9	13937.9	15724.3	18220.1	16125.7	17442.5	22094.5	19966.9	22528.6	21146.2	17646.2	19216.1	16842.5	17928.4
DNAJC9	9	9	6076.98	5057.13	6465.77	6303.3	12013.8	14325.6	12406.3	11983	12002.8	12316.6	10522.3	11719.9	7631.06	7890.11	9193.29	8471.81
DNASE1	1	1						908.142	988.011		3883.11		4180.62			3682.06		
DNASE1L1	1	1	2142.7		2417.61	1441.16					718.692				957.192	551.414	374.672	
DNASE1L2	1	1	1843.98	1371.7	1800.66	1455.85			2644.66	2148.29				2798.35	8042.21			
DNASE2	3	3	11291.8	11870	8137.13	12735.9	9954.32	10406.6	9460.32	12482.3	24899.3	16957.9	10793.4	32420.2	15993.4	7765.95	10078.9	17734.4
DNLZ	2	2	1028.02	1059.01	1944.93	1501.26	1694.41	845.369	1024.61	962.771	932.102	767.811	861.199	677.212	1473.94	1168.4	1117.85	1097.83
DNM1	11	11	13989.4	15045.4	15093.9	16108.4	10794.3	9070.03	9196.5	8366.01	3992.16	5148.92	4932.3	5791.05	1659.48	1702.25	1803.81	
DNM1L	22	22	46892.6	45711	49047.1	49706.8	45013.2	41667.2	41060.7	41374	56168.7	56037.8	55846.4	57407.5	52381.8	49883	52583.9	57282.4
DNM2	17	17	16679.7	16714.5	20836.5	18211.3	12313.6	11442.9	11968	13266.7	31841.5	36506.9	31815.4	31780.4	30153.9	30998.3	32029.4	31393.7
DNM3	2	2	19424.6	26988.4	20773	29628.4		15127.2		15306		27301.4	25582.8	49140.9	61525.5	24843.6		30131.9
DNMBP	12	12	2534.91	1920.31	2039.97	2016.06	3358.97	3566.8	2971.46	3640.53	1909.46	1509.67	1097.96	1665.73	1098.98	771.907	1261.63	1478.94
DNMT1	26	26	7379.37	5144.57	6530.87	7900.76	15339.5	14560.9	14592.6	14155	10797.2	10900.5	9113.27	9894.63	13124.4	15335.7	14233.4	14023.3
DNMT3A	1	1		586.879	797.068	1091.59					1894.52	1954.87	1805.67			1590.42	1438.3	1286.52
DNPEP	5	5	2537.71	3047.94	3748.4	5476.9	3915.72	4377.94	2934.83	3455.75	3531.65	5239.28	4174.76	5063.34	1582.07	2719.19	2817.77	2947.83
DNPH1	2	2	3034.78	6094.19	7348.02	6042.71		3073.31	1743.46		14932.1	23886.6	17356.7	14392.7	12047.3	14441.5	14529.7	9861.44
DNTTIP1	2	2	1242.12	1244.44	990.568	1248.77	2051.95	1512.47	1321.43	1032.3	1512.22	1271.06	1101.13	1673.03	1162.6	1415.06	1225.41	1004.53
DNTTIP2	18	18	4517.99	3675.41	4351.35	4181.09	5127.26	3899.33	4957.78	4069.68	3822.5	3887.96	3049.25	3651.38	3939.57	4020.55	4121.91	4231.51
DOCK1	15	15	5826.93	6343.67	6213.29	5581.85	5491.75	4074.66	4143.68	4303.78	3398.8	3368.74	3156.75	3240.75	3526.7	2950.02	2980.42	3445.64
DOCK10	46	46	4708.65	4077.22	4810.18	4215.91	2225.74	2658.37	2923.68	3103.64	16300.4	17520.7	15618.3	15974.3	20616.7	21801.5	23035.1	23661
DOCK11	28	28	2351.81	1580.01	2169.61	1855.84		1147.09			5749.34	6672.72	5983.9	6620.19	4518.16	5182.28	5184.54	5354.59
DOCK2	37	37						1194.77	471.197	844.285	26228.1	25838.3	26816.2	25929.5	20308.2	20536.5	21655.6	22841
DOCK4	22	22	2674.81	1887.39	1807.32	2747.28					4738.42	5540.85	5388.1	4977.64	4978.22	5722.62	5751.57	5681.26
DOCK5	26	26	5712.45	5423.79	5783.99	6104.54	6328.94	4803.03	4622.77	4859.7	3732.25	3484.51	2730.78	2876.38	6562.23	5002.17	6141.62	6022.34
DOCK6	11	11	2729.2	2411.88	2843.93	2507.35	2033.08	1817.02	1739.84	1642.42	1130.1		1616.15					
DOCK7	29	29	11977.4	10462.3	12214.3	11307	12760.1	10191.3	10277.1	9222.46	6575.75	6315.07	6686.76	5957.88	4845.98	4332.72	5643.7	5542.55
DOCK8	35	35			6148.52	4800.23					8539.38	9202.68	7585.37	9448.19	8326.62	9403.55	8782.45	9041.31
DOCK9	6	6	1638.7	1668.92	2086.48	2213.62	3217.04	3348.63	2018.93	2988.99								
DOHH	4	4	6306.05	5965.83	6079.21	6572.2	5310.68	6447.59	6000.37	7639.96	6131.1	8101.4	5884.84	5085.63	7031.28	6368.97	6304.94	5742.2
DOK1	3	3			2150.97	2286.2						2760.11	1945.42			2350.33	2317.71	1908.63
DOK2	8	8									8123.43	7368.53	8165.27	8449.84	6600.57	6985.98	7274.38	8482.68
DOK3	8	8									19564	19613	16601.2	19361.1	31890.5	27886.9	29675.1	37460.9
DOLK	1	1	4402.19	3915.57	4464.44	4270.9	2475.72	2933.73	2491.49	1277.53	3299.8	3035.21	3407.55	3135.04	2826.58	2037.56	2296.05	2315.23
DOP1A	1	1	1412.94	863.787	950.504	1184.08	951.853				789.316	722.105	422.609	423.036	1106.68	439.921	624.547	927.218
DOP1B	36	36	2702.46	2747.95	2683.84	3189.49	2219.4	2791.95	2383.49	1197.14	8105.47	8106.54	6996.17	7291.02	6589.73	6776.48	8076.55	7439.51
DPAGT1	1	1	747.743	1237.23	1875.44	987.919		870.877		499.972	1801.96	2233.85	1400.81	1872.01	1043.63	1062.63	2595.05	1512.8
DPCD	5	5	5492.21	3392.24	2836.53	4652.65	2723.2	2546.61	1870.84	2162.28	1751.87	1570.26		1906.04	2257.1	2577.24	2677.73	2742.3
DPF2	5	5	6135.78	4900.97	5313.95	5494.73	8307.73	7178.69	7395.65	6826.56	5838.16	4341.54	4524.79	5346.81	4876.68	4391.7	4589.31	4699.72
DPF3	2	2	1470.69	1361.86	1267.18	1378.56	756.5	836.569	1017.42	1337.93								
DPH1	1	1													1325.47		1361.57	1898.36
DPH2	3	3	2044.59	2503.17	2960.7	2141.54	1599.01	1589.78		1949.74	2411.54	2086.33	2508.14	2236.62	2786.95	2402.7	2084.04	2460.86
DPH5	6	6	4572.85	4437.76	4248.66	3791.38	3902.79	3442.28	2929.9	3214.21	4163.81	3291.24	3278.58	3574.65	3081.94	3298.92	3943.29	3807.13
DPH6	1	1										635.316	563.576				363.293	
DPM1	10	10	17180.8	17832.4	21579.6	19429.3	23500.3	22390.1	19844.2	19127.8	19315.6	21062	17856.3	19457.2	20044.9	16738.9	20223.8	19963.4
DPM3	1	1	7013.73	7434.05	7246	8746.02	8197.55	9449.09	8050.82	10150.1	9099.98	9173.5	6420.21	7573.75	6779.12	7929.28	10827.3	6895.11
DPP3	24	24	16454.5	16806.6	16128.2	15907.8	20753.5	18928.7	16539.1	15362.6	29983.2	32429.2	30463.8	30174.2	33070.7	34785.2	40139.1	37725.8
DPP4	13	13	3342.79	2833.88	2706.89	2006.99					10564.9	8396.26	7922.67	14730.8	8165.59	3853.58	4640.38	6125.18
DPP7	11	11	4354.07	3450.24	4891.66	3712.5	6165.85	4491.72	5504.61	5678.17	67127.5	55857.8	49990.8	81234.3	46823.2	31375.7	34041.5	33244.8
DPP8	3	3		1477.26	1392.45	1116.62					1609.34	1512.15	1706.8		1964.34	1360.1	1925.92	
DPP9	18	18	6168.54	6507.2	8594.46	7346.58	6229.83	5829.92	4959.67	4784.02	13874.7	15368.3	12861.5	11680.1	12076.5	12961.9	12738.2	12166.9
DPY19L1	3	3	1454.65	1544.79	3226.07	1368.33		913.147		1082.36	2254.05	3299.18	3145.31	2041.47	2014.17	2359.85	2093.86	2304.45
DPY19L3	2	2	3379.06	3584.19	5920.09	3640.32		913.403			2575.82	2923.27	3681.8	4548.05	1820.76	1811.77	1537.5	1759.75
DPY19L4	2	2	2905.8	2973.91	2191.64	2491.02						1980.8					953.544	
DPY30	3	3	9952.52	12129.3	10081.9	9293.4	23660.5	10830.5	10545.3	6530.43	18585.9	20535.5	14871.7	15233.1	13601.9	17342.2	17490.6	15699.1
DPYD	14	14		8057.11	7896.88	6730.97	11824.8	9899.98	12370.7	8571.5	10061.3	6208.87	7487.33	12446.2	18078.9	14242.3	16230.4	16266
DPYSL2	15	15	156598	194715	208274	243170	28055.4	43309.5	32704.9	26642.4	107514	174405	138805	123893	143026	190222	178193	156494
DPYSL3	12	12	120103	142544	155966	182953	379756	374948	404339	370625			5691.4		1825.03			3895.62
DPYSL4	9	9	45462.8	45885.6	61790.1	40006	43471.3	26072.2	50119.8	41862.1	32941.2	23918.8	32963.7	29308.6	28017.4	22209.9	28535.9	27018.3
DR1	3	3	27508.1	25990.8	22406.5	28129.1	43542	34445.8	32741.5	31687.3	20126	27481.8	24700.2	27246.7	24473.1	22629	23089	26266.2
DRAM2	1	1									1973.98	3256.27	3022.33	2256.57	975.28	1083.93	1104.4	686.724
DRAP1	3	3	3225.44	2474.87	3464.75	2888.5	2709.61	3516.63	2507.81	2114.68	2564.8	3045.67	1927.34	2147.46	2015.85	2482.39	2127.3	1965.21
DRG1	13	13	23694.1	24387.8	24662.8	23657.6	24055.1	24081.4	21762.7	18438	23135.7	22918	20934.3	23966.2	22720.6	27822.4	27260.6	24756.3
DRG2	8	8	26049.1	24678.9	22494.8	23822.4	18589.8	21404.7	17379.9	15022.8	19609.5	16304	21865.2	17801	15559.8	15798.4	17449.2	19414.2
DROSHA	1	1			1105.56							1139.18	1253.05			1283.1		
DSC1	11	11	46451.8	36733.7	104603	22401.3	43686.9	35104.5	48172	41370.1	80513.4	138122	149443	120324	99657.4	46350.2	58031.3	92493.9
DSC3	7	7	3480.96	2284.48	5535.72	1871.48	3167.66	1860.4	2642.07	3434.77	5959.11	6582.43	7950.03	6438.69	7593.4	2469.69	3626.05	5101.43
DSCC1	2	2	716.797	420.228	456.692	644.702	1474.17	1817.86	1872.29	1453.97	2236.69	2759.82	1885.46		1516.04	1461.84	1217.54	
DSE	3	3	2854.53	2734.81	3427.4	3006.52		1374.11							1406.52	1150.21	1684.38	1725.5
DSG1	17	17	23118.3	15473.3	30528.9	12469.7	35216.7	18094.8	34055.4	29423.6	45064.4	54115.1	58856.1	49462.6	56098.3	17371.6	20197.4	46556.3
DSG2	8	8	10257.8	10744.3	11188.2	16817.3	9130.98	7149.06	7526.86	7202.27			1359.62					
DSG3	2	2	2892.51	2508.67	5128.61						3086.77	3129.83	5190.82	4903.95	5473.88	3215.98	2516.45	3140.7
DSG4	3	3	2050.17	1322.79	5002.12		4059.37	2199.21	4165.59	2611.32	4047.84	3902.71	3245.38	6328.71	2745.59	1307.93	1513.66	4225.48
DSN1	1	1	2075.72	1365.23	2456.02	2120.32	2849.86	4423.25	5637.51	3167.62	3152.14	3681.63	2906.47	2994.73		1797.53	2450.5	
DSP	135	135	251495	255601	340720	242853	151448	101803	178315	142532	211513	220935	318927	230299	274791	76731.9	111456	214674
DST	115	115	6687.44	6375.29	7222.43	7154.44	8137.24	6538.16	6809.21	7129.9		1910.77			1686.82	1413.28	1368.69	
DSTN	2	2	99263.1	109662	127191	105800	55956.7	45149.3	31709	32440.1	40188	42495.8	53401.7	34053.1	40803.9	40550.5	44923.8	52443.4
DSTYK	2	2	1607.79	1690.02	1655.36	1449.48		874.084	764.073	985.208	822.602	1008.24	1440.45	1311.55		342.636	725.381	
DTD1	4	4	5404.02	5370.41	6076.24	5651.22	7845.51	5726.81	4965.05	5280.79	5114.63	3107.4	3756.06	4324.11	5164.44	2019.78	2896.43	3558.81
DTNA	1	1		882.505	1006.32	833.71	975.824			926.994	1783.86	1638.96	1693.84	1169.99	601.179	573.954	807.706	
DTNBP1	3	3	2390.97	2764.26	2655.62	2957.5	2613.06	2371.04	2423.76	3040.31	4208.83	4918.93	4131.81	4307	3451.47	3218.57	3688.46	3256.57
DTX2	1	1						207.569			200.507	419.997				507.663		
DTX3L	15	15	4871.69	4824.83	5019.74	5162.77	2803.77	2762.9	2776.87	2544.9	6964.29	8012.84	6379.54	7557.44	5796.24	7000.56	6433.43	6595.11
DTYMK	9	9	17597.9	17700.9	18566.1	21225.9	29319.2	31599.2	23308.4	26142.4	29731.7	34010.2	24915.4	26743.6	23661.8	31021.5	32459.4	24177.5
DUS2	4	4	2736.09	2505.77	2483.68	2230.21	3701.27	3577.2	2384.11	3400.1	2219.36	1839.48	1273.95	1942.23	1936.57	2012.76	2263.02	2249.74
DUS3L	1	1	1754.11	1327.35	1100.21	2185.05	1735.35	2338.82	2457.06	2013.6	2540.98	4577.03	2443.46	2342.3	2536.26	4005.44	3949.79	3329
DUSP11	2	2	869.852	1015.81	1353.34	1039.49					1309.45	1216.87		1429.86	1284.15	1016.3	1162.44	1343.54
DUSP12	4	4	4842.08	4263.33	4918.07	4813.9	5621.37	5678.27	6332.57	5168.47	4342.71	4779.03	3175.84	5113.71	4246.56	3720.54	3922.81	3825.19
DUSP22	2	2	840.614	1234.88	1045.63	1343.06					3762.86	3790.7	3181.96	3483.31	1196.96	1674.41	1118.2	1022.24
DUSP23	8	8	5367.96	6840.63	5174.9	5691.82		3976.58		4344.39	13647.1	14494.7	10259.6	11681.8	11314.2	13877.3	15739	12335.1
DUSP3	6	6	14857.3	17425.5	24696.2	19134.6	12688	8864.03	8566.52	5988.49	70987.4	110835	98984.6	76802.3	34529.7	36521.6	41212.4	39216.1
DUT	7	7	5545.52	4053.76	6677.02	4217.16	4935.31	6030.4	4719.99	4690.67	7804.32	7852.32	7394.99	6125.38	5263.48	4917.23	4436.06	5884.8
DVL2	7	7	4007.99	3190.68	3305.58	2810.34	2720.05	1611.36				2189.16	4516.85					
DYM	3	3	4309.93	4923.86	4140.8	4523.12	2638.19	2200.58	2094.28	1148.59	2546.29	2570.58	2142.51	2249.02	1687.19	2035.78	2025.64	2406.84
DYNC1H1	154	154	114945	127301	127873	134120	63939.5	64978.2	57957.7	57293.6	67658.3	70988.9	68388.5	68238	48774.7	52002.4	56251	56919.6
DYNC1I1	6	6	5453.14	5142.41	5757.17	6337.13			1536.39									
DYNC1I2	15	15	23492.7	23889.8	28482.6	24177.2	19472.8	15186.1	14230.2	14274.6	19649.9	17628	17524.2	17370	16555.2	16685.9	16646.9	18242
DYNC1LI1	20	20	31720.4	32291.6	33142.1	31866.6	25184.8	20868	20327.1	19581.2	24666.8	21969.8	26468.7	24665.4	20540.7	21131.6	20198.2	22328
DYNC1LI2	12	12	38621.9	35370.5	38003.9	39994.1	15074	13986.8	15347.7	14116.1	10787.6	11346.4	10507.5	9726.74	6850.74	7151.11	8245.19	6798.64
DYNC2H1	10	10	6166.91	5827.24	4549.91	6526.68	2987.41	3591.76	4311.06	3616.21		3902.48	3466.14	12236.1	4689.83	2218.67		5915.02
DYNC2I2	3	3	2506.78	2346.3	2779.43	2268.71	4214.52	2854.46	3361.11	2446.55	1627.04							
DYNC2LI1	1	1	688.38	734.738	922.86	754.511		360.271					480.296		349.997			
DYNLRB1	3	3	45415.6	44881.8	39828.3	37180.4	22273.9	24805.2	18912.8	26503.9	31476	30069.9	23428.4	27981.6	17075.2	21500.6	17985.9	19363.3
DYNLT1	2	2	993.388	1006.83	2273.07	1355.97	965.8		1414.45		975.075	1673.79	1698.94	1009.31	995.655	1616.08	1790.39	1024.87
DYRK1A	3	3	2819.35	2881.83	2619.65	2649.44	2869.63	1782.09		2027.17	3814.65	3328.15	3484.51	3969.19	2315.84	2915.8	2882.79	3174.22
DYSF	39	39	20551.6	22008.7	29067.6	31074.3					5830.47	4516.46	5086.28	6011.89	6961.77	2762.73	3466.64	6606.44
E2F2	1	1	5563.95	4135.63		3267.03	3882.72	1537.49		2838.47	3588.94	5332.96	6771.03		5380.24	2187.05		4075.41
E2F4	4	4	1082.7	1599.44	1574.23	1552.08	1954.76	1679.9	1621.93	1662.51	1697.01	1535.79	1538.49	2466.29	2241.64	1721.25	1902.63	1766.02
EAPP	1	1	863.878	720.91	945.832		732.891	677.154	901.545			955.63			887.838	606.594	597.877	678.553
EARS2	7	7	3383.2	3334.65	3377.49	4572.06	5816.74	5414.91	3711.95	4772.09	3650.66	3443.9	3281.15	3854.29	4585.66	4518.98	4840.4	4702.83
EBAG9	1	1	6863.46	7089.61	8893.9	7215.9	2889.49	2528.27	3709.19	3218.1	3046.69	5337.84	7989.69	6996.42	8155.77	3244.12	2669.64	7207.17
EBF2	1	1	2853.24	1676.88	1685.29	1811.04												
EBI3	1	1				1105.13					2887.32	2663.57	1841.9	2881.78	957.054			
EBNA1BP2	11	11	6867.58	6902.33	8689.89	6889.62	8225.03	6829.56	7843.28	8489.09	6595.77	5682.12	5708.15	5851.54	6180.22	6234.45	5823.94	6041.73
EBP	1	1		1074.89	2013.93	1685.94	1795.74	2349.28			3334.37	3257.39	2431.8	1008.07	1022.12	1431.11	2149.57	1590.8
ECD	3	3	1092.66	1457.19	1631.32	1568.45		2385.34	966.791	1749.31	1691.63	1877.98	2042.18	2090.32	1786.7	2136.09	1834.62	2277.21
ECE1	11	11	9738.82	10883.1	11192.7	12428.9	5098.24	5934.41	5187.1	5236.93	6531.24		2598.8				5427.66	
ECH1	11	11	16940.6	18354.5	17855.6	19194.2	20237.2	21962.5	20783.9	18109.1	38391	43467.9	42589.7	43150.1	45576.6	37875.5	40723.8	41928.6
ECHDC1	8	8	15578.1	16474.2	13078.1	18200	11691.5	10694.5	11899.9	9972.95	19924.4	18873.9	20141.9	21695.5	23164.6	21839	23117.9	23933.6
ECHDC2	2	2								395.24	913.924	788.603	797.332	1393.45	1208	644.747	771.822	988.724
ECHDC3	3	3					1227.73	532.959	1247.61		825.785	778.003	1138.37		1904.89	1425.93	1165.27	1046.18
ECHS1	7	7	40997.4	40018.7	46035.2	46141	55847.7	49624.2	50157	51294.7	73394.3	83905.5	71854.3	73868.6	74449.7	73604.9	77321.4	71620.6
ECI1	4	4	15892.1	12564.6	15117	15349	21994	17884.1	24110.2	16682	25496.2	27367.4	21940.9	32254.4	23512.1	20833	25378.9	25831.3
ECI2	2	2	8653.48	8465.87	9456.57	9768.4	11606.3	9591.4	8842.15	9973.97	7642.46	7639.29	8084.54	9197.6	6176.84	4337.27	5292.06	5826.54
ECM1	7	7	10585.3	6745.22	6763.19	8572.48	15298.3	9433.21	10430.3	8976.34	9476.89	8120.39	8547.82	7535.86	10498.4	4535.43	4347.46	7518.52
ECPAS	39	39	13786.7	14700.5	15204.3	15860.1	13082.7	14127.4	11768	10253.1	12167.1	12930.7	12184.8	12404.8	11793.3	12839.6	13543.5	13597.6
ECSIT	2	2	3886.81	2820.08	3586.88	3247.15	6711.2	5566.56	5482.87	4111.19	5120.88	3955.64	4438.41	4353.73	5358.59	4799.94	5951.67	5527.38
ECT2	6	6	859.688		327.49	1017.99	2740.34	3132.71	2878.68	4276.06		373.384		240.809				
EDC3	6	6	3023.05	2621.18	2734.42	2953.2	2719.27	2370.91	2041.85	2035.32	2064.2	2310.73	2461.63	2096.47	2242.88	2332.35	2059.6	2212.95
EDC4	20	20	13958.9	15111.5	15358.7	16274.4	14718.3	13748.2	14283	12151.7	13514.1	14894.9	12298.3	12798.3	12638.2	13318.2	14490.5	13659.1
EDEM2	3	3	1284.75			704.874					1782.05	1170.49	1138.56	1153.34	1309.57	1027.41	1325.75	1706.77
EDEM3	8	8	3970.41	3533.73	4206.45	4669.88	2053.96	1865.63	2390.56	2053.54	3243.03	2058.6	4070.16	2418.66	2639.57	2282.28	3316.39	2544.33
EDF1	6	6	16653.8	17851.1	15436.2	19787.9	20686.8	19085.2	20087.8	20529.4	12523.9	14827.7	15238.5	13088.3	13562.6	15398.3	15965.3	15537.4
EDIL3	8	8	11747.2	14753.3	20241	23235.6	2698.84	1625.89	2155.71	2718.03								
EDRF1	3	3	1574.38	1503.36	1651.01	1708.85	1120.58	1259.64	889.184	876.702	1242.39	965.438	1281.14			952.161	887.323	
EEA1	73	73	39136.1	39171.7	41502.7	43060.5	31771.3	31569.1	28079.4	27414.5	37838.1	38332.2	34777.8	41160.7	26541.9	20663.9	24518.4	25495.5
EED	3	3	2577.7	2070.81	3584.88	3107.36	4971.95	4894.95	5021.01	4273.06	3979.39	4167.31	5716.67	5330.08	4061.07	5183.69	4342	4543.56
EEF1A2	1	1								1009.3					181591		265810	
EEF1AKMT2	3	3	3253.59	3854.9	3891.73	4437.76	2680.5				3528.29	3537.67		3169.63	3524.58	3093.86	2600.45	2958.65
EEF1B2	6	6	14990.8	13933.7	23290	17031.6	7074.29	11563.9	11309.9	10201.8	19248.7	31390	26382.1	19282.1	22855.3	51881	52641	41429.8
EEF1D	11	11	124455	123887	165673	160728	72760	91159.4	81981	66635.8	90248.9	112896	101292	83159.5	84730.4	130898	139605	102617
EEF1E1	6	6	3977.16	5948.65	8951.28	5867	3105.82	4712.7	3112.96	2252.86	5202.04	7016.87	4423.87	4635.79	5424.84	6851.2	8330.33	6716.29
EEF1G	19	19	273394	276224	261998	336862	188182	153052	160749	142516	188134	167695	166579	179472	202315	208115	232479	205538
EEF2	31	31	305086	330611	336597	355029	183764	210344	177174	155221	368315	422037	307684	323837	352349	445876	510972	469334
EEF2K	7	7	2457.65	2409.6	3607.11	2527.87	2226.85	1620.05	3157.94		3062.41	3130.81	3172.13	3128.11	3144.94	2770.56	2562	3648.23
EEFSEC	16	16	4712.6	4279.02	4658.08	4443.55	4138.38	3663.68	3620.61	3614.06	5592.84	6148.7	5971.96	6737.09	6055.51	5572.1	5990.31	5986.12
EEIG2	3	3									2652.19	2378.24	2909.9	3062.98		1712.16		2695.53
EEPD1	9	9	3974.62								7688.64	8636.35	7603.12	7512	4326.4	3897.09	3879.94	3978.48
EFCAB14	2	2	1222.45	1048.22	1147.91	1042.92	2206.55	1655.41	1823.27	1461.88	1790.89	2254.07	1882.67	1691.57	1281.92	1292.68	928.935	1393.84
EFHD1	3	3	3946.52	4021.02	4147.11	3574.77												
EFHD2	13	13	11910.1	14865.7	13131.1	17325.1	40439	46688.9	35244	49302.9	82832.2	85942	56047.8	68199.5	55497.4	85740.1	92767.4	63499.5
EFL1	10	10	5926.67	5359.95	4954.09	6419.51	6090.55	5432.06	4857.19	5113.07	6513.98	5800.35	6501.91	6552.22	5933.63	6048.62	6590.39	6995.06
EFNB1	2	2	5480.35	6218.23	6955.89	7396.96					2113.59	2001.49	2674.16	2343.99	925.016	707.301	1167.58	763.772
EFNB2	4	4	1537.93	1407.84	2178.67	1742.63	2889.59	3248.53	3399.87	2804.8								
EFR3A	10	10	3351.59	3153.82	2829.94	2538.39	3958.84	3302.15	3433.81	2999.26	5200.79	4992.88	4687.98	5663.53	4462.1	3572.19	4245.38	4003.2
EFTUD2	23	23	19241.8	21582.7	29142.4	27272.5	17663.1	20268.3	18951.9	17335.7	28017.1	30368	26743.2	25731.8	24887.3	34084.2	32032.5	26709.6
EGFR	2	2	958.641	953.392	1048.83	1313.08		646.442	578.35	727.299								
EGLN1	5	5	6747.35	4341.99	5142.85	4659.35	2606.82	2084.01	2244.17	2471.72	4098.63	3756.52	3793.19	5031.73	5068.31	3407.41	3000.06	4520.22
EGR1	1	1	1188.35	748.406	930.195	504.919	880.567		1072.19									
EGR2	1	1									2014.22	3303.87	2050.97		4337.23	3669.07	3290.18	3468.52
EHBP1	9	9	3024.2	2620.17	3579.37	3564.37	2561.31	1993.18	2462.98	1477.52	1131.58	1530.46		1408.58	1003.79		765.021	
EHBP1L1	30	30	2666.88	2655.43	2733.57	2546.3	8694.38	8279.78	7712.68	7579.32	6614.78	6492.89	6186.98	7096.67	5870.41	5259.22	5554.32	6243.05
EHD1	18	18	34354.6	40993.2	39644.7	46737.6	13874.4	13059.5	12911.3	11519.4	27041.7	34711.3	27836.3	29256	28983.1	32192.8	29027.4	24677.2
EHD2	21	21	72092.4	83882.5	77766.3	85872.2							1634.21					
EHD3	7	7	6442.57	6124.41	5877.71	5620.68					3044.48	2405.78	2872.53	2789.18	1533.53		904.235	1049
EHD4	18	18	26896.5	26131.1	27522.8	33840.3	47317	44055.9	41114	37964.1	67292	90930.8	63039.1	77439.4	34430.6	37138.6	41575.5	38257.4
EHHADH	4	4				774.904	565.304				1923.03	1050.44	1668.46	1853.32	1750.75	1308.01	1274.65	1319.62
EHMT1	7	7	3013.33	2418.97	3139.25	2960.3	3728.6	2639.19	3186.3	2741.16	2060.18	2145.85	2257.42	2107.06	2015.44	1670.18	1451.73	1802.66
EHMT2	3	3	3377.73	3063.49	4451.03	3362.28	4864.27	4426.84	4076.65	4610.85	4953.38	3456.76	3577.76	2773.73	3859.87	3135.49	2577.29	4174.41
EI24	7	7	21314.7	17542.7	29191.6	16689	12993.3	16586.1	15303.6	13027.8	18804.7	27704.9	21995.8	23171.5	13633.5	19590	15853.9	13465.5
EIF1AD	3	3	1173.48	1707.47	2485.75	1464.41	418.626	621.567		320.92	1350.33	2491.87	2110.54	1379.43	1225.81	2159.61	1548.08	1190.36
EIF2A	17	17	15348.5	14284.1	13504.1	14745	14197.1	12075.5	10983.2	10756.6	10474.6	10753	9289.74	9593.16	10495.7	11562.9	10712.6	11217.8
EIF2AK2	16	16	27416.4	28382.8	24218.9	29972.1	15796.4	14370.8	14435.9	14008.2	19649.8	21680.6	18685.7	20620.9	13477.2	14117.4	14580.9	14639.2
EIF2AK3	3	3	889.591	1014.22	940.928	999.003	1122.07	1221.82	1424	1002.56	933.945	930.536	869.551	894.341	400.43	449.406	359.3	428.63
EIF2AK4	25	25	4216.64	4543.81	4587.35	5734.07	4445.1	4313.6	4184.72	4303.1	2840.27	2815.86	3440.6	2974.17	2325.57	2237.35	2546.62	2778.76
EIF2B1	15	15	10431.1	12998.3	12532.5	13701.1	11305.3	13943.3	11828	11613.1	14776	13621.1	12909.7	14737.5	13328.3	12951.6	15535.9	14878.8
EIF2B2	10	10	6919.28	7135.62	7865.7	7966.64	6115.03	5010.2	5218.86	4716.79	9042.71	8557.87	7476.95	7862.44	7919.91	8235.83	9953.15	8180.83
EIF2B3	9	9	9128.49	8734.26	8983.1	8289.02	5365.85	4428.9	4515.72	4720.9	8813.14	6645.67	7033.21	8494.88	9633.38	8536.87	9742.25	9864.37
EIF2B4	9	9	8852.12	10065.8	8161.53	10913	8075.37	6967.32	6571.34	5984.79	10209.5	10892.6	7445.84	9628.78	10643.5	12024.3	13594.4	11600.6
EIF2B5	7	7	10285.2	10069.5	11377.7	10403.1	8598.45	7572.15	9532.16	7419.4	16670.6	17236.5	11962.4	15953.3	14604	15341.4	15562.2	15932
EIF2D	5	5	5146.9	5152.97	4595.22	5802.66	2179.62	2564.67	2498.04	2098.54	2831.15	3560.58	3029.94	3124.94	2914.26	2829.37	2835.62	3385.62
EIF2S1	12	12	58777.9	63769.9	54610.5	68138.8	42846	35588	37613.3	35056.1	52545.8	56213.4	55221.6	49061.4	53801.2	62881	58836.6	52670
EIF2S2	17	17	40020	40430.3	33697	41393.4	28064.5	26432.1	23840.8	24968.6	30445.4	28156.9	25862.5	29405.3	30869.3	28413.5	33518.2	29392.8
EIF2S3	5	5	13368.5	15649.5	18567.7	15983.8	9055.15	8521.32	8082.14	10192.6	8941.1	9698.76	11656.2	10942.8	9906.45	9548.51	11136.3	9103.66
EIF2S3B	2	2	1484.72		4029.32			764.357		536.482	2001.69	2690.83	1876.27	2539.07	1506.79		2878.62	
EIF3A	32	32	41668.6	41366.7	50914.6	48321.5	46460.5	44517.4	40255.8	37415.9	52150.9	51588.5	48601.5	49319.3	46684.2	51383.8	56744	51858.7
EIF3B	13	13	36656.8	32635.8	45410.6	33769.3	39233.7	33600.6	31319	28280.4	43560.1	42337	44442.8	40370.5	43088.1	37918.1	55869.4	49296.4
EIF3D	8	8	18344.8	20931.4	21196.6	25112.3	12875.1	17286.9	12707.8	10795.3	22004.7	27393	19642.2	20877	22704.8	25350.4	25704.7	23313
EIF3E	16	16	19157	17378.4	23055	19075.5	24907	18896.9	18575.9	19147.4	24488.8	26375.3	23709.1	22484.4	21308.2	25527.6	27882.2	25664.2
EIF3F	8	8	48331.8	55197	47158.2	53270.3	44628.2	52864.3	34485.5	36410.5	58580.7	55202.5	57099.9	59626.4	57335	54535.1	72620.6	66342.7
EIF3G	11	11	24160.4	21610.4	18380.2	20381.4	23730.9	23492.5	21285.4	19534.2	20329.2	15682.2	20992.7	22502.4	22386.1	17223.2	20461.3	21839.1
EIF3H	10	10	41467	47658	41885.4	48843.7	42848.9	41533.5	40123.6	40118.1	36305.1	41327	32764.1	36874.4	33574.2	32367.1	40960.3	39073.7
EIF3I	11	11	21894.4	27752.7	32581.9	36709.6	11963	18557	9655.39	10679.4	22646.9	27827.2	26808.7	24675.9	21793.9	29081.6	29519.9	24919.7
EIF3J	10	10	27878.3	30310.5	30589.3	33892.1	18782.3	21490.3	20782.6	18740.7	15684	20523.5	22263.8	20457	20325	22846	22456.4	19279.6
EIF3K	4	4	6689.19	10168.8	14196.3	7900.57	2361.63	3461.88	2386.31	2597.6	18080.3	25755	19299	15805.8	12313.8	23405.5	20821.5	19201.2
EIF3L	24	24	32816.2	32437.2	32035.9	36959.8	24834.7	26050.6	23634.4	21915.3	33970.6	39710.6	32683.2	30178.2	33519.7	39944	40659.8	35982.2
EIF3M	5	5	7098.64	7205.54	6277.77	6886.85	3491.75	3395.25	4017.52	3234.49	6756.41	6829.19	7660.68	8475.5	5395.43	6108.19	11207.7	7463.17
EIF4A1	10	10	139420	177054	177701	220301	136253	114760	128935	111650	167227	189643	154756	165234	136120	124277	158712	161136
EIF4A2	12	12	13671	17498.6	19106.4	19154.1	10048.5	9103.9	6763.56	6747.79	7779.92	8082.31	8367.32	8101.13	6795.99	7715.21	6890.58	7950.16
EIF4A3	13	13	16025.2	18639.7	17826.4	21974.1	26024.8	25155.4	23860.3	21477.6	25706	27504.1	20523.9	22157.3	19243.4	25215.1	30002.9	21550.4
EIF4B	15	15	45539.3	45632.6	29728.7	44396.5	59562	60006.8	60717.5	51244.1	40977	36039.7	27778	34640.1	28668.6	26074.1	36127.6	33258.7
EIF4E	4	4	5799.91	4645.24	9753.76	6430.49	5892.68	4559.76	3499.88	3117.75	10521.9	15686.7	16888.8	9870.12	14384.8	17973.6	18827.4	19370.2
EIF4E2	2	2		532.251	513.125	383.669		271.497			505.383	784.415	757.432	597.5	501.741	732.256	567.53	753.509
EIF4EBP2	2	2	1178.21	1361.93	1910.86	1619.45	913.381	1023.87	946.706	935.589	1938.74	2108.39	2772.8	1926.73	4157	2688.75	2589.27	3551.82
EIF4ENIF1	6	6	5184.23	4285.09	4138.4	4218.49	6672.4	3874.47	5143.66	3386.08	5262.24	4124.72	3431.98	4740.15	5196.37	3263.23	3615.11	4559.47
EIF4G1	40	40	33287.1	32455	30518.2	36317.6	26894.5	26625.7	25805.2	24342.8	24813.8	22136.4	20608.6	21870.5	21148.2	19462.3	24124.5	23832.7
EIF4G2	26	26	40943.7	39265.2	40188.2	47984.5	24251.1	25521.6	23091.5	23806.3	20048.1	21272.3	19998.8	19514.5	18466.3	20005.9	23402.6	19981.7
EIF4G3	22	22	8363.8	7586.28	7839.64	9373.48	4606.82	4243.42	4229.07	3973.64	6292.85	6030.02	5821.99	6635.69	5963.02	5131.23	5679.99	5844.19
EIF4H	11	11	80237.2	85233.7	117334	90186.2	59399.2	73358.5	77812.8	64797.1	63890.2	96616.6	74182.1	71562.1	55165.4	86285.7	88085.1	70968.2
EIF5	13	13	40741.2	52182.8	45276.4	54753.2	22695.3	23301.8	23077.8	22519.3	28699.7	28607.2	28776.9	26480.8	21953.5	21789.6	21921.4	23632.3
EIF5A	2	2	22113.6	26349.8	28604.3	19182	22322.7	19348.5	20100.1	20792	8459.49	21460.2	23687.2	14898	13442.9	22190.2	23271.2	12150.2
EIF5B	31	31	21933	20667	20786.5	22755.3	17170.3	15618.3	13653.1	12919.5	21197.9	19856.7	19675.9	20631.4	19590.5	18938.7	21090.1	21641.1
EIF6	5	5	46428.2	51887.1	44873.1	58011.4	38046.4	42735.4	43083	32084.9	46701.4	43043.5	30482.1	36687.1	53811.7	44511.3	51087.4	52105.9
EIPR1	4	4	7067.62	6566.62	6788.92	7957.65	4080.93	4727.89	3786.67	4338.37	7472.91	8089.19	7629.37	7716.7	7729.88	7108.15	8243.98	8564.3
ELAC2	11	11	7811.56	6340.79	7147.89	7202.81	12989.3	14136	13298.8	12841.4	11223.7	11804.3	10405.6	11783.9	9369.17	9257.75	9025.18	9566.42
ELANE	2	2	5061.51	10345.6	7544.85	2438.66	4978.72	4015.71	3173.71	4678.99	11357.2	9940.03	14670	14874.4	9203.45	15126	10820.6	7398.48
ELAVL1	14	14	36838.9	33817.8	52168.8	42672.8	54758.9	58992.9	58690.5	57526.4	36451.8	43896.6	37546.2	31902.9	33049	43622.4	43818.4	37288.1
ELAVL2	1	1	2114.72	1799.35	1665.35	1453.06				1210.31								
ELF1	4	4	1273.51	1509.16	1152.84	1077.39	1387.93	1935.51	1802.69	1307.19	3801.66	3542.95	2910.01	3033.82	2788.36	3395	2560.19	2810.69
ELF2	3	3	973.538	639.538	918.854	1031.99	1803.25	1818.94	1938.13	1959.76	911.664	1136.58		1034.07		615.988	495.432	
ELF4	1	1						1114.56	499.012		693.638	547.349				578.411	884.305	727.438
ELMO1	12	12									9153.51	12232.4	9367.21	9287.06	8447.62	10729	10053.6	9234.02
ELMO2	12	12	8351.5	8490.36	9670.51	9208.72	4685.92	3882.28	4407.03	3433.9	11723.2	13007.1	12023.5	13438.6	11778.5	9779.22	12008.3	12016.3
ELMOD2	5	5	2872.28	2558.67	5544.03	3137.01	1269.03	2282.95	1097.16	539.945	3956.25	4298.83	3406.66	2968.87	4237.54	3660.46	4059.06	3615.23
ELN	1	1	2116.16	2799.65	2162.65	2258.83												
ELOA	8	8	5424.55	6285.89	7920.41	7506.91	4337.13	6223.96	5518.53	7570.27	9708.2	8392.81	10295.7	8325.3	10619.5	10778	11321.5	10768.1
ELOB	6	6	27967.1	30634.4	23621.6	35106.8	30299.3	31756.8	26188.9	28374.7	26647.4	25247	23663.7	23303.8	29617.9	31418.4	33079.5	27414.1
ELOC	6	6	22406.4	22534.6	28450.6	29219	11080.4	12876.2	7742.19	6965.55	26418.4	26423.2	25125.1	20906.9	22230	27086.3	32765.5	28118
ELOVL1	1	1	15036.4	13667	13299.1	13925.1	12420.8	12756.2	12278.6	10841.6	12181.4	12128	10633.7	11848.8	8856.62	9337.35	10099	11983.2
ELOVL5	1	1	1018.75	1011.96	760.454	1239.25	1530.18	2352.07	1114.46	988.255	926.081	552.606	1099.8	1100.72	395.638	451.123	754.743	820.026
ELOVL6	1	1			198.624		786.883	1176.91	427.409	663.338								
ELP1	15	15	7463.82	7454.07	7305.26	8349.22	5766.41	5772.6	5004.27	5443.3	7186.43	7641.39	7259.23	6828.06	5698.28	5918.23	6263.68	6063.44
ELP2	10	10	4283.25	3432.85	2980.39	4004.97	4196.8	3666.85	3560.98	3099.95	3850.85	4174.6	2994.58	3860.05	3489.53	3440.75	3180.15	3323.67
ELP3	7	7	6450.84	3338.27	2977.62	5012.98	5683.45	3801.6	4455.02	3060.69	6218.26	5773.38	4941.13	4890.49	4413.82	4821.85	6050.59	5176.64
ELP4	5	5	3091.61	3000.82	2521.25	2870.47	3104.83	2524.69	2851.89	2495.34	2936.7	3184.24	2561.12	3428.54	2169.48	2230.28	2280.04	2521.71
ELP5	3	3	3717.75	4462.71	3509.62	4781.98	5550.46	4300.85	3929.84	4094.62	3772.37	3269.85	3882.6	5673.09	4336.83	3184.54	3547.38	3542.73
ELP6	4	4	1736.05	1761.27	1851.31	2122.42	1848.71	1994.42	1603.25	1282.23	2267.64	2022.18	2216.27	1957.88	1818.17	1850.33	1605.12	2003.68
EMB	1	1	1092.03	836.524	823.797	985.535					637.876	742.37	439.353	570.88			427.93	
EMC1	24	24	14610.2	16508.2	19377.8	16440.2	11572.8	10077.3	9220.38	9587.06	17959.8	20248.2	17484.9	17763.4	16693.7	16043.9	17128.1	17925.9
EMC10	2	2	1816.09	3293.94	2561.29	4509.45			2843.87	2774.42	5617.76	6945.15	4542.87	5620.61	6446.51	5983.82	5934.21	6662.28
EMC2	7	7	5685.53	5510.64	7775.54	6184.34	6131.49	4405.09	4429.9	5389.73	8808.45	9666.53	8166.45	8694.51	7609.76	8562.58	10082.9	8406.24
EMC3	4	4	24920.7	26391	25897.8	25748.2	19375.6	14460.3	15795	13348.8	28484.3	26830.7	24396.1	30017.8	26149.5	23274.1	29089.2	28222.7
EMC4	3	3	4776.87	2524.17	3373.94	4205	2069.63			2282.32	3522.51	3383.88	3772.8	3300.66	3072.15	4352.02	4084.2	3886.4
EMC6	2	2	2738.64	2632.09	3415.08	4058.19		2978.82	3197.98	2936.01	3728.71	3701.79	3069.55	3967.19	2679.8	2597.56	2209.76	2676.4
EMC7	3	3	4461.23	5360.77	6975.8	4872.65	1803.53	2086.29	1910.17	2155.51	5199.89	7013.99	6348.32	5114.99	4509.91	5293.49	5909.21	5075.49
EMC8	3	3	12460.8	10354.4	10617.8	11205.7	7649.64	8742.96	8321.62	6925.39	14718.2	10097.1	9841.2	11416.6	12018.8	8855.78	12878.8	12463.4
EMC9	1	1	3640.42	3940.85	3833.6	3603.32					3653.26	2870.47		6449.94	5904.68	2411.53	2844.58	4494.25
EMD	9	9	9165.65	7097.7	17541.7	9296.03	4774.94	5853.75		1929.14	9718.95	13221.7	13313.4	10660.4	10358.8	14806.7	15035.6	11912.8
EMG1	7	7	11500.2	11631.7	12489.2	13087.8	16893.3	14107.7	15525.1	14038.7	14411.6	12808.1	12807.5	14347.5	15325.6	15684.3	17022.3	16226.1
EMILIN1	11	11	3840.34	3236.59	3193.35	3312.51							1247.07					
EML1	8	8	10968.7	9154.32	9487.26	10126.9	6159.25	6553.68	5737.56	6714.07								
EML2	9	9	4444.32	4248.82	4423.23	4091.63	13731.3	13616.8	13254.7	11615.2	9992.65	10381	10240.7	9665.95	11973.3	12363.6	11855	13063.7
EML3	13	13	11361	10472.1	11796.4	10900.1	12966.7	12139.9	11806.4	11605.1	10550.6	11975.6	12258.6	11793.8	20421.3	15038.8	17435.1	19952.6
EML4	22	22	17010.3	16171.6	19848.5	19524.2	7459.36	6937.48	5546.27	6665.63	26071.1	28448.2	26102.3	25889.6	80495.7	78783.5	91840.3	75486.5
EMSY	7	7	1698.67	1311.35	1625.85	1713.27	2316.32	1561.83	1659.01	1848.67	1128.48	1534.58	1250.26	1822.1	1215.76	1593.65	1001.17	1277.69
ENAH	10	10	46017.9	37429.1	32862.8	37419.5	21034.9	23874.7	22929.2	18365.9	4821.55	3063.36	3215.9	2326.95	2139.06	2139.31	5733.51	3335.07
ENC1	1	1	889.845	532.639			603.075	508.953										
ENDOD1	7	7	16742.2	13594	16739.9	12325.3	13855.9	14305.5	14248.3	14498.1			3390.49		2484.84	916.399		1500.13
ENDOG	4	4	4382.58	5150.5	4274.19	4693.84	8646.74	7896.87	9162.64	8929.84	8808.11	9224.5	9268.82	9206.44	5243.17	4686	4641	5368.77
ENG	8	8	5934.87	5812.03	5943.42	7789.53					4483.78	4874.04	4047.7	4366.68	10288.2	11379.2	11942.9	10786.2
ENGASE	2	2	886.402	755.184				853.649		807.954	1283.78	968.693		1325.57	1178.32	1524.74	1504.51	1277.41
ENKD1	2	2						1675.18		1200.48								
ENO1	30	30	693267	819197	775783	865999	819289	861691	915039	817263	881810	906275	858745	1.03266e+06	803193	857563	895660	935626
ENO2	7	7	7803.99	6803.31	8659.04	7457.43	16408.4	15489.7	15420.2	15774.3	7606.29	6766.31	7131.87	7784.87	4647.74	4542.09	4403.68	4638.06
ENO3	2	2			5121.62		1171.12	735.207	945.887	596.933	3927.02	1378.02			2748.17	2929.71	2692.78	3429.04
ENOPH1	6	6	12721.1	16983.6	20177	20708.1	15411.4	15907.4	16258.9	16434.5	40116.8	52553.9	38181	36469.3	29865.2	21567.5	22327.7	26118.8
ENOSF1	2	2									6803.96	8547.85	7837.05	8507.15	4915.44	5175.58	6093.98	6751
ENPP1	5	5	2033.22	2390.77	2665.07	3837.51		1086.5		733.415								
ENSA	5	5	7171.11	10728.6	16884.6	12494.3	8370.79	9940.3	9424.44	9669.27	7607.7	21248.5	9696.87	8154.4	7024.71	11612.3	8993.59	5556.33
ENTPD1	5	5		15278.5							12700.3	14033.3	12544.4	11363	11674.8	9275.66	12139.3	10047.4
ENTPD4	1	1	526.953	523.22	927.649	546.39	330.147					237.965						
ENTPD5	3	3	2275.88	2286.14	2815.02	2253.96					1439.49					984.821	991.427	
ENTR1	3	3	1546.2	1249.53	567.8	654.862					1116.26	1973.92	1343.33	1373.54		1116.93	957.65	
ENY2	5	5	9801.68	9510.45	8736.24	17299.3	9685.43	14391	8214.19	10016.1	11357.4	12837.5	11143.7	9029.73	10824.4	13557.1	12464	11160.5
EOGT	7	7	9950.73	9671.41	13800.6	10855.5	5937.76	3916.03	5483.3	4122.66	7535.53	10814.5	9929.3	8659.06	8629.15	8408.54	9135.17	10546.9
EP300	3	3		2235.24	2243.51	1826.64	3222.69	2092.29	2564.61	1991.44	2475.01	2629.15	2394.68	3692.23	2429.95	2435.79	2503.4	2884.37
EP400	17	17	2438.24	2385.94	3078.01	2505.94	3520.99	3598.26	3286.91	3225.66	2806.57	3158.39	2821.24	3086.54	2967.78	2641.62	2404.75	2754.4
EPB41	9	9	1747.78	1413.6	2323.54	1852.17	2464.99	2057.61	2378.48	2501.29	2560.15	2812.23	2778.97	2738.2	2288.37	1856.51	1922.82	2321.5
EPB41L1	11	11	3038.81	3744.95	4533.93	4519.78	3891.52	2921.31	2550.79	2539.36	12339.9	10253.6	7744.16	7925.22	5434.31	3585.94	4763.2	5079.61
EPB41L2	36	36	22687	22023.7	24819.3	24452.9	23574	22172.5	22083.6	19417	24784.8	20297.3	22071.8	23156.9	43868.1	38320.7	46687.1	43494.6
EPB41L3	33	33	24215.6	28328.3	34796.7	39056.5					20924.4	23100.2	20099.7	20397.5	11998.7	14166	13000.9	13549.8
EPB41L5	2	2	664.492	610.664	1289.63	1015.35	1216.61	963.018	1140.76	934.059								
EPC1	1	1	383.644	419.831	335.712	302.509	756.774		709.579	509.832	550.385	595.875		634.647	463.119	495.002	507.106	634.558
EPG5	14	14	3198.61	3191.84	3308.22	3462.99	2467.75	1960.5	1890.67	1577.63	6416.9	6711.31	5517.81	6306.91	2652.54	2436.15	2577.18	3035.26
EPHA2	14	14	14560.6	13985.2	17183.2	14642.7	14108.4	12804.3	13587.9	10001.6		985.674	1298.53					
EPHB2	9	9	5101.97	6009.87	5551.81	5986.79	2790.3	2605.49	2808.29	2350.52	2074.93	2340.41	2935.25	2954.65	1938.4	1116.64	1188.24	1832.51
EPHB3	2	2	3521.78	3477.96	4023.94	3197.52					2748.35							
EPHB4	2	2	4571.58	4609.04	4798.89	4185.64												
EPHX1	19	19	25214.2	30105	44320.5	29900.4	37100.4	38820.5	38215.9	33142.4	107108	101481	111852	88953.2	22752.3	22492.1	24023.6	22252.3
EPM2AIP1	6	6	4276.58	3628.73	5400.32	4569.56		4922.77			3153.48	3303.22	2448.68	2837.03	2889.28	4118.24	3982.79	3059.94
EPN1	7	7	14315	11757	9641.83	10110.7	7906.75	5831.54	6258.25	5361.15	15825.7	10953.6	11002.8	13533.5	8517.29	8227.68	8814.19	8662.33
EPN2	4	4	6887.83	6758.76	7285.02	8378.29	6864.27	5506.77	5725.97	5750.68	6113.3	4647.23	5333.18	5002.07	2649.11	2264.14	2707.39	3259.41
EPPK1	30	30	8143.28	7963.08	13106.8	8098.56	7441.26	3548.14	9190.73	4790.98	8607.92	5879.77	15601.9	13316.7	22334.1	4291.77	3783.19	8625.82
EPRS1	34	34	37664.3	39481.8	42738.1	49332.2	21331.3	20398.6	20499.4	20029.3	21157.3	23570.6	18986.2	20134.1	27225.5	28181.9	32421.4	28841
EPS15	24	24	12860.9	13955.7	12101.3	15113.3	13740.9	12801.3	11777.9	11467.6	34966.9	34640.4	30671	39760.9	19536.1	17123.2	19533.3	19826
EPS15L1	30	30	23214.4	19614.1	18147.9	19390.7	12740.6	11086	10410.7	9825.69	24645.1	22200.7	22681.9	28931.1	16735.2	12426.2	14384.1	16469.7
EPS8	19	19	21353.9	22628	19477.3	20825.9	18605	19633.3	18028.6	16784.3	16426.5	18224	16365.1	16443.5	13563.6	12875.7	14723.4	16221.2
EPS8L1	3	3													2908.97			
EPS8L2	11	11	1027.12	1319.27	1349.21	1365.98	8969.79	8716.79	7140.29	7009.36			687.848		3276.47		791.087	
EPSTI1	2	2						1286.6			2214.23	774.037	2167.01	1944.42		622.733	965.438	1191.45
EPX	10	10	1850.24	4898.95	4131.07	904.695	1511.74	1499.96	1408.52	1413.55	7538.67	11502.5	44424.2	30359.2	26983.6	6047.48	4531.88	4299.37
ERAL1	7	7		1839.76	2242.78	1966.13	8530.71	6226.91	6295.79	5331.34	4012.03	4579.62	3284.77	4498.2	4093.7	3825.26	4068.73	3684.49
ERAP1	17	17	13098	13444.1	15831.5	14285.7	11974.2	12027.7	10527.5	9793.51	14945.8	15850.1	13671.5	13418.5	17068.2	16674.7	20341	19768.7
ERAP2	12	12	5840.15	7180.58	8280.59	8816.88	7675.38	8346.75	6967.12	7902.43	1082.21	1212.1			2744	3024.24	3036.34	2970.53
ERBIN	22	22	4496.22	3604.9	4428.49	4965.99	12667.1	11428.4	9605.05	9277.41	9797.96	9297.4	9632.82	11360.3	6490.04	6305.98	6630.2	6353.95
ERC1	26	26	13970.8	12566.7	13884.8	14760.5	6882.53	5981.79	6049.33	5556.1	5027.81	4732.73	4890.03	6086.16	4321.09	4026.07	4508.44	4986.04
ERCC1	5	5	2527.94	1743.06	2258.69	1539.58	1544.63	1730.85	1704.72	1708.83	2248.03	1864.64	1541.29	2146.52	3148.41	2265.01	2182.94	2297.12
ERCC2	12	12	2241.19	2873.53	2221.8	2178.78	2988.03	3165.34	3917.01	2961.77	3210.85	2707.62	3955.08	3189.17	3413.05	2858.33	3117.02	3418.83
ERCC3	9	9	3977.14	4112.37	3898.41	3679.87	6042.21	4763	4885.33	4989.17	4560.7	5410.32	4927.16	5329.38	4978.95	4577.31	4615.26	5404.44
ERCC4	6	6	3157.62	3082.31	3568.5	3011.26	2155.4	2136.49	2744.63	2398.74	3313.07	3363.96	3086.1	3452.56	3382.67	3969.71	3748.01	3408.4
ERCC5	8	8	2273.17	1754.5	2341.7	2276.64	4092.26	3718.26	3168.4	2977.27	1912.68	2137.53	2107.57	2283.97	2867.18	2103.02	2515.9	2562.77
ERCC6	5	5	4592.79	4006.01	4045.43	4424.93		1539.37	1304.39	1752.09	1362.41	1118.19	1171.61	1430.59	2075.42	1340.91	1974.71	2265.29
ERCC6L	6	6	1983.37	2001.94		1818.64	3295.54	3325.69	3146.08	3110.65						1179.38	1487.38	
ERF	2	2	4554.21	4303.72	2835.45	4577.16	1829.07	1220.53		1674.11	1568.06	2190.97	1382.56	2264.8	1813.05	2270.86	1765.71	1402.92
ERG28	5	5	3145.52	3724.84	4478.45	3530.58	1643.4	1856.59			8246.25	11432.6	10190.3	8971.73	3432.85	3496.33	4350.47	3581.18
ERGIC1	6	6	4787.37	6261.54	8466.32	6749.67	3999.74	3840.12			6145.08	6321.59	7021.87	4669.88	5321.91	7284.4	8524.03	6839.75
ERGIC2	2	2	3042.67	3824.06	6893.37	4218.14	638.286	1921.42	1760.93	1312.92	2734.2	3553.88	3691.44	2872.34	3152.89	2908.37	3102.92	3208.38
ERGIC3	4	4	9328.75	8606.63	8432.02	12166.2	9343.02	6816.07	5716.42	6345.23	6452.01	4364.23	4853.82	6209.45	7202.34	5273.22	5839.37	7061.07
ERH	3	3	1535.12	1172.83	2394.13	1234.72				794.093	2920.2	4279.15	3818.25	2474.77	2960.44	4546.03	4372.52	3804.28
ERI1	2	2	1169.06	959.015	1867.49	1392.45	3206.99	2512.9	3124.35	3133.76	1147.68			1028.18		1091.4	1111.63	1041.14
ERI3	1	1	10857.6	7818.24	10384.1	9440.15	9376.79	8304.1	9085.31	6202.03	4771.74	4620.12	3967.15	4141.17	5768.49	4306.48	4894.35	5263.33
ERICH1	1	1			1359.78	1071.95		936.261									1304.08	1686.99
ERLEC1	7	7	14473.2	15376.5	18878.9	16424.2	5677.62	4611.58	6553.88	4819.01	12072.1	13423.2	12945.5	14069.3	14063.2	11718.6	12634.9	13977.3
ERLIN1	8	8	14471.5	14870.9	18969.1	18383.7	11149.1	9824.62	11027.6	10889.9	16661.8	21477.8	19728.6	20084.2	11713.6	12656.4	11430.7	12683.8
ERLIN2	12	12	6740.9	9578.3	9018.44	10267.6	6152.63	4008.91	5743.93	6101.31	10622.2	15785.6	17647.6	15848.1	8388.7	8542.45	8543.64	11167.1
ERMP1	7	7	2133.62	1866	1771.72	2100.41	1994.52	1443.47	2224.65	2357.27	3927.84	4415.68	4228.11	4261.01	4329.74	5081.75	5476.89	4888.26
ERO1A	12	12	18818.3	21121.7	26093.2	26233.1	9994.4	9978.52	7701.96	8155.27	31369.5	37012.8	32619.8	29219.8	24517.3	26149.2	29979.5	27181.4
ERP29	10	10	71900.8	95314	164357	105509	52633.6	31201.9	26399.7	35851.5	341455	545024	436479	340016	216358	326940	299843	279457
ERP44	12	12	45833.5	47534.6	46118.7	55717.9	39942.6	34619.2	27658.6	28508.9	69089.3	65776.7	60386	74243.5	57884.3	57863.5	69919.8	63146.9
ESCO2	2	2						720.064	359.543									
ESD	7	7	43522.4	58063.3	112699	53495.9	25706.2	33429.4	26616.8	21434.8	122651	222413	153835	95702	102890	145547	180523	122880
ESF1	7	7	1808.32	1062.47	1748.86	1595.13	2884.25	2094.86	2782.78	2226.81	2476.08	1724.94		1850.59	1673.75	1846.46	1983.09	1993.26
ESRRA	2	2						5546.36	4444.94	3292.32		452.936				281.564	162.73	
ESS2	2	2	2450.71	2697.4	3132.1	3247.44	1530.74	2050.51	2217.96	1069.73	2957.56	1684.5	2027.15	2074.06	2417.93	2282.96	2462.5	2620.6
ESYT1	31	31	41075.8	42478.7	46296.8	48429.2	18760.5	17279.2	15581.1	15807.2	23312.5	23572.8	21974.3	23327.7	23941.7	24832.5	27081.9	28026
ESYT2	21	21	18439.2	16792.3	15654.7	19175.9	11266	13799.1	10408.7	9352.51	10569.2	10193.8	10148.4	10409.3	9072.23	7134.76	8481.27	10180.4
ETF1	14	14	60402.8	64265.4	53009	68731.8	46223.5	49634.1	48692.7	48494	62916	62287.8	52555.8	62607.5	51985	56952	63473.2	59439.6
ETFA	12	12	58799.3	52178.8	63426.5	53650.4	40807.2	45422.4	32998.8	33699	103119	114703	102855	117290	118735	96538.7	110410	121803
ETFB	14	14	37149.5	41770.3	35580.2	43071	28498	31596	28734.2	29454.4	66686.3	75084.8	59949.8	73709.2	82096.8	67567	69580.1	71871.9
ETFDH	10	10	5924.04	4538.89	5134.02	4724.33	8257.5	7671.27	6414.82	6161.43	8046.77	7816.16	8086.97	9111.14	8812.82	6660.96	8320.29	8244.92
ETHE1	5	5	24690.6	26111.6	37113.5	29626.6	10353.3	11167	10170.3	10553.2	64035.8	75359.1	66051.7	65837.2	61773	80801.2	86962.2	70014.2
ETNK1	3	3					1357.94	764.534	1525.99	1569.3	1262.54	1608.53	1646.6		1531.88	1692.52	1701.53	1804.61
ETS1	1	1	427.268	222.695	560.467	855.04		973.405	1041.77	777.774								207.819
ETV6	4	4			1503.18		6295.66	4654.16	5462.78	4051.9	4620.79	5235.47	4596.62	4933.07	5228.23	5094.74	7211.48	7495.21
EVI2B	2	2									18537	19774.1	23172.6	23769.3	27535.8	26504.2	30289.9	29999.7
EVI5	4	4	3370.67	2938.02	3411.95	2966.29		2752.85	3562.9	3224.23	2698.18	1959.12	3021.59	3049.29	2152.68		1911.02	2533.46
EVI5L	5	5	1127.32	1302.85	1533.69	1648.74						1176.37				847.316		
EVL	12	12	1118.94	887.673	950.589	1014.41					28321.4	23461	20459.1	22074.7	37494.6	23693.6	43091.4	41773.8
EVPL	16	16	13923.1	11001	30550.9	6634.47	14162	5428.75	11113.8	8868.3	15243	14628.5	18530.5	17905.3	22931.8	11804	9403.21	14187.7
EWSR1	1	1	9822.85	10945.7	33441.9	14481.2	2691.26	6730.32	2851.74	2350.46	11919.4	28065.1	22674.4	16970.4	17790.5	36628.5	32828.8	26549.2
EXD2	10	10	5349.89	5061.87	5756.57	5560.32	4970.79	3778.33	3398.53	3178.08	3368.77	2483.48	2913.02	3491.85	4938.57	3695.52	4110.34	4171.27
EXOC1	15	15	7068.61	8799.75	9714.51	10146.6	6181.34	5528.81	6509.78	6508.94	8121.81	7780.12	8969.3	7972.64	7913.24	6036.52	6672.33	6019.52
EXOC2	25	25	13398.8	14075.7	15861.6	15235.5	12202.6	10089.4	9877.32	9583.88	16028.9	15295.5	14404	16408.8	12429.1	11260.7	12071.7	12520.1
EXOC3	16	16	12086.9	14236.9	13785.9	13157.3	9106.52	11466.8	10183.2	9633.5	15717.6	15250.4	17179.4	16019.1	12882.2	12868.2	14354	12236.4
EXOC4	24	24	17144.2	17843.8	17099	18440.2	12824.5	11989.1	10522.2	10237.2	15908.8	15850.1	16888	17395.2	12688.4	13401.5	14913.6	14393.9
EXOC5	13	13	7526.74	7813.81	8240.27	7499.26	4973.04	4410.63	4763.62	3583.06	8287.89	7772.89	8206.87	8675.77	6521.15	5908.34	6967.79	6981.77
EXOC6	10	10	1879.94	2658.68	1772.08	2569.37	9077.44	8739.95	8672.58	7614.2	9792.2	10287.5	8988.72	10136.5	7077.23	7137	7515.29	7863.46
EXOC6B	8	8	6722.16	7221.66	7303.71	8166.3	1552.73	1440.54	1718.62	1457.46	2496.25	2455.58	3145.68	2456.44	1991.34	1817.71	1837.68	1631.04
EXOC7	14	14	7724.25	8764.12	7290.32	8512.29	5329.82	5276.47	4900.87	4979.39	7035.57	7736.99	6941.95	6619.7	4960.53	5235.97	5742.14	5656.33
EXOC8	12	12	5770.2	6054.26	6498.44	6623.6	4226.24	3980.27	3622.3	3378.93	6101.11	6385.83	6448.34	6502.44	5071.6	4780.58	5138.51	5707.93
EXOG	3	3	1552.82	2281.27	2223.96	2141.95	606.121	941.142		912.063	882.098	769.003	1072.53	574.107	1352.63	1579.48	1257.56	1521.66
EXOSC1	2	2	7403.92	6375.7	6653.58	6441.27	11469.2	8954.96	10149.4	9911.3	7346.36	6954.28	5760.27	6283.05	7602.82	7031.78	7747.56	7106.2
EXOSC10	18	18	6402.2	5136.98	5636.51	6353.79	8638.18	9304.57	8548.84	7967.8	7527.5	7334.12	6313.08	7506.39	8001.56	7340.98	6800.22	7526.06
EXOSC2	5	5	4342.76	4236.98	6175.18	5322.11	7212.66	10007.7	8458.91	9760.64	6817.53	6555.02	6404.89	7807.37	6228.71	7097.85	7155.25	5889.08
EXOSC3	2	2	2654.9	2562.21	2462.44	2843.99	3491.51	2856.42	3024.46	3548.04	2736.3	3245.74	3610.08	3615.72	2993.19	3684.23	3442.05	2950.64
EXOSC4	5	5	3179.79	2690.28	5212.34	3545.6	3404.82	4514.91	4048.72	3268.67	5628.55	6719.17	5261.48	5337.39	5199.79	5681.26	7058.18	5287.88
EXOSC5	4	4	5150.73	5860.26	6378.55	7334.1	9052.73	7871.28	7877.06	8048.14	7020.45	8340.34	5127.85	6227.73	7852.7	6605.76	7551.04	7124.92
EXOSC6	4	4	3007.71	2036.02	2949.07	2949.87	6194.09	5690.4	4412.24	4850.02	3457.96	3900.49	3797.28	4140.26	3828.02	4303.46	4627.62	4263.4
EXOSC7	4	4	918.83	1632.97	1859.07	1172.8	3034.37	3273.61	3537.72	3387.35	2158.42	2458.83	2323.41	2425.83	2314.53	2614.09	2594.36	2375.31
EXOSC8	4	4	3467.02	3424.2	3712.52	3700.19	6569.48	6755.56	5417.85	4357.73	4359.08	3926.6	3883.21	4109.25	4413.89	3905.11	4235.7	5087.12
EXOSC9	3	3	4513.49	3758.44	3887.76	3667.94	8568.58	7976.59	7301.94	7556.28	6116.33	4804.01	4948.2	6625.93	5332.11	5076.16	4897.57	6299.07
EXT1	1	1	5752.34	4575.68	3974.88	5379.33	2915.59	2043.92	1977.67	3026.92			1976.08				1495.84	2041.19
EXT2	3	3	2902.53	2633.05	3693.85	3173.29	1630.51	1223.12	1535.09	1517.73	1214.55	1327.38	1590.77			772.326	653.606	
EXTL3	2	2	1475.06	1815.5		1293.17	2662.51	2022.76	1494.82	1614.14			1227.9	1335.14				
EYA3	4	4	4390	4301.28	4898.29	4809.94	3730.66	3450.75	3886.26	3414.85	4597.07	6090.43	5016.31	4163.54	6232.03	5323.38	6188.61	5331.74
EZR	20	20	22434.4	24677.3	32480.8	26750.1	64162.4	83485	85330.2	91328.2	52783.5	77500.2	84035	49354.3	31199.1	45906.7	45862.7	33818.1
F11R	6	6	3698.98		4993.35		5625.54	5247.31	5217.45	4752.9	13512.5	6739.64	9925.87	11356.4	6070.89	3771.8	5464.27	5250.47
F13A1	27	27			2642.93	4323.57			3655.37		475345	561992	448490	443082	27263.8	36827.7	31406.4	25042.4
F5	4	4	5244.94															
F8A1	5	5	2393.49	2697.8	3195.12	2850.74	3001.58	2861.55	2865.09	2459.91	4935.24	6373.28	5216.7	5328.69	3915.74	4555.93	4331.13	4605.67
FAAP100	1	1		2879.32		2082.9		3558.21				3315.66						
FABP4	6	6			4847.59	545.264					11902.9	9620.92	12392.2	7407.6	2982.79		1733.71	1480.8
FABP5	6	6	345258	332208	682232	347331	216187	197699	218103	230486	885072	1.29937e+06	1.3147e+06	1.16862e+06	1.23627e+06	577094	827147	713053
FABP7	6	6	18593	3984.9	10240.4		177653	230971	155712	171754								
FADD	3	3	3186.61	3113.25	5043.27	3329.67		1725.39	1010.19	1296.79	2077.96	1995.97	2452.22	1998.78	1971.61	1770.59	1936.35	1932.25
FADS1	5	5	3695.32	2200.7	3463	3406.29	9157.19	7754.4	7573.83	6499.75	4948.56	4282.01	4074.27	2859.97		4252.22		
FADS2	6	6	16793	15682	23650.2	18387.6	24871.4	32278.8	24621.1	17995.1	11736.6	14848.6	13057	9488.85	988.539	2908.8	2238.19	3033.54
FADS3	2	2	1561.61	1660.79	2403.51	2239.11												
FAF1	14	14	5459.55	4802.71	5689.1	6504.57	7120.17	8488.54	7264.94	7708.14	5820.71	6051.81	5368.59	6226.18	5339.26	4944.43	5328.71	4920.36
FAF2	11	11	19557.2	22976.2	26787.7	25030.6	18381.5	17617.1	22414.1	15746.2	20970.6	20769.1	17961.4	18839.2	17430.5	17671.6	17265.6	19002
FAH	10	10	10312.5	10028.8	9977.37	10373.4	27164.7	27778.1	27304.5	24720.8	57610.1	67793.1	50583.2	53407	21880.8	26599	25373.4	25458.9
FAHD1	3	3	4538.5	7500.64	5506.32	7175.82	3795.41	3366.44	3798.1	3642.59	7288.61	8343.12	7725.36	7101.41	5161.56	7529.34	7821.73	6491.66
FAHD2A	3	3	14501.6	16746	14986.9	18123.7	8321.26	6284.66	6915.13	7118.16	14677.1	14863.6	14322.9	13648.8	9917.8	8748.84	9410.61	10232.6
FAM107B	7	7	3076.45	3864.95	2415.77	2600.2					3008.52	2318.91	3190.07	3436.91	6798.98	7947.86	7475.89	7071.51
FAM114A1	16	16	39396.4	39085.6	43540.7	49320.7	14847.1	13149.2	11785.4	11034.7	3256.73	2724.72	4019.28	3069.49	2516.88	1858.41	1980.96	2400.09
FAM114A2	17	17	9993.33	9917.94	10647.3	12054.6	6356.7	5426.95	5644.43	5387.85	11477	11495	9105.21	10325.3	7412.99	6521.86	8112.08	7894.02
FAM118B	5	5	2015.94	1861.15	2792.25	2009.28	1572.1	1548.86	1245.22	1254.62	3072.29	3875.92	3491.55	3489.97	2786.23	3345.87	3108.11	2834.02
FAM120A	22	22	16358.6	17211.7	18487.5	20231.6	18332.2	15353.1	16043.9	14365.5	13483.2	14633.8	12931.9	13291.5	12921.3	13819.6	14410	15021.6
FAM120B	7	7	6079.93	6932.67	5821.32	6384.56	6047.57	5001.69	5166.05	5069.75	4359.59	4024.79	5158.36	5237.16	4964.62	4531.61	4659.97	4642.08
FAM120C	6	6	4097.75	4071.29	3652.71	4300.7	3215.8	3607.66	3945.35	2858.37	2541.84	2620.41	1327.66	2147.54	2914.47	2431.79	2590.66	2776.7
FAM135A	3	3										407.404			519.596	483.206	558.888	542.942
FAM135B	1	1												445.486	723.175		663.212	606.615
FAM136A	1	1	4787.16	5874.78	5384.97	7308.97	9436.1	8455.54	7997.07	8506.66	11807.3	16153.6	6261.95	10776.5	14668.1	14207.2	15022.3	13169.3
FAM162A	3	3	2827.57	4498.2	8367.2	3774.48	1445.93	2051.45	1323.54	753.395	5746.14	5952.79	7113.9	5648.21	8458.74	6079.75	8221.23	8122.24
FAM169A	5	5	1521.34	1061.94	1868.46	1347.71	2281.64	2473.4	2357.88	2203.92								
FAM177A1	3	3	5174.57	5563.66	6306.04	7442.21	1572.89	1979.43	2152.7	1624.76	1301.63	1133.21	969.997		885.346	1367.58	1148.39	
FAM20A	3	3									2696.02	2571.6	2547.24	2259.77	1186.41	1383.87	1248.69	1445.88
FAM20B	4	4	2453.99	1989.22	2651.14	2342.53		1546.9	2135.76		1696.38	2560.42	1931.66			2141.16	2001.82	2522.05
FAM20C	7	7					6911.39	3352.71	8986.85	5133.08	4355.74	3481.46	5024.9	4239.2	6263.91	3588.17	5690.78	7871.66
FAM210A	5	5	1811.76	1749.09	2036.29						2932.72	3270.56	2817.23	2708.32	2440.31	2337.47	2256.38	2654.17
FAM210B	1	1	8900.19	7851.74	9632.14	8887.08	8679.86	9021.01	6609.79	8672.79	4348.67	3516.44	4281.9	5621.75	2985.56	3824.25	3815.07	4023.83
FAM234A	4	4	1155.75	1318.4	1972.07	1690.96	956.033	826.916	795.784	806.219	778.896	1260.21	933.708	964.72		517.255	653.598	
FAM234B	1	1		709.295	700.014	529.257					1045.96	1171.49	1435.65	1597.01		565.999		
FAM241A	1	1						306.513	481.174			719.977	691.653			547.579	447.944	313.349
FAM32A	1	1									1469.83					1183.02	1467.48	
FAM3A	2	2	1029.08	1111.6	878.722	1342.94	1179.33	1071.67	899.49	965.441	866.421	724.302	806.449	703.271	808.519	825.181		1224.2
FAM3C	7	7	9047.01	9160.42	7621.9	9999.88	9312.5	10014.3	9423.05	8039.86	4855.48	5230.51	5383.54	5638.27	3995.96	4735.08	4222.5	4524.49
FAM50A	5	5	5886.61	7393.81	8017.97	11455.1	11776.2	12669.3	11537.4	13669.7	11788.7	16355.6	13454.7	11779.8	7910.41	8708.34	8082.53	7096.34
FAM78A	1	1									1841.23	2442.56	1354.6	1774.68	1068.62	1067.15	1447.19	1033.23
FAM83D	3	3	3252.5	2757.18	2893.98	2887.1	2607.47	3164.03	3107.02	2749.55	2708.9	3041.6	2324.35	3402.04	4647.66	2726.52	3149.4	3652.55
FAM83H	3	3	692.542	563.961	641.753	483.517					403.453	581.106	1417.03	489.205	987.714		404.483	172.768
FAM89B	1	1	972.113	732.774	901.398	1031.41	1570.47	859.966	666.81	991.972	395.778				641.682	200.072	595.797	482.654
FAM8A1	2	2	3075.21	3794.45	3984.04	3184.72	1510.79	1821.93	1764.18	1408.92	1391.15	1355.48	1920.86	1516.56	1926.07	1737.37	1535.44	1856.08
FAM91A1	10	10	7288.59	8044.87	9080.35	8793.19	10073.6	8458.88	7992.71	7827.53	10917.3	11214.1	8111.89	10340.8	7343.22	6593.29	8171.96	8564.47
FAM98A	6	6	11278.6	14204.3	17978.3	14129.3	1004.46	1630.13	1918.7	863.98	4822.87	5688.98	4560.2	5138.58	4565.62	5261.97	5426.16	4517.27
FAM98B	4	4	9341.59	7442.07	10314.8	8201.55	7904.53	9782.37	7366.63	7249.1	7327.28	7740.33	8162.1	8058.3	6909.65	6929.95	7458.57	8191.54
FAM98C	2	2	1077.12	1638.6	2329.56	1981.63					1057.72	1263.19		1060.27	1390.24	1921.27	1357.5	1457.16
FANCA	1	1			644.739	462.868		1062.87		727.33	631.933	491.365				298.888	256.576	
FANCD2	4	4					688.035	935.538	757.116	920.405	1023.94	765.374	474.465	703.526				
FANCI	11	11	860.168		829.329	1067.04	3399.29	3705	2889.46	3252.05	1198.54	1126.88	821.828	1057.08		512.476	520.505	
FAP	9	9	6176.41	7276.68	13344.3	11287.2												
FAR1	8	8	2852.48	3152.41	2938.22	3341.63	5584.31	5590.88	6258.13	5970.1	7306.42	6795.38	5724.77	5982.88	5903.03	6594.92	6474.22	6158.57
FAR2	6	6	2248.36	1874.18	2527.6	2586.18					4674.61	4639.38	4866.24	5196.91	7114.44	4911.89	6112.07	5154.65
FARP1	12	12	7938.09	9819.77	12334.3	11644.8	5584.38	5073.91	5629.59	6318.37	4691.96	4037.67	4396.11	3428.4	2808.62	2252.89	3449.47	1820.74
FARP2	3	3	1860.66	1740.71	2009.55	1689.82		754.254										
FARS2	4	4	4636.17	4538.02	4404.47	4183.91	4277.22	3729.99	4991.39	2947.91	5213.54	5410.94	5388.57	5316.88	6911.58	5765.65	6297.3	6967.33
FARSA	7	7	13559.7	14639.1	14392.1	17720.2	11235.2	10973.9	10301.5	11384.5	8642.56	9945.95	7122.62	8331.33	10248.4	13382.2	13366.4	11509.5
FARSB	20	20	53114.5	51650.7	52671.8	57456.6	39123.4	37114	36528.2	37272.6	31458.9	34651.9	28641	31395.9	38727.1	40350.5	43318.5	39659
FAS	2	2	2626.38	2029.44	1929.63	1998.99	807.822	804.344	690.742	612.159	960.948	663.623	755.567	1020.18		593.291	808.805	878.386
FASN	78	78	83654.9	83789.2	92915.4	92517.9	327288	329622	271562	242957	116508	138836	107651	111794	39795.5	49436.5	45217.6	48891.9
FASTKD1	9	9	571.518		864.415		1272.23	1427	1446.74	1498.35	1838.12	1859.43	2482.99	2654.44	2744.29	2290.24	2722.59	2671.09
FASTKD2	5	5	2928.29	2536.21	3136.84	2799.28	3743.28	3167.68	3311.24	3341.14	2549.12	2529.5	2081.85	1953.43	2455.74	2901.24	2884.39	3434.33
FASTKD5	5	5	1730.09	1397.86	1389.36	1601.66	3578.66	2021.88	2802.25	1670.4	2042.01	1967.96	2785.03	1251	1467.65	2013.49	2004.95	2098.43
FAT1	25	25	4019.3	3804.21	4065.27	4520.53		1138.05										
FATE1	1	1	1584.14	3264.93	5627.42	3492.16					2863.16	5266.57	5554.53	2518.25	2887.45	5131.3	4220.37	2639.94
FAU	4	4	286198	313335	276409	375107	180496	133913	223263	227838	167440	168069	191036	195689	178230	185709	179287	190618
FBL	10	10	44275.2	44295.8	60057.1	48287.8	29246.7	33884.6	23653.7	22149.9	51876.8	51365.1	43514.7	45081.7	63021.9	66751.8	74564.4	54021.9
FBLIM1	4	4	8223.26	7698.78	6113.92	8017.28	7618.23	8123.39	7721.67	6954.73								
FBLL1	2	2	8425.49	5060.76	6011.63	4271.47		13041.7	11185.9	11524.5	8787.85	11113	7954.24				16644.2	
FBN1	4	4	19363.7	28341	41052.7	34417.4												
FBN2	1	1		1048.25	972.525	2060.03												
FBP1	11	11									20381.3	10641.2	9930.19	6848.86	38363.5	46877.2	102487	72478.8
FBP2	1	1									1891.72	1289.63			3276.62	4485.51	8552.85	5171.41
FBXL12	1	1		1225.63								2205.67	2540.61			1538.2	1389.6	
FBXL15	1	1		520.449	527.753	703.539						777.47		707.453		963.298	879.496	1102.35
FBXL18	9	9	3933.8	4471.94	4184.93	4475.67	3036.94	2443.6	1959.67	2731.05	1200.6	2182.39	2010.4	1536.71	2325.1	1554.98	1805.38	1741.33
FBXL2	1	1	2556.17	1904.87	1611.33	1898.79	3014.38	1959.45	2075.99	1645.76								
FBXL20	1	1	3497.07	3257.51	3856.24	4586.08	2980.75	3102.1	3818.31	2888.32	2660.01	1916.27	2678.95	2042.22	3043.35	2357.02	2810.22	2046.96
FBXL4	2	2		1738.35		3078.65	1903.38		1835.11	1751.4								
FBXL8	3	3	1752.65	1785.21	1555.91	1244.43	823.483				1794.19	1116.53	1964.31	1526.89	1729.46	695.667	1536.01	967.257
FBXO22	9	9	5896.91	6885.58	7425.35	7261.85	5453.27	5582.07	3876.4	4077.96	4050.61	4570.81	3754.51	3780.01	5266.97	5291.32	5446.49	5421.31
FBXO27	1	1								474.754		513.254						
FBXO28	3	3	2439.24	2354.25	2514.73	2483.63	4278.88	2235.25	2460.98	2238.17	1487.88	1723.23	1499.67			1122.39	1986.8	2006.14
FBXO3	3	3	3871.86	3616.63	5226.5	3815.01	5572.52	4710.72	5763.69	4696.86	3343.79	2818.48	5215.62	4853.67	4991.37	2129.22	2200.99	2629.92
FBXO30	1	1	1360.48	1581.59	1511.98	1590.69	3013.33	2537.76	2146.04	2390.94	1640.4	1512.95				1480.09	1624.7	1330.87
FBXO38	4	4	1461.74	1218.98	1318.78	1397.63		1664.89	1627.73	1147.54	1764.4	1285.12	851.895	1109.77	2102.99	1645.19	1909.98	1574.65
FBXO4	2	2									1370.49	1330.89	1754.21	1223.39	1380	1452.29	1390.8	1593.52
FBXO41	1	1				2725.14	6095.36	4640.9				2888.1	3058.47			3165.92	2601.01	3087
FBXO42	1	1		829.65	1345.37						583.803	1528.11			842.068		1173.98	1101
FBXO44	1	1	825.09	942.152	1711.84	844.164						883.96	618.187			939.103		805.974
FBXO6	3	3	2053.03	1572.21	2027.03	1493.37	1081.98	449.645	907.337	595.63	1981.6	2537.87	1973.17	2299.53	1366.8	1767.98	1311.56	1642.37
FBXO7	4	4	4220.24	5114.83	4318.72	4676.55	7947.89	5425.9	5690.52	4448.08	4482.06	4821.92	4068.71	5237.24	3785.17	4097.29	3895.07	4253.71
FBXW11	1	1			2723.48						1907.42	1691.91	2205.29		2138.83			
FBXW2	1	1		1048.56	1166.61	1683.04					1803.55	1028.85	2020.63	1303.68	1448.69		1124.35	1644.85
FBXW8	4	4	2007.1	2311.98	2167.67	2035.7			1203.99	1217.93		889.032			1215.03	723.745		545.929
FBXW9	1	1	855.992	711.371	722.269	622.29		537.567	367.09		920.785	930.93	1096.8		957.395	745.724	1212.41	1272.37
FCER1G	3	3									28063.8	48705	22455.3	20753.7	12560.3	30222.5	28655.3	21303.3
FCGBP	3	3	4975.86	688.042	1214.3						1837.1	1906.8	2316.16	5727.54	2161.38	2084.31	1930.08	1573.14
FCGR1A	2	2									9294.15	11983	6999.14	5709.62	2341.12	3175.86	3430.11	3401.07
FCGRT	3	3	3431.55	2665.57	2595.08	2889.61		1452.54	1084.93	1293.35	56947	49631.8	54156	62976.4	12689.7	10302	14957.9	13149.1
FCHO2	6	6	4474.85	3712.72	4111.32	4557.37	3542.74	2971.22	3264.78	2887.77	7765.45	6690.66	7320.95	7299.47	8413.72	7357.63	7799.01	8393.58
FCHSD1	3	3	7235.29	5429.37	6026.12	6230.57	5048.61	4256.3	5264.48	4034.99	4245.13	3863.26	5354.09	5913.56	4212.95	3728.81	4329.71	5136.87
FCHSD2	4	4	391.853		1020.03						2478.32	2267.27	1627.05	2530.73	1821.85	1438.94	1244.75	1701.72
FCN1	1	1														1117.89	615.531	214.174
FCSK	7	7	3627.93	4102.9	4613.75	3997.35	11638.3	4519.64	4355.03		4609.99	4979.87	5706.81	5461.6	6180.74	5102.37	4648.88	5329.38
FDFT1	7	7	7446.35	7233.52	7644.59	8032.99	28671.9	27950.8	22795.4	22661	7346.85	6536.79	6635.53	6857.63		1842.87	1807.94	
FDPS	9	9	79458.5	96412	126592	109264	124352	190592	118231	91785.3	98504.2	178216	119537	96603.7	28926.4	40448.6	42103.3	35706.7
FDX1	3	3	3535.57	2545.85	2310.56	1705.93	6194.02	6149.82	6272.95	6932.01	6349.75	2205.29	4201.93	4766.69	9605.47	10068.1	10460.6	11766.1
FDX2	2	2	1192.05	1555.08	1913.92	1237.3	759.66	1089.91		315.385	4086.15	4555.29	4290.62	3215.43	3139.49	2755.93	3382.91	3111.01
FDXR	18	18	16827.1	18437.8	19608.5	18837.4	17365.1	13841.6	14460	13228.2	15083.7	12774.2	14627.3	16626.8	19182.2	15188.8	13517.6	14225.8
FECH	9	9	2314.32	2639.19	4170.71	3494.22	3346.46	2651.4	3368.91	3134.53	13423.6	13606.9	13655.4	14599.2	5800.78	7099.85	6482.52	6789.55
FEM1B	2	2		740.188	926.275	802.742	530.687					443.513				524.826	533.192	
FEN1	10	10	9560.37	6934.96	10280.4	10400	28765.1	37477.4	34298	36902.2	22977.4	23228.8	16034.7	18170.8	14298.9	17993.7	17499.7	14438.5
FER	4	4	2418.33	2479.44	3096	3340.51	1934.33	1224	1720.82	1817.7	1518.01	1651.54	1469.92	1439.77		862.392	1098.65	846.125
FERMT1	2	2	1465.68	1049.33	900.969	1017.6	1425.16	1210.92	1403.98	1061.67								
FERMT2	16	16	35613.3	44638.4	45757	42920.8	13636.8	4447.14	7194.97	4308.87	7389.25	7836.95	7948.86	8251.11	6247.78	6623.46	7583.64	6806.93
FERMT3	27	27	1454.15			1196.02	3689.23	2826.04	3410.41	2817.65	109489	121520	91327.4	98724.6	149857	150982	181516	167291
FERRY3	4	4	1109.72	771.879	1053.58	951.265	1297.27				1730.83	1298.91	2094.89	1830.8	1527.1	1121.29	789.669	1553.59
FES	10	10									6208.86	6298.17	5865.86	6844.04	4520.42	4527.43	4107.02	4616.73
FEZ2	4	4	2585.04	2928.82	2733.21	2982.92			1813.27	2657.5	2672.87	2200.92	2174.35	1787.02	1595.67	1854.64	1676.02	1312.29
FGA	6	6	4786.82	2592.45	2788.69			3525.64			3594.67	3195.82	4338.72	4115.13		3575.84	2976.24	2216.83
FGB	5	5	6684.41	5346.96	4622.85		2514.46	2073.06		2594.15	5971.14	5714.76	8263.21	9703.85	5704.65	7866.54	6518.86	5219.05
FGD1	2	2	1382.31	1593.82	1523.03	1237.94	932.061	732.702										
FGD2	10	10									6718.57	7822.66	5989.26	6924.69	3730.21	4038.47	3599.21	4156.12
FGD3	5	5									2443.72	2423.81	2354.7	2408.34	2585.32	2379.94	2100.68	2198.03
FGD4	14	14					3617.61	3090.69	3088.6	3406.94	4618.56	4408.39	4186.74	4319.42	5843.94	4830.35	5659.96	6157.91
FGD5	15	15									1621.55	1892.04	1887.07	1277.79	7139.05	6546.63	7332.84	7201.05
FGD6	3	3	11364.3	8143.18	6572.14	5452.35	64962.4	5990.35	36946.5	13975.2	20616.8	15642.4	20116.7	34200	93756.6	9287.28	17987	58010
FGF1	2	2	9982.72	9434.98	7367.93	11848.8												
FGF2	1	1	6100.41	4888.16	5270.89	5029.45	3685	3925.46	3101.07	2633.76								
FGG	4	4									1557.98	1320.3	1919	1438.14	1203.98	1534.35	1337.98	1043.51
FGGY	4	4			1728.1	1931.69					5069.63	3451.74	4405.01	4559.44	2578.11	2133.85	2841.32	3025.45
FGR	4	4									5509.42	3958.23	4241	4669.96	2970.55	2621.62	4178.92	2812.11
FH	14	14	15391.7	19786.2	31632.6	23113.3	18087.1	18900.6	21200.4	13520.5	41563.4	45668.4	41793.8	43254.7	46983.8	52492.8	59425.5	47193.2
FHDC1	2	2			4417.76	10169.1						1623.65					3872.98	4254.54
FHIP1B	3	3	1633.24	1497.23	1695.43	1978.48	1710.56	1516.79	1923.89	1467.38	1444.57	1095.87	1746.52	1528.81	2035.16	1386.87	1516.75	1406.93
FHIP2A	5	5	7473.81	6033.6	4570.56	5984.59	5343.53	4650.9	4735.44	3418.32	4637.45	2774.13	4490.17	4335.85	3103.12	2274.1	3924.53	4245.56
FHIP2B	2	2	2344.76	1978.15		2759.24												
FHIT	4	4	5935.04	6535.5	4538.07	4685.12	3872.61		5430.7	5636.17	13816.5	12050.1	14596.7	15397	11739.2	9832.19	13108	12154.6
FHL1	4	4	233389	227463	326753	221498	6569.47	6634.36	9401.49	6158.49		1149.75	4177.27					
FHL2	3	3	3160.5	6102.88	6382.29	7272.07	2456.98	3290.08	2066.45	2870.78								
FHL3	4	4	10466.5	10357.7	16686	11309.2	3124.19	1882.36	1874.94	2142.71	2002.29	4503.44	3607.36	2682.09	9753.28	9888	12537	10490.2
FHOD1	24	24	6571.56	6159.79	6190.81	6799.63	3491.66	2683.52	2867.28	2737.86	7934.2	8503.47	7921.81	8168.57	9297.9	9486.58	9889.2	11103.1
FIBP	9	9	2594.82	2838.71	2453.14	2950.98	3685.82	2553.48	2930.24	2237.9	6143.66	6356.8	5700.93	5243.92	4457.56	4837.76	5115.6	4541.33
FIG4	7	7	2360.17	2342.88	2643.9	2688.84	1316.45	1406.32	677.566	1279.76	6654.18	6538.17	4894.81	5269.43	4248.97	3545.27	4118.41	4904.86
FILIP1L	23	23	14810.1	15219.4	14583.4	19046.5	3031	2727.28	3078.3	2934.52			2749.49		1084.23	1015.85	951.668	1199.05
FIP1L1	7	7	11590	13729.7	14525.6	14234.8	16911.2	17222.2	16803.8	16073.2	13261.4	14168.4	10436	13041.7	13311.9	13892.5	11914.3	14074.5
FIS1	6	6	16574.1	16125	21572.6	17419.7	8794.92	8688.85	9808.24	9403.8	18880.9	19179.5	17858.1	18726	23879.5	16867.9	19945.8	21091.9
FITM2	1	1	1420.69	1745.76	2721.23	1649.17					2016.99	1852.62	1813.25		2506.72	2055.56	2968.84	2307.32
FIZ1	1	1												1569.32			2996.5	
FKBP10	16	16	215966	234863	313431	261334	9703.5	8240.81	8731.05	10734.5			15235.2	63079				10030.4
FKBP11	2	2		2771.97	4038.82	2964.98	4467.87	3430.04	4373.45	3769.55			2635.46					
FKBP14	4	4	12300.6	13540	14717.1	13698.5	2500.07	1777.41	1971.34	1617.11		1443.29	1359.92		1106.12	830.176	777.82	1156.59
FKBP15	26	26	6506.5	7020.44	7598.9	7927.62	4821.19	4477.48	4117.48	4037.81	21234.8	23359.1	21900.3	21302	18406.6	18514.4	20015.8	19341.5
FKBP1A	2	2	84253.2	98729.8	98800.1	121823	61267.3	86005	61347.7	71130.1	129110	226336	200438	136217	125577	209461	163180	163605
FKBP2	4	4	30604.1	31782.3	53151.7	34668.2	14977.8	20375	17911.9	16968.8	78085.2	63220.8	77062	55227.1	50400.5	61762.7	68339.4	65056.4
FKBP3	5	5	13691.1	19743.8	29517.5	20059	9348.06	8326.48	10847.9	10559.7	16739.3	23026.8	17239.4	13905.2	16784.3	26181.4	24179.8	19499.1
FKBP4	19	19	17886.3	17514.7	17615.3	18804.6	39984.2	49112.4	37736	42495.6	28161.3	33421	28808.2	28021.4	22451	34089	30794.2	26408
FKBP5	15	15	4964.64	5329.53	7153.81	7165.29	7003.96	6505.71	5800.31	6521.35	14564.1	17321.4	14964	14983.8	19007	18829.6	20762.4	17950.9
FKBP7	8	8	4690.02	5108.2	8323.21	3541.46					1092.22	1228.26	1546.52		1803.67	1585.54	1156.48	1440.96
FKBP8	8	8	3502.63	3564.71	4473.92	4560.33	4288.8	4149.73	3592.67	2992.81	4333.04	5266.7	3951.79	4455.02	4119.27	4515.75	4707.57	4311.3
FKBP9	7	7	65363.6	57981.6	53487.9	65850	15308	16056.8	14487.7	11872.8	5571.09	4187.9	6748.71	5790.01	6205.09	2943.87	2977.79	3676.76
FKBPL	4	4	4589.36	3517.37	3999.49	3952.95	4363.4	3213.54	3503.11	2412.6	4249.89	3429.28	3905.01	4291.81	4051.82	3486.97	4194.19	3980.51
FKRP	3	3	2038.58	1577.07	2156.56	2404.85					1154.44	808.24	1090.97			727.584	886.352	1111.52
FLACC1	1	1	1217.97	1338.59	1418.73	1844.62		943.331	1332.78	1483.22		1114.06	1100.81		770.768	743.699		703.011
FLAD1	10	10	7071.93	7104.13	7795.85	7193.8	7027.34	5335.32	6564.54	6131.81	5327.12	6153.8	5098.8	6483.08	7731.19	7377.88	7436	7972.94
FLCN	7	7	3367.86	2976.13	3963.57	3749.5	2691.54	2632.38	2971.27	2954.62	6288.73	6781.37	5618.75	6830.47	3638.1	3430.8	3743.25	4281.01
FLG	19	19	4859.54	5445.18	9607.11	2632.98	10542.9	4103.37	7422.88	5836.37	5671.62	6091.86	11564.9	8674.15	13585	3256.77	5172.44	6228.12
FLG2	9	9	33627.4	16863.1	30076.4	21406.7	45237.2	14444.4	30779.6	30663.3	45003.1	71494.8	55493	34490.3	99538.5	28916.7	36472.9	39484.3
FLI1	4	4			1036.12						1388.18	2213.37	2122.6	1878.5	683.953	1389.91	1104.44	1237.31
FLII	19	19	20667.4	19435.1	21173.4	23665.3	20074.6	19634.9	19022.6	16384.5	25471.2	25760.3	21120.8	24030	21661.9	22170.8	25561.3	24516
FLNA	100	100	635794	792376	936957	944938	307130	364050	293524	285089	143625	131221	168695	110305	270145	292814	351672	277212
FLNB	93	93	107184	136093	132956	169674	159370	175919	147017	147787	11431	9922.98	21848.4	10217.1	23054.2	19815.3	20510.4	22493.8
FLNC	71	71	71751.3	104873	93769.4	119211	3205.88	1597.56	2160.2	2553.01	4869.03	5308.86	13739.8	5598.18		1908.79	1812.33	3253.61
FLOT1	21	21	10261.2	10170.6	13995.5	12310.9	35492.8	34045.8	32380.9	30281.4	27630.7	29554.9	26720.6	29566.9	22477.5	24396.7	25378	23320.8
FLOT2	26	26	8165.44	7601.24	10298.7	9336.71	23180.5	21015.6	20268.5	20575.2	19145.1	19274.9	18324.3	19880.3	14827.5	16014.1	17682.8	16645.6
FLRT2	8	8	3247.95	3203.06	3231.56	4046.09					939.658		390.014				1074.75	
FLRT3	1	1											1723.27					
FLVCR1	1	1	105.95		219.862		183.033	464.718	226.366	177.781	311.54	673.369	403.13	377.995				168.385
FLVCR2	2	2		867.656	1255.97						1917.18	1550.64	1423.04	1605.57	3173.96	2286.29	3256.06	2486.81
FLYWCH2	5	5	2875.3	3032.52	3459.12	3663.05	2231.43	2447.52	2494.09	2508.2	2524.14	2673.89	2090.75	2002.07	2646.42	2212.97	2530.46	2034.48
FMC1	1	1	3244.92	3002.02	3158.67	3048.52		2974.13	2304.39		3247.01	3722.42	2769.54	2882.36	3223.56	3683.65	3547.31	3919.07
FMN1	2	2										1044.97	2141.41			861.95		
FMNL1	27	27		729.77		804.585		7099.43	1580.46		22123.4	24522.9	21786.1	25481	23264.4	25492.5	24691.6	24989.3
FMNL2	18	18	1675.97	1501.05	1703.92	1581.06	2857.03	2113.39	2152.7	1991.29	4915.56	4467.63	4524.94	4859.26	5051.77	4782.25	5758.16	5992.23
FMNL3	12	12	6477.56	6410.39	5873.79	6198.26	4193.29	4210.21	4562.87	4502.05	4514.67	4522.27	4196.39	5022.38	8041.83	6691.47	7211.71	7425.73
FMR1	13	13	6576.43	6232.6	8597.13	6661.94	8377.34	7317.11	6890.6	6378.49	6385.03	4907.16	6676.31	6448.99	4250.18	3922.51	4714.84	5309.29
FN1	38	38	70287	77985.6	78801.6	105243					3258.12	2123.82	4820.85	4452.15	8230.66	8092.58	11246.9	8133.94
FN3K	2	2		2629.91			4422.67	3976.64	3242.14	2672.02	3321.38	3606.79	3544.45	3397.58		1727.6	2365.29	
FN3KRP	3	3	2838.35	3304.04	3875.8	4111.85	3309.57	4236.11	3093.91	3954.34	4610.66	5586.96	4858.15	3992.73	3037.37	3934.23	4540.93	3528.45
FNBP1	4	4	5689.92	4541.78	4345.24	5014.71	2250.9	1914.73	2064.52	2180.1	3514.42	4765.49	3923.73	3429.5	3692.61	4057.29	3931.58	3176.37
FNBP1L	5	5	1858.78	1676.88	2175.22	1896.73	1834.77	929.886			2111.59	1622.14	2195.87	3292.29	1875.86	2248.22	1071.6	1911.74
FNBP4	4	4	3956.92	3251.51	2983.41	3466.86	3960.21	3915.4	3435.46	3390.52	2853.67	2416.38	3381.3	3474.39	3440.35	2286.44	2987.39	3802.21
FNDC3A	11	11	2431.42	3315.58	3692.01	4079.67	1332.68	1762.9	1850.19	2268.25	3327.44	3957.63	2816.18	2761.34	2940.57	4086.57	4525.81	3552.73
FNDC3B	8	8	9728.88	9087.99	14544.3	11253.5	2921.21	2211.58	2720.07	2132.83	2160.26	1773.05	2145.91	1811.47	3434.8	2682.63	3388.77	3952.48
FNTA	5	5	3976.01	3759.55	5123.34	3483.21	3574.82	2517.55	1656.01	1085.78	6457.25	7444.17	6999.44	5703.09	5632.42	7661.86	8202.93	5805.54
FNTB	6	6	3337.32	3064.11	2755.84	3567.52	2083.49	1666.62	1786.11	1973.69	2491.49	3366.04	2635.61	3342.72	1890.42	2205.27	2778.73	2950.81
FOCAD	12	12	4124.05	4553.21	5274.42	4592.63	3370.49	2970.84	3447.38	2750.09	3291.55	2963.21	3252.08	2846.31	3481.35	3841.87	3759.84	3935.13
FOS	1	1			395.467						698.756	557.969		482.176	610.964	865.894	581.244	558.674
FOSL1	2	2					3167.13	3059.8	2337.15	3106.37								
FOSL2	3	3	1926.51	1450.67	1811.15	2061.17	2403.38	2506.23	2194.06	2098.06							247.938	
FOXC1	1	1	1836.53	2308.29	1947.25	2635.49												
FOXC2	1	1	1616.17		1842.16	2045.41												
FOXK1	14	14	8244.41	8146.59	9544.04	9060.27	10076.2	8691.78	9206.03	8360.47	5377.82	5785.24	4374.28	4578.02	6275.01	5394.29	5325.79	6083.75
FOXK2	7	7	2665.18	3084.05	2713.65	2645.79	5309.27	6850.66	5491.96	6065.71	3254.49	3603.56	3631.36	2823.01	3293.42	3005.06	2962.01	3690.76
FOXP1	3	3	6317.2	7478.39	7013.16	7842.54	3622.74	3976.38	2670.54	3229.06						7035.13	6016.67	809.359
FOXP4	1	1	1163.52	898.228	1043.55	1103.09	753.965	952.638	1090.97	895.372						614.853	610.401	
FOXRED1	5	5	4151.71	3160.58	3229.29	3035.97	6902.25	3318.19	6021.13	4737.63	9413.22	9425.22	7325.24	9223.88	7218.53	6171.22	6699.32	7850.14
FOXS1	1	1	485.926	377.189	649.51	536.873												
FPGS	4	4	3783.2	4026.43	4349.71	4378.02	2902.84	3984.06	4086.9	5475.06	2921.96	3493.36	2839.27	3890.77	3586.19	3412.21	2689.88	3146.63
FPGT	5	5	987.421	1301.87	1548.81	1357.42	1786.24			1182.02	2081.09	1772.19	1692	1470.43	1515.93	1718.76	1532.75	1956.54
FRA10AC1	2	2	684.44	763.112	1111.31	1325.1	1073.98	771.866	870.022	921.589		619.808	554.346			518.169	602.165	
FRG1	6	6	4354.99	3006.05	3376.55	2529.95	7125.2	4581.25	3790.12	3834.94	3557.22	4042.77	3970.15	3802.73	3373.12	4660.82	4340.65	4218.86
FRMD4A	7	7	4161.03	4251.52	4042.65	3668.56	2821.2	3199.86	2639.77	3031.17	2384.41	2109.94	2242.62	3181.35	2389.71	2156.22	2348.47	2608.12
FRMD5	2	2					4022.83	4234.3	5565.01	4070.22								
FRMD6	6	6	16593.2	20115.2	21883.2	20716.6		1955.88		3773.68								
FRMD8	6	6	2022.17	1738.82	2323.9	2703.6	1179.35	1756.99			3560.95	4031.27	3483.12	3235.86	1943.44	1821.05	1853.05	1723.72
FRRS1	1	1									1929.09		2785.9					
FRS2	1	1	1681.83	1536.64	1133.15	1838.79			1567.83									
FRYL	26	26	4606.75	4212.48	4295.29	4715.06	8934.43	8810.19	7774.71	7621.29	4914.44	5174.26	5227.63	5587.78	4366.12	4333.19	4689.25	5245.07
FSAF1	2	2	1503.42	1362.29	1892.7	950.899	2035	1373.38	1422.26	1051.71	1400.04	1071.94	1449.64	1363.82	1886.55	1420.31	1737.71	1683.77
FSCN1	20	20	224709	223677	274042	240180	114414	108633	93225.9	80602.2	794715	895040	775549	787260	199076	171405	218901	214665
FSD1	3	3	2732.1	2136.43	2534.63	2299.86												
FSTL1	3	3	28993	32651.8	30964.4	36901.4	4854.74	2991.21	2424.38	2508.18			2680.28					
FTH1	7	7	7218.56	5223.75	7895.7	7880.03	3090.33	2556.39	1888.05	2480.24	12539.4	14921.9	11808.2	13837.3	3009.27	4479.85	3196.33	2603.51
FTL	4	4	3724.2	2626.22	4645.79	5887.44					6510.07	10033	8270.72	6585.35	3044	3392.38	2564.23	2250.44
FTO	6	6	2631.55	2593.07	2964.18	2584.11	1555.07	1909.26	2304.75	1853.8	1835.83	2169.78	2003.66	1746	1799.55	1490.28	1767.39	1773.91
FTSJ1	1	1	5698.18	5571.93	5509.11	6589.63	6549.44	6135.45	5671.1	4922.03	2743.56	2507.93	2270.24	2883.05	2646.59	2749.1	2334.83	2799.53
FTSJ3	14	14	12229	11723.1	11897.7	11610.6	12111.5	12213.4	11371.5	11565.8	10176	8906.88	8539.08	9375.27	10686.4	10132.1	11173.7	11916
FUBP1	12	12	65572.8	53807.8	67575.6	60346.4	70168.8	67289	68145.4	62717	34370.6	34014.5	28913.1	34006.8	30519.8	31156.1	31615.5	32988.8
FUBP3	14	14	15883.8	16275.6	19501.4	19135.9	13024.6	13537.8	11514	11253.3	15004.7	15319.5	14076.7	15514.1	12990.4	12594.1	12971.5	11503.7
FUCA1	14	14	15004.6	14602.1	15603.1	16337.5	8393.25	6264.28	7409.55	7482.3	1.27306e+06	1.3291e+06	1.41325e+06	1.42588e+06	155164	220391	103960	111400
FUCA2	5	5	2453.63	1770.43	2753.21	1986.61					21344.1	24233.1	18627.3	20973.7	8463.1	10744	5896.39	7681.76
FUNDC2	6	6	10007.5	10095.7	9890.54	10953.5	17251.4	14745.9	11889.8	12177.2	18794.8	15106	16555	17653.9	19979	17966.5	19344.2	18777.4
FUOM	2	2	1101.39		690.577	1272.74					787.359	1261.62	821.04	1181.01		1056.64	597.272	788.441
FURIN	1	1	2211.93	1618.04			3258.47	2569.9	2432.11	2593.44	2040.04	2328.8			2773.99	2222.03	2207.21	2897.24
FUS	2	2	12823.4	12350.1	9648.17	22473.7	17656.4	19335.7	13383.6	19159.6	23833.4	16398.6	11586	20048.1	15236.8	11708.2	21494.6	20038.9
FUT8	6	6	1168.2	3269.28	3575.43	4647.06					4990.98	4725.41	5174.02	3728.49	4719.87	5436.87	4882.26	5160.02
FXN	4	4	741.516	1117.91	2222.65	930.816					2102.92	2701.23	2974.13	2337.2	2901.33	3617.41	3401.28	3658.71
FXR1	19	19	23828.9	24965.3	26893.5	23750.2	32795.7	25664.9	32911.9	29466	11308.5	12508.3	10458.5	10279.2	9552.3	9786.62	11188.9	10860.5
FXR2	9	9	4600.87	4042.32	4104.4	4878.51	5675.63	5303.61	4343.7	4084.64	2816.72	2437.35	2552.99	1952.29	2790.56	2464.48	2359.41	3014.57
FYB1	14	14									5855.07	6565.61	6402.22	6021.87	8352.41	8703.8	8757.61	7500.75
FYCO1	25	25	4487.45	4222.6	4748.82	4687.83	4130.07	3491.79	3636.15	3401.68	5177.77	5319.44	6009.99	6242.98	2525.96	2469.77	2377.73	2329.84
FYN	4	4	5978.36	5612.64	6389	6548.62	2607.46	2164.6	3028.88	2266.9			1984.18					
FYTTD1	7	7	7849.9	7262.45	9060.42	7309.98	4121.07	3434.61	3896.6	3390	5783.5	5167.85	5759	6283.79	6776.75	6102.46	6162.8	6636.18
Fatty	7	7	98977.6	55980.5	52694.1	87370.5	3354.2				154861	144733	115953	132157	79842	54507.2	86220.6	85205.9
Fructose-bisphosphate	2	2	46673.1	24838.3	31350.9	43800.2	30814.1	41250.1	17981.4	17404.6	76945.6	49819.3	55107.2	34849.6	59879.5	54844	55899.5	49388.6
G3BP1	13	13	18410.7	19510.8	27600.1	23490.3	22433.9	20805.7	19039.8	15660.5	20903.4	22504.2	22226	18091.6	17551.4	20205.7	20543.4	19192.5
G3BP2	10	10	28323.1	25750.5	26466.4	28294.1	17687.9	19827.8	19648.2	17090.5	12029.1	14987.9	12781	13780.3	15394.2	13467.6	15251.8	14892.2
G6PC3	1	1			1439.94								1771.26			2106.25	1835.23	1150.64
G6PD	27	27	40936.8	54870.3	73384.4	54913.5	69744.6	91480.8	60057.5	55461.7	79625.4	98666.1	79413.1	63122.1	49396.4	54760.5	64272.7	60622.9
GAA	13	13	11707.5	8672.99	12958.7	10663.3	2746.04	1830.56	1945.07	2205.48	49068.3	51048.3	49772	58946	36265.4	27252.8	25921.9	24990
GAB1	2	2	2251.35	1570.59		2081.92		1746.71	1564.06									
GAB2	7	7	597.839	1246.52				535.763			2761.38	3530.31	3537.63	3230.54	2139.49	1464.05	1539.64	1843.36
GABARAP	2	2			3676.63	2624.72					4118.05	7067.45	4008.6	5679.81		4546.36	3002	3209.72
GABARAPL1	2	2										2068.97			1874.31	2521.17	1982.5	1527.15
GABARAPL2	5	5	7004.73	5796.02	5657	6176.03	8893.49	8150.7	7764.65	8304.3	10313.5	9194.84	7564.27	9004.8	7597.81	5959.99	6500.6	6513.63
GABPA	4	4	2136.4	1672.56	2582.29	2537.29	2729.1	3647.07	3735.86	2655.54	2281.45	3333.03	3030.33	2338.9	3004.33	2223.05	2399.92	2305.82
GABPB1	1	1		1700.26								2754.01		4523.58	5431.79		3875	
GADD45GIP1	3	3	3785.65	4764.78	4159.38	4480.97	7986.68	7182.15	8148.53	7444.21	3844.62	5089.72	3972.95	4635.51	6580.29	7027.47	6382.85	6209.47
GAK	18	18	6146.21	4978.5	5629.91	5047.54	5908.86	5629.55	5722.91	6101.67	11011.3	12173	9749.88	11593.2	9285.01	9008.43	8281.16	8765.23
GAL3ST4	2	2		664.323							611.247		1608.12		992.961	1806.75	2188.08	951.636
GALC	6	6	4506.59	2930.6	7441.38	3974.9					7578.05	9620.53	10318.3	7587.1	4607.79	5673.23	5889.45	4891.56
GALE	8	8	4980.24	4592.72	5085.61	5356.07	11735.1	9496.85	8364.5	9503.79	22567.2	24739.2	29730.5	27454.8	18973.3	17071	20830.3	16792.3
GALK1	16	16	27265.5	27368.4	22529.3	27513.5	21066.8	19185.6	16328.6	18168.5	30014.3	29626.3	28990	31424.2	26128	22386.4	24343.8	24848.2
GALK2	3	3	4999.24	4438.02	4551.62	5414.27	5369.77	6079.55	4881.14	5435.48	13765.8	13882	13865.8	14519.9	9234.72	7593.04	9665.88	10995.8
GALM	9	9	8121.69	6317	7028.35	8377.86	4533.15	4997.27	4323.06	4267.49	117511	126686	95118	106303	98765.8	111679	119759	106617
GALNS	3	3	3604.55	3908.09	3902.27	5316.75					6755.97	5009.69	3894.96	6502.35	3034.8	1727.42	1971.14	2327.63
GALNT1	6	6	7509.93	6926.94	10838.4	7194.52	2200.23	1165.99	1410.27	1379.08	3747.66	4359.9	4635.23	4100.59	4569.46	5161.82	6259.56	5593.48
GALNT10	6	6	3469.33	4201.1	4955.54	4357.68					1066.81		1645.14		2133.49	1657.42	1305.48	1483.33
GALNT12	7	7				892.539					4492.98	2455.8	3376.57	3893.24	5824.81	3347.95	5082.06	7219.94
GALNT16	4	4	5808.26	5096.77	5760.32	5819.22												
GALNT2	13	13	18176.7	21895.8	28333.2	26481.3	5755.25	5929.59	5234.78	5366.06	4839.04	3894.65	5483.16	3988.12	7890.9	6946.65	6373.8	7742.89
GALNT5	7	7	7126.47	6781.78	5315.64	6246.72	5943.94	5338.19	4885.02	3838.54								
GALNT6	6	6	2260.76								3124.96	3401.51	2944.76	3130.27	2820.96	2696.45	2614.21	2976.45
GALNT7	9	9	5790.14	5502.25	4975.65	5543.08	6600.06	6513.82	6450.29	6149.44	3304.77	2793.2	2743.8	2608.05	4543.98	4306.7	4320.28	4772.31
GALT	3	3	2539.56	2725.84	2860.78	3178.72		2166.4	1682.64	1833.5	3923.93	3999.7	4171.17	4379.43	4012.98	2825.04	3290.72	3852.1
GAMT	1	1			1998.92	994.118					4303.42	4779.94	4297.86	3704.89	2164.09	3534.17	2220.18	2406.83
GAN	2	2	2406.49	3538.64	3288.56	3510.62	2081.74	1785.76	1684.54		2106.16	2157.85	2049.08	2191.21	2753.43	2471	1899.66	2990.11
GANAB	33	33	234251	262720	352332	328509	103860	115544	88942.8	80152.9	162235	194200	170645	155830	132064	138203	148386	158443
GAP43	15	15	18263.1	17472.4	14012.1	16253.2	420.113	902.158	2189.47	605.994								
GAPDH	14	14	600146	719563	576079	630907	699147	664519	670033	670655	592321	607766	632752	579603	509694	576374	633387	562717
GAPVD1	20	20	12346.4	11274.4	12084.9	12845.3	16907.8	15710.1	15392.6	13644.2	16037.1	17917.6	17251.1	16296.4	15386	14413.5	15880.9	17160.8
GAR1	5	5	5845.79	5517.63	6827.69	5362.62	5172.96	7808.34	6121.01	5461.91	5706.86	7452.58	6587.69	5990.07	7005.64	9664.14	10004.4	7794.11
GARS1	29	29	106425	111856	113765	99934.7	28887.5	31149.2	27022	23720.9	29144.3	25125.1	24952.6	24781.2	31536.6	38583.8	42869.8	39899.8
GART	26	26	37807	38174.2	35468.7	41485.3	48257.6	47819.6	42642.7	44735.7	43291	43995.6	39321.5	44245.5	41770.2	44326.9	49561	52421.4
GAS2L1	2	2	1207.83	1433.08	1077.71	1359.54	1365.72	1419.16	654.33	758.145	498.714	539.809			765.714	762.357	743.884	650.797
GAS6	8	8	4576.79	4206.22	5020.56	6901.25	2328.46	1520.54	1959.02	1822.52	3032.83	3135.47	2888.26	3385.46				
GAS7	3	3		515.043	472.028	588.908					5248.36	5562.04	3903.41	4933.74	2286.8	2290.54	2763.34	2400.8
GASK1B	3	3	4025.29	4379.87	4013.67	4390.76	1341.47	727.113	1068.3		1227.31	1628.93	1319.77	1563.5	1466.2	1869.56	1538.6	1733.16
GATAD2A	12	12	3513.47	3232.32	4091.74	3749.47	5138.3	4779.36	5011.33	4781.34	5130.24	5841.16	4539.06	5580.78	4071.5	4639.68	4294.5	4250.01
GATAD2B	7	7	7564.58	6695.57	7839.93	7415.53	8378.62	9426.92	10222.9	9611.26	3881.91	4828.28	4429.09	4454.35	4340.5	4751.87	4500.77	4499.86
GATB	5	5	4567.43	3877.59	3670.87	4179.95	5243.49	4745.61	4603.33	3814.29	5515.36	5339.78	6725.05	6837.5	5306.45	4989.64	4455.51	4744.17
GATC	4	4	4199.95	6218.26	6170.5	5800.52	2951.7	2277.92	2322.85	3626.26	6571.18	8489.01	7208.53	7356.61	6266.28	5475.24	6277.9	6622.05
GATD1	2	2	11522	12551	12351.3	11150.5	5901.52	5628	5162.83	4601.77	16425.8	15126.2	15907.7	18288	9618	7492.98	9510.17	12919.7
GATD3	5	5	11164.6	12002.6	11788.8	13720.1	17061.6	11714.1	16878.1	11010.8	40056.7	32493.2	24023.6	34229.8	64330.8	44395	67968.8	52135
GATM	3	3									6960.53	7788.61	5799.63	4872.87	1661.19	2044.25	2388.17	990.5
GBA1	10	10	15119	15433.1	18141.7	16550	10038.7	8159.74	8388.65	9721.56	9022.17	9325.76	8659.44	7864.33	32229.5	24414.9	29460.5	26434.9
GBA2	2	2	512.4	568.754	960.482	646.564			542.96		1499.22	2007.7	1838.13	1085.13	784.034	1431.19	1072.77	867.434
GBE1	16	16	8118.84	8552.65	10841.8	8501.2	9373.24	9564.23	8755.98	6787.78	15191.6	17213	16972	14885.6	10810.1	9437.78	10667.3	10976.7
GBF1	17	17	14922.5	14932.9	14284.7	16646.6	9813.57	9446.28	8357.9	7177.8	7538.03	7294.36	7507.75	7403.7	6426.94	6000.78	7285.12	6765.32
GBP1	12	12	35867.8	35068.6	34577.1	34725.4	8372.8	6091.34	5639.54	5830.68		2054.92	4525.29		3089.57	1491.22	1225.16	2854.07
GBP2	7	7	1412.64	1679.16	1119.35	610.54	8439.59	8510.12	9022.5	8875		981.526		988.505	2393.59	3202.27	2673.7	2898
GBP6	2	2			3386.15													
GC	2	2	2047.51		942.659						1334.39	1350.82	1933.45	1808.51	1101.28	1293.92	960.829	
GCA	4	4	3444.68	4642.63	4866.14	2711.51	16002.6	17153.8	16607.5	17032.4	30740.7	30066.5	33521.4	34797.7	28568.3	35226.1	37212.6	30818.7
GCC1	8	8	4607.77	4149.11	3977.23	3819.82	3068.7	3012.95	4019.89	3587.49	3995	5129.32	3639.83	3709.35	2889.13	2314.32	3052.86	3081.11
GCC2	28	28	4582.21	4667.18	4858.68	5144.32	3917.36	3189.48	3502.9	3181.02	4269.42	4261.18	4519.36	4104.96	4147.54	3720.88	3698.63	4686.34
GCDH	6	6	7647.22	10498.2	9972.59	11357.1	8196.73	6535.03	6531.49	6196.83	10364.6	11930.9	8758.38	11233	14503.9	13086.8	12977.5	13754.9
GCFC2	4	4	1480.76	1870.43	1895.61	1956.12	1974.25	1480.62	1925.18	1475.66	1086.56	1743.19	1151.6	1284.18	1236.85	1555.24	969.322	1054.48
GCHFR	3	3					4082.91	2255.57	3497.7	2617.8	3388	4954.48	7164.76	6524.91	8814.6	11826.7	15010.8	10748.2
GCLC	11	11	3648.5	4206.21	5801.11	4862.95	6713.01	4748.98	4873.82	5203.24	23825	29643.2	26138.4	26013	21885.2	20216.8	28008.1	24170.8
GCLM	3	3	13193.2	14010.6	15417.3	13643.3	33099.2	27737.8	33753	36584.2	7923.67	9312.17	9300.85	8969.39	4809.29	5849.5	7063	5225.86
GCN1	81	81	39900.6	41199.7	42631.2	45946.6	32174.6	32773.6	30723.4	29166.4	26593.1	27789.9	26628.7	27252.2	32815.4	30891.5	33414.7	31527.4
GCSH	1	1		998.175	1678.19	1043.5	1691.39	899.58	815.784	978.967		618.429	533.466	600.664	933.052	665.787	716.803	
GDA	3	3	971.455		615.224		1267.72		979.576		1570.21	839.97	2026.43	2244.14	4805.35	629.645		1382.06
GDAP1	6	6	6081.96	5763.73	10249.5	5504.18					11108.2	10419.6	11042.9	12626.6	15516.5	7184.79	10296	13721.2
GDAP2	7	7	2426.32	1275.92	2077.54	1851.44	2816.8	2147.37	3051.82	3561.03	4659.93	6114.35	6520.73	5413.34	3357.35	3577.96	3625.13	3610.25
GDE1	2	2	2196.99	1625.57	2804.13	2529.62	698.435	650.811	814.928	995.265	2001.99	2839.58	2650.08	2562.42	2687.07	2258.52	2558.3	2300.13
GDI1	6	6	31316.8	23535	19667.3	21414.3	20984.2	18306.4	17624	13397.7	14996.5	9852.11	14611.4	15399.8	13080.2	7492.06	11502.3	13913.4
GDI2	15	15	159755	163925	160604	165321	119951	109101	94494.5	82704.4	297703	312000	332222	306300	308358	333238	386068	366924
GDPD1	2	2			1860.54	2022.88	1355.13	1036.21	1131.93	1127.01	3048.98	2158.94	2806.34	2548.69	2176.44	1313.59	1510.86	1812.28
GDPD3	2	2	5353.4	3982.35	5323.94	2888.68	7135.73	4195.11	4480.13	3913.78	7323.54	5722.04	7310.72	5740.48	9019.87	3376.41	2190.4	5865.22
GDPGP1	3	3	1824.17	2002.08	2426.38	2235.14		2048.98	2186.56	1646.67	3167.11	2453.31	3054.51	3177.67	4116.59	3441.21	3475.34	4458.46
GEMIN4	6	6	3961.44	3209.26	2797.89	3620.09	4392.69	4078.49	4873.22	3368.91	2925.57	2494.45	2662.12	2554.65	2628.12	2409.27	2640.88	2966.68
GEMIN5	18	18	6772.99	7522.3	8164.68	7773.53	8758.61	8628.19	7576.98	7597.29	6155.38	5537.42	5875.29	6326.67	5850.83	5658.73	5879.58	6451.92
GEMIN6	3	3	2343.91	1870.05	2508.77	2435.91	2190.72	1795.66	2173.75		2266.51	1945.88	2902.49		2255.06	1950.14	2040.94	2113.31
GEMIN8	1	1		647.985		1401.12	4123.77	3669.4	3338.57	3273.23	1643.33					2102.29	1664.15	888.474
GET3	8	8	49933.2	71932.4	69005.9	73142.3	34659.7	32998.1	27146.3	31071.8	76670	99268	84811.3	84291.3	51983.7	66819.2	59874	56501
GET4	2	2	2938.51	2973.54	2655.85	3378.23	3764.2	3995.12	3318.94	2347.42	4275.08	5230.45	3876.39	3796.58	3243.57	2848.32	2588.4	3177.19
GFER	1	1	1570.69	1336.29	861.984	1643.22	2810.37	3202.81	2642.59	1913.21	3482.75	3204.87	2617.02	2914.54	3792.28	3036.76	4005.59	4474.72
GFM1	18	18	9063.11	10825.6	12947.1	11659.5	9246.81	7367.91	8122.38	6864.5	25660.9	27309.7	25689.4	23036.9	22501.1	24679.9	27796	26621.4
GFM2	6	6	1585.48	2223.02	2365.11	1934.95	3145.74	3607.57	3286.11	2924.55	2260.57	2245.22	2290.14	2255.97	2529.56	2535.37	3046.33	2543.13
GFPT1	21	21	25861.8	29798.3	42432.7	34177.7	11355.9	9916.16	9495.07	12477.2	18019.6	18572.3	18054.6	16211.1	12165.1	16312.7	18105.6	17524
GFPT2	7	7	3902.11	3331.9	4803.46	2391.21	5737.91	5437.36	5400.99	5247.61			2984.95					
GFUS	2	2	30379.6	34756.1	28888.9	36381.6	20247.7	15772	16768.8	13801.1	12785	14460.5	12238.9	17208.8	15402.7	13376.3	15943.4	16323.8
GGA1	9	9	5473.46	4130.96	3831.59	4680.42	2670.25	2695.15	2203.98	2332.81	9772.52	6285	8581.27	10311.2	7575.3	5060.51	6936.25	8163.32
GGA2	5	5	3081.56	2659.44	6039.95	3028.96	4135.42	4282.6	4145.4	3559	9357.43	9380.12	5620.65	8640.53	5675.12	4842.55	5445.58	5721.94
GGA3	7	7	1634.48	1478.25	2073.19	1597.64	2034.01	1499.03	1712.43	1266.76	3242.26	2565.26	2939.13	3456.92	2547.55	1963.56	2670.02	3507.22
GGACT	1	1		1637.35	1609.47						1937.55	1569.97	2466.37	2325.18	1814.28	1235.96	1774.73	2218.58
GGCT	8	8	15336.6	14175	18074.7	13772.3	14349.1	10619.9	13623.4	13052.1	25540.7	33614.3	25907.7	27349	57559.8	20647.6	23572.2	22036.4
GGCX	6	6	5392.51	5333.52	6076.51	6245.36	3513.51	3353.97	3426.83	3342.88	2676.4	2814.4	2887.27	2895.98	2858.66	2439.67	2661.27	2720.68
GGH	10	10	17589.3	16863.2	29894.1	20102.9	30800.2	41890.5	33095.4	31806.8	40257.7	49882.9	36538.5	57919.1	41490.7	26372.4	22353.3	25038.8
GGPS1	2	2	4112.61	4063.28	6195.22	4711.32	4193.43	3018.66	4482.24	5987.2	2489.02	2329.58	3129.7	2310.44	3233.13	3095.45	3116.17	3435.26
GGT7	2	2	2023.64	2369.09	2613.95	2471.16	5427.6	4628.45	4499.31	4144.4								
GHDC	7	7					2966.27	2406.28	2456.13	2411.57	3880.78	3570.39	4268.14	4281.65	3029.16	1758.74	2482.87	2592.03
GHITM	1	1	3753.31	3593.39	5545.66	4125.55		6221.21	2511.4		13218.6	16437.2	11503.2	16459.1	9929.34	13525.7	14004.4	12499.7
GIGYF2	14	14	9074.2	8410.57	8993.15	9131.42	8895.62	8403.58	8094.22	7276.28	10097.9	7671.75	8582.73	8962.57	7450.75	7478.02	8158.88	9242.5
GIMAP1	8	8									9540.28	12372.9	8965.99	9706.1	13330.9	17050.8	16449.1	14315.3
GIMAP4	8	8									69122.9	100082	94580.8	71061.6	93592.2	107906	115467	106748
GIMAP5	8	8									15390.6	18076.6	15240	16198.2	2586.07	2584.03	2828.9	2664.87
GIMAP6	2	2									1395.52	1460.1	1399.61	1618.43	822.057	755.963	636.932	937.823
GIMAP8	15	15									6385.53	6808.74	6275.75	7731.11	7034.31	8306.46	7843.26	7358.04
GINS1	2	2						3488.3	3771.84	3193.63		1841.08	2343.87	2249.03			1326.2	
GINS2	3	3	1218.5	1502.05	928.305	1259.62	5282.95	5115.74	4107.49	3945.89	2139.77	1945.89	1074.68	1275.27			933.613	999.403
GINS3	2	2	2174.46	1116.89	1620.23	1511.26	6572.91	7069.82	7248.93	6136.95	2720.42	2503.23	1728.57	3123.38		1196.52	1296.63	1295.87
GINS4	1	1				932.761	1362.21	1856.95	1452.4	1410.83	939.251	624.415		1710.79				
GIPC1	10	10	8139.3	7098.38	6086.88	7094.12	6142.04	5657.92	4765.67	4885.95	6757.26	7245.04	8014.86	7429.41	4653.95	4915.18	5344.81	5628.38
GIPC2	1	1	2186.98					1778.64	775.971		3396.58		3909.02	2835.63	2367.33	2122.02	2577.71	3257.28
GIT1	12	12	2656.14	3421.16	3671.25	3947.6	3472.37	4121.2	4436.62	4268.46	3781.28	5163.31	3610.08	3825.86	3168.95	4501.72	4271.41	4047.83
GIT2	11	11	5300.63	6300.45	6839.05	6310.55	3904.66	3564.65	3457.89	3378.96	11029.5	12532.6	11563.1	11543.1	9423.68	12296.4	12727.7	10821.8
GJA1	3	3	8037.73	9298.9	14360.1	9537.02	3197.74	2532.98	3339.78	1400.74			3138.4					
GK	1	1		1637.87	1005.59	1118.9	2545.55	2399.45	2138.83	2908.22	6057.41	5162.69	4640.3	5343.93	10596.1	11069.3	13007.9	10910.2
GLA	6	6	9397.03	7364	6693.92	5770.17	4417.41	4399.27	4636.53	4432.71	18364.7	12330.5	14418.8	14012.6	65940.3	39180	50216.1	47267
GLB1	10	10	9435.51	10972.6	16862.8	12042.3	5278.85	3544.09	2571.38	1554.04	46921.4	63428	57868	44651.6	31562.8	37616	39657.6	32829.8
GLCE	4	4	3445.43	3313.26	4240.29	4214.01					3671.5	3638.12	3555.12	2935.99	2864.33	2619.65	2807.65	3663.89
GLDN	2	2													1499.04	1296.22	2137.06	1537.77
GLE1	3	3	2711.4	3101.55	3358.79	2193.89	3704.22	3409.65	3319.64	3649.14	3538.97	3253.28	3895.33	3512.04	4139.81	3220.38	3093.86	3509.22
GLG1	11	11	13169.4	15354.5	18071.2	18239.2	5884.54	5954.5	3899.99	3916.27	8883.42	8208.09	8724.97	6829.76	9991.78	12112.5	11586.1	12620.8
GLI2	2	2	1106.2	852.641	841.89	758.785		295.799										
GLI3	3	3	2647.2	2603.44	1639.32	3153.35												
GLIPR2	5	5	25899.4	34076.8	43370.9	38143.2	2489.07	2690.45	1599.03	1933.71	6746.63	7493.95	8869.3	5837.63	8613.65	8361.44	10540.3	6850.76
GLMN	6	6	4623.53	3845.99	3451.59	4864.3	1528.08	1479.24	1330.97	1244.18	3076.37	2541.65	3370.68	3092.6	3053.35	2352.2	3089.51	3802.46
GLMP	2	2	3631.09	2842.83	2771.49	2848.37					12063.5	15930.4	17483.1	16592.8	3503.86	2786.19	2380.96	2259.58
GLO1	7	7	39967.6	48095.8	59566.4	52686.8	57157.8	67933.4	56365.9	48657.9	62298.5	62561.9	55508.3	70122.5	33321.2	41747.5	39991.8	50816
GLOD4	7	7	41901.9	46607.3	38675	51551.3	55891.8	51168.3	53320.2	52363.2	85487.8	107388	80604.1	87705.1	55969	62052.2	69172.6	65337.6
GLRX	3	3	24867.9	21436	25186.6	18187.8	20687.1	18236.8	16883.8	20437.7	89435.7	90077.6	103883	95482	96648.8	80114.4	71445.2	78783.4
GLRX2	1	1	2811.45	3782.03	4075.18	3537.54					2164.37	2658.84		2405.23	3014.04	4174.18	4726.12	3614.92
GLRX3	15	15	47911.2	57925.9	60009.9	68420.5	61071.8	59190.6	53725.1	55204	66264.9	78090.6	59642.3	63527.1	52557.5	60532.4	59888.2	60030
GLRX5	2	2	2235.91	2009.48	2979.58	3891.54				702.642	2216.72	4468.52	2708.61	3396.12	3745.48	3645.25	3904.15	2927.14
GLS	14	14	21796.9	21756.2	29001.2	19893.5	8576.22	7994.55	7367.59	7309.23	22221.4	28328.6	30377.4	19429.4	31547.2	39204.5	36530.8	31097.1
GLT8D1	2	2	4687.08	4760.02	3014.07	4553.88	2867.25	2690.62		2635.91		1587.8						
GLTP	2	2	3209.01	3884.27	2806.03	3019.45	2762.49	3197.23		3007.65	5396.74	2779.27	4341.72	4930.99	5286.91	4081.41	3846.45	3225.25
GLUD1	1	1		5764.54	14807.4	8108.22		3046.43	5608.77	4982.14	2591.81	24731.2	7950.48	4518.65	1003.79	9485.05	6396.86	1575.52
GLUL	5	5	2536.67		2819.32	2195.99		3164.37		2582.45	3387.99	5037.62	6704.62	4120.69	9986.41	14001.3	15237.3	13044.1
GLYR1	9	9	7883.27	8125.87	9705.89	8847.97	13131.9	10467.4	11320.5	9821.37	13586.6	15366.6	13398.4	15254.9	12971.1	15386.5	13367.5	14378.2
GM2A	3	3	11306.1	5110.86	10743.6	4035.53	6361.36	4922.62	7528.58	4546.12	110859	80108.7	69549.6	58773.9	100470	32881.9	33997.6	26548.4
GMDS	7	7	8442.98	7812.64	10448.2	7820.78	8801.41	6228.8	6343.69	6921.81	3958.77	3575.51	3477.53	4176.39	4343.29	3743.23	3771.47	4517.56
GMEB1	2	2	2387.97	2099.54	2104.09	3273.17	6113.37	4171.23	4861.75	4018	3125.18	2450.3	2657.51	3104.9	3280.39	2716.94	2364.5	2970.36
GMFB	4	4	14320	8628.8	5888.74	9963.89	6840.43	6524.01	6190.82	4774.17	16090.5	10930.5	14229.2	18735.7	17166.2	9709.8	13513.5	15951.7
GMFG	1	1									9944.5	14676.6	14344.3	6663.12	11745	20168.8	17578.6	20146
GMIP	22	22	1589.98	1388.24	1647.34	1144.81	1822.73	1326.84	1934.22	1559.9	6495.15	7432.92	6510.12	7734.54	9392.66	8678.96	8581.84	9889.99
GMPPA	12	12	10534.9	12043.5	15398.7	13196.5	4675.73	5380.37	5007.96	4791.81	10642.4	10243.4	10623.3	9716.72	7817.35	9202.6	9082.28	9491.02
GMPPB	6	6	16548.7	17249.4	20685.7	17768.4	12975.2	13140.4	9075.51	12387.2	16774.6	16217.1	18716.2	17943.3	13429.8	13272.6	13885.9	16678.2
GMPR	3	3	699.776	794.557	743.355		1583.32	994.326	812.703	1455.76	2876.07	4452.38	3109.98	3275.19	1457.28	1665.93	1719.34	1681.55
GMPR2	5	5	8117.38	8211.89	8667.69	8197.89	8368.67	4734.73	7397.89	8024.07	8206.03	8995.82	8624.71	9379.51	8824.61	9761.69	8740.83	7900.18
GMPS	25	25	34912	34560.7	37276	35627.9	50952.8	47309.7	44544.2	36513.2	30747.8	32458.7	26907.9	30310.5	30626.8	33325.6	34685.2	30822.3
GNA11	4	4	4593.47	5463.27	9976.08	6169.18	2134.39	2246.63	2611.3	2690.04	5190.71	5310.14	5314.75	4924.79	2952.82	2906.53	3192.43	4568.17
GNA12	3	3	3372.07	2683.44	3302.64	3052.27	3163.07	2910.53	2408.32	2539.83	3149.69	1861.74	2260.73	2536.07	3176.81	1584.28	1857.01	2008.7
GNA13	13	13	7217.83	7884.35	10030.8	8156.66	7843.54	4180.72	3035.02	3180.4	19605.8	23664.9	18074.8	16293.3	11578.8	12200.6	13013.7	11904
GNA15	3	3			1628.55	745.823		578.013			4594.33	6292.24	5166.15	4682.76	2529.13	2485.78	2175.93	2499.76
GNAI1	4	4	4548.16	4212.24	4552.16	3682.56	3827.87	3203.14	3460.5	3103.89	6240.25	9664.12	9009.02	8258.64	4018.42	4293.99	4313.95	4368.42
GNAI2	5	5	19855	34294.3	79080.3	36211.8	6624.08	6328.57	9935.43	10076	111778	220827	189412	126842	56343.3	138018	108524	71747.8
GNAI3	7	7	10493.9	14585.9	19537.2	15761.2	4867.66	5593.43	4619.92	5092.34	32744.7	43984.3	28734.1	30818.2	14224.1	24078.3	24983	20101.3
GNAQ	9	9	5222.28	6000.29	11844.2	5710.01	2769.05	2630.31	1271.97	2876.32	6527.42	8425.84	8268.14	5705.22	6578.48	8088.11	8084.16	7530.42
GNAS	10	10	27228.1	29165.9	29595.6	30282.1	26630.6	26645.2	17176.9	16400.4	27883.9	26599.6	26116.4	27291.3	19313.9	19930.7	18362.4	18647.3
GNB1L	2	2	1543.55	1198.21		2284.91	4689.98	3605.3	4324.63	2584.09	3260.07	3645.2	2923.3	3004.67	3661.36	4555.68	3271.78	3418.17
GNB4	1	1		5964.15	4614.08						12156.1	7970.04		13592.7	5464.44	3893.31	5972.43	9749.97
GNE	12	12	6198.68	7275.26	7406.77	7853.31	9437.77	8789.47	7432.44	6489.86	4614.11	5029.2	4988.68	4936.46	2458.86	3011.13	2793.85	3114.06
GNG10	2	2	10535.5	12751.7	6884.68	7878.22	10199.1	10847	8977.28	10128.4	28324.5	23703.8	29756.8	36763.9	22117.8	15795.1	20670	22170.8
GNG12	7	7	88133	89639.2	72422.1	103245	36760	35362.4	29956	31569.2	41080.5	33554.5	29830.2	42816.6	17604.7	12889.1	18859.8	15059.7
GNG2	2	2	3338.27	3524.12	2770.09	3709.61	2776.88	1751.35	3252.06	2331.94	36903.9	44891.1	40645.1	44492.4	18068.5	20803.4	16203.9	20741.8
GNG5	1	1	799.417	617.899	963.363	616.691	855.603	984.499	920.756	974.826	873.367		548.965	637.72		375.409		
GNG7	1	1		1207							4216		4173.13	4892.6				
GNGT2	1	1									1102.55	1720.44	2834.82	1679.94	983.892	2496.23	1701.83	1286.7
GNL1	11	11	18431.7	16322.6	17278.4	16622.7	16032.6	17969	15719.9	15305.2	11255.2	11710.4	11562.5	13553.7	12203.9	10311.3	11484	11738.9
GNL2	9	9	5061.15	4802.31	5432.71	5282.06	5902.81	5187.04	4673.38	5576.76	4722.44	3709.23	4186.24	4192.7	4054.14	3947.11	4994.23	3952.51
GNL3	12	12	17902	16715.6	17161.6	15574.8	17915.2	17950.7	17838.1	13667.9	12616	11279.6	9364.12	10502.2	11515.3	9707.68	11478	11526.5
GNL3L	2	2	2712.86	3190.04	2406.57	2656.27	2265.81	2332.94	3333.56	3356.71	1748.1	1115.41	1205.44	1168.67	1846.73	2007.86	1110.44	1947.71
GNPAT	7	7	5393.98	4267.13	5215.96	4733.06	2003.92	2125.53	1519.86	2356.47	4812.03	3612.55	4190.66	4462.81	3987.99	3940.31	4019.64	4646.08
GNPDA1	6	6	22610.8	23086.7	20497.7	25525.3	14443	12757.4	11715	8964.09	222218	262567	214776	237407	59764.1	46398.6	67419.3	75053
GNPDA2	2	2	17947.9	12203.9		15009.3							14515.5	15317.5	14720.8	14889.9	15942.4	
GNPNAT1	3	3	11715.7	15385.6	12869.3	19621.3	1979.25	3263.32	1432.05	1776.98	1843.93	4030.87	3031.89	2360.56	2405.71	5104.36	4387.85	5004.12
GNPTAB	7	7	1677.17	1354.88		1281.3				3094.08	4374.79	4058.93	6114.43	5294.53	3921.67	4219.58	4622.21	5227.37
GNPTG	1	1		1942.19	2322.76	1998.9					4087.66	5384.74	3652.24	3251.66	5053.78	3504.3	4378.34	4248.52
GNS	11	11	26152	28806.8	35140.7	33681.5	13287.4	15260.5	12255.7	13632.9	130280	142863	106455	116692	29515.2	26269.1	27920.9	24492.3
GOLGA1	10	10	2409.75	2385.16	2833.4	2980.29	2068.96	2213.13	1986.59	1894.72	2114.66	2587.31	2409.5	2506.67	1743.89	1566.55	1388.44	1627.01
GOLGA2	17	17	14002.7	11989.8	14234.9	13194.3	8537	8172.09	8815.56	7019.29	7436.66	5940.29	7121.6	6816.33	6980.11	6174.21	6856.51	7724.31
GOLGA3	52	52	75433.9	73490.1	79634.8	78013.4	53063.6	46636.2	45187.5	43283	36312.8	34690.2	40360.7	41544.4	39113.5	32471.1	35282.1	40921.2
GOLGA4	45	45	5829.5	6022.13	5999.8	6101.03	6897.34	5561	6293.19	5421.34	4118.38	3660.66	3835.96	4454.83	3750.3	3221.36	3481.99	3959.03
GOLGA5	20	20	8511.34	7593.23	7630.5	8452.47	4120.68	3613.64	4731.32	3763.86	5788.23	5093.69	5564.4	5386.78	5431.77	4879.06	4739.29	5677.28
GOLGA7	3	3	1686.81	1658.5	1895.63	2076.88	2090.88	1730.51	1442.71		2434.64	3299.01	4142.87	2644.36	2202.73	1625.31	2226.05	2352.36
GOLGB1	111	111	13532.8	13260	13903.7	14674.8	10667.3	9470.59	9889.8	8934.86	6617.81	5660.59	6758.87	6863.25	6653.78	6014.24	6180.92	7059.09
GOLIM4	17	17	6328.07	5883.05	6686.64	6960.57	4416.12	3977.03	3723.57	3911.92	3879.44	4109.91	3954.48	4426.15	4198.13	3429.26	4091.57	4133.76
GOLM1	8	8	2589.82	2566.43	2538.72	2206	3586.98	2622.24	3121.52	2309.41		1828.63	2647.18			3134.58	1346.3	956.624
GOLM2	12	12	8162.59	8432.62	10059.8	9747.92	6001.18	5432.46	5109.55	5504.6	4709.07	5111.38	4326.17	5017.8	4782.07	3291.76	4307.28	4609.75
GOLPH3	4	4	34002.6	29101	27752.1	30810.4	15986	20088.9	22095.3	11522.2	30677.4	29831	29708.5	31891.7	21853.7	23505.3	24297.8	29174.4
GOLPH3L	2	2	7361.44	7071.28	7983.39	8597.66	5717.75	6070.34	5550.1	6507.73	4878.56	5218.25	3744.46	3679.97	4200.2	3156.6	3854.08	5115.77
GOLT1B	3	3	13590.6	13956.5	13944.4	12555.6	4786.4	5457.54	5055.9	3469.39	5385.57	5928.9	5007.58	5124.28	4408.08	4704.83	5857.19	5429.03
GON7	1	1				1427.79					2009.3	2512.25	1765.23	2495.92	2669.77	2846.16	2575.33	2687.93
GOPC	11	11	8180.5	7246.3	9112.24	10380.9	6618	6694.61	6447.5	5601.48	4653.1	5501.22	4128.53	4024.35	3572.46	3674.96	4686.07	3784.84
GORAB	3	3	2797.56	2470.71	2905.78	2729.19	1498.67	695.622		1060.4	706.664	1035.19	804.703	1051.99		498.684	547.505	
GORASP2	8	8	29199.7	26527.8	27093	26581.7	12495	10636	13159.1	10818.5	10753.7	11645.7	8951.57	9818.16	10402.4	9545.54	8977.07	12148.2
GOSR1	4	4	8004.33	6799.72	9469.42	7470.3	6987.86	7863.64	5913.91	8373.52	9999.72	8428.01	10888.2	7307.92	10370.9	8521.18	10070.7	10438.5
GOSR2	2	2	738.899	729.128	1353.58	650.222		423.58			1337.75	3121.93	2201.7	1115.37	1914.1	2939.84	2360.1	2338.33
GOT1	16	16	27651.1	30743	25764.6	30320	54544.3	54156.7	46733.9	53346.7	29591.3	31458.3	28825.2	34505.1	22774.6	18883.8	23451.6	23286.8
GOT2	17	17	29471.9	38683	29784.9	48586.8	65233.9	69887.6	78329.9	76784.2	21678.1	32889.7	24886.1	34044.7	17095.3	23897	28422.2	21349
GP2	2	2	1125.44	752.217	1293.52						1742.06	1039.8	1609.42			983.657	872.586	
GPAA1	5	5	3135.93	3488.13	5471.82	3976.96	1809.61	2344.99	2726.85		4538.6	5123.2	5508.69	4169.45	3835.12	4320.58	4896.4	4863.58
GPALPP1	3	3	3016.2	3072.59	2615.41	3992.35	5311.97	4260.51	5159.4	6337.46	2743.1	3921.82		2727.05	2782.45		3153.71	
GPAM	2	2	1186.77	938.247	952.134	1047.69	1286.45	627.54	1265.21		1375.53	1256.08	1049.44		938.051	645.316	616.215	1098.62
GPAT3	6	6					5729.88	5157.54	6144.94	4978.96	4209.08	4232.22	4693.73	3387.94	3890.32	3438.72	3249.6	3763.36
GPAT4	4	4	3332.2	3040.4	3619.94	4033.21	3672.96	2530.03	4864.1	3126.56	3340.07	4252.89	3239.66	3579.69	3268.91	4544.27	3312.93	4196.98
GPATCH1	3	3	853.823	1009.21	1289.34	965.771	1288.55	1466.02	1230.73	789.28	1880.93	1374.63	817.884	897.887	980.984	1200.03	739.45	
GPATCH11	2	2	1665.27	1797.8	1828.02	1486.2	2568.56	2010.02	2569.72	3041.51	2042.24	2015.58	1446.39	1779.99	1174.32	1240.13	1629.27	1177.42
GPATCH4	4	4	1735.33	1578.47	1738.59	1641.19	1690.84	1552.95	926.287	1325.37		692.411			1161.17	1345.07	852.72	1286.7
GPATCH8	8	8	3381.82	2672.49	3203.29	3095.59	2945.93	2608.12	2894.45	2740.37	2652.41	2279.09	2214.29	3158.55	2991.04	2559.71	2563.38	2812.22
GPC1	3	3	4353.99	3956.21	3805.13	3967.13	3764.49	3617.29	2661.88	2680.89								
GPC4	3	3	5335.89	4385.19	6342.84	5944.46	2924.45	3316.9	3822.92	2401.12					1264.46	1019.13	2277.83	1306.29
GPC6	4	4	9442.76	10361.4	14134.4	13176												
GPCPD1	13	13	2400.17	2017.91	2425.1	2234.57		995.768			3229.45	2566.23	2948.61	3615.86	4468.33	5515.42	5011.23	5854.23
GPD1	10	10									3938.92	3436.31	4035.34	1782.27	80472.6	17615.7	44562.6	51364.3
GPD1L	5	5	6863.07	6657.62	9128.61	7501.75	7892.35	8536.02	8860.09	8650.7	14324.5	19207.8	17885.8	16629.4	11716	10538.1	11878.8	11307.3
GPD2	19	19	11532.9	9285.78	10570.9	10087.4	40397.1	40229.2	37411.5	32708.4	38236.5	34315.9	31245	32834.3	45778.2	34081.2	43531.7	41748.8
GPHN	12	12	3704.28	4301.37	3485.17	3956.83	3688.68	2728.45	3792.77	2955.36	4595.3	4905.25	5122.04	4505.21	4751.08	3999.39	5172.55	4445.68
GPI	18	18	109117	109938	118501	125198	108688	106281	95588.2	90954.6	171577	201706	184238	194881	134392	161433	166583	164195
GPKOW	7	7	5670.92	5441.41	5806.74	6357.44	7296.75	9535.37	7824.56	8082.79	6436.62	5014.27	6444.61	5988.73	6239.73	5074.49	6080.92	6097.45
GPLD1	3	3			6100.12				7430.78			13416.6	16797	14059.8	12338.8			8990.06
GPM6A	1	1					3479.57	5800.32	5268.72	4400.31								
GPN1	4	4	2824.59	3108.02	3027.77	3550.99	3029.42	2202.13	2896.36	1701.1	3133.9	2954.36	2729.29	3047.41	2528.6	2617.92	3048.25	3166.14
GPNMB	8	8	337.973	367.746	978.346	567.687					65925.8	61411.9	57024	36938.9	33429.7	74159	59090.6	58348.5
GPR107	7	7	9426.84	8588.66	9037.37	9618.9	6449.49	6546.09	5405.89	5554.43	6410.87	5233.76	6148.39	5886.81	6873.93	4189.94	5380.84	5916.86
GPR108	4	4	6179.01	6057.35	6121.27	6392.89	4997.51	4087.32	4389.43	4295.35	11765.8	10068	8376.59	11218.5	8331.77	6037.82	5017.43	7061.15
GPR180	2	2	1914.35	2090.51	2232.14	2009.33	1018.64	1126.31	1051.65	1100.85	1040.39	946.852	940.252	1167.03	701.094	592.102	576.03	645.218
GPR183	1	1										606.056			1006.34	1153.36	1021.8	1601.11
GPR39	2	2	1496.19	841.666	1578.87	1747.2	2909.93	2906.58	3306.78	2348.78								
GPR82	1	1													1112.73	845.378	989.654	939.541
GPR84	3	3									2243.2	4417.24	4723.08	5404.27		4108.64	3756.69	3894.52
GPRASP2	2	2	1392.35	981.976	1791.6	1387.76	1746.07	1103.1	1306.22	1240.5								
GPRC5A	1	1	1997.9	1801.95	2008.16	1474.87	3296.29	1769.61										
GPRIN1	2	2	565.034		589.942	543.266	470.709											
GPRIN3	14	14									2882.78	2943.83	2984.02	2725.75	6877.19	5492.96	7185.69	5125.23
GPS1	8	8	15444.7	13603.8	13234.5	15735.5	11992.8	11659.1	10159.4	10499.8	9300.99	8851.94	8943.9	10816.2	9700.79	9421.68	9910.76	10816.4
GPS2	3	3	1492.49	1511.86	1730.99	1852.78	3582.77	2999.4	3134.13	2995.59	1874.74	1716.44	1380.06	1743.81	1605.94	1319.3	1257.29	2283.18
GPSM1	1	1	2190.98	2600.56		2807.54	5049.66	4492.71	4226.19	3667.75								
GPSM3	1	1	1212.77	1126.42	1425.53	1353.18					22107.2	32557.9	19065.3	30978.4	18691.7	17812.8	13421.2	19535.6
GPT2	5	5	6165.27	7117.59	6673.9	6123.24	2984.55	2301.22	5116.47	2747.63								8802.83
GPX1	5	5	13902.9	12522.9	11986.3	17593.5	42497.6	43399	37709.1	43264.9	195351	187850	195444	207612	213539	153408	191115	181942
GPX3	1	1	818.029					146.588				235.666			341.805		196.37	
GPX4	3	3	8008.17	9083.58	16414	8565.29	6236.01	6776.31	5276.76	6220.98	24675	30559.8	31184.8	21000.9	14591	18189	20940.2	16066.2
GPX7	2	2	3798.07	3870.52	8195.17	5246.39	2316.19	1601.93	2197.97	2125.89	925.078	1906.89	1318.12		1766.26	3590.8	2803.78	2956.73
GPX8	6	6	39262.4	40074.1	50115.2	44196.5	17372.8	13192.1	14806.1	14901.4			3934.63					
GRAMD1A	4	4	1921.54	1527.78	1684.96	1640.03	1230.83	1375.88	990.563	799.548	1011.78	803.269	1142.32	1321.61	1397.31	775.266	1066.28	1071.61
GRAMD2B	5	5	3310.87	2267.28	3254.18	3084.52	1411.82	906.014	929.06	969.277	734.55	706.872		984.621	1142.41		473.815	875.976
GRAMD4	11	11									6769.79	7785.62	8040.42	7754.37	3526.54	4699.26	4157.53	3907.12
GRB10	8	8	5114.14	4733.31	4764.71	5250.56	2292.77	2495.87	2786.72	2802.82						1603.19	1275.66	2056.44
GRB2	8	8	22934.1	23312.9	28940.8	31459.1	24943.4	25008.7	18549.5	19081.1	89893.6	118190	90512.5	96117.6	73138.1	83261.4	79991.2	78203.6
GRB7	1	1	2703.22	2712.8	2330.38	3096.07	2372.63	2304.69	2680.1	2317.38	12653.8	11706.9	9629.64	9803.88	4996.65	4265.57	3936.14	3577.41
GRHPR	11	11	23000.1	24455.2	29053.5	26736.1	17959.2	15857.3	12504.1	13642	28527.5	34189.8	31648.4	29564.7	31641	27941.7	29684	30008.9
GRIPAP1	22	22	7169.89	6795.4	6634.86	6392.21	7075.45	5658.08	5773.09	5300.34	8648.18	7918.5	7713.42	9693.39	8751.36	7082.59	8962.96	9276.23
GRK2	9	9	2871.33	2437.41	2881.34	2460.5	4348.45	3221.89	4680.56	4469.55	8345.82	8288.2	8044.08	8283.48	7208.21	8217.77	7857.55	8287.33
GRK3	2	2	181.143								813.642	1344.45	947.388	1044.76	826.811	1088.74	1189.66	940.391
GRK6	3	3			1061.41	641.719		672.81			1521.19	1989.58	2036.4	1662.12	1448.4	2711.67	1758.82	1734.42
GRN	2	2									10756.2	3079.88	9476.33	7991.59	6393.37	5213.7	5861.62	8120.9
GRPEL1	9	9	8712.06	9314.29	10262.1	10764	20694.5	15398	15745.4	15411	13579.6	11319.3	11827.9	12874.6	15864.8	15536.5	18878.2	18807.4
GRSF1	8	8	10204.7	9244.54	9859.61	10889.8	10485.1	9292.02	9821.94	9951.65	5905.77	6985.23	5550.05	6153.29	6663.39	6839	6925.43	6357.15
GRWD1	5	5	10175	8583.86	8632.47	8144.07	10054.7	9974.93	8523.4	8446.64	11433.4	9009.13	7865.73	9709.86	11320.3	12135.4	13506.5	12820.3
GSDMA	8	8	3285.76	3796.81	2194.73	3997.08	10169.9	2441.77	7524.78	4679.15	5698.03	7240.58	4010.6	4446.39	9731.1	2618.1	2922.17	6161.52
GSDMC	1	1													10986.6			
GSDMD	6	6					20064.3	18584.3	19262.4	18450.9	14885.7	17779.4	12472.2	13891.5	11815.1	11494.1	13284.5	12802.1
GSDME	18	18	10841.6	12493.2	10897.7	12166.1	10301.5	10799.7	10081.5	9401.11	19534.1	15449.7	18926.6	15709.2	22851.4	21128.4	26153.2	28048.4
GSK3A	5	5	3740.72	4076.47	5122.58	4190.6	2558.7	1645.12	2184.24	1382.94	3954.98	4094.11	4778.33	3673.88	3136.29	3674.57	3982.09	3565.28
GSK3B	6	6	3389.81	3562.93	4076.64	3773.66	2643.31	2070.5	1657.76	3241.38	4004.09	3681.5	3532.89	3713.85	2865.13	3243.74	2984.49	3217.55
GSKIP	1	1	1994.21	2275.57	1413.14	2338.63	1361.4	1505.12			3164.23	2494.61	2128.05	1694.23	2807.79	2164.27	3994.87	1957.62
GSPT1	4	4	12714.8	12351.4	21097.8	12364.9	4586.77	6390.39	2999.72	4132.2	20530.8	22193.3	20904.3	17259.7	22433.8	26911.8	25878	20095.7
GSPT2	5	5	8362.25	9785.9	8071.78	9829.32	9145.09	13077.7	10210.8	12566.9	4004.39	5922.54	8721.14	6055.58	5266.11	5927.6	4995.19	6853.05
GSR	10	10	4609.45	5995.98	4575.75	7910.24	16964.3	20761.2	18145.8	13868.3	14283.3	15995.8	10253	19159	10841.1	10178.5	11975.5	11417.1
GSS	14	14	18218.3	20927	19488.7	25138.3	26873.3	32470.1	33960.6	38543.4	22749.7	23478	23754.7	28436.8	22749.1	13248.2	12554.2	17910.7
GSTCD	3	3	1061.34	666.812			1695.7	1602.72	1110.63	1029.37	1518.5	825.29	1048.7	1532.31	696.771	340.758	753.352	945.513
GSTK1	5	5	29159.5	26644.5	33673.6	33746.2	18078.5	16241.2	16561.8	16756.7	62170	61120.5	64268.4	64780.5	81489.6	80234.9	80994.9	80943.1
GSTM2	4	4	3742.58	4586.06	5230.63	3516.93	3746.73	2697.26	4157.73	3914.7	5991.68	5936.22	6000.02	6271.75	5347.62	5294.43	2946.8	4449.22
GSTM3	6	6	13314.9	16285.7	25695.2	14952.4	8341.86	12235	9025.56	8013.59	8686.79	9650.61	11531.6	7552.76	7293.43	8521.45	8626.81	9372.13
GSTM4	1	1									630.16	649.083	490.655	750.823	589.97	823.747	710.894	737.168
GSTO1	10	10	103001	119825	108236	138379	59456.6	76886.6	51239.4	59068.4	251337	292763	258171	220647	281975	327866	385059	314615
GSTT1	6	6	2735.79	2506.26	2729.7	2444.89	2108.58	1898.58	1502.42	1442.19	6386.92	5301.09	6206.39	6716.64	4613.41	3896.89	4539.81	5001.56
GSTZ1	3	3	1454.87	1392.88	3261.29	1373					3408.73	3778.77	3320.32	4660.03	3067.91	4197.25	4900.88	3852.87
GTF2A2	1	1	2738.14	1766.15	2001.52	2761.32	1944.64	2705.77	1543.74	1864.92	1623.09	2008.84	1804.29	1795.78	3326.23	2685.66	2713.5	2108.3
GTF2B	5	5	6266.9	5906.47	5827.1	6075.52	6210.71	7468.7	7979.42	7149.98	7760.17	8178.28	8134.2	8813.48	7844.41	7243.42	7784.93	7330.83
GTF2E1	4	4	1471.93	1809.38	2632.81	2069.42		1341.71	1221.23	1342.56	3463.44	3992.44	4938.1	3020.3	3708.69	5138.52	4458.09	3909.32
GTF2E2	4	4	3240.85	3372.58	3604.16	3556.08	5421.94	5186.25	6023.64	5869.68	3895.84	4374.62	3207.06	3829.07	3940.99	4210.78	4242.63	4389.29
GTF2F1	9	9	6886.14	6194.36	6267.73	7145.39	10016.2	9934.62	9261.42	9147.77	5838.96	4927.01	4030.88	5514.25	5785.84	4404.53	4619.55	5883.89
GTF2F2	8	8	15951.8	14851.2	13991.2	14154.1	26844.4	25494.8	22806.9	21228.3	14943.8	11924.7	15095.6	13703.5	16877.5	12016.5	13895.4	15336.1
GTF2H1	5	5	1081.87	936.793	1074.9	997.633		1159.67	1501.35	1273.6	1319.01	1751.28	1219.27	1777	1687.39	1327.51	1661.29	1425.4
GTF2H3	4	4	1015.58	1211.63	1840.64	1700.08	1932.95	2048.28	1704.65	1073.09	1864.56	2080.17	1972.86	1753.62	1891.72	1999.59	1606.44	1808.32
GTF2H4	4	4	2469.28	2446.96	3128.34	3258.88	2987.22	2837.55	2196.74	2601.08	2713.58	2341.75	2509.1	2499.03	2606.57	2392	2542.37	2405.92
GTF2H5	2	2	1927.95	2238.41	3246.34	1682.77	2248.51				3362.21	3922.89		4294.3		1942.61	2259.99	3365.81
GTF2I	24	24	16373.7	14252.2	17701.8	15828.5	21393	20576.1	21556.4	19396.1	16246.2	18061.8	15568.2	16371.3	22020.4	23224	24014.7	23334.9
GTF2IRD1	2	2	1576.55				1931.87		1639.63	1049.91					2268.37			2104.65
GTF3C1	20	20	7761.09	6258.79	7084.96	7272.71	10039.2	7955.43	9831.66	8785.69	8000.67	7718.41	7297.76	7655.12	8255.45	8220.38	7554.21	8324.76
GTF3C2	4	4	4735.43	3711.07	4363.3	3788.35	6379.83	4362.56	4451.09	7326.53	4642.52	4309.42	3630.92	4975.33	4248.72	4253.41	4582.35	5563.15
GTF3C3	11	11	5050.46	5110.4	6438.17	5382.52	7087.38	7226.05	6664.08	6792.75	6022.28	5221.88	4863.43	5451.55	6336.19	5247.94	5339.15	5970.84
GTF3C4	9	9	6234.96	4717.8	5407.59	5906.1	8755.71	7488.16	7924.32	6712.38	5205.16	5166.91	5877.93	6892.42	5252.65	3923.39	4718.86	5382.02
GTF3C5	7	7	3197.99	4038.22	3922.09	3981.36	3825.01	3635.97	3577.77	3164.73	4004.82	4355.22	4310.35	3606.01	4355.69	4713.28	5179.58	4755.63
GTPBP1	13	13	7080.59	8133.01	10332.4	9744.09	6957.83	5886.54	4807.54	4581.28	5566.88	6123.76	5663.58	5709.75	6057.52	6451.66	5834.5	5692.06
GTPBP10	7	7	1996.96	2116.85	2211.96	2563.18	3920.86	4950.79	3988.26	3446.16	3218.95	2361.2	2792.91	3011.21	3656.49	2998.57	4101.1	4045.11
GTPBP2	8	8	4564.15	3983.75	4359.83	4277.61	3907.13	3898.36	3541.9	3271.91	3165.11	2640.21	3123.12	2687.27	3115.55	2572.39	2539.23	3018.51
GTPBP3	3	3	3083.43	2918.58	2722.96	2937.13	2622.73	2324.03		2849.2	2552.16	2115.49		2533.95	3433.67	1958.9	2675.12	2782.31
GTPBP4	19	19	12265.9	11118.9	12159.7	11658.2	13352.9	13381.7	13039.4	14239.6	9925	8230.32	7996.97	9417.95	10495.5	9443.92	10844.6	11088.6
GTPBP6	6	6	1169.8	947.655	2068.59	1187.27	2147.11	1356.4	1597.92	1642.46	2143.5	2376.92	2423.18	2486.26	1642.95	1713.3	2308.81	2054.06
GTSE1	4	4				1949.68	2651.49	2165.74	2199.96	3084.63		1993.1	1616.36	2043.93				
GUF1	8	8	1492.1	2118.6	1693.7	2085.66		1783.67		1014.3	3194.1	2747.43	2552.14	2676.31	3006.06	2405.23	2087.15	2603.88
GUK1	7	7	8070.69	7129.57	8310.3	7768.28	6226	5138.3	4466.08	6350.79	5539.32	5087.5	5967.6	6302.19	5493.79	4835.81	6221.33	5583.36
GULP1	3	3	1738.99	1760.73	2316.74	1228.54	2933.12	3000.03	2851.94	2648.37								
GUSB	4	4					1907.31			1830.98	3702.33	3933.89	2451.86	4279.03	2296.32	2691.35	2534	1907.61
GXYLT1	2	2	818.926	911.254	1079.73	1626.38	442.582	568.78	373.966	1160.14	1391.8	1216.19	1415.24	1290.41	829.104	960.831	1374.29	1148.81
GXYLT2	1	1	829.75	549.073	885.302	766.347												
GYG1	3	3	11236.7	12173	15229.7	21991	6847.22	8417.44	6497.1	7927.57	40148.2	48827.3	38108.3	37901.6	12646.4	13494.1	19449.9	15475.7
GYS1	12	12	7109.32	7635.44	8942.53	8059.52	3432.3	3167.11	3473.3	2925.06	6650.31	6683.96	6530.68	7285.31	6611.19	6123.98	6683.69	7508.57
Gelsolin	29	29	194447	215411	220907	222276	60246.7	80111.8	73588	67332.2	409034	449292	409222	437340	829565	852847	992962	875487
Glutathione	11	11	195406	233356	311843	228619	86246.3	136440	86480.9	81074.4	265548	294848	374264	309694	294833	406979	447985	409752
H1-0	6	6	25020.3	27088.9	34659.6	37468.6	39440	53092	36049.3	34282.7	35694.4	52457.4	33673	42631	20845.3	29154.7	29011.7	23575.2
H1-10	7	7	5861.06	6608.38	12150.1	8146.87	14185.6	20257.5	13765.4	11840.4	14224.8	17308.6	13744.7	11460.2	8929.12	15884.7	12686.3	10030.7
H1-4	1	1	7076.83	5214.84	6516.23	5208.15	7477.07	6816.79	6908.76	5785.68	24426.5	19429	19472.3	30037.9	28554.6	20021.8	20745.3	23691.4
H1-5	8	8	306876	326734	383406	399734	844774	772598	791063	677751	479849	760830	482469	568143	388353	564084	560947	446692
H2AC21	2	2	27939.3	49267.5	89153.2	76134.7	61113.1	75368.9	70440.7	64994.7	57345.6	92235.1	58066.9	51650.2	61165.4	64065.3	40398.3	60059.1
H2AX	1	1	821.425	593.4	1680.29	952.35	513.832	1754.38				4481.96	2482.42	2098.54	2597.11	5027.98		3252.18
H3-3A	1	1	1742.7			1443.52		2350.14	2771.1	2002.58		1458.94		1791.38		1248.52	1381.82	1755.38
H3-7	1	1	23883.8	18389.3	25013.7	31893.4	30087.5	48989	29972	33082.6	47501.3	45071.4	37758.2	25515.9	42616.6	50045.2	56897.6	43797.4
H4C1	11	11	1.29753e+06	1.06461e+06	1.69142e+06	1.31264e+06	1.27305e+06	2.24625e+06	1.08681e+06	992560	2.9819e+06	4.1059e+06	2.26416e+06	2.18787e+06	1.96288e+06	2.70361e+06	2.7027e+06	2.87213e+06
H6PD	18	18	9351.79	7073.41	7203.82	9513.5	12396.2	11281.9	9380.11	11505.3	9165.76	10161.3	10765.9	9896.27	23220.2	15825.8	22974.2	22822.1
HAAO	3	3	2602.88	2978	2121.28	2484	5088.84	2299.5	2931.04	2694.61	7674.92	6111.9	6822.59	7804.83	5254.55	4677.44	4236.82	5664.5
HABP4	2	2	5160.22	3894.9	4166.71	4086.5	2904.69	2103.87	2494.96	1851.37	1878.38	1564.51	2144.3	1884.84	1132.37		755.629	
HACD1	1	1		681.324	1118.45	1228.81			684.756									
HACD2	3	3			2228.01	1110.37	1936.31	4322.14	4479.21	3946.75		2707.91	2450.71	2226.9	2503.65	2817.02	3404.76	2733.85
HACD3	8	8	25751.9	24209.2	30380.3	32296.7	25961.6	26913.4	21170.2	20849.3	22758.3	30523	26710.7	26357.8	15490.8	18375	21803.6	17542.3
HACD4	2	2									3339.83	2368.52	1767.8	3173.33	1488.75	1587.92	1684.19	1226.81
HACE1	4	4	1598.11	2043.05	1750.52	2164.78	2442.16	2582.55	1940.3	2194.44	1804.81	2408.2	2226.75	2617.73	1840.89	1433.63	1475.18	2132.93
HACL1	4	4	2095.64	1422.22	2005.21	1641.08	1039.11	1425.56	837.18		1581.78	1225.83	1415.39		1774.66	1698.29	1763.69	1745.21
HACL2	8	8	14922.5	12289.3	16446.3	15494	5795.08	5967.2	4742.26	4489.58	16670.2	16492.5	16589.9	17777.3	12299.8	13721	14837.5	11672.9
HADH	11	11	24989.3	30899.7	29108.9	33532.4	63116.4	62279.7	63357	59748.8	172949	180140	130885	185501	108994	93766.6	104436	97712.4
HADHA	29	29	52021.4	58027.3	60102.1	63829.3	30776.8	31436.7	27425.8	29430.9	120635	126122	101846	110407	112372	103534	120343	101891
HADHB	15	15	48685	51956.9	55383.5	55673	23338.8	28436.2	21379.4	17332.9	153522	124170	111644	125701	134295	121345	159855	150860
HAGH	4	4	12072.6	13565.5	18547.7	16759.8	9604.88	10672.3	7478.42	6632.41	31015.9	37123	38173.9	31794.8	24095.1	22770	28488	26445
HAL	16	16	3744.49	2346.54	2688.12	3313.01	6547.97	2462.7	5519.63	3008.25	4437.45	5511.95	3300.28	4981.56	18598.9	2967.33	2395.92	4059.97
HAPLN1	5	5	4527.72	4446.42	6226.29	6688.69												
HARS2	3	3	2497.66	2551.98	2113.38	2461.91	3102.78	2681.73	2653.59	3033.86	2324.19	2014.56	1861.68	2669.8	2949.57	1545.78	2015.06	3191.96
HAT1	2	2	2598.56	2794.1	4518.91	4451.11	8988.76	6995.6	9220.2	10594.9	4825.76	6614.76	4263.19	4644.47	3460.5	7090.85	5081.75	3094.24
HAUS3	2	2	1446.67	1499.29	1368.29	1316.71	1803.25	1852.83	1900.56	1440.45	1738.87	2269.26	1622.9	1837.35	1574.8	1009.71	1362.21	1435.79
HAUS4	2	2	128.238	236.902	304.494	437.219	146.902	172.573				324.005		219.556				
HAUS5	4	4	2648.96	2655.56	2313.42	2541.56	3471.51	3270.76	3612.95	3120.04	3110.95	2670.56	2579.46	2957.5	1483.84	1836.08	1903.07	1895.99
HAUS6	5	5	2792.61	2603.47	3497.37	2785.31	3113.7	2591.5	2362.17	2440.75	3191.29	2682.26	3244.33	3293.21	2212.81	1488.13	1543.95	2013.55
HAUS8	3	3	687.341	917.252	1694.51	1051.18		628.03		1884.4	1691.63	1473.51	1235.28	1513.87	945.182	800.804	511.113	1159.07
HAX1	7	7	5101.97	5572.08	5506.17	5689.29	6365.49	6706.97	5708.25	5545.73	7152.26	6899.04	5530.54	5894.14	8472.29	8313.18	8418.59	7646.89
HBS1L	16	16	9191.89	9035.7	8879.64	8726.93	9648.02	8359.02	8266.95	7932.5	7276.86	5386.48	5465.74	6166.83	4719.03	4333.94	5004.85	5130.25
HCCS	2	2		838.668	1550.56	1011.47					1888.94	2706.42	2559.6	1853.44	2003.62	3072.19	3107.74	2697.01
HCFC1	20	20	9895.32	11814.3	11909.1	13087.2	15296.4	16875.7	16413.4	16124.8	10593	12379	10199.1	12704.2	10595	11390.3	10775.3	10930.7
HCFC2	2	2	1081.57	953.818	820.969	1410.2	838.758		833.299	691.917		781.475	1138.01					
HCK	9	9				1668.47			1437.07		12997.5	18329.2	13850.4	11159.6	4041.09	5053.1	4142.86	4433.9
HCLS1	10	10									19585	29796.6	21246.4	20731.8	31373.4	43819	40535.4	30141.7
HDAC1	2	2				1471.86					1985.7	1694.29	2392.36	1460.51	2215.86	2150.55	1870.06	1888.63
HDAC10	1	1	398.197		346.95		1165.43	1041.33	714.104	626.671	992.098	1243.06	1356.11	1662.69	1125.71	1079.07	1235.57	1322.09
HDAC2	3	3	1532.04	1861.86	2017.58	2767.41	1815.36	2166.45	1682.4		4798.38	5812.61	4118.09	3542.18	4477.24	6312.68	6522.72	3853.47
HDAC3	3	3	1369.39	1182.87	1623.25	1442.25	3887.16	3384.86	3533.15	2202.1	2317.99	2867.52	2418.1	2511.33	2371.85	3456.92	2392.58	3365.21
HDAC4	8	8	1831.75	1563.35	1697.54	1196.38	3053.17	2598.59	2070.7	1557.19	1773.01	1683.91	2427.36	2016.13	1566.79	1184.08	1193.89	1465.66
HDAC5	3	3	485.656	577.418	595.078	482.043	1330.3	668.236	910.914	1027.34		1033.23	1069.77	1600.6	742.392	1124.43	1459.26	958.566
HDAC6	7	7	14640.5	12417.5	16639.4	13103.2	12332.2	11800.1	11872.8	10097.4	13193.1	13680.2	12256.8	14188.4	12946.1	11656.4	12137.5	12381.7
HDAC7	6	6	4888.46	4932.99	6465.7	6015.98	4467.22	4836.4	3721.14	4404.82	4124.59	4577.83	3612.02	3679.07	3671.36	3731.88	3540.7	4122.98
HDAC8	2	2	3378.53	2892.12	4661.13	5989.7		6167.69		6422.97				2172.45	1834.1		1490.8	1972.61
HDDC2	6	6	10194	10896.1	13649.4	10295.1	6523.45	8189.53	7118.73	7036.99	11847.8	13245.5	13965.6	12823.3	9985.38	8448.4	8607.74	10930.2
HDDC3	3	3	1056.5	1728.27	1410.49	1361.57		843.95			1553	1182.39	1451.11	1891.6	1655.38	1123.69	1078.53	1361.59
HDGF	13	13	40483.2	39831.1	50896.1	47171.1	44816	43586.3	34738.5	33286.9	38331.7	40327.4	45924.2	37431.3	36326	42937.1	45636.9	45143.8
HDGFL2	7	7	7321.75	8700.35	10147.7	9152.96	9485.42	10165.2	9271.26	9374.31	6589.22	6618.06	5970.31	7174.62	5394.05	6375.46	6230.73	5959.85
HDGFL3	1	1	6787.27	7037.29	6988.1	7777.32	5596.93	5385.39	5777.31	4970.69						1078.03	604.421	805.387
HDHD2	7	7	6697.87	7058.85	6302.64	7603.4	5324.28	4719.34	5160.24	2806.79	11738.7	16058.5	11115.2	10459.3	11306.1	8342.67	11169	9597.66
HDHD3	4	4	1192.27	842.573	1500.02	1331.96		1406.95	1449.81		2105.24	2146.41	1996.46	1599.86	1989.19	2144.52	2407.08	2398.65
HDHD5	7	7	4123.58	4697.1	4752.12	5310.55	9632.17	10309.7	9063.73	5957.79	17480.8	16473	11286.7	16041.1	14998.9	14768	16423.3	12980
HDLBP	55	55	78943.9	90313.5	81940.6	108181	21611	19763.3	18633.9	17062.7	23971.5	24539.7	22746.8	22752.7	23227.8	23322.8	24748.2	24203.8
HEATR1	36	36	10667.7	10632.5	12086	11169.7	13267.2	11772.6	11446.3	10335.7	10719.8	10115	9627.54	9656.86	10988.4	12045.4	11318.3	12512.6
HEATR3	6	6	3771.02	3519.85	3944.58	4556.76	3197.18	2718.46	1625.77	2438.72	8399.67	8688.95	4512.13	5671.94	5314.78	4745.85	5006.86	4872.49
HEATR5A	18	18	4523.57	4887.75	5099.9	5338.62		1213.84			2966.79	3001.82	2970.56	2649.67	2504.28	2289.34	2256.48	2413.57
HEATR5B	11	11	2413.54	2000.34	2352.96	2104.67	2488.43	1390.11	1437.31	1516.98	3083.03	2880.38	3088.79	3299.5	3136.27	2645.15	2955.52	3502.2
HEATR6	8	8	2508.41	2294.35	1959.73	2236.53	2371.66	2157.68	1947.83	1829.21	1121.81	887.089	1014.45	1138.59	1359.11	1359.36	1151	1627.53
HEBP1	6	6	12850.5	9517.93	13730	10919.6	7153.67	6731.75	6528.22	5914.99	51374.5	38261	46191.4	42726.7	17949.1	15887.4	21910.7	20581.4
HEBP2	5	5	10544.2	8674.66	8051.47	8502.49	11679.9	10486.9	7057.81	7557.34	6077.02	6147.82	6253.72	6659.62	7626.65	3648.49	3671.13	4891.13
HECA	3	3	1899.73	1479.45	1416.2	1251.25	2827.54	2926.03	3869.91	3515.46	3905.36	3970.44	2818.36	3765.77	3896.86	3779.36	3398.85	4024.71
HECTD1	25	25	11333.7	11542.5	10090	12387.7	7722.93	6542.21	6508.4	6243.47	7813.05	6390.64	7536.85	7692.96	6914.84	6336.91	7201.19	7200.17
HECTD3	13	13	5721.2	5752.27	5407.05	5956.74	4655.18	4532.46	3628.14	4035.85	9060.7	8665.76	8937.67	9566.15	7469.48	7280.59	8052.06	8022.25
HECTD4	7	7	2127.9	1803.66	2395	2162.89	1503.38	1591.41	1480.92	1831.36	1595.18	1543.53	1634.14	1140.91	1222.31	1532.84	961.938	1367.34
HECW2	5	5	2277.73	1719.79	1788.46	1785.48												
HELLS	2	2	1950.63			1554.15	3689.83	2868.63	3351.37	2974.07	3690.65	1746.39	2186.04					
HELZ	12	12	4385.89	4861.81	4216.01	4780.86	4428.99	3856.67	3852.33	4036.39	4967.49	4771.99	4576.42	5008.69	3699.96	3939.52	4274.62	4630.58
HELZ2	15	15	2827.62	2682.01	2663.7	3029.97	2064.89	1747.91	1625.98	1743.43	1589.68	2154.5	1716.43	2074.48	1484.94	1198.67	1195.3	1486.57
HEMK2	4	4	3119.27	3785.29	2925.68	3956.82	2991.06	2828.67	2595.01	2752.34	2564.07	1535.35	802.058	1488.73	1279.23	934.788	994.429	
HERC1	9	9	1427.86	1851.95	1737.58	1823.09	1507.02	1511.32	1764.52	1218.7	1240.84	1554.02	1138.87	1594.19	1396.71	1317.4	1302.02	1659.75
HERC2	10	10	2361.98	1982.16	1890.15	1993.55	2539.94	2534.44	2501.57	2481.48	2029.27	2044.23	1769.54	2532.16	2474.83	2070.64	1789.88	2206.54
HERC3	2	2						2215.13			2608.04	3285.56	3005.82	3140.91	3053.57	2439.64	4089.45	3258.16
HERC4	16	16	8440.98	9613.83	11379.2	10019.9	9693.57	10016.7	8792.8	9004.97	8050.73	9233.31	9154.97	8944.2	8181.05	6975.56	7526.26	8185.83
HERC5	5	5					2872.73	2466.93	2469.34	2254.03	3582.57	4059.51	3271.47	3988.56	2133.19	1932.78	2119.46	2376.13
HERPUD1	2	2	2087.8	1683.47	1857.17	2055.26	2225.68	1652.54	1575.04	1333.43	1943.34	1583.04	1591.58	2055.38	1898.74	1387.48	1112.16	1735.67
HES1	2	2	1263.99	642.633	230.284	449.051	1333.77	582.336	693.284	616.748								
HEXA	10	10	25201.3	29087.1	36345.5	29200.3	8343.58	7847.88	7308.81	6198.43	165154	197735	157858	207721	71859.1	82934	82247.2	73432.5
HEXB	16	16	22251.8	22188.8	30694.3	27898.9	26652	26792	20657.2	20319.9	350916	385368	290506	312908	119258	138333	151224	120604
HEXIM1	4	4	3156.32	3058.32	6377.35	3514.54	1935.82	2351.58	3049.33	2000.15	3345.62	4570.49	4736.82	3703.85	4206.96	4058.55	4602.34	5358.85
HFE	2	2		862.176			1337.76	1299	1780.49	989.328	5186.98	5322.53	5104.13	5650.86			2136.8	2286.11
HGH1	8	8	9042.01	9176.23	7067.94	9465.65	18529.1	14130.6	15493.1	14827.8	9010.33	9738.35	7016.37	8892.74	10106.4	9990.64	11004.6	11146.2
HGS	9	9	22346.6	20765.9	27893.5	25218.4	19269.1	21778.4	20178.3	16834.8	19580.8	23592.5	23245.6	18904.4	15587.1	17578.2	18434.2	16072.3
HGSNAT	2	2	6163.54	5053.53	5333.07	4318.37				2457.91	10924	9537.76	9832.19	11588.6	5349.37	4279.25	4524.06	5842.67
HIBADH	9	9	11178.8	11113.8	14169.9	12535.2	11249.3	12537.8	10019.6	10843.4	26475.5	25155.7	28268.8	27716.9	29681.4	25531.5	28116.2	26610.4
HIBCH	9	9	9625.03	11431.9	17258	14386	8021.63	7587.9	8125.06	8614.47	18092	20602.8	22053.8	17366.5	21531.4	22110.2	23964.3	17244.7
HIF1AN	5	5	2858.59	2049.61	2918.33	2534.15		1274.07			3244.99	2037.92		2952.56	2471.11	1866.73	1814.78	2130.45
HIGD1A	1	1	902.265	754.498	2041.88	941.993		598.456	1086.88	1394.66	2791.97	4113.92	3137.92	2464.36	3831.42	5394.89	5150.52	5376.41
HIGD2A	1	1			1389.15							1736.45				1054.79	1008.28	
HIKESHI	1	1	1906.21	1234.19	1327.22	1426.7	1375.24	1648.3	920.694	1160.95	1095.22	719.037	1460.9	1483.44	1225.9	712.424	1239.02	1309.77
HINT1	4	4	45623.2	43947.5	41112	39549.6	48376.7	54604.5	31746.9	31480	55485.5	43796.2	57986.6	54787.8	43512.5	28496.1	45613.5	44455.8
HINT2	5	5	5661.76	7878.95	10683.8	6922.04	5344.81	7542.88	3393.86	3794.55	19546.9	28586.9	20345.2	17318.5	19339.1	21917.6	20261.1	19714.8
HINT3	1	1	3258.85	3420.51	3683.58	4494.98	5663.26	4417.85	4106.21	3480.36	6240.51	8133.87	6374.25	5759.27	5753.76	5624.04	6230.71	3636.96
HIP1	11	11	2687.08	2957.29	2908.97	2741.17	4749.79	3523.74	4221.51	4073.52	3613.15	3820.03	3243.59	3863.71	2560.69	1190.97	965.428	931.94
HIP1R	20	20	4683.74	4236.59	5549.52	3854.97	8146.71	8193.79	6995.98	7133.02	4779.34	5058.14	5545.31	4368.73	16180.3	1482.71	1702.2	4302.13
HIRA	3	3	2823.28	2574.67	3001.64	2251.81		2357.4			3168.61	3856.52		4491.35	3114.58	2641.83	5552.68	2971.46
HIRIP3	3	3	845.744	1092.02		1255.47	3580.06	2232.16	2993.37	2503.51	1910.47	1494.99	2088.33	2135.87	1740.23		972.295	1548.57
HJURP	2	2	423.656			527.102		800.83		443.767	812.003	643.292		1070.24				
HK1	22	22	53454.9	58711.7	58663.1	59933.4	67447.9	66289.6	65575.6	66387.7	80813.3	90987.6	77040.6	79340.4	96998	105422	112072	104159
HK2	12	12	6817.87	7122.79	6762.52	6600.18	2621.9	2859.92	3031.51	2699.28	5300.87	5745.14	3922.35	5122.19	7243.56	5308.06	9294	7105.41
HK3	13	13		1501.54						5189.35	18398.7	11845.2	13496.6	11161.4	57140.7	30779.2	51076.1	53147.9
HLA-A	5	5	17317	22318.7	22837.8	23880.5	93101.4	108776	110021	98290.1	24970.5	33731.2	27639.1	23196.3	11952.2	20491.1	20490.4	27562.9
HLA-B	3	3	18167.7	17873.6	21796.8	16485.7	30709.5	22063.4	31017.7	28249.6	15529.1	21549.3	18319.6	16256.3	8195.77	8384.07	7648.98	7854.52
HLA-C	2	2										2520.82	2471.16			3168.32	3092.43	2451.13
HLA-DMB	1	1									1213.48	1545	1262.64	1909.24	800.131	789.699	729.158	700.773
HLA-DQB1	1	1													243.066	431.44	257.765	338.862
HLA-DRA	1	1	401.4							1810.22	5164.28	6243.97	3182.36	6236.5	8674.58	7551.88	4898.7	5475.42
HLA-DRB1	1	1									1253.44	2024.32			2035.49	3044.01	1876.44	1905.3
HLA-E	2	2					3615.53	3942.72	3405.44	3333.08	4569.94	2953.95	3570.68	4034.06	2269.89	1792.9	2320.01	2130.21
HLA-F	1	1					2382.75	1626.48	1910.8	1513.16								
HLCS	2	2	10143.6	9309.99	8550.91	13367.5	3149.64											
HLTF	6	6	2674.57	2503.21	3029.06	2494.85	4394.95	3835.22	4016.07	4230.33					3986.08	1560.22	1324.53	2597.21
HM13	7	7	35324.1	28067.7	27821.3	32049.7	20530.5	22328	17688.9	15474	135731	113030	96415.5	121940	65746.6	57739.5	76813.2	79911.4
HMBS	12	12	4501.7	5339.71	4958.24	4941.67	8245.77	8276.9	9087.5	7782.13	6114.05	6663.16	4847.26	5110.61	6505.63	6206.49	6542.12	5676.3
HMCES	1	1		372.559	407.791		1663.04	2385.08	1975.08	2284.94	450.945	450.326	409.698			400.216	385.652	
HMCN1	2	2	1767.39	1496.14	2302.11													
HMG20A	3	3	2755.33	2830.34	2401.43	3108.16	5257.36	5188.55	4238.77	4708.45	2636.5	1897.89	2374.1	1626.44		2987.43	2284.83	2335.76
HMG20B	3	3	1866.78	1982.46	3050.84	2200.41	3181.52	2321.68	2252.78	2165.03					2021.28	6442.14		6501.14
HMGA1	5	5	11886.3	13585.4	6192.63	10042.8	68087.5	51970.4	62606.6	54409.9	28387.3	10304	19494.3	24230.8	47972.3	23899.4	40409.9	35671.4
HMGA2	4	4	43396.8	51295.2	53678.9	58287.9	599.539	535.839	507.894	386.452	16863.1	21353.3	14460.3	19163.8	16300.7	21835.9	21524.5	18292.8
HMGB1	2	2	26877.1	11565.1	24714.1	26905.1	19356.5	21166.8	22252.6	9447.62	25033	26802.9	26821.1	12530.6	24844.1	54868.8	40848.2	37858.2
HMGB2	3	3	11546.1	8600.8	14693.8	15743.2	53313.3	51641.7	53522.7	54032.9	27522.9	34014.8	20703.7	22702.9	21120.3	29586.8	25402.3	22082.3
HMGB3	4	4	15390.7	13278.2	17055.4	13253.7	37316.4	32234.9	38199	32784.7	17371.9	13198.4	13275.9	17204.8	17944.5	14542.1	14763.9	16326.2
HMGCL	8	8	9316.32	9416.73	12179.9	11007.5	8690.64	7995.12	7622.55	8749.54	31770.8	34232	23087.9	28734.9	27045.5	22377	24490.5	25127.1
HMGCR	7	7	2593.95	1986.81	2252.15	2366.48	2268.96	1512.82	1975.81	1749.93	1557.4	1016.25	1487.9	1363.4				
HMGCS1	11	11	19978.3	21397.9	30474.7	23614.6	19482	24022.7	17597	13598.1	13043.4	16683.2	13900.4	12074	5635.54	3721.25	3305	2041.99
HMGN1	5	5	35494.3	35867.4	30679.5	39828.6	43659.7	67997.8	52216.9	44757.2	33173.6	23361.3	21111.9	30763.7	23620.5	16025.4	32415.1	25931.2
HMGN2	2	2	17049.4	16359.8	17597.4	21486.1	3681.29	19939.2	21289.7	21346.6	15185.6	19791.1	8554.94	19184.6	11049	11292.8	13327.8	20451
HMGN3	1	1	1973.38	1498.88	1889.63	1434.57	1267.87	1912.29	1804.47	1456.47	2254.1	2288.85	2176.69	2835.21	3299.98	2454.96	3752.99	4453.37
HMGN4	2	2	3414.51	2751.72	2706.46	2439.84	3297.45	5007.8	5605.71	4198.1	2922.02	1991.99		2511.67	3366.12	2268.19	3345.28	3738.69
HMGN5	3	3			1043.12	1605.53			1668.73	1173.06	1733.62	1686.44	1893.62	2294.33	2033.76	2228.99	2494.45	2574.82
HMGXB4	3	3		1451.07	2144.31	2538.48		717.447		939.957		1460.05	1131.31		1270.75	1277.4	1018.88	1564.9
HMMR	5	5				1598.95	2669.54	2724.2	2141.02	2580.56		1765.15		1923.9				
HMOX1	7	7	2072.62		1412.25	1195.45	2328.69	1258.05	2158.19	2339.81	8384.45	11244.4	10209.7	9791.21	10754.5	7718.37	7533.42	7349.29
HMOX2	9	9	3508.84	4325.49	5056.3	4006.82	3776.99	2344.61	2852.73	1653.86	4620.81	4451.11	6039.05	4947.98	4651.46	4686.55	5297.9	5704.56
HNMT	10	10	2420.62		920.866	1582.77	3884.06	3204.06	3998.88	2683.98	26068.7	36031.4	25101.5	28988	30087.4	39073.7	43754.9	42289.1
HNRNPA0	10	10	21121.4	33166.5	45927.8	45942.8	17982.2	24095.4	20551.2	16702.2	33732.6	45319.5	35134.6	30471.5	37370.6	36874.1	40884	37749.7
HNRNPA1	1	1	1675.44	1147.66	8953.3						7037.85	27459.7	21393.9	4868.54	13566.8	66342.9	42454.6	25900.9
HNRNPA2B1	21	21	641558	630939	797751	711807	550521	708180	571037	516154	690465	804990	698600	678701	775361	832017	829990	775971
HNRNPA3	12	12	46752.5	54598.7	73051	54736	24165.3	35129	23290.1	21974.4	66201.7	81794.4	67033.5	72682.3	64726.9	77853.4	71784.9	59176.6
HNRNPAB	7	7	74399.1	68575.7	69558.2	63320.9	104017	88712.8	86189.2	83248.8	71903.4	63138.6	64867.1	69954.5	71176.3	61473.1	75738.5	78428.8
HNRNPC	8	8	156592	156972	166588	183933	120548	168878	162253	153427	118322	162764	126540	143510	124619	159194	176844	169619
HNRNPD	7	7	132902	180698	266774	184749	113869	196301	193446	169249	158507	211643	196506	165955	179196	137702	182228	232746
HNRNPDL	8	8	29761.4	31113	43075.7	33246.6	22942.6	20934.1	16663	12438.2	37763.8	27711.3	38774.7	37456.2	41813.6	31834.9	39284	41999.6
HNRNPF	4	4	42570.5	36992.2	40765.8	36614.3	71155.5	59868.6	50689.7	57259.6	56755.4	68511.1	64799.9	67080.6	48975.9	54309.4	53965.1	50040.5
HNRNPH1	8	8	53025.5	39650.9	42136.2	45192.6	56017.2	53334.3	56454.9	41634.8	39412.1	34173	41296.4	32817.6	59223.9	40014	45606.4	50797.2
HNRNPH2	3	3	17436.6	15310.8	12087.3	14606.4	17096.4	14987.6	14391.5	15053.6	15087.2	16309.1	13878.9	14798.9	17356.1	12643.3	13759.6	15004
HNRNPH3	7	7	35696.1	37930.8	47581.2	41989.8	47320	44043.5	41391.2	34535	35402.1	35833.2	28818.6	30873.7	35549.6	29963.9	35348.6	33820.2
HNRNPK	15	15	202396	185733	216308	214960	220539	241496	193823	201503	187870	216281	193147	191453	178279	216108	231175	229192
HNRNPL	8	8	22824.2	21721.3	29058.7	22911.8	25089.5	17592.1	29906.4	27443.5	22187.9	21594.9	17671.5	21049.9	24818.6	21196.4	26502.7	26085
HNRNPLL	10	10	10260.3	8538.63	11042.2	8805.42	6674.9	7020.72	6151.72	5934.21	9371.07	8931.56	8701.94	9787.48	10395.2	9502.3	11018.9	10447.5
HNRNPM	16	16	115429	134255	168906	159934	170675	131469	130833	126041	148159	149513	132286	156110	154221	158773	164982	155613
HNRNPR	17	17	51807.7	54410.1	61520.3	64170.9	85433.3	71372.2	62669.2	63814.7	43992.8	50128.1	46851.1	45443.2	44078	45575.7	49317.7	46193.4
HNRNPU	19	19	200751	204682	244966	253912	295137	276780	253062	246827	249072	281650	219114	219530	254852	285134	273164	263876
HNRNPUL1	14	14	11020.4	9494.24	11511.4	9022.3	8936.52	6898.98	7267.78	8538.31	6633.87	9572.95	8747.09	7223.07	9116.39	13895.9	12553.5	9681.58
HNRNPUL2	8	8	13196.9	14676.2	8510.67	13948.9	28768.9	34735.7	29481.1	25664.4	20199.2	17298.8	12639.2	16176.7	22365.3	24400.5	24034.8	23708.7
HOMER1	3	3	1568.15	1276.34	1192.25	1528.44						969.478	1057.4	1060.9	1182.88	1261.77	622.61	1172.19
HOMER2	5	5		1196.91			5746.73	4637.49	4289.78	5523.37					2347.18	2206.42	2222.49	
HOMER3	9	9	3734.7	3843.86	3894.35	4348.14	3302.87	3252.61	2195.18	2436.62	4517.94	4994.44	4765.22	4523.23	2310.49	2216.4	2603.53	2605.24
HOOK2	2	2	2311.05	2054.76	2210.36	2268.98		1045.35		948.208	1350.06	1505.13	1577.37	1780.75		1107.67	1023.35	1556.58
HOOK3	19	19	7488.08	6998.23	7111.19	7283.53	4792.55	4453.67	4141	3795.68	4044.53	3526.67	4197.26	4165.94	3356.27	2910.2	3171.41	3343.11
HOXA5	1	1					519.46	853.051	490.383	507.616								
HOXB4	2	2					3127.09	2998.05	3157.04	2575.39					498.967		1035.82	
HOXB6	2	2					4762.81	4110.91	3533.6	3174.29								
HOXB9	1	1						2771.3	3593.61	3138.11								
HP	4	4	944.01								1396.44	2076.35	2388.51	1455.36				
HP1BP3	14	14	112206	128897	131424	128000	83192	89222.6	82604.5	83001.5	73023	82346.1	65440.5	76826.6	69384.1	75634.7	73921.8	70956.7
HPCAL1	1	1	7030.12	7224.05	4258.51	5836.39	25844.7	24182.1	14828.1	15805.3	47134.7	37397.1	29173.1	46749.4	45837.9	32701.9	48628.7	42931.4
HPF1	5	5	2935.25	2208.39	2468.17	2271.37	4959.44	4019.09	4515.42	3339.78	2344.79	2287.18	2242.44	3290.62	2279.69	1167.26	1388.64	1913.61
HPGD	4	4											866.797		3652.11		1559.64	2831.13
HPGDS	5	5			2018.41	1760.7					43282.4	71787	56287.8	44404	20951.7	36416.2	29896.3	30366
HPRT1	8	8	11741.6	14210.1	10230.6	13082.5	32779.3	39010.7	32784	32609.6	21170.5	22465.6	22711.8	25272.1	14592.8	13969.5	21047.2	19153.2
HPS3	9	9	1688.84	1728.32	1955.33	1896.79	2359.76	2131.3	1916.19	1881.38	2901.97	3127.36	3020.34	3261.78	2481.89	2227.19	2894.06	2903.71
HPS5	7	7	4163.94	4691.69	5279.44	4066.91	3661.81	2685.84	2928.43	3390.23	5496.28	6149.92	4883.46	6051.72	5553.63	5062.64	4880.63	5262.74
HPS6	8	8	3390.11	3479.44	3881.55	3977.94	3970.8	3681.63	3247.83	3013.86	4772.96	4811.74	4322.52	5370.73	4356.66	3876.47	4708.2	4260.44
HPSE	7	7	2127	1266.09	910.588	896.524	2132.65		2000.36	1293.53	16624.7	21397.7	20187.1	19272.1	11193.9		1011.58	1130.81
HPX	4	4	9426.41	3843.54	5205.16	1523.41				1905.16	15236.8	20702.4	15320.5	16375	4685.39	6809.41	3534.4	4894.36
HRG	2	2	820.758	1363.49	1492.91						1843.17	1312.28	1993.73	1427.73	780.225	1698.95	1228.32	894.75
HRH1	2	2	382.701	258.579	283.928	237.273					520.446	220.84	289.301	478.598				
HRNR	5	5	1155.19	4539.82	2453.77		1162.22			863.019	2553	2972.03	5269.03	2012.57	2033.15	2914.02	2061.22	2025.32
HS1BP3	13	13	12928.1	12238.9	13402.9	13065.4	6179.88	5406.98	5658.81	4927.67	38496.4	43950.1	33340.3	40570	19247.6	13616.4	16140.1	16389.9
HS2ST1	5	5		1620.37	2224.52						5088.51	4832.19	5551.1	4731.62	3654.36	3771.4	4208.5	4662.91
HSCB	3	3	1687.46	1210.55	1536.11	1494.32	3672.85	2863.18	3045.9	2827.76	4612.37	3545.9	4427.24	4800.58	5485.78	4491.85	4049.99	5058.14
HSD11B1	2	2													845.674		1249.38	1058.65
HSD17B10	9	9	22748	29553.2	27887.1	30467.7	24240	24150.5	26144.5	21663.7	30854.2	36243	27711.1	32604.1	38411.9	38847.4	39183.7	36535.1
HSD17B11	7	7	3767.27	4453.11	4859.46	4732.48	5263	4004.41	4043.67	3108.76	9533.59	11871.7	13046.9	10278.5	9174.36	9138.97	10379.6	9993.34
HSD17B12	8	8	6269.9	9380.48	15209.2	10707.7	7877.31	12060.8	8418.13	9551.75	19016.6	34335	22714.3	16969	11025.8	26784.9	23815.9	18337.1
HSD17B14	3	3									5640.06	5764.73	5907.15	4351.88	1265.21	1354.49		
HSD17B4	29	29	31999.4	33625.8	40394.3	37619.6	22509.1	20789	23597.8	23030.9	142564	185739	141807	127487	69150.7	59120.2	66361	59941.3
HSD17B7	5	5	5111.77	5636.08	8369.29	6184.1	9961.66	9131.5	7767.45	6005.96	9171.24	9752.25	8426.7	7452.06	3991.27	3289.37	3138.4	4999.8
HSD17B8	4	4					7167.95	5282.68	5463.44	5522.39	5950.01	8315.97	6379.01	7392.29	4986.38	7416.95	6432.42	6155.32
HSDL1	5	5	4992.53	5270.7	5302.17	4203.04	6597.96	6584.95	5778.68	6699.74	13184.3	12832.8	11407.6	13811.9	7501.23	7394.62	9562.28	8362.38
HSDL2	11	11	7468.6	7502.46	6702.38	7271.51	4275.03	5005.89	3893.48	4186.31	16940.9	14865	14342	17179.8	18877.5	13836.3	16136.1	17139.5
HSF1	6	6	6855.09	4304.69	5420.19	5678.59	11354.3	8351.31	8100.33	6268.93	5330.56	5200.31	5987.45	6571.4	5624.48	6435.67	5745.84	6602.88
HSP90AA1	19	19	272674	334335	447562	385820	228279	268591	229529	186372	400500	615722	461923	421691	303006	493042	453957	402602
HSP90AA2P	1	1			1237.65	1207.55					1722.9	2026.89		1153.82	849.101		1371.54	
HSP90AB1	13	13	476676	629912	775115	707523	339837	490046	313916	263197	750474	894428	755336	664269	750103	777042	923814	827691
HSP90AB2P	1	1	14340	4959.23	16437.3	5414.86	3082	1696.42	2828.16	1409.78	33332.3	37826	79670.9	25241.3	35092.7	77864	72748.2	55076.2
HSP90B1	31	31	685145	761179	705133	846723	497143	524713	507358	508023	610073	647947	497870	566762	428898	459495	486760	454368
HSPA12A	6	6	2401.26	1745.65	1542.38	2005.37	1497.85	1648.46	1377.03	1594.05								
HSPA13	11	11	15360.3	17391.6	15942.9	15964.1	6480.68	5319.05	5498.06	4739.5	7597.07	6912.72	6720.22	7366.95	5958.05	5735.07	5808.36	6277.52
HSPA14	10	10	6499.3	6014.37	6168.03	6768.64	9011.91	7707.24	8188.31	7998.88	7301.29	6882.83	7319.59	8299.76	6410.99	5387.85	6389.32	6572.78
HSPA2	3	3	50363.6	49555.9	54139.1	48667.2	45212.2	45498.6	54608.4	41159.9		32810.7	39573	29239.7	32770.5	32735.5	31083.7	23874.9
HSPA4	25	25	44868.4	47308.5	70064.8	55752.5	40293.8	39973.7	35237.9	31420.1	76835	81364.6	73597.6	70102.4	59326.7	59631	69667.6	72790
HSPA4L	11	11	2239.76	2498.59	2158.44	2524.46	11331.2	8452.83	9448.69	8485.87		2678.21	3734.43	1818.51		1374.08	3053.41	3714.28
HSPA5	37	37	359038	449240	527339	518512	165530	173783	185011	180790	281091	374267	289266	264647	217357	287199	258247	230275
HSPA6	1	1		2859.72	1108.75	4249.58	2574.98	1001.94	2089.38	3076.72				1581.88				
HSPA8	19	19	429419	573745	751036	738109	370965	542387	425006	335437	847865	1.18129e+06	655787	661814	687077	840601	829531	644558
HSPA9	33	33	212563	232682	226853	232671	224953	228004	225793	225155	331436	367942	322329	322795	338209	333708	398242	382323
HSPB1	14	14	477439	536741	646642	545820	408612	361094	345521	305176	202442	196922	268292	209759	318050	185002	231162	251661
HSPB6	2	2	5298.04	5242.77	3794.98	4472.97							1467.13					
HSPB8	3	3	5806.56	4561.34	4189.51	6541.37	6525.26	10512.5	8105.34	7718.01								
HSPBAP1	6	6	1872.31	1455.03	1603.59	1877.47				3870.38	2880.98	3202.24	3081.72	2824.99	3574.66	3192.23	2727.24	3329.09
HSPBP1	4	4	3787.3	3502.15	4417.41	4280.25	2332.21	3141.63	2198.43	1502.17	4713.65	4693.86	4957.94	3673.14	3414.77	3235.32	4207.13	3668.44
HSPD1	32	32	96094.4	118080	136449	132185	185614	178397	203286	180852	216322	247024	191571	217871	225473	234485	239685	233457
HSPE1	8	8	28767.8	28473.1	35495.6	36580.3	49804.4	68687.4	50711.9	68915.5	42190.3	67113.3	61175.7	56329.3	69912.9	84405	67091.5	44990.5
HSPG2	14	14	10849.4	9922.52	11877.3	11056.6							2050.69			4632.31	2231.89	
HSPH1	23	23	25353.8	23604.7	26301.3	26404.4	41693.4	40358.4	36204.4	34179.3	31369.9	31807.6	30172.2	28127.7	25875.5	26213.8	30680.6	28488.8
HTATIP2	6	6			4635.84	3661.37	8360.27	8068.63	8092.73	6488.51	13044.4	13268.6	10494.6	11495.5	12563.2	10735	11163.9	12140.4
HTATSF1	8	8	3864.2	3233.03	4184.01	4007.22	5423.68	5949.22	3975.2	3073.79	7589.6	4917.49	3535.09	5764.13	5456.97	4125.4	4268.21	5457.48
HTRA1	6	6	4334.86	1765.58	2754.98	1693.62	1353.06	1352.4	639.451	1571.22	1357.45	913.543		1454.43	1800.83	1353.21	1353.18	1399.88
HTRA2	2	2	2667.11	2129.77	1422.23	2122.65	3598.77	4856.06	4059.11	4248.08	4011.6	1726.22	2357.01	2974.78	3768.06	1965.62	4401.97	3611.19
HTT	45	45	4808.77	4601.79	4444.66	4625.15	5858.41	5452.18	5021.9	4527.8	9696.86	10106.6	9613.97	9739.69	8148.71	6562.57	7603.71	7875.63
HUS1	1	1	1992.86	1951.63	2022.14	1922.64	3637.27	1718.36	1896.14	2784.92	1926.16	1832.14	2045.11	2269.52	2210.77	1408.34	1741.77	1695.33
HUWE1	63	63	20137.8	22415.7	23041.5	23703.5	19452.5	18924.2	17080	16004.8	17863	19851.4	18157.9	18889.5	17138.8	17719.3	18409.7	18071.1
HVCN1	3	3					470.83	273.964			18736.2	21634.8	16549.3	23256.3	11989.2	14106.6	14159.2	15731.5
HYCC1	4	4	1651.56	1931.52	2382.46						3222.34	2909.31	3794.03	4158.91	2662.14	2666.03	3769.68	3301.24
HYI	3	3	1851.19	2350.75	1897.12	2824.93	2587.55	1912.32	2320.4	2704.86	910.286		1414.88				684.897	
HYOU1	38	38	58353.2	57528.6	64240.2	71679.6	34032.2	30674	30903.5	29835.4	31864.4	32757	31686.7	30416	31551.4	31421.5	36377.3	37277.1
HYPK	2	2		1878.06	2390.59	2115.33	1798.32	3247.7	1787.39		5589.91	3459.85		3994.16	4464.17	3358.89	4527.7	4840.88
Hemoglobin	7	7	11795	14452.3	22376.3	6866.61	10434.7	9330.15	9169.44	9255.87	25736.1	33975.4	54279.8	39470.6	21806.8	39271.3	30993.3	21728.5
Histidine--tRNA	15	15	50070.7	50312.6	49902.7	56383.1	45143.6	37740.5	33564.8	35884.2	35249.3	35326.7	33233.6	34285.3	55689.9	41685.7	46159.7	43593.1
IAH1	4	4	4260.25	4726.25	2981.89	4238.27	4636.96	5466.21	6919.67	6806.55	6392.96	6439.56	7427.47	6803.97	4681.64	4324.55	4770.72	
IARS1	31	31	42297.1	51635.5	63457.3	57302.5	31034.4	27183.6	36175.7	31031.6	27630.2	33168.3	30447.1	26432.9	40505.6	48900.2	55086.3	50817.1
IARS2	20	20	8933.67	10103.5	12714.7	11400.1	9985.27	8603.04	9517.48	8351.77	22306	22335.5	21018.2	20860.2	20767.9	18753.4	22679.1	21057
IBA57	4	4	5748.93	6429.94	6192.97	6153.9	4879.46	2975.7	4017.36	3361.36	7939.82	7341.64	7236.58	8003.34	8587.48	6904.8	7428.63	7392.99
IBTK	7	7	2225.81	2804.92	1823.05	2517.31		1910.15	2520.54	1948.8	2411.51	2741.52	2279.26	2923	2851.14	2426.87	2516.21	2597.56
ICA1	1	1											2054.71	2442.49		1350.88	1289	2156.04
ICAM1	9	9	9301.1	7473.06	5430.8	7764.7	5836.69	2814.96	3897.49	5589.03	34270.2	31164.4	34071.7	31558.7	27312.7	35252.2	38237.6	34577.5
ICAM3	3	3		886.449							1366.52	1466.48	1768.23	1997.61	5165.19	3896.16	3769.06	4060.5
ICE2	1	1					2837.14			4408.3	3236.95		11254.2			1314.68		6104.44
ICMT	6	6	5706.69	6063.15	6771.02	5463.14	3457.52	4229	2869.33	3712.97	6463.8	8366.38	4869.64	6092.29	4391.8	4376.24	5074.94	5489.85
ICOSLG	1	1									2532.58	3374.83	2255.33	2533.46	1643.51	2474.49	1521.01	1936.17
IDE	27	27	26088.4	26480.9	33809.6	27946.4	39485.3	41364.8	36900.3	36481.3	30643.8	33136	40451.6	34589.6	43510.1	35501.8	38097.7	35927.8
IDH1	15	15	44846.8	47731.8	58322.9	52313.3	21935.9	54260.6	35205.5	33477.3	351469	514630	368906	370624	186349	198585	235046	215249
IDH2	13	13	34910.2	36293.6	50028.8	41366.8	14286.1	20013.4	12153.6	11122.8	117766	160675	119868	121320	104451	107085	126631	107620
IDH3A	5	5	5444.55	6058.46	8161.7	5560.67	8113.62	9866.14	8180.16	10628	21269.2	24565.8	22262.7	20244.5	33882.3	43788.4	45571.5	38251.4
IDH3B	6	6	2530.81	2822.57	4769.13	3417.48	3080.12	5362.97	3531.03	2877.88	6852.58	9359.92	7381.09	6523.58	10891.3	12193.9	13349.8	10263
IDH3G	6	6	3732.9	4128.38	6917.72	3489.43	5622.29	6019.5	5869.02	3547.88	8210.54	14343.3	7578.91	6662.6	12760.2	14287.6	13695	11081.4
IDI1	4	4	36119.1	31429.9	32166	41078.7	65946.2	69398.9	60564.4	38376	31099	35271.1	25439.9	29226.5	7071.22	8454.95	8932.02	9546.29
IDS	3	3	2145	2271.11	1978.47	1842.92	1512.32	939.276	1072.56	1069	1589.96	1530.9	2436.47	2620.65	2618.44	1801.53	2394.22	2938.27
IDUA	5	5	3202.71	2971.16	3410.79	2783.93	1065.73				3884.74	4223.53	3872.58	4811.08	3301.79	2616.9	2304.01	1783.65
IER5	2	2	1758.1	1869.47	1816.87	2218.22		2149.09	1750.82	1128.25								904.989
IFI16	22	22	19287.1	17634.9	22693.6	21089.2	19566.1	18169.1	18347.5	18009.3	39323.8	42043.6	37634.1	40340.7	30602.3	33479.5	31743.1	31467.8
IFI35	9	9	10340	10005.6	10675	11610.5	13709.7	11956.6	10672.1	12385.5	19356.7	20250.6	17685.3	22110.8	15441.6	14446.2	16662.3	16422.9
IFI44	3	3	2759.81	2267.63	1671.06	1929.97		2365.27		1509.46	3630.68	2997.58	2972.8	2468.28	2041.08	1854.89	1415	1918.49
IFI44L	2	2	1837.72			985.913	1865.14	1669.72			2169.64	1562.61	1361.36					
IFIH1	7	7	3241.26	2957.26	2624.32	3203.75	3078.78	1919.3	2710.85		5403.11	5381.44	4374.66	4991.13	4128.61	4620.45	4048.29	5634.05
IFIT1	12	12	9049.04	8372.58	9071.43	10644.8	3022.34	3036.18	1969.76	3196.62	15631.3	20426.8	17678.7	17701.7	7963.52	8047.77	6791.25	9453.49
IFIT2	7	7		2760.77	1783.22	2972.94	4265.93	3928.27	3169.07		10248.6	10071.5	9797.4	11844.2	5830.65	5403.07	6161.93	7312.6
IFIT3	10	10	11512	9106.06	8999.98	13651.7	6101.66	5422.01	4497.92	4602.03	20030.1	24915.4	21017.3	21137.6	9749.83	9273.61	9509	11538.4
IFIT5	9	9	6263.76	7248.81	10344.1	9036.36	2025.72	2648.75	2030.19	2441.82	3852.36	5429.09	4166.61	4388.58	3189.78	3177.65	3240.24	3261.41
IFITM3	1	1	2529.14	1660.57	2890	3838.95		567.9	204.395		5270.32	7800.07	3963.51	2628.44			188.864	221.671
IFNGR1	5	5	652.617	646.238	808.483	716.441		980.523			4669.69	5291.86	3553.72	3722.03	989.207	795.364	838.737	1169.72
IFRD1	3	3	1301.23	1184.36	1487.78	1433.21		1122.92	1485.75			1118.42				927.67	985.932	
IFRD2	2	2	2532.26	2474.44	2234.07	2896.75	3403.77	2838.32	3375.27	2311.41	1657.37	1890.58				1400.6	1953.48	1596.37
IFT122	8	8	2518.96	3225.79	2920.16	3081.15	2118.18	1727.67	1765.24	2348.36	2060.27	2105.97	1885.3	1912.5	1873.79	1912.81	2150.37	2450.58
IFT140	5	5	2857.59	2291.26	2096.36	2531.2	2355.88	1740.55	1764.55	1582.26	1193.42		1837.52	1644.88		1147.54	820.455	1306.31
IFT172	5	5	2793.91	2785.66	3078.95	3060.02	2629.58	2323.31	1850.6	1998.8								
IFT20	7	7	2217.75	2162.09	2264.24	2028.35	1547.41	880.863	1063.02	1098.48	986.756	1286.22	1156.69	1045.08	1329.92	844.598	870.958	1097.14
IFT25	2	2	1911.64	2176.36	3446.54	2069.76	1250.75	1170.17	1392.59	1265.98	3933.92	6375.36	4186.89	3196.49	2754.88	4045.37	4278.01	2887.48
IFT27	3	3	18364.4	20300.9	19489.4	21126.7	10982.3	9208	12298.6	11369.6	15107.8	16676.1	13230.7	15500.5	13102.5	11408.3	12280.7	14553.7
IFT46	1	1	1133.25		698.18	645.185												
IFT52	1	1	3067.66	3574.74	3043.78	5137.77		1801.95										
IFT56	1	1	1232.17	1025.75	1073.4	1000.7		722.002	776.26	576.215							275.708	
IFT57	1	1	334.464	598.831	547.303	518.594		245.6										
IFT74	4	4	1369.12	1271.75	1105.59	1594.92	835.201	680.266	891.454		749.502	608.544	897.664			584.097	548.066	
IFT80	3	3	995.247	1789.81	1909.93	1228.46	1220.68		1067.08	1077.78								
IFT81	4	4	4913.26	4583.93	4858.04	4668.59	3811.36	2634.77	1201.77	2460.65								
IGBP1	10	10	18790.9	17011.5	16829.2	14931.7	18914.8	21130	17149.3	16591.8	16971.1	16369.8	14466.3	17684.6	16252.1	14007.2	16583.3	16674.1
IGDCC4	6	6	3544.51	3442.98	2960.97	4062.53												
IGF1R	3	3	2718.64	2696.23	3021.53	3044.89	3962.32	5189.54	3962.54	3938.07								
IGF2BP1	21	21	28136.5	26755.3	34459.1	29625.4					30475.4	37756	32608.9	31411.1	66473.1	73667	79451.9	71792.8
IGF2BP2	20	20	55699.4	61170.1	62510	61915.4	42732.4	38784	43057	41456.9	33520	38664.1	31261.7	39917.4	25753.9	25840.4	29623.6	27667.7
IGF2BP3	17	17	57686.8	57178.6	67076.8	62818.6	21113.6	18913.9	19303.8	17228	58244.5	66594.8	54535.3	65834.4	39326.2	35313.8	39606.8	40261.1
IGF2R	31	31	18216.4	21425.8	30311.2	26081.4	8379.21	9707.32	8900.14	7089.25	14073.1	15796.4	12989.7	12574.9	10470.7	13626.6	14293.4	13485.4
IGFBP2	1	1	7999.03	8578.14	7929.35	9183.7	6951.7	4998.75	5524.32	3690.96								
IGFBP7	5	5	51111.7	49553.1	43382.3	51132.4	11811.6	10785.4	11802	9924.25	12019.7	17706.8	14596.9					
IGFLR1	1	1									1364.27	3397.73	1622.16	2253.13	846.396	1119.49	597.677	778.765
IGHA1	3	3	393019	137298	202795	12309.8	10310.7	10891.7	11981.2	12876.6	68693.2	84131.1	95888.6	121767	56462.4	104795	71106.3	51754.3
IGHG1	3	3	184699	24790.2	52583.2	4124.99	14229.4	12279.3	16533	32926.7	56227.8	89402.3	87585.1	79561	100594	57973.1	44304.2	33202.9
IGHM	6	6	21753	7427	9684.48						5677.88	6192.17	7663.94	12087.6	5008.92	6133.02	5640.18	5110.03
IGHMBP2	7	7	2830.46	3797.99	3982.97	5186.29	3468.53	3942.46	4270.25	4033.38	3948.13	3889.89	3625.3	4426.51	5254.57	4087.97	3195.03	4956.62
IGKC	3	3	56612.6	18510.1	27468.9	3445.43	4018.53	3471.75	3549.19	6615.96	16830	19977.6	31077.6	25374.4	18480.2	23604.5	19149.8	13104
IGKV1-5	1	1	13632.6	1636.15	3450.87				2694.87			1651.19	2122.08	3103.29	3732.16	1601.52		
IGKV3-20	1	1	2532.43								1181.08		1455.6			1360.11	1011.03	
IGKV3D-20	1	1	3370.34												2197.91		1129.58	1907.15
IGLL5	1	1	72699.4	5919.41	5405.36	1286.23		1946.66	2116.88	3365.65	5811.22	5525.31	4369.53	8230.66	4260.65	7456.68	4866.81	4177.99
IGLV1-47	1	1	6314.51	1744.39	2504.66						1330.18	1466.93	2184.64	2057.73	1795.64	1830.39	1435.22	1209.1
IGLV8-61	1	1	4209.58	1260.26	1333.04	783.571					1775.34		1810.85	2259.52		1339.26	1166.74	1380.86
IGSF6	5	5									7000.83	5976.03	6491.31	9826.16	3351.24	3389.01	4270.86	3393.57
IGSF8	1	1	2485.65	1594.68	2224.74	1924.19	2199.18	2106.59	1341.21	1546.57		1018.42			1140.62		1276.88	
IK	10	10	6902.23	5120.27	5429.89	4552.98	9625.54	9096.13	8229.06	7891.5	7595.08	6573.09	5960.5	7237.21	8115.35	6714.7	7227.89	7754.58
IKBIP	15	15	34934.1	34636.3	34285	42249.6	10827.3	9310.61	10139.9	8285.85	10660.5	9684.58	9944.32	10714.5	8264.11	7922.63	8416.78	8880.14
IKBKB	10	10	3049.48	2958.32	2905.76	3419.37	5885.22	5102.93	4796.55	4386.3	5374.51	4117.97	5030.4	5150.93	4775.4	4110.81	4070.06	4826.95
IKBKE	8	8	1142.95	1369.98	1438.28	1422.39					2270.34	2115.37	2566.79	2663.67	2673.65	2408.06	2546.32	2833.49
IKBKG	6	6	3840.24	3267.63	3205.99	3409.24	4446.32	4103.81	3854.18	4038.72	4740.91	4670.29	5679.96	5265.28	3967.42	4250.75	4161.23	4043.39
IKZF1	4	4									1328.8	1472.34	1062.68	1639	1792.24	2003.27	1651.74	1314.73
IL13RA1	1	1	839.272	723.735		571.589					1616.85	1118.46	1105.38	1983.06		681.986	828.315	1311.55
IL16	12	12									11957.1	13974	13449.5	14146.1	7670.47	7657.5	8146.37	7846.18
IL17RA	1	1									2076.78	2480.13	2057.16	1385.68		2195.63	2622.37	1907.36
IL18	5	5	2669.75	2378.05	3228.06	2488.76	109259	130032	96812.6	112700		2474.88	3956.64	3028.82	23026.2	19540.8	23558.9	15875.7
IL1RAP	8	8	3695.93	2865.98	3218.95	2575.21	3650.83	3235.57	3698.26	3080.2	2667.63	2406.13	2105.22	2362.18	3247.27	3208.62	3589.4	3996.97
IL1RN	4	4	4385.55	1080.23	4311.92	967.836	2448.29				4760.6	4159.35	5486.71	4014.88	29691.1	15382.1	23781.2	21905
IL36G	4	4	2038.14	1230.85	2078.94		2278.07	1569.97	1612.64	2738.47	2768.31	1549.36	4754.23	4650.37	20570.2	1170.22	1469.42	3290.88
IL37	2	2	830.904		928.208		1345.87		991.884	1150.09		868.422	1701.9	1008.16	7087.74		640.663	1060.96
IL3RA	4	4													1501.43	1777.68	1675.17	1644.6
IL4I1	13	13									25374.5	27948.5	25499.4	33700.7	87465.1	50867.8	56842.7	51315.8
ILF2	20	20	56964.6	59199.9	78725.8	65646.3	55957.2	57294.3	47775.4	46883.6	48338.8	53516.7	51523.5	48188	51176.2	57807	64113.5	57515.1
ILF3	18	18	88299.4	95169.6	117429	108890	66839.8	81512.9	60108.1	66023.5	87210.7	111210	106232	95874.2	107683	119010	117669	118622
ILK	6	6	14190.1	19384.8	21034.7	20743.4	10038.6	8127.69	7077.04	5529.44	13537.6	17547.8	16501.7	11978.3	14872.2	18690.8	17668	15235.3
ILKAP	9	9	11704	12000.4	13133.8	12707.5	12697.7	13909.9	12068.7	11285.4	14283.5	14853.8	15375.5	15141.3	13718.4	13918.7	13619.6	12973.8
IMMT	38	38	38546.8	41694.9	54429.1	50676.3	44311.3	40983.6	42647.4	39236.1	71671.2	86087.9	68489.3	69736.5	72454.5	68863.4	77951.5	68155.3
IMP3	2	2	4804.56	4788.93	5678.32	4382.07	7188.94	6088.4	6561.19	5945.1	5190.13	6186.51	6014.77	5118.98	6647.43	7176.8	7443.36	7283.42
IMP4	5	5	3741.27	3019.51	3943.54	3314.5	3816.64	4268.87	3786.08	4066.15	3219.44	4667.53	2712.94	2732.37	3612.81	3980.84	4752.81	3774.6
IMPA1	10	10	21784.1	21715.1	18782.4	21291	34871.7	36397.2	30464.2	27890.3	18170.1	22418.4	18697.1	21980.5	16638.3	21089.5	20026.9	20561.7
IMPA2	3	3	5932.81	3899.26	6187.44	2962.88	8497.95	4221.77	6786.52	6436.94	8048.96	8713.97	11227.7	8688.89	11916.8	5375.09	4594.21	9225.72
IMPACT	5	5	3639.21	2361.81	3372.45	2158.25	1423.8				2767.8	1596.53	2999.31	2772.82	2872.69	2119.35	1877.12	2374.97
IMPDH1	8	8	10401.5	13068.3	12401.8	13629.2	6283.66	5690.61	5786.81	5647.75	6064.38	6661.6	6936.54	6909.75	9275.13	9200.88	7388.17	9119.96
IMPDH2	18	18	65449.7	68392	78331.5	82726	60205.8	69310.6	60542.5	60272.3	42975.1	49625.3	46643.4	46439.2	50117.6	52906.1	56228.9	47854.4
INA	16	16	11676.5	9628.06	7188.24	9738.18					2807.3	4728.75	3559.68	4083.55	4724.51	4439.8	2819.66	5555.65
INCENP	3	3	2278.28			2104.3	5162.01	3923.2	4042.44	5157.96	2192.54	3297.46	1815.42	3232.64				
INF2	27	27	18234.2	17213.8	17904.5	19382.3	17941	17738.5	17502.9	16216.3	18277.1	18110.2	16594.7	19483.5	10864	9295.09	9583	10834.7
ING3	2	2				1664.55		2007.83	2318.52			1220.74	1525.87	3402.26			1994.85	1472.45
INHBA	1	1	3084.68	2131.1		3430.01												
INIP	4	4	2131.58	1746.48	2701.82	2323.35	2038.18	1691.44	2406.63	1952.67	2000.97	1608.74	1513.76	1654.63	1011.02	1155.24	1715.24	1850.81
INO80	1	1			641.327						862.718	1108.39		717.603	1038.74	1116.38	1093.02	1123.35
INPP1	3	3	5962.16	5172.61	4980.22	5695.8	7125.91	6403.76	3719.91	4304.65	3126.81	3341.31	3257.53	2733.1	3608.78	2669.31	3844.36	4265.56
INPP4A	6	6	3130.87	2564.69	3086.7	3914.22	2364.77	2439.34	2436.62	2053.93	7612.72	7499.62	6667.11	6224.18	3331.07	3510.79	3471.99	3655.53
INPP4B	3	3	2703.78	3116.52	2766.01	3799.84					2169.61	3020.18	2461.43	2677.38				
INPP5A	3	3	1385.07	1189.07	2646.87	1164.73	1288.99					2191.44			870.472			
INPP5B	3	3			564.192		1372.34	1977.19				1586.83	1541.17	1712.71	2014.85	1990.5	1902.62	1800.32
INPP5D	34	34	4910.7		4813.6	5592.76	4525.78			2760.66	5932.78	8745.23	6454.49	5390.86	7420.92	8535.36	7833.32	7211
INPP5F	10	10	4174.66	3533.09	3658.97	3535.63	8992.78	8876.54	7310.89	6406.74	3849.49	3037.97	3461.08	3559.94	4309.61	1938.86	1933.07	2203.09
INPP5K	4	4	1569.48	1405.16	1851.24	1212.37		1521.85	690.307	1035.03	1679.14	1936.45	1947.97	1474.06	2179.89	1909.27	1894.2	2386.11
INPPL1	25	25	8231.58	8619.13	8430.46	9154.58	9545.73	7991.47	7569.89	8119.54	10858.8	11216.2	10174	11210.7	10385.8	9302.81	10247.6	10193.7
INTS1	21	21	4795.35	4081.81	4054.51	4561.99	5132.73	5101.63	5341.15	4507.17	4029	4137.96	3868.09	4124.2	4148.4	3781.66	3980.35	3833.5
INTS10	2	2	1729.82	1816.13	1525.43	1889.74	1619.75	2143.46	1970.58	2165.29	1951.76	1779.58	1802.36	1945.36	1884.04	1497.09	1951.87	1973.96
INTS11	4	4	3126.36	3196.78	3439.83	2785.49	5066.95	4263.03	3975.54	3759.23	4010.17	5287.86	4169	3492.01	5018.31	3393.42	4380.41	4667.37
INTS12	7	7	1997.76	1888.01	2281.07	2065.74	1982.1	2089.48	2081.04	2054.36	1719.53	1907.54	1848.74	2135.74	2085.35	1632.34	1452.03	1652.18
INTS13	6	6	5750.9	6535.3	6386.88	6792.3	7095.44	6889.73	6394.44	7263.84	5055.86	5438.69	5436.69	7243.9	7104.71	4567.45	5489.61	6226.21
INTS14	5	5	1797.74	2000.55	2728.03	2128.2	2376.85	2203.9	2587.72	2357.19	2178.21	3090.04	2446.34	2432.72	2452.74	2108.65	1950.6	1957.59
INTS2	7	7	3267.87	2798.93	2987.79	3605.5	4512.17	2994.65	2844.43	3568.56	2803.28	2991.36	3060.58		2490.31	2380.36	2603.54	2743.59
INTS3	10	10	1997.82	2163.48	3437.75	2162.2	2341.5	2176.19	2958.13	3039.41	2511.91	2494.72	2503.85	2170.16	2238.67	2571.62	2267.01	2365.91
INTS4	6	6	2456.69	2375.46	2579.2	2604.45	2842.86	2549.37	2443.66	2418.33	2479.53	2481.85	2668.47	2946.3	2936.63	2298.78	2514.53	2924.42
INTS5	7	7	2755.59	3183.68	3507.73	3290.19	3968.02	2754.86	3043.17	2338.25	3116.52	3894.2	2914.44	3101.71	3082.46	3939.51	3364.2	3243.11
INTS6	7	7	2529.18	1905.32	2465.66	2344.74	3609.61	3206.23	3666.95	3283.26	2000.38	1792.63	2273.93	1613.58	2525.28	2159.11	2189.43	2342.45
INTS7	9	9	2296.24	2193.15	2608.79	2911.48	2668.46	2436.46	2307.87	2625.08	1508.65	2224.15	2220.06	1918.18	2108.33	2262.81	1961.83	1894.68
INTS8	5	5	2948.87	2866.14	2888.86	3065.64	3735.37	3778.23	3026.51	3455.72	2698.77	2427.68	2137.72	2920.32	2789.77	2585.06	2533.17	2125.37
INTS9	4	4	3232.16	3752.88	3616.29	3636.1	2275.43	3449.03	2556.39	2975.32	4122.58	3613.23	2934.65	4037.67	2794.53	2694.86	3119.38	3120.91
IP6K1	2	2	1718.67	1673.25	1672.82	1894.57	1893.44	1527.44	1023.8	1221.43	1835.73	2067.5	3305.07	2565.18	2081.62	1279.71	1429.58	2004.57
IPO11	11	11	2489.12	2551.58	2750.7	2869.44	2761.33	2773.37	2397.81	2228.5	2461.03	2524.83	2635.71	2617.84	2574.67	2507.74	2406.07	2527.1
IPO13	6	6	4135.09	5663.04	3249.87	3861		2511.19	3326.42	2949.11	4905.9	4200.05	4144.19	4352.58	3320.4	3331.64	3854.22	4073.35
IPO4	14	14	15438	15181.2	13617.6	15105.3	10287.4	8136.15	9037.6	8782.24	10289.5	10356.3	9044.36	9489.47	11860.5	14236.6	14058.7	13942.4
IPO5	16	16	47443.7	57891.4	65728.7	58186.4	33779.8	36829.3	31130.6	26464.8	34827.1	39649.3	37813.1	36859.3	33044.1	39515	47415.1	41617.9
IPO7	13	13	34449.2	31678.5	35075.4	41868.8	45352.2	50030.9	38615	35223.3	27135.7	33809.3	25838.5	29431	24626.2	28901.5	35869.7	30790.4
IPO8	13	13	5712.55	6368.92	6913	7094.33	5033.23	3950.92	5686.28	5399.85	5666.01	5196.25	6870.97	5637.35	5135.78	4883.15	5676.76	5801.33
IPO9	19	19	15809.3	21031.6	18291.3	21112.7	19259.3	20437.9	17027	17460.2	11951.9	12819.6	11072.1	13509	9903.02	11384.9	10846.1	11805.3
IQCB1	3	3	2494.21	2339.17	2044.02	2529.35	2516.83	1910.97		2090.94	2029.8	1574.58	2389.18	2381.07	2468.5	1350.37	2033.86	1708.1
IQGAP1	57	57	93177.3	98371.7	108782	108363	75729.9	78146.1	74435.1	71435.6	123144	127816	113522	114376	91748.7	100015	104026	100855
IQGAP2	61	61	7218.15	6513.97	7024.38	6902.87	1988.29	1461.06	1439.04	1302.91	62814.4	71592.6	67528.5	61783.5	18582.5	14982.5	20880.1	19448.9
IQGAP3	15	15	3123.27	2259.13	3236.72	3425.37	3207.06	3260.01	3083.41	3031.54	2016.24	1950.41	1592.47	3097.16	3144.04	732.926	853.732	
IQSEC1	8	8	3073.94	2774.16	2253.07	2371.91	1901.44	1573.53	1995.49	1417.75	2378.57	2451.9	2536.47	2910.5	1141.91	828.555	1314.04	1083.37
IQSEC2	4	4	1614.63	1229.06	1044.74	863.02	2413.71	2335.17	2030.71	2400.21	1140.09	1269.96	1661.37	1305.23	1974.2	1621.58	1592.56	1908.4
IRAG2	6	6									4068.38	4336.35	3677.39	4385.22	3078.45	2872.71	3002.72	2991.58
IRAK1	6	6	2956.27	3359.81	3759.25	2017.79	6836.93	4545.86	6809.51	5935.28	5649.5	5489.86	5744.62	5951.4	5201.28	4458.7	4160.19	4960.21
IRAK4	5	5	4014.49	4343.18	5544.42	3941.44	3229.62	3327.13	4358.13	3508.54	6415.39	5895.79	7418.49	7373.2	5496.65	5460.73	4885.34	6322.79
IREB2	6	6	1312.72	601.46	653.121	987.655	702.043	566.905	899.083		3585.16	3943.47	3736.88	4270.39	2535.42	2130.19	2390.1	2790.83
IRF2BP1	5	5	2720.81	2205.37	3001.97	2449.3	3152.96	2742.3	3541.27	2552.02	2678.88	2179.39	1580.62	3308.81	2867.3	2041.08	2837.75	2250.77
IRF2BP2	11	11	6211.13	5977.35	9205.18	6694.13	7784.17	8273.24	7265.46	6767.42	9245.27	10470.9	8701.27	8647.94	8923.7	9492.92	8816.33	9652.04
IRF2BPL	8	8	6562.12	6005.86	6545.94	6330	6367.63	7425.65	7217.88	7926.82	6211.85	6172.21	6393.74	6716.83	5010.08	4419.21	6140.86	5898.46
IRF3	1	1	5210.75	5188.92	2102.33	4153.05					2843.17	2328.3	1473.34	2822.16	2842.87	1185.41	1696	2531.56
IRF5	11	11					4131.5	4549.23	3550.25	4436.74	11664.6	11273.2	8835.92	10153.8	10067.8	9830.34	10187	10977.1
IRF6	1	1		313.607	662.527							413.168	1003.92	899.543	613.728	537.74	765.445	1063.39
IRF8	6	6									2493.86	2177.37	2088.52	2819.51	1801.04	1698.8	1708.51	1984.81
IRF9	6	6	4175.52	4274.94	6928.7	5674.7	3808.3	3543.42	2259.26	2940.54	3870.06	4915.54	4456.43	3836.67	3350.45	4455.92	2912.61	3913.56
IRGQ	11	11	12483.4	12181.3	11171.8	15936.5	5142.94	4269.73	4151.1	4042.83	9055.84	8688.29	9365.69	7636.09	6806.58	6639.01	6913.6	6970.16
IRS1	2	2	2247.84	2036.08	2280.12	3007.51	2754.51	1348.64	2104.73	1606.49								
IRS2	7	7	2389.83	2709.27	6361.96	2234.11	6872.44	7463.45	5802.86	5542.7		5785.95			1075.59	1606.09	1423.18	1172.72
ISCA1	2	2	1663.14	1536.32	1526.18	1635.6	2143.24	2301.26	1867.73	1978.7	1791.35	1325.6	2254.35	1909.82	1832.41	1559.49	1624.13	2032.39
ISCA2	5	5	4804.11	5364.99	4962.05	5518.8	3207.5	2830.87	3431.85	3546.74	5808.82	5235.57	4937.37	6177.53	6319.18	4789.88	5795.89	6256.25
ISCU	3	3	2455.33	2247.75	2710.02	2300.82	4911.77	2814.07	3763.76	3214.21	3695.25	3957.94	5197.42	4190.63	4701.51	3976.12	3538.66	4841.36
ISG15	5	5	16748.7	15717	18754.6	21249.8	763.212	829.812	488.424	475.198	16334.5	18640.6	20213	15536.6	6654.78	7054.09	5873.3	8597.87
ISG20	1	1	692.509	562.325	800.216	748.545	420.818	315.017	372.021	389.602	409.071	762.94	538.551	373.631			246.865	
ISG20L2	2	2	2524.39	2174.84	3269.11	2513.11		1755.12	2147.7	1954.23	2177.31	1792.01		1617.82	1683.8	1593.78	1283.05	
ISOC1	10	10	3675.44	3970.29	4943.88	3650.49	7384.5	8490.02	7397.76	6423.1	6994.3	8599.2	7163.05	8321.64	6176.57	6816.12	8315.05	7186.36
ISOC2	4	4	3328.6	3694.94	6587.17	4028.49	1464.56	1491.07	1254.74	1546.1	6244.15	9104.71	7009.13	6156.55	6557.07	7681.03	7553.27	6857.34
IST1	8	8	10381.6	10411.1	9084.96	11824.7	8115.14	8975.48	6856.46	7194.09	19846.1	21242.6	15974.3	18899.6	15323.9	17620.4	18830.6	17091
ISY1	5	5	3641.72	2979.37	3738.96	3250.94	4393.94	3726.8	3861.09	3795.23	3107.86	3259.04	2779.72	3036.79	3006.25	2436.8	2431.52	2700.82
ISYNA1	5	5	4241.45	5264.22	3621.72	5873.68	7184.16	6893.3	6407.17	7089.82	4463.14	4460.06	3912.7	4799.77	2313.25	2505.05	2976	3270.79
ITCH	11	11	3295.58	3150.05	3412.91	3456.82	2934.06	2029	2279.69	2310.09	3090.86	3576.08	3309.26	3232.04	3542.59	2792.08	2961.19	3382.5
ITFG1	2	2	3416.12	3681.33	3846.83	3238.39	2588.48	1965.06	1691.25	2439.86	3991.78	3232.13	4664.51	3427.85	3318.81	2015.27	2443.98	3047.19
ITGA1	2	2	1293.98	1086.85	1018.26	1258.12												
ITGA11	18	18	13175.2	16697.3	16459.3	17028.7												
ITGA2	3	3					5486.06	4544.16	2116.14	2865.26				10789.5	7078.72		2791.56	
ITGA3	5	5	8947.62	12073.3	7928.87	12083.6	12581.3	12698.6	12938.3	15467.6	2398.01	1812.42	4526.02	1527.24	2933.51		2303.63	1825.16
ITGA4	15	15	1439.65	1836.6	2476.39	2587.67	6705.34	6729.38	6494.61	6306.88	8929.1	11733.6	9288.55	8932.48	1741.54	2712.59	2420.09	2334.23
ITGA5	7	7	4937.74	5256.09	5326.96	7589.8	1288.6	2334.14		1668	3008.48	2867.53	2862.52	2824.53	2870.31	3905.67	4856.88	3762.12
ITGA6	15	15		704.614	580.152	1333.06	2120.46	1749.59	1481.08	1778.33	1671.26	1718.99	1443.5	1501.83	3616.59	4085.08	4711.95	5346.53
ITGA7	7	7	2724.76	3120.41	2429.27	3798.04	4428.74	4436.53	3365.17	4749.24			10607	12388				
ITGAL	15	15									7267.6	8267.54	7750.65	7686.02	12343.4	16682.7	15700	14945.9
ITGAM	22	22		1647.7	1722.46				4191.5		16134.9	12938	9987.3	11453	10513.9	11525.8	13858.1	11691
ITGAV	26	26	29559	30955	37223.6	44769.5	22811.3	27307.3	23019.2	22248.5	11383.3	13074	14864.3	11835.9	16461.9	18118.7	21820.6	19522.2
ITGAX	24	24									21214.6	20404.5	19713.4	17259.2	10097.2	12714.2	16419.3	13273.3
ITGB1	14	14	60715	75319.3	76918.5	99836.2	33502.9	33324.8	30638.2	33656.3	31728.9	32446.7	30770.9	31986.4	27389.6	24172.3	29518.9	33647.9
ITGB2	14	14	2258.22	914.298	1358.27	1708.06			2767.39	644.337	78783.9	97649.4	75223.2	71968.4	61289.2	66963.1	69489	67049.1
ITGB4	6	6					3000.63	3559.78	2713.36	2984.62								
ITGB5	13	13	14541.7	14597.8	17158.3	20586.4	13919	12779.7	11110.4	10525.2	14668.6	20225	17226.4	15164	12338.2	9500.19	14023.7	12784.7
ITGB7	1	1														1702.64		918.155
ITGB8	3	3					5294.01	6159.39	6045.46	6126.65							2591.13	
ITIH1	2	2	1548.41	1367.25	1538.08						2063.45	1354.79	2104.63	1739.37	1219.87	1808.42	1124.07	1266.06
ITIH2	3	3					1794.3				2075.09	1555.93	2337.34	3226.67	702.06	1814.76	1559.44	
ITLN1	1	1	1712.5													2136.74		
ITM2B	3	3	6497.51	3770.98	4723.23	3504.04	7773.99	7206.63	5890.21	5427.6	30259.2	28212.5	23882.2	29935.1	3588.43	6904.2	8802.72	7458.83
ITM2C	1	1	6557.07	5404.96	6362.02	3634.37	2042.42	2292.59	2061.76	2137.99	4935.12	3553.99	3266.86	3578.79		538.281		534.617
ITPA	5	5	9732.84	12139.1	12880.4	12462.7	7320.2	4126.25	6774.51	4932.66	21598.4	23679.2	21651.6	20042.4	17661.9	21198.1	22905	22436.4
ITPK1	4	4	2230.49	2827.25	3624.32	3311.94	3882.24	2880.99	3241.49	2930.98	7337.85	7148.25	7449.22	6718.18	6645.63	7782.47	7486.24	8032.62
ITPKA	2	2					1472.19	1791.76	2006.16	1365.24								
ITPKB	5	5	8313.62	9081.29	11261.4	11666.2	2052.63	10927.2	1704.65	2479.29	9595.56	10366.4	11939.4	11697.8	8052.25	12722.7	10702	10716.5
ITPR1	14	14	3948.2	3113.88	3178.13	2826.39					2938.36	2639.93	3184.92	2738.23	3547.53	3481.13	3537.12	3705.37
ITPR2	34	34	5107.09	3607.94	4519.71	3984.07	4145.39	3909.86	4401.68	3713.55	8931.19	9777.33	8093.52	9101.68	8328	9335.97	9100.47	8679.53
ITPR3	19	19	7623.47	8383.52	8221.32	9196.24	6944.27	7006.44	6573.43	5705.18					1637.36	293.452	218.852	
ITPRID2	12	12	5283.48	5308.35	5893.32	6438.48	8514.79	9197	7968.03	7511.88	3693.96	3840.62	4062.84	5042.38	4734.57	3829.38	3766.78	4209.98
ITPRIP	7	7	4747.18	3501.88	4941.79	4004.26	4878.16	5382.94	3962.04	3990.47	4314.08	4593.66	3682.97	4526.85	4411.17	3618.39	3808.01	4314.75
ITPRIPL2	2	2	886.348	1018.19	1057.3	1162.85					827.367	1242.57	842.119	1100.06	1472.01	1154.02	1322.25	1640.74
ITSN1	16	16	5391.52	4448.66	5163.22	4693.39	3657.92	3646.82	3795.37	2652.86	7043.64	6513.51	5746.68	6750.47	3314.02	1803.65	2301.16	2774.12
ITSN2	17	17	1464.07	1841.34	1906.56	2969.34		1821.28	1775.19		4253.63	4026.88	4365.98	3969.35	3423.77	3274.24	3512.6	3398.71
IVD	10	10	7413.04	8587.52	9891.24	12121.9	6076.5	8524.06	10469.5	9602.73	25612.2	35716.7	24046.3	24811.6	23900.6	31094.7	36159.9	25814.8
IVL	8	8	3866.94	2162.11	16579.4	2129.34	5670.02	1839.28	3773.53	3711.03	7103.62	4112.48	10622.8	4018.1	7299.51	1509.38	1734.37	2681.87
IVNS1ABP	4	4	1909.2	1524.4	2162.56	1359.71	2128.88	1159.46	1252.67	1170.86	2669.66	2697.14	2599.88	2527.02	1675.97	1895.97	1674.57	1698.38
IWS1	2	2	14618.5	11047.6	13895.3	13663.2	12637.1	14235.1	13401.3	14009	9456.64	10683	10227.4	9961.54	9715.43	8332.88	9002.67	8507.3
JAG1	3	3	1331.94	2968.05	2011.67	1454.19												
JAGN1	1	1	1061.89	1128.34	3294.83	1028.97	981.27	1033.15	575.163	433.441	2608.83	2729.42	1723.92	1901.39	2699.59	1796.15	3449.28	2448.63
JAK1	7	7	5931.78	5071.6	5391.25	5133.68	4463.9	2990.76	3824.94	4208.53	5765.79	6140.77	4778.3	5958.77	3081.1	3546.94	3090.72	3677.52
JAK2	2	2	1354.4	963.677	1160.12	1067.5					1105.04	2009.76	1686.16	1833.11	1174.67	1254.2	1664.19	1303.89
JAK3	3	3		1666.11		1392.19	3022.78		2457.35	2735.68			1475.74		466.068	557.934	590.976	1493.87
JAM3	2	2	2264.75	1676.09	1535.45	1463.05	1915.05	2072.48	2042.56	1453.83								
JCAD	5	5	2198.2	2070.71	2385.41	2613.88												
JCHAIN	4	4	364195	38578	41666	5825.92	8875.08	9243.73	9619.71	6398.85	35312.2	24177.5	39369.4	61338	30352.8	38237.1	36106.3	25855.8
JMJD1C	4	4	907.982	978.793	1027.1	960.047	1532.98	1288.18	1169.14	1291.39	5994.77	1058.81		773.606		699.171	956.842	
JMJD6	2	2	2328.2	1674.56	2193.62	1893.76	5253.96	3879.72	2589.9	2479.84	2102.28	2085.13	2136.78	2040.07	1881.95	1808.72	2088.65	2073.59
JMJD7	1	1	1709.93	1432.89	1646.43		2784.84	3073.03	3314.6	3693.19	1556.39	2208.94	1973.37	2491.79	2845.28	1996.3	1759.58	2523.9
JMY	2	2	1018.56	951.731	1116.8	1259.15		566.183			640.535	732.169	439.018	1355.17		241.524		
JPT1	3	3	30518.4	28493.3	25787.5	42956.1	36615.2	32566.4	40273.8	44569.6	11221.5	10580.8	9756.32	11430.8	7985.33	8728.15	9561.49	6416.31
JPT2	5	5	28595.3	32834.8	33403.1	31617.6	43141.3	41078.8	37864.7	38919	15560.4	18502.4	18261.4	19122.9	11058.4	11568.6	12835.9	11523
JUN	3	3	3804.33	3586.82	4676.2	3956	2285.42	2857.11	2491.87	2222.12	1396.96	954.22	1352.2	1479.89	1146.04	995.391	918.375	904.972
JUNB	3	3	1046.94	1204.67	2056.67	1811.37	2231.16	2263.36	3099.69	2165.04	1546.31	1270.18	1644.18		1626.63	2657.71	2273.35	1953.85
JUND	2	2	3863.54	2819.56	3011.68	3456.23	4299.75	3658.33	4270.3	3561.51	1408.48	1446.28	1188.13	1572.63	1350.73	1449.29	1201.77	1337.98
JUP	19	19	111345	76264.1	156247	65551	123149	67051.8	128993	124451	150243	219624	259619	146356	272153	49566.5	70851.9	143953
KANK2	13	13	11117.2	10998.8	12104.6	11632	4603.72	3752.22	4154.03	4647.3	4180.99	4202.3	3523.21	4161.53	782.721	709.022	920.688	1335.53
KANSL3	3	3		517.89	490.047	448.81	1478	659.72	1057.79	962.971		628.753	598.428	480.168	698.089	506.504	465.228	511.242
KARS1	20	20	22825.5	23566.3	27332.6	24860.9	19530.9	20534.9	18183.9	18683.9	28145.5	29863	25261	25474.8	28591.9	27301.8	31158.6	27898.6
KAT7	5	5	1245.08	1199.98	1284.11	1472.01	1957.64	2017.33	2350.66	2293.82	850.296	1496.89	1322.38	1469.61	1241.82	1426.76	1470.53	1276.27
KAT8	1	1	1653.31	2611.81	5550.7	7408.42	2608.27	2156.64	2350.61	2130.73	2046.94	2318.14	1704.39	1571.6	853.111	1502.49	1403.33	1161.65
KATNA1	2	2	1357.35		1739.1	1313.19		1513.25	2069.9	2123.24	2201.39	2095.15	1796.23	2160.35	2159.54	1624.26	1838.85	2268.94
KATNAL1	4	4	4334.15	4040.79	4057.54	4044.27	4485.61	3007.73	3959.72	3628.16								
KATNB1	5	5	1356.66	1514.2	1123.26	1582.84	1749.47	1396.69	1775.39	1708.17	1178.77	869.854	1322.44	1315.3	1258.78	1059.31	947.189	1083.39
KBTBD2	3	3	2165.92	1909.77		2482.4	3255.32	1996.76	2350.41	2046.41	5109.15	5196.2			5137.62	3736.62	3389.04	3647.15
KBTBD4	2	2	991.913	1030.84	1153.21	874.76	1117.12	825.005	1049.12	1155.28	749.26	417.864	477.281		468.84	752.928	479.138	369.63
KBTBD8	1	1															1292.84	
KCMF1	4	4	5926.67	5212.34	6157.65	5982.75	5639.09	4923.07	5618.82	5136.41	4231.25	5638.22	3097.03	4916.02	3955.41	4389.81	3215.42	4448.84
KCNAB2	5	5	1534.54	1264.24	1851.92	2269.76	3283.06	3173.91	1865.26	3130.09	16645.9	21010.4	19435	22806.3	6122.63	10368.6	11584.3	11544.7
KCNJ6	1	1		865.313		1295.02												
KCNMA1	5	5	8844.8	11555.1	10537.9	18869.1					4422.48	3393.39	4596.76	4409.36			2447.53	2802.23
KCNN4	2	2			790.662						1400.32				1516.54	1897.97	2141.58	1434.72
KCNS1	1	1		7032.06			5320.49	4756.79	8156.99	6212.46		3354.18					2337.14	
KCT2	2	2	8108.07	7949.01	7897.36	10422.9	7181.47	8579.38	5805.23	7085.53	4400.21	3768.42	4214.47	4451.95	2194.9	1591.74	1952.38	1909.22
KCTD1	1	1	1899.03	1826.98	1141.71	2004.24												
KCTD10	2	2	837.378	676.578	887.592	1272.44		757.345		569.733	1166.65	280.916	885.237		989.232		510.184	986.54
KCTD12	11	11	12087.9	12830.2	22143.9	8970.85	1680.22	1969.4	1948.12	1424.04	195760	274590	199561	213066	80604.9	117045	112326	94543.8
KCTD15	2	2	1588.37	1014.88	1094.95	1067.14												
KCTD17	2	2	2163.1	2253.45	2754.75	2915.89				1433.14	660.439					527.294	504.601	
KCTD18	2	2	1669.54	2140.61	2406.79	2279.28	1024.87		1545.99	1071.26	1526.8				1417.86	1385.94	1397.3	
KCTD4	3	3	933.943		1000.69	1391.5	2632.04	2987.82	1615.46	1480.37		3660.16						
KCTD5	2	2			2239.68	1302.41						2002.61	4282.72		2521.36	1987.72	1803.1	2312.08
KDELR1	1	1	4942.53	4852.69	6545.96	4633.85	2174.96	2469.04	1376.53	829.776	3437.45	3828.93	3537.89	3119.42	1815.4	3037.94	3507.35	2676.38
KDELR2	2	2	3664.27	3688.42	6883.3	4048.2	1716.3	1369.28	1366.48	1460.87	3447.66	3787.08	4390.75	4590.71	646.951	3326.2	1641.35	1703.24
KDELR3	1	1			5268.13								2984.08			1586.55		
KDM1A	6	6	2091.45	2265.39	2402.27	1815.4	4133.13	3569.77	3655.69	2726.82	2548.96	2256.34	2334.71	3483.41	2393.23	2613.91	2668.2	2387.31
KDM1B	1	1	2522.74	1621.9	1864.63	2006.33	2040.52	2116.72	2139.69	2641.9	1560.48	1193.08	2784.22		1419.13	2281.51	1776.3	2125.69
KDM2A	7	7	2454.73	2548.67	2542.16	3098.91	3359.43	4223.15	3777.41	3982.75	2922.44	2816.62	2711.63	3133.79	3140.41	2967.69	3100.7	2817.63
KDM3A	1	1	1028.38	812.744				1188.14	1159.62	1301.5	1556.51	1204.05		1776.75			559.833	1083.57
KDM3B	19	19	4471.94	3976.43	4500.71	4402.69	8147.78	8500.68	8315.78	7216.44	6721.97	6319.25	6261.74	6500.51	6066.89	4928.99	5246.1	5399.15
KDM4B	2	2	1490.33	1572.35	1647.4	1586.61	1508.07	1280.95	1357.22	1444.29	1514.13	1584.4						
KDM5A	4	4	1179.32	1124.4	1077.95	1275.82	1899.55	1825.7	1734.61	1605.77	1739.9	1594.01	1132.01	1598.38	1366.39	1294.74	1085.84	1282.37
KDM5B	3	3	1766.62	1508.28	1505.22	1498.69				1029.35								
KDM5C	2	2	1522.83	1125.39	1151.12	773.269	1938.82	1510.3	1787.13	1707.72	2932.1	1900.26	1589.61	1432.63	1253.61	721.276	1025.21	
KDSR	6	6	5750.12	5997.74	6241.95	7972.2	4685.99	5505.53	5473.08	5449.13	5210.15	5928.01	5167.25	5221.77	3429.01	4355.38	4496.27	4280.62
KEAP1	4	4	3189.19	2442.77	2651.31	2951.42	3482.97	3082.43	2797.59	3060.59	3501.33	3506.47	3649.08	3695.95	3727.37	2502.38	3358.07	3506.59
KGD4	3	3	2211.01	3420.91	5236.59	4318.81	2283.94	2076.93	1539.64	1575.5	4643.44	6805.16	5186.65	4881.66	5124.65	6476.77	6241.42	5213.75
KHDC4	3	3	1069.6	1284.94	1664.61	1453.02	1761.66	1692.47	1645.49	1609.13		1429.43		2359.46	1783.63	1712.82		
KHDRBS1	8	8	58753.9	57552.1	86436.5	76254.8	46182.7	58985	60135.1	40118.5	71548	68850.4	72618	58113.5	83817.7	63170.8	71453.6	74772.7
KHDRBS3	1	1			716.261	667.315		548.126	936.133	574.222								
KHNYN	7	7	2557.87	2139.22	2237.47	2482.86			1100.71		2701.47	2250.62	2978.29	2681.34	3500.19	3270.54	3223.16	3776.75
KHSRP	18	18	49738.7	54368.4	60037.3	59301.3	62593.1	64986.6	59251.1	56383.2	71730.6	73856.3	69415.8	72222.9	75627.1	71841.9	77104.1	76424.5
KIAA0319L	3	3	1946.17	1998.64	2293.36	2544.41	4069.88	3651.97	3566.4	3400.21	3126.87	2388.26	2268.53	3000.09	2221.86	1496.27	1457.07	1971.5
KIAA0513	2	2	892.224		1086.13	711.987						757.229			1101.57	546.998	755.145	1080.06
KIAA0930	13	13	3141.93	3460.26	3509.17	3943.12			1836.07	1623.56	13380.9	10224.9	12014.4	11492.8	8380.32	6936.13	9418.51	9459.98
KIAA1143	3	3	2519.17	1964.32	2378.14	2570.33	4962.79	5136.37	4314.31	3861.05	3326.49	1679.18	1270.16	1722.28	2007.03	1838.74	2273.8	1443.64
KIAA1191	3	3	2235.82	2127.88	2153.45	2647.06	3742.71	2968.08	3652.04	3267.53	1256.54	1663.41	1722.01	1290.06	1007.26	1872.25	1329.42	1106.37
KIAA1217	21	21	4998.35	3843.56	5105.83	4599.84	8132.35	7828.23	6257.87	6426.17								
KIAA1671	3	3	1508.77	1150.58	1573.07	1345.1	1227.34	948.115	1148.87	1101.71	1127.56	1541.83	1210.89	1917.41				1153.59
KIAA2013	3	3	1727.18	1968.22	2123.85	2730.48	1509.02	1443.43	3558.96	2552.83	2120.41	2286.42	1817.56	2481.34	1554.29	2173.49	1944.37	2386.67
KIDINS220	16	16	4208.63	3971.87	4498.09	4737.93	5437.11	3706.89	3534.53	3710.75	4009.65	3978.28	3783.11	3995.95	3507.57	2992.54	3243.7	3800.68
KIF11	20	20	2196.62	2289.57		3508.44	8153.57	8850.31	7591	8445.89	3195.19	4089.63	2823.52	3540.61				
KIF13A	10	10	3492.51	3010.2	3596.77	3545.72	6003.87	5442.49	5616.19	5772.51	2957.76	2493.08	2483.22	2468.42	2667.12	2069.13	2025.33	2234
KIF13B	23	23	3435.65	3148.59	2806.4	2578.94	17816.4	14048.6	13885.2	14177	9416.29	11168.5	9288.48	10346.9	10320	9084.68	9205.09	9326.04
KIF14	7	7	962.445	702.614	635.678	793.669	1902.44	1545.77	991.805	1763.41	726.7			732.127				
KIF15	8	8	2653.52	1841.05	1943.26	2593.05	4906.4	3758.46	3675.74	3514.24	2671.91	2122.22	2759.27	2732.52	2945.68	1162.13	1070.22	2118.3
KIF16B	3	3	352.365	421.452		258.023			992.165	581.694	440.765	507.559	398.376	765.223			492.125	471.165
KIF18B	2	2	700.747			627.521	724.044	1213.78	779.685	1856.11		1021.81	274.855					
KIF1B	12	12	5288.14	3895.74	4416.08	3951.36	4550.63	4250.86	4806.27	4748.4	8507.37	8152.36	8235.57	8341.1	5568.07	5447.47	5487.87	5568.46
KIF1C	5	5	2632.14	2641.07	2969.07	2805.95		1280.09	1458.3	1378.02	1618.15	1334.36	1668.79	1478.33	1849.11	1590.75	1368.59	640.454
KIF20A	4	4	1457.46			2157.11	4879.88	2848.99	1849.19	3692.59	1646.39	1475.66	548.572	1918.49				
KIF20B	8	8				1177.11	1797.71	1755.33	1475.75	1770.58		1914.41						
KIF21A	8	8	2664.83	1934.7	2754.07	4831.79	4029	4014.26	3179.11	3442.25								
KIF21B	1	1									863.33	714.827		1574.06	1042.22	876.257	647.244	891.852
KIF22	6	6	1987.34			1856.72	3843.75	4152.26	4152.52	4912.86	2008.99	2733.42	1786.76	3892.09				
KIF23	9	9	1013.3	777.261		1186.8	2665.38	2687.58	2410.07	2789.04	1132.03	1105.09	881.074	1221.73				
KIF2A	17	17	19473.3	17483.5	17881	19585.9	20150.3	20189.1	19771.2	16227	22627.1	20260.1	18546.6	20588	20929.3	18212.9	20139.4	20153.9
KIF2C	9	9	1659.85		3481.79	2247.82	5736.99	5268.11	4526.52	5441.1	3214.98	3708.87	3214.66	2722.49				
KIF3A	6	6	5194.6	4337.16	4708.25	4562.59	5879.76	3475.13	3620.21	4091		2658.14				1541.02	1617.46	2659.03
KIF3B	2	2	1664.17	1332.56	2496.43	1719.5		684.488	789.374			352.293				206.541		
KIF4A	9	9	2984.12		6458.32	3130.55	7166.74	6630.87	6264.5	7129.64	3386.37	3104.09		2550.18				
KIF5B	32	32	58512.4	55425.6	63190.1	59395.1	37838	38079.9	34097.9	32658.5	41073.7	39416.5	39389.8	40601.9	32889.9	30791.2	35877	36729.3
KIF5C	1	1	571.719	289.344	349.518	302.187	394.446	387.11	450.97									
KIF7	4	4	3107.79	3299.71	2549.42	3227.78	1222.63	1595.33		1017.48								
KIFAP3	5	5	3617.63	3645.43	3087.53	3624.75	2945.26	2995.25	2815.2	2191.7		926.935	899.825		834.181	1129.91	709.753	1494.58
KIFBP	12	12	8410.54	9425.68	9131.31	11240.1	11225.9	10428.3	8409.81	9406.15	6676.88	6594.93	6573.68	6810.78	5576.24	4941.72	5848.28	5462.83
KIFC1	12	12	2051.03			2953.41	6729.53	5928.94	5872.66	6693.73	2373.01	3158.04	2271.62	4911.6				
KIFC3	2	2	717.547		1326.29	967.522				1043	939.194	912.252			2121.06	706.226	802.087	1567.11
KIN	4	4	1555.42	1215.32	1079.26		2599.07	1643.8	2757.78	1070.39	1790.99	1637.9	1108.61	1313.18	1833.59	1507.73	1410.49	1403.05
KIRREL1	5	5	3503.87	2563.81	2761.12	2878.53	2421.33	2736.03	1972.77	2640.06	680.179		699.943	1022.59				
KLC1	16	16	37252.6	38842.2	43319.9	44273.9	20607.4	19884.4	18269.1	17941.6	32521.4	33959.3	31942.2	31161.6	21230.8	21545.4	26657	25172.6
KLC2	11	11	4095.95	3516.16	4338.34	4000.13	4698.26	3802.76	3456.22	3184.55	710.027	799.51	1047.02	1015.56	1099.63	642.584	1100.16	1178.35
KLC4	13	13	6682.11	6917.42	7232.86	6823.08	6673.23	6347.94	5042.58	5449.65	6466.79	4836.24	6298.71	6126.43	6255.82	4854.83	5216.69	6206.3
KLF13	2	2	1197.52	879.482	1161.23	969.535	863.321	1100.07	727.265	715.792	775.488	657.999	608.644	920.978	837.77	657.318	787.201	895.167
KLHDC2	1	1	1405.74	1495.31	1706.26	1853.02						1601.58				1475.52	1338.99	729.257
KLHDC4	6	6	1626.77	1429.22	1657.2	1714.75	1446.05	1847.42	1492.83	1438	1469.8	1698.02	1677.43	1570.45	1532.63	1293.01	1286.08	1765.47
KLHL18	1	1				892.069						2337.21				1771.58	1100.5	2133.13
KLHL20	1	1	1247.02	1157.67	1026.4	908.854		808.879		976.665							690.393	812.242
KLHL21	1	1	453.595	362.059	595.684				174.312	249.182					316.251			
KLHL22	2	2	1233.75	1288.54	1196.8	1243.72	1101.44	1029.67	958.42	387.88	910.299	575.047	894.196	1833.8		667.552	631.246	653.627
KLHL26	2	2		627.356	686.171										944.696	664.504	1173.09	965.808
KLHL42	3	3	4197.8	3986.1	4796.81	4912.85	3124.43	2098.09	1898.16	1653.35				1020.81				1164.92
KLHL5	1	1	1059.49	987.112	791.538	958.045	1154.04	936.23	1204.42	960.787	775.844	401.773	720.761	762.961		714.742	524.286	576.123
KLHL6	4	4									3890.99	3172.52			3973.23	4322.52	4405.32	5369.54
KLHL9	1	1	874.258	938.681	979.21	1107.4						792.263	708.944			699.284	874.766	750.246
KLK1	1	1	6386.9															
KLK10	2	2	1268.42		2839.44			1150.67			2454.97	2169.11	3340.03	2814.05	7777.83	3231.91	2326.97	2701.43
KLK6	1	1	2222.18		586.129										2621.69			
KMO	6	6									2107.1	1325.89	1696.55	1850.38	2535.24	2304.79	2626.26	2807.4
KMT2A	14	14	2209.2	1736.26	2026.13	1640.95	3809.31	2871.08	4163.95	2950.49	995.732	2141.55	4364.24	1057.08	1069.92	1081.32	1287.49	3151.38
KMT2D	3	3	2041.62	2245.02	3944.35	2286.05		1755.2	2049.07	3314.46	1767.6	2224.01	2837.72	1891.6	2174.61	1458.27	1469.4	2525.02
KNG1	2	2	3423.29	2527.91							5086.36	5125.95	4203.69	4853.16		3881.06		
KNL1	1	1					904.708	956.775		1182.51								
KNOP1	5	5	3783.03	2739.66	2299.79	3347.39	2346.3	2577.82	1943.74	1980.38	1067.72	2571.92	2134.8	1856.7	2228.71	1671.48	1362.67	1523.4
KNSTRN	3	3	2217.61			1771.85	3655.8	3142.45	2271.14	3347.7								
KNTC1	21	21	3138.01	2887.84	3742.03	4137.06	7718.63	8440.12	6812.1	6084.72	2927.5	3160.2	3255.89	2576.78	1999.34	2626.99	2549.12	2908.8
KPLCE	2	2	73096.2	50216.9	110899	19732.6	147795	27103.1	91301.9	79296.3	96103	108142	143049	12872.2	146349	25595.3	33245.3	59988.3
KPNA1	6	6	8042.42	6998.95	5033.87	6441.38	5474.75	4926.15	5085.67	4903.77	5565.01	3610.16	5288.14	6321.24	4318.66	3532.15	4329.41	5020.02
KPNA2	12	12	27332.9	17795.5	19726.4	35560.2	39218.9	31268.8	27170.8	33987.8	20115.8	19774.4	15687.8	21755	9179.93	8367.39	9489.85	9871.67
KPNA3	7	7	15281.3	21019.5	24579.3	25270.9	13475.1	13455.2	11835.3	9983.03	12419.4	13683	16117.8	12393.2	10446.4	11585.1	13810.7	10652.8
KPNA4	5	5	9638.66	10736	9272.3	12013.6	11600.4	7562.3	8860.82	7937.85	7934.55	11434	9384.32	11113	6469.62	9811.56	11933.5	9653.29
KPNA5	1	1	665.886	489.103	430.483	435.436	594.718	715.663		903.328								
KPNA6	5	5	16423.5	19421.9	17875.6	18632.3	11300.2	7974.61	10987.8	10870.7	8527.57	8419.78	8745.06	9472.89	9666.05	7303.29	7678.03	9085.53
KPNB1	14	14	85002	100334	107786	102469	78707.8	80162.5	64879.4	67399.8	87469.2	116468	88457.6	98969.4	72166.3	101079	116074	92241.8
KPRP	3	3	12922.8	8240.79	26055.5	7015.33	14563.5	6864.21	16745.1	9894.57	31493.2	46766.6	23070	6621.56	23670.5	9980.99	8622.95	12177.3
KPTN	3	3	1894.26	1858.87	2352.82	2417.06					1445.86	1583.36	1499.31	1476.65	1732.87	1728.13	1378.38	1708.09
KRAS	1	1				626.794					2407.8	3433.77	1788.41	1884.88	1287.09		2198.91	1761.37
KRI1	4	4	2165.73	1640.51	2179.66	2129.75	3241.19	3533.39	2854.77	2862.76	1907.01	1153.06		1818.62	2571.16	1910.35	1824.45	1707.6
KRIT1	1	1	1247.01	880.732	1154.27	997.228		485.307	763.017		1808.98	1632.67	1326.56	1580.87	762.068	905.814	876.326	977.861
KRR1	4	4	3880.22	3874.45	5956.53	5051.61	6282.07	6324.17	6869.39	4144.76	6190.2	7100.09	5838.84	5579.18	6098.33	6870.24	7567.4	8244.95
KRT13	12	12	25728.4	17776.8	373538	9962.03	10337.2	6033.13	7872.75	8104.4	33734.9	15664.3	182435	71152.2	10361.7	12793.7	10518.3	20535.7
KRT14	9	9	180667	176209	300031	75520.9	239383	90629	225951	128873	531372	614923	999932	796655	596080	334220	310189	495165
KRT15	1	1	5689.4	4171.92	3792.71			3077.55	7842.56				10602.7	11825.9	17502			9591.98
KRT16	20	20	197286	176848	470431	29279	248994	147102	192022	112799	568340	373406	1.44421e+06	1.11707e+06	271252	350320	360732	561047
KRT17	15	15	145174	91991.5	188844	10904.6	226746	53841.4	172056	120171	217090	186233	689952	582754	193739	156847	92434.5	335903
KRT18	25	25	141232	148449	208759	194198	15985.6	18751.8	16490.6	16021.2		1325.2	63038.2	2984.75	3735.33	4301.1	2625.39	3530.53
KRT19	13	13	8145.27	8609.35	9943.12	1501.37	1156.87	1513.53	1574.39	1984.96	9091.75	9523.93	76222.2	13087.7	11833.9	11295.1	10077.4	7295.62
KRT23	12	12	11708.1	8816.33	14958.5	5817.48	26054.9	6749.16	16178.8	12382.4	15726.3	15845.6	30001.8	24121.7	36636.6	9423.5	9173.49	21791.4
KRT24	4	4	23469.7	8147.91	11000.8	6704.64	55454.8	7569.19	15240.1	12213.8	26783.4	11873	29824.2	55848.1	60144.5	7491.77	10150.3	39630.9
KRT25	2	2	29023	27335.3	17908.2	4842.62	81078.7	33924.6	64371.2	43664.5	138804	57885.7	98443.1	118498	89485.8	25480	74295.3	91462.2
KRT28	1	1	30213.7	16345.6	25550.3	3539.01	75451.6	10254.8	30890.7	19196.2	30549	14016	35754.3	42442.5	79882.9	14917.5	12165.2	34416.5
KRT3	9	9	3056.38	3600.96	109907		5950.82		9156.55	6347.55	8474.28	1636.73	14483.4	6427.67	3381.99		815.452	3602.24
KRT4	22	22	20793.2	25023.1	359974	9020.82	18859.3	15287.7	14224.2	15420.8	34717.6	26829.8	219108	130379	16475.9	18425	14492.7	31845.8
KRT5	19	19	302320	246886	361972	137602	400920	194589	378944	199145	570795	527616	808690	876482	667507	353070	272272	549903
KRT6A	2	2	52254.7	78758.5	191924	10511.9	107576	53149.4	109277	81285.5	211326	143063	440152	349324	117987	127188	103206	187406
KRT6B	4	4	52709.9	60180.2	156324	10450.2	63087.6	36407.2	51008.8	35329.3	150747	106860	356857	349771	91388.3	99517.8	70496.9	139232
KRT7	2	2	2724.07	5555.54	17511.5	1042.57	2329.68	2631.77	3932.82	3692.86	5529.31	9021.44	28271	16488.8	3060.97	5852.02	6634.94	5966.16
KRT71	1	1	2576.11	1880.51	2290.41		3764.02			1989.38	3574.96		5901.24	3739.55	6944.11			
KRT73	2	2	1461.02	1247.52	105965			1684.7	1811.47		6453.49	5553.62	7289.96	6771.31	9046.57	2570.32	3421.8	9449.06
KRT74	1	1			3531.6		2507.47				2540.61	2840.95	3238.48	2907.12	3346.14		2474.24	2090.51
KRT76	11	11	5752.24	3243.28	8826.08	5730.69	10664.7	4888.97		6574.28	17005	2813.4	49297.1	14678.4	8789.25	3748.42		17186.2
KRT77	12	12	21600.8	20821.9	14877.3	22271.6	50503.7	8887.62	25131.6	15506.4	20780	14715.1	33505.7	28046.9	29001.9	28478.5	7796.54	36504.9
KRT78	24	24	53628.9	38396.5	63923.8	28349.9	106276	36220.5	80259.7	56831.7	89325.2	92116.3	157238	114323	130783	33246.5	37437.8	91723
KRT79	4	4		472.967	2747.23	989.805	3925.13		928.46	307.675	5012.4	1738.82		4078.27	4202			4128.38
KRT8	16	16	227724	217459	296308	271116	16682.5	16852.5	15021.7	17803.9	6845.86	4150.65	159249	7593.67	4936.08	4572.22	4485.21	4804.59
KRT80	20	20	31559.1	16605.6	29906.9	13252.8	67629.1	25699.2	49770.5	32073.7	38240.4	37886.9	78442.5	63196.6	78762.9	14938.8	16754.4	57040.4
KRTCAP2	1	1	2706.72	4438.9	8593.72	5365.64	663.302	405.119	689.876	591.54	6773.94	9991.63	9202.67	7033.83	4073	8050.91	9828.04	6437.72
KSR1	8	8	12192.8	12818	11835.6	13911.1	3405.97	2726.33		3324.29	3846.67	3149.17	3995.86	4572.86	5401.65	5671.22	4711.6	4478.39
KTI12	6	6		1630.44	2368.07	2406.31	2382.19	2347.14	2541.75	2235.3	3075.66	3798.22	3036.93	2303.19	2479.26	2706.75	2860.87	3372.58
KTN1	51	51	17141.9	16281.4	19914.8	19597	15248.6	15750.3	14312.6	14095.5	12588.1	11819.2	11270	11919.5	12155.4	10740	12116.9	12448.2
KXD1	3	3	2517.38	3062.92	2323.61	2387.13	1308.44	1639.73	1722.01	1236.25	3950.2	4075.54	2908.89	4257.3	3090.11	2727.21	3450.62	3605.25
KYAT1	4	4	2894.76	2526.06	3309.98	3106.49	5589.92	5278.17	3833.03	7387.89	3968.21	3330.93	2933.83	3478.57	4837.96	3664.5	3560.36	3525.51
KYAT3	6	6	8847.97	8914.62	10138.3	9879.47	10284	10214.5	9971.81	8194.89	13229.8	12483.9	14031.3	15142.1	13420.1	13472.2	14507.7	15139.4
KYNU	15	15									14092.5	17959	15585.3	12391	17123.7	23133	27120.8	19424.1
Keratin,	205	205	1.25297e+06	964688	1.77296e+06	737085	2.24015e+06	893913	1.63464e+06	1.14894e+06	2.20054e+06	2.79115e+06	2.8573e+06	2.92842e+06	2.49749e+06	992277	1.07334e+06	2.59713e+06
L1CAM	13	13	11462.2	11337.7	12052.1	13107.4												
L1RE1	5	5	2082.9	2172.35	3037.07	2099.85												
L2HGDH	10	10	2741.05	2828.66	3900.96	3035.42	4836.56	4006.76	3354.48	2913.58	7074.26	7024.98	6126.25	6741.12	6268.95	5517.15	6562.37	5617.29
L3HYPDH	5	5	24974.6	23775.5	21953.4	26305.9	6111.09	5725.84	4378.28	3384.19	9127.9	10482.8	8131.17	8560.54	10079.7	7897.19	9542.06	10760.6
L3MBTL3	3	3	1935.24	1959.16	1967.29	2465.24	3839.29	3077.3	3554.16	2453.41					1078.74	771.617	1037.22	
LACC1	7	7	2217.56	1695.14	2524.7	1395.72				2995.49	9331.04	9822.78	7611.59	9756.94	4006.92	4631.53	4807.74	5082.81
LACRT	2	2	22930.8	17528.5	14881.2	8065.63	18223	13298.9	18596.5	13325.2	24634.6	15288.4	21870.5	31626.3	37918.3	34104	21925	28239
LACTB	17	17	5777.69	4758.44	4747.49	4950.92	6772.08	4650.82	4917.16	4339.46	22736.8	18615.4	20543.9	19487.6	40237.5	33194.2	42770.2	37772.2
LACTB2	6	6	10448.7	8150.72	11331	8326.75	12254.6	8712.86	12252.3	9379.52	30027.6	29622.7	20643.9	31357.9	24741.1	21200.3	26226.8	28663.7
LAGE3	2	2	2757.96	2279.56	2012.54	2090.9	976.183	1042.23	1391.6	981.541	3064.48	3734.06	2171.49	3394.1	3394.9	4128.32	3388.01	3422.81
LAIR1	5	5									10711	3550.86	6394.6	10002.5	10126.1	5315.01	7303.36	9070.65
LAMA4	7	7	2004.11	1393.8	1684.73	1534.82												
LAMA5	12	12	9109.28	8643.13	9991.22	9185.27	4216.99	3284.35	3417.97	5353.12			2549.74	3614.82	3279.5			
LAMB1	29	29	51697.4	49387.1	57740.7	67103.1	2671.24	2582.48	2836.77	2244.91			4010.7					
LAMB2	25	25	13122.1	14149.5	14779.3	18466.5	10905.8	10381.9	9320.45	9348.51		13864.4	4264.69					
LAMC1	26	26	42244.7	41211.2	44325.2	51924.6	2594.1	2469.3	2411.15	2778.17		613.423	3110.06					
LAMC2	14	14	7567.77	7129.75	7490.68	8781.83												
LAMP1	9	9	32489.1	35095.4	26938.1	43683.7	21591.2	17678.9	24353.4	19870.1	57349.1	55749.7	49997	73005.7	47412	16426.1	16008.4	22772.4
LAMP2	6	6	13283.5	12205.9	11667.3	11664.7	13070.5	8514.92	9787.93	8369.62	35065.8	25845.8	29027.8	43109.6	30090.5	12283.9	10997.6	14895.6
LAMTOR1	6	6	28339.8	27180.7	27984.2	31930.5	23161.4	18466.7	21076	20196.2	83700.8	101427	91651.9	86940.4	46214.4	47003.2	48154.8	45817.6
LAMTOR2	2	2	3689.24	4060.4	5660.03	4658.62	3668.47	3684.58	3493.48	3513.73	20598.3	18051.7	20446.8	20976.9	9105.6	11534.4	10053	11027.2
LAMTOR3	4	4	10792.4	9509.14	8145.73	10032.2	5495.73	6834.55	5361.35	3199.72	52475.3	38689.9	58753.6	55250.8	27707	23461.6	40328.2	33806.1
LAMTOR4	2	2	1888.18	3184.91	4824.58	3576.59		1407.47	1427.83		9562.48	16229.2	11759.7	13352	4862.02	7043.52	5963.37	6382.65
LAMTOR5	2	2									603.317	702.426	667.955	651.14	582.247	523.677	346.243	451.563
LANCL1	6	6	15770.6	19008.1	21880.5	18219.9	11876.9	12966.1	9085.64	10813.9	7380.44	8517.04	11894.4	8038.62	8711.88	7235.19	6477.38	9336.6
LANCL2	3	3	1740.07	1974.51	1883.54	2029.57					2738.25	3317.08	2183.4		2687.08	2002.12	2701.72	2839.72
LAP3	20	20	65265.4	62581.2	77579.3	77054.7	83166.8	74587.9	73443	68380.9	474952	564194	419551	504666	351468	346872	428627	409491
LAPTM5	1	1									35254.1	19441.2	33781.8	22335.6	14292.7	12701.3	17316.5	20656.9
LARP1	23	23	17395.4	16971.1	17107.2	20129.1	15337.9	14579.3	14411.2	13697.2	16654.7	19320.5	14186.7	17867	14471.7	16147.1	16914.8	15523.9
LARP4	10	10	4664.98	4775.43	5080.24	5762.1	5482.49	4550.23	4431.43	4666.36	6132.62	5144.44	4455.15	4525.33	3578.58	2890.65	3794.26	3930.87
LARP4B	19	19	5668.27	5530.01	5414.36	5958.62	13208.1	12642.1	11109.5	11304	8885.89	7931.26	6128.54	8152.06	8197.49	7068.23	7886.19	7623.68
LARP6	8	8	11791.5	11645	11771.1	12505.5	5598.2	5448.68	5981.42	5182.3								
LARP7	11	11	5625.56	5002.7	6596.62	5033.89	5202.79	5629.4	5519.33	5497.03	5030.51	4915.62	4337.82	4921.53	5374.86	4930.25	5419.16	5305.81
LARS1	26	26	50851.4	47476.3	50839.3	49285.7	41515.1	38072.8	39667.5	35901.7	23871.6	23777.5	22059.4	25700	37668.1	36049.9	38011.5	43119.8
LARS2	15	15	7585.35	6843.2	8387.43	7411.1	9117.76	8682.07	8262.5	8504.82	13379.7	11902.4	11951.6	13121.7	12107.8	10280.3	10275.8	11254
LAS1L	9	9	10732.5	9550.37	10426.6	10290.1	8615.26	9887.82	9532.96	7189.38	8297.13	7498.42	8500.74	8941.21	10210.5	7494.13	8638.33	8689.83
LASP1	10	10	244180	286571	221395	283523	62703.8	62480.7	53408.5	54389.8	200026	211167	131293	153214	193486	199512	286521	189729
LAT2	3	3									3254.06	4382.57	2766.34	3739.24	2072.24	2493.74	3348.57	2698.16
LATS1	1	1					3317.53		3668.52									
LBR	12	12	29497.7	26906.1	26388.7	28192.7	77540.9	71149.6	59757	59687.8	72091.6	71146.3	54114.6	73907.1	71150.1	54675.5	64670.8	67781.4
LCA5	2	2					1005.06	1393.83	811.949	1094.31								
LCLAT1	2	2	8114.84	7250.16	9469.49	10188.3	4571.62	5857.05	5330.44	4501.04	9109.83	7174.71	7125.54	7786.96	6210.08	4112.17	6778.49	6935.33
LCMT1	2	2	1276.3	1124.99	1665.34	1873.49		808.439	1066.49	2096.28	1769.36	1326.22	1391.12	2494.68	1180.29	1336	1065.76	1437.61
LCMT2	1	1	1519.62	2121.39	1625.31	1502.1		818.893	850.738	1117.66		539.249	890.308		687.2	879.915	563.048	800.621
LCN1	1	1	22868.4	11777.7	13547	6818.07	10934.3	10515.1	15437.9	11848.9	18399.1	18021.2	16896.8	17436.2	21213.9	41595	31774.1	17608.9
LCN15	3	3	127369	3037.02	2995.27	1544.96		1233.31	1049.43	1338.01	2068.27	2447.49	3319.02	3097.44	2980.83	3623.4	2699.15	2362.75
LCN2	4	4	2887.45	2316.34	2714.68				1268.03			2234.66		2498	2266.88	1936.65	1334.13	
LCP1	24	24	3618.6	3521.15	4028.55	1941.38	3733.29	2697.29	3489.35	2976.98	377273	424602	391090	363381	405565	461360	590319	465282
LCP2	16	16									19199.5	20085.1	16703.9	18287.1	20786	23005.7	23249.2	24764.2
LDAF1	1	1	5159.74	6142.6	5513.91	7675.08	1217.22	1920.94	1905.32	1829.6	1879.17	3110.96	3082.37	3178.76		1916.4	1681.9	1895.44
LDAH	6	6	13168.5	10648.2	15627.2	12350.1	10289.9	7652.21	7448.53	9341.92	14185.5	14616.6	14538.7	18444.2	13840	10271.9	12629.7	12401.8
LDB3	1	1	2236.7	2643.04	1888.99	2657.36												
LDHA	18	18	835114	798871	775706	982091	672485	674322	692289	656240	472070	430547	456896	564113	476119	535816	611470	607279
LDHAL6B	2	2	15244.8		9415.48		6445.23	5869.98	5309.54	6245.82	4913.89	7913.8	5970.59	8955.16	2505.08	9569.98	10378.9	11700.8
LDHB	18	18	483860	601587	483581	610064	808081	684618	756194	697895	642252	746205	640938	747548	553213	706258	785963	687891
LDLR	9	9	2848.31	2351.06	2898.5	2507.72	6386.64	6656.47	5709.49	3480.05	1304.58	1291.11	1281.37	1447.17				
LDLRAP1	4	4	3269.08	2513.6	2548.3	3690.73	1808.62	2009.47	1759.31	1563.36	1405.26	1241.37	1431.71	856.683	1623.91	1263.19	1257.83	1611.84
LEMD2	8	8	14980.2	14775	16346.2	14756.8	15593.6	13941.1	14944.3	13104.5	9506.69	8535.2	9307.94	9186.07	8436.04	6773.51	8814.93	8338.4
LEMD3	6	6	7345.86	6972.61	6614.03	7571.72	7778.72	7762.47	6430.96	7217.7	4997.41	4752.11	5154.23	5087.68	6103.18	4553.42	4835.72	5915.74
LENG1	1	1	2838.91	1723.84		2009.58	1813.09	1371.65	1690.8	1417.93								
LENG8	3	3		809.933	709.996	902.671	2034.36	1316.25	1711.84	1892.03	1057.39	1756.32	1752.11	1581.56	1410.87	1544.69	1429.84	1715.92
LENG9	2	2	1833.61	2787.07	3030.77	3735.83												2822.72
LEO1	4	4	2275.63	3418.67	2760.64	2835.95	2860.85	3752.69	3816.82	3013.22	2573.53	3097.38	3064.2	2327.21	2443.58	2574.95	2900.42	2513.76
LETM1	23	23	21881.6	22708.4	26083.7	25591.1	19835	18471.5	19403.2	18651.1	21609.5	20775.5	20300.2	22235.1	28648.8	23916.8	28151	28742.6
LETMD1	3	3	2875.72		1240.88	1800.52	1748.26	1447.27	1721.1	1678.96	2920.64	2269.77	3059.37	3144.9	3290.39	2593.81	3296.07	3282.96
LGALS1	7	7	1.1678e+06	1.20127e+06	2.17739e+06	1.46098e+06	359211	499961	360257	319214	815971	865937	1.10585e+06	839868	545252	597492	625946	631555
LGALS3	9	9	80455.7	114420	155816	139322	64795.8	113201	78370	62088.6	529358	474086	488319	413739	147128	94492.9	118677	139137
LGALS3BP	8	8	58939.6	9622.24	8969.68	9041.87	16200.8	18864.1	11404.8	13644.6	12439.7	14354.8	15098.5	16371.3	5935.51	6352.13	6256.03	6390.62
LGALS7	9	9	57745.9	31336.8	128354	13042.3	49494.7	25235.7	57759.7	26202.9	63703.1	74586.9	284002	153950	1.36539e+06	43297.8	30405.2	75187.9
LGALS8	6	6	3234.05	4335.5	5787.2	3718.59	3756.31	2209.18	4416.43	4818.58	9497.55	13651.9	9430.98	9932.63	5457.86	6500.74	5546.96	5915.41
LGALS9	4	4						815.722			38035.2	47676.7	46865.9	31916	46116.9	63027.8	66521.8	44064
LGALSL	3	3	3545.88	1974.21	3459.66	2575.44	2235.25	1095.73	1590.01	1286.25	2137.73	1528.98	4362.31	2695.33	20054.9	1740.67	1383.85	2488.06
LGMN	7	7	4980.19	5026.81	6635.66	4887.81					22071.3	27230.1	27474	25865.3	8326.99	6885.42	4918.03	10731.7
LGR4	1	1	1304.05	1615.3		1030.56		1721.76										
LHPP	4	4	2963.45	2865.68	3177.35	3208.68	3144.72	2725.82	3200.39	2980.53	2420.96	2870.95	2459.11	3065.98	3705.34	2311.81	1981.33	2830.91
LIG1	8	8	2709.03	1737.95	2535.93	2404.99	3526.72	2508.51	3201.14	3569.18	3889.81	4441.92	3277.8	3724.25	1728.31	1706.28	1906.47	2202.29
LIG3	14	14	6001.91	5380.24	6004.59	5794.29	5078.76	4969.79	5050.85	4313.25	3639.73	3544.48	3467.46	3343.65	3652.45	3544	3300	3450.96
LIG4	8	8	5046.53	3062.21	3729.96	2856.46	3929.87	3931.49	4730.21	3937.88	4510.69	3882.41	4145.22	4514.99	5558.21	4026.78	4733.26	5155.74
LILRB2	2	2									7744.94	11965.6	8693.98	4968.26		903.279	725.549	
LILRB3	1	1									2708.86	1653.51	1921.69	3086.73	2067.59	1329.91	1567.85	2093.98
LILRB4	2	2									1867.77	937.84	728.455	867.326	803.164	1128.82	1253.5	999.696
LILRB5	7	7									13553.1	12569	10779.7	10802.7				
LIMA1	24	24	18442.3	20521	21081	24583.4	14169.7	14350.3	12920.9	14452.8	6937.66	7642.53	8456.01	6857.48	6442.23	6034.85	7880.28	6554.43
LIMCH1	13	13		2893.51			6733.43	6030.61	6954.55	5768.27	6730.89	4411.33	8022.07	4613.5				
LIMD1	7	7	5318.83	6189.89	5597.93	7466.58	5177.51	4933.88	5597.83	5216.67	4827.11	7064.65	5072.26	6481.65	3708.74	2896.72	3334.8	3329.81
LIMD2	2	2										1097.35			2580.39	4681.54	4522.86	3378.8
LIMK1	9	9			1252.14	1699.29	4670.39	3142.76	3761.73	2989.5	4816.68	4784.98	4462.09	4755.71	7464.65	6192.51	7382.21	7775.46
LIMK2	3	3	2112.73	2081.76	2249.15	2660.55		1986.18	3245.12	2127.96	2571.05	2627.19	2396.52	2127.44	2216.06	2352.6	2701.62	2768.19
LIMS1	3	3	36020.3	34777.2	37660	43768.1	18828.7	19139.6	18902.3	19312.4	24394.4	33723.5	18720.7	22533.9	29765.7	29418.5	33119.2	26867.9
LIN28B	5	5							2726.43		4156.9	4460.76	3711.3	4741.79	5092.45	4884.77	5401.32	4733.42
LIN54	4	4	1025.8	870.829	1053.91	1310.16	1764.63	1347.63	1932.98	1583.68	1123.28	1685.57	1230.28	1598.95	1156.87	764.884	1095.24	1055.22
LIN7A	1	1			429.502													
LIN9	1	1	1110.11		776.27		1807.76		1666.62	1211.73	1480.47	690.265	732.93		1045.55		501.763	723.724
LIPA	6	6	15034.4	13151.8	17879.5	17850.6	3022.92	3413.44	2599.65		214443	284397	319146	346993	16750.8	13028.5	18639	19319
LIPF	1	1							4776.27		2151.51		2217.28		2744.98		2740.02	2424.64
LIPG	1	1					2355.4	2287.58	2159.16	2054.4							692.265	
LIPK	1	1									425.473				1209.94			
LIPN	1	1	1401.68		460.85		1139.98		872.664	595.911	672.498		599.567	1361.1	3267.18			
LIX1L	2	2	2230.63	2179.78	1570.24	2074.52												
LLGL1	11	11	6111.69	5325.07	5710	6546.16	4763.32	5132.63	5006.21	4386.14	2140.88	2408.63	2136.42	1929.37	2090.11	2071.09	1564.15	2324.05
LLPH	1	1	2327.75	2579.04	3250.25	2770.35	3429.32	3021.71	3816.4	4237.11	1720.45	2167.07	2034.93	1942.54	1470.6	1602.14	1957.4	1368.33
LMAN1	12	12	38971.4	49588.4	60373.6	56305.2	14015.1	13467	16234.2	14686.2	17436	22569.6	21002.1	20673.6	20042.7	20900.7	23117.7	21107.2
LMAN2	8	8	55600.5	56253.9	50614.5	57030.9	32076.9	31715.9	26092.8	26882.6	41093.3	37714	40169.1	41873	40242.1	35938.5	47615.3	41351.5
LMAN2L	3	3	5790.48	5010.71	7611.39	5412.7	4247.68	3929.82	5631.04	3798.34	4867.13	5346.13	4963.73	4015.61	3089.64	4974.78	3784.87	4580.9
LMBRD1	2	2	1928.05	2535.29	3946.38	2658.12		2261.54		1741.42	13761.1	23420.8	17038.8	14237.1	5932.64	6419.3	7372.89	6465.71
LMBRD2	3	3				1004.87		1188.06				2409.52	2296.86	2615.08	2609.42	1723.27	1725.25	2058.8
LMCD1	6	6	46824.1	60884.5	51903.5	52938.4	24087.5	12092.9	14571.2	15009.2			8001.8					
LMF1	1	1	1319.31	1208.46	1413.5	1207.77					1348.52	1047.35	935.013		695.104		557.597	1251.48
LMF2	5	5	16969.7	14935.2	16404.1	17968	12447.9	12398.5	10304.3	10377.6	11713.5	13212.1	9553.9	12642.8	9679.27	9094.85	9499.83	9085.59
LMNA	58	58	494289	639111	765633	750100	179078	192084	190954	184927	87660.9	112066	94808.4	84282.8	112935	113022	100842	91381.4
LMNB1	33	33	48356.7	45680.5	52747.5	49029.3	76518	84414.6	75465.1	67112.9	80864.9	102079	84817.1	96156.1	80061.2	79384.8	101017	82527.5
LMNB2	33	33	36402.1	36608.1	50723.8	42829	41677.8	43613.8	42016.4	40454.6	29498.3	31759.4	27881.2	30706.2	31671.2	26168.6	28632.1	31658.2
LMO7	30	30	25594.6	22672.1	26392.7	27243.1	13306.7	10583.2	9969.8	10712.9		2119.8			3083.05	3368.09	2363.41	3273.53
LMOD1	10	10	9720.84	10846.6	9144.17	9733.71												
LNPEP	15	15	9100.11	8191.85	8578.28	8286.89	11131.1	9449.3	8043.44	8754.85	12288.1	12441.4	11642.2	11878.9	11237.8	8219.49	11214.9	10694.8
LNPK	10	10	18739.1	17621.5	15635	18424.9	11347.5	10889.4	10387.9	11585.5	18949.7	13126.1	16495.3	18426.7	13509	9496.92	12823.3	13769.7
LNX1	2	2											1301.5		2911.67			
LONP1	25	25	20176.9	23239.2	28807.2	24870	14594.3	13859.3	13806.9	13249.5	37367.4	38534.1	33310.6	34525.5	54905.1	45420.6	54002.9	53844.8
LONP2	5	5	2194.83	1873.36	1695.7	1892.44	2673.68	1917.08	1696.31	1581.08	2457.52	2004.99	2064.12	2400.65	3036.07	1699.97	1864.93	2385.02
LOX	5	5	56439.7	46565.1	40358.2	68265.9							2811.32					
LOXL1	4	4	3836.08	3967.36	4304.54	5072.54												
LOXL2	4	4	5186.75	6140.37	4227.21	6982.06	3360.51	2346.26										
LOXL3	3	3	2586.57	1833.71	1869.09	1854.65					1685.17	1372.48	1553.81	1434.35		1364.01	1371.76	1518.04
LPAR1	3	3	3256.49	5066.2	5913.09	4794.67		671.775					1234.17		1341.57	1493.67	1640.81	1986.3
LPCAT1	11	11	4152.88	3870.34	4325.72	4291.92	2350.49	2275.73	2342.06	2046.99	17998.7	15966.3	12286.3	15076.3	2236.44	3142.18	2852.54	3513.99
LPCAT2	12	12	6951.9	7831.51	6523.08	6665.31	32653.9	31292.1	28383.1	25542.6	29128.2	32517.8	26125.9	29114.1	43840.9	45652.9	60875.4	52625.1
LPCAT3	4	4	4036.29	2829.91	2908.43	2897.74	3029.57	2520.3	2273.75	2825.8	7757.6	7776.16	7228.19	7993.77	5119.66	3749.74	5420.27	5581.48
LPCAT4	5	5	3320.61	3015.84	3406.04	3674.9	4586.65	4082.56	4132.83	3188.76	2393.49	2424.22	2412.76	2085.53	2173.45	2033.8	1582.17	2142.24
LPGAT1	3	3	4444.06	3031.22	3633.06	3648.96	2933.18	2529.58	2830.68	1823.37	3832.25	3082.13	2677.04	2703.95	2831.94	1617.14	2586.57	3004.22
LPIN1	5	5	2004.07	1867.16	2678.69	2767.39	2033.4	2192.03	2777.07	1230.3	1103.08	1631.36	1187.69	545.245	327.859	767.053	798.828	555.451
LPIN2	8	8	3583.27	3364.89	2414.89	3042.79					5119.98	4174.38	4854.34	4590.75	5198.92	3999.66	5207.08	5464.88
LPL	3	3									2911.23	2378.62	2661.72	2086.86	2045.74	1265.94	2073.17	1890.73
LPO	4	4	22322.8	1609.31	2721.77						2287.35	1896.95		4593.72	1775.85	1849.17		4474.82
LPP	10	10	17062.1	19408.2	21246.9	22527	6386.42	6972.67	5115.08	4442.67	6633.66	8317.92	8770.58	6354.89	6666.26	5752.17	7394.73	6684.85
LPXN	3	3									3641.74	3513.88	3066.98	3800.12	11388.4	14775.8	14198	11826.1
LRATD2	6	6					15758.2	21445.4	11279.4	12826.9								
LRBA	23	23	4709.12	4867.24	5214.5	4896.47	8122.09	8082.59	7617.36	7676.36	4667.22	4503.55	4497.69	4576.87	5432.41	4503.46	4635.06	5294.89
LRCH1	4	4	4813.82	4921.45	6001.56	6327.77	4719.11	4418.93	5183.15	5375.62	7760.5	8828.93	8358.9	8390.89	6428.46	6957.28	8152.4	7864.62
LRCH2	6	6	1083.18	954.838	1175.13	1057.08	1775.79	1626.85	1977.39	1760.19								
LRCH3	13	13	4208.12	4556.5	4599.32	4129.67	3704.39	2881.26	2625.31	2708.5	4807.61	4426.93	4399.58	4284.32	4000.76	3724.03	3797.52	4127
LRCH4	11	11	4589.44	4091.41	4374.02	3765.19	3942.12	2764.44	2883.59	2320.86	6529.5	7463.95	6611.99	7429	7049.27	7813.63	7559.31	8820.98
LRG1	2	2	16284	3991.08							4930.22	4824.77	5267.54	4631.69	3951.55		2020.2	
LRIF1	4	4	13363.9	18096.6	11526.8	17707.1	16779.7	15942.2	20998.4	23640.9	3246.77	4233.95	4353.48	6801.14	2612.92	3616.18	2728.92	2697.04
LRMDA	5	5									7451.54	6334.92	6072.17	7827.78	4330.51	4794.31	3847.92	3479.75
LRP1	43	43	29392.1	28991.3	37058.3	35870					15097.4	17323.2	17749.3	15427.5	10456	12914.8	12181.6	11779.2
LRP10	2	2	3677.71	3190.16	2829.84	2939.57	3617.44	2126.46	3087.38	2663.34	3487.16	1981.84	2162	3055.57	2168.02	1222.93	2132.94	1532.77
LRP8	2	2					2744.41	2275.73		1900.59	1247.29							
LRPAP1	18	18	13264.7	16009.5	19069.2	20325.3	6676.55	5433.27	5405.5	5189.13	15953.7	18527.9	18147.3	15057.5	16625.1	16998.5	20259.8	18031.8
LRPPRC	51	51	42734.7	42749.7	44542.4	45010.6	50433.2	45099.6	42660.8	42392.1	57135.7	56561.4	51800.7	53951.3	68781.4	70423.5	82689.5	78348.5
LRRC1	4	4	2065.35	1594.13	2623.32	2043.76	2496.66	1814.44	1169.09	1815.05								
LRRC14	3	3	1992.19	3103.87	3479.87	2150.3	3587.92	2316.6		797.095	3086.88	2394.94	2603.18	2836.74	1987.75	2599.44	3058.1	2217.44
LRRC15	8	8	1055.06	1172.27	33458.3	656.427	1173.66		1728.3	1971.09	1966.95		1185.7	5710.92	1516.06	738.208	568.551	1960.49
LRRC17	1	1	283.431	278.328	304.043	380.356												
LRRC20	2	2	5598.21	5643.17	5316.51	4275.35	5978.92	6786.25	5751.03	5739.98								
LRRC25	6	6									37295	37539.6	33435.4	36148.6	18181	16629.2	21320.3	16093.3
LRRC26	1	1	2232.41															
LRRC32	4	4	1290.05	1372.76	1700.4	1721.98												
LRRC39	1	1									1087.16	1670.47	1423.38	1068.9		600.965	814.856	769.054
LRRC40	20	20	15939.7	14020.9	13972.8	15544.4	10163.6	10662.1	10679.9	8646.32	11408.8	11267.2	10817.7	12174	8458.97	7626.43	7028.58	8529.22
LRRC41	3	3	940.866	734.029	1092.03	718.243	1239.16	1118.08	868.835	1120.89	704.762	791.444	796.763	882.756	474.868	629.529	635.04	516.385
LRRC47	18	18	33591.2	35634.8	35956.4	37754.5	19808.6	23352	21682.4	21497.1	40434.3	45811.3	41478.5	38370.8	36116.6	34516.3	43885.2	39838.2
LRRC57	4	4	14256.6	15496.3	14441.8	16819	5987.77	5650.88	6479.72	6452.91	23025	21070	21339.1	20169	13660.2	11689.8	13748.6	12518.3
LRRC58	3	3									2368.12	2356.86	2225.73					
LRRC59	9	9	190003	208871	193763	225565	130689	110298	115152	89138.8	90325	85623.7	72514.9	84040.1	95402.2	75534.7	86857.3	92526.2
LRRC8A	8	8	2028.42	1673.02	1977.28	2446.11	3538.53	3801.76	3901.91	2785.73	1992.85	2446.54	2462.15	2373.96	2461.53	2141.4	2109.53	2334.7
LRRC8B	1	1															705.973	1228.29
LRRC8C	17	17		929.367	1553.04	1276.22	1351.68	723.74			3387	3903.24	3786.86	3356.41	4060.73	5531.1	5062.99	5264.1
LRRC8D	4	4	839.061	1324.84	1486.26	1485.93	1506.73	721.03		1390.46	1780.79	1659.29	1899.79	2234.43	2006.26	1798.06	1988.58	2177.11
LRRFIP1	22	22	8653.98	7066.11	8635.75	8361.77	8015.4	7967.11	7892.34	7563.43	14045.8	12143.2	12012.1	13718.8	13097.3	11771.9	13739.8	13688
LRRFIP2	12	12	8440.98	5969.24	8248.33	6517.86	9621.09	7534.85	7590.41	7090.42	4760.06	4352.52	5510.93	4550.14	3056.58	3586.55	3348.56	3714.92
LRRK1	4	4		1721.35			3900.89	4186.48	3839.53		3186.67	3660.79	3303.11	2919.07	4069.05	4108.82	3115.53	3441.44
LRRK2	3	3										693.223	1113.21		1035.03	1523.19	1369.43	1162.29
LRSAM1	20	20	8353.69	8266.05	8668.64	8519.37	5829.62	5997.01	6228.75	5263.71	9321.63	9992.39	8119.96	10303.6	6470.46	5452.8	5719.66	6808.14
LRWD1	3	3	2148	1570.3	1976	1894.57	3697.29	3855.81	3666	3022.26	1875.54	1913.2	1584.38	1425.08	1409.61	2229	1922.15	1825.55
LSG1	9	9	7078.54	7139.86	7478.55	8036.07	6253.98	7011	7171.98	7489.39	9035.26	7319.19	6728.86	8061.72	7904	7095.29	7397.75	6801.4
LSM1	4	4	13473.7	13983.2	13122.5	19100	8172.01	12213.2	8370.7	7843.6	11729.6	14391.7	13869.2	14029.3	6814.57	10029.7	11570	8981.39
LSM12	4	4	4609.72	5126.97	7946.78	5375.4	5643.45	4982.66	6434.58	6238.04	6814.63	7162.83	6939.59	5260.67	5647.39	6601.82	7410.46	7359.51
LSM14A	5	5	9168.42	6024.3	5453.68	5665.42	8341.02	7114.47	7130.65	5308.3	7618.79	4611.13	4675.18	6364.97	7273.84	6425.15	8162.22	6007.63
LSM14B	5	5	7204.96	5880.02	6722.02	7327.16	6719.19	6255.52	6357.09	6480.06	5725.97	4411.88	4832.93	4989.53	4388.91	3056.63	4082.23	4888.46
LSM2	5	5	3087.34	4551.16	9783.07	6778.49	3635.07	4600.61	2777.18	3885.55	3621.25	8550.5	9586.97	4713.92	5724.86	5240.35	5756.52	4816.08
LSM3	2	2	14976.3	27852.8	27850.9	42318.4	24810.9	30626.7	41354.5	49686.8	10445.8	31148.3	19333.7	20974.9	11159.6	15105.7	14751.8	14155.2
LSM6	6	6	4242.36	5970.37	8608.9	8110.61	6358.88	8840.5	7380.67	7143.52	9404.03	19580.7	10056	9583.59	8404.42	14548.3	12958.7	8688.92
LSM7	2	2	6524.14	5695.17	7937.03	7517.07	10039.1	10452.5	9147.14	8235.66	7050.06	5775.07	7995.49	8974.49	6146.49	4732.84	44072.5	7554.47
LSM8	5	5	8088.39	7729.73	8653.19	9826.78	7993.36	10932.3	9289.28	9714.16	8900.12	11360.4	10870	10398.7	6428.69	10816.3	6972.87	7746.5
LSP1	11	11									67391.2	68706.5	63128	46012.3	60276.5	71749.9	81778	57706.1
LSS	12	12	13847.4	16465.8	24437.7	19174.2	14135.4	16138.2	13623	11712.9	13526.2	16914.9	12922.8	12299.8	3900.43	5121.96	5377.4	5408.83
LST1	1	1									5475.26	7120.45	6060.37	6246.93	8084.28	9023.07	8016.91	9029.11
LTA4H	21	21	21502.9	23235.3	21132.8	25322.8	17868	13813.9	15997.3	14722.5	25825.9	25724.4	25295.2	26147.4	116967	141584	156590	118213
LTB4R	3	3									3676.97	2917.58	2856.65	3922.43	2164.48	1646.29	1499.24	1727.17
LTBP1	3	3	4064.92	3204.38	4553.98	3847.98												
LTBP2	2	2	1820.04	1380.48	2352.29	2012.08									1297.2	697.237	1075.44	988.86
LTN1	12	12	5474.05	4506.24	4362.82	5258.62	4017.55	3340.51	3164.46	3004.21	2838.55	3073.89	2838.71	3457.74	2952.35	2874.41	2968.57	3221.82
LTV1	5	5	6661.26	5778.38	6064.93	5104.49	7341.03	7781.19	7704.39	6791.32	4697.8	4930.33	5266.35	4705.29	5782.8	4985.38	5794.21	6105.51
LUC7L	4	4	2689.6	2162.72	2666.82	2324.65	1793.14	1998.81	1789	1720.25	1751.13	1772.18	1705.95	1853.36	2241.26	1901.04	1624.63	2155.8
LUC7L2	5	5	13376.5	12564	12105.4	15387	18785.7	21678.6	18148.3	14998.4	13550.5	14528.2	12271.7	15409.6	18199.7	14176.3	14774.2	14704.4
LUC7L3	9	9	11208.8	12242.4	12115.6	12405.3	12359.1	9472.95	11897.6	10929.6	9987.13	12305.4	11068.7	9761.13	9136.55	10201.7	9834.31	9807.32
LUM	6	6	3903.1	3407.59	4123.4	3107.93	1972.88	1670.87	2204.08	2318.42			6075.93					
LURAP1L	1	1	1758.87	1527.16	1437.3	983.414												
LUZP1	36	36	19494.3	19187.6	21920.6	21916.8	18086.9	16253	16153.8	15781.4	9705.5	9310.19	10122.5	9886.04	8155.73	6631.5	7933.18	9296.05
LXN	3	3	7425.28	7214.06	6069.24	5221.22	13640.5	15524.6	15629.1	12965.6	6332.87	5702.9	5198.18	7491.53	7758.09	4943.85	7719.35	6473.42
LY75	4	4					1802.72	1410.47				697.862			2922.57	2100.87	3079.46	2415.49
LYAR	15	15	3730.55	3029.17	2939.44	2725.96	10528	8035.54	7933.27	6716.36	5196.61	3469.97	4269.51	4958.29	9098.36	7986.41	8793.47	9925.85
LYN	10	10	4739.91	5584.7	5962.93	5867.76	5219.5	5243.06	4266.49	5051.2	23638.5	31958.1	23189.6	26843.9	15078.4	16548.5	16535.8	16002.8
LYPLA1	5	5	18777.6	22385	18980.4	22790.6	37059.2	35581.2	33914.7	34365.1	48662.8	44429.8	41213.1	48152.3	48867.7	44927.5	50428.7	54120.8
LYPLA2	1	1	6945.18	8354.08	7082.58	9508.83	6606.33	7775.23	5663.3	8367.91	13583.1	14349	11178.8	13359.6	8489.1	10540.5	12493	10414.9
LYPLAL1	7	7	3885.78	3344.41	4400.17	3913.32	3064.49	3664.14	2147.46	1941.32	6667.84	7409.91	6461.19	5767.28	7532.26	7465.04	7550.12	7963.93
LYRM2	2	2	1027.61	1014.85	2063	1324.46		1881.68	1646.22	1107.98	4838.76	4725.56	3985.83	4716.09	4146.53	4731.37	6571.32	5231.71
LYRM4	5	5	2065.3	1970.5	2287.91	2407.89	2266.51	1598.74	2515.16	2018.52	2082.75	2132.2	2702.15	2586.95	2692.49	2506.63	2215.58	2174.4
LYRM7	2	2	3940.99	4391.16	6886.51	4500.66	2770.12	3562.24	3892.62	2883.63	9862.1	12030.8	9556.58	9291.19	8721.47	10836.7	11886.5	9180.61
LYSMD1	3	3	2516.9	1374.97	1866.43	2755.43				1655.05			1636.92					
LYSMD2	4	4				1379.6	2559.6	2552.65	2093.75	2330.66	4380.53	4485.36	6425.95	5538.38	6637.35	7244.54	6799.23	7797.65
LYSMD3	3	3	1915.99	1546.91	2274.97	1927.45	1468.02	947.112	1096.74	1077.48	1209.93	868.203					712.916	820.282
LYST	8	8	1213.76	1213.51	828.293	678.02	1527.07	1424.83	1535.87	1151.42	1727.5	1774.29	1684.08	2018.65	1447.6	1347.41	1223.36	1444.08
LYVE1	1	1									2104.09	2057.41		2194.46				
LZIC	9	9	17683.6	15985.8	15229.9	16550.4	11890.3	11784.2	11308.9	10506.2	17897.7	17903.6	16812.7	19921.6	13433.1	12156.9	12795.8	12557.4
LZTFL1	8	8	14264.6	11930.3	11713.2	13914.3	14052.1	13201.9	13523.4	12905.1	6620.8	5447.61	5844.69	5759.3	5215.13	4565.21	4518.36	5550.32
LZTR1	5	5	1579.86	1456.49	1388.61	1641.67	1129.69	667.437	1202.28		1640.28	1456.93	1573.61	1428.9	817.031	803.295	945.007	702.897
LZTS1	1	1	1694.19	1425.71	1806.57	1720.97												
LZTS2	2	2	1270.46	902.397	1349.4	991.054	1885.45	1355.04	1389.65	1773.12	1238.51	1053.38	1393.81	1356.29	745.587			988.221
Lactotransferrin	18	18	360676	156915	140005	34503	39530.4	42121	39861.6	41765.7	154283	153910	200494	209241	126996	210387	158772	114305
Lysozyme	4	4	112799	26730.1	64211.9	20785.3	10609.1	15574.4	20947.5	13356.5	59180.8	125758	113237	72065.4	60127.8	211757	128138	70971.4
M6PR	4	4	4663.89	4079.91	3478.79	5648.33	5784.8	5227.94	5058.89	2904.95	26366.4	22391.3	20998.3	26789.8	10120.7	9549.97	13378.2	11938
MAB21L4	2	2	826.346		847.655								930.928	814.026	2465.73	438.412		
MACF1	192	192	16530.8	16074.8	17352.1	18613.7	14748.4	14522.7	13062.8	12737.2	11583.8	11582.3	11991.9	12423.7	12530.7	11607.3	12595.7	13212.5
MACO1	7	7	2641.69	2207.66	2801.37	2600.48	1728.4	1311.06	1859.14	1311.61	2071.52	1723.64	2209.17	2092.11	1673.75	1192.83	1322.94	1943.74
MACROH2A1	11	11	166151	175594	173170	170374	243383	238856	254783	243086	287642	327447	276256	331679	297935	350294	343978	290168
MACROH2A2	12	12	27343	34686.2	33260.3	48803.2		20879.7	4933.01	12867.2	8070.06	8432.04	8093.34		6866.69		7133.99	7711.27
MAD1L1	17	17	6419.94	5848.32	5722.96	5708.94	7484.6	6428.34	6847.45	5892.11	6555.15	6248.18	6072.82	8194.49	6760.52	6156.82	5937.32	6232.84
MAD2L1	4	4	3440.23	2995.25	5074.12	4172.09	9472.36	10543.8	9858.92	9765.55	5903.61	6029.16	6017.44	5723.41	5210.02	4092.85	3541.07	4803.71
MADD	10	10	2682.09	3064.65	2727.02	3493.4	5046.17	4973.58	4837.96	4597.92	4533.22	4227.83	3917.52	4172.23	4019.07	3206.4	3067.58	4499.15
MAEA	3	3	3186.72	3437.77	3379.55	3566.02	2919.41	2843.5	2915.44	2338.33	2991.32	2986.86	3190.82	3405.19	3005.99	2628.44	2746.17	2629.31
MAF	1	1							380.358		677.084	1410.29	872.32	1170.51	516.677	519.73	322.059	572.59
MAFB	1	1			320.11						1269.05	1512.97	1410.61	2121.08	1014.85		1297.11	831.541
MAFF	2	2	583.413	685.395	619.707	1268.19	2630.52	2824.37	2665.21	2924.06	1754.7	1426.42	1387.98	1506.6	752.932	846.306	1251.46	1382.69
MAFG	3	3	1067.99	833.041	938.638	867.681	1774.12	1886.1	1817.17	2667.72	924.834	1062.68	967.011	1182.13	659.193	868.288	923.317	843.012
MAFK	1	1	463.205		458.347		888.955	748.247	957.295	932.871					438.582	611.438	382.406	418.46
MAGEA4	3	3									1361.29	4618.02	2237.11	1473.12			788.697	1702.34
MAGED1	8	8	13273.1	11039.4	9826.76	9298.65	6037.88	4691.82	5813.22	4949.79				3148.74			2436.27	
MAGED2	11	11	17248.4	15952	14692.7	16217.9	10825	9178.85	7308.91	6684.35	3670.01	3614.46	5816.87	4080.72	4842.62	3736.77	4951.47	4601.55
MAGED4	4	4	3423.8	3545.33	3183.19	4124.03												
MAGEL2	1	1	580.853	454.53	579.794	674.544												
MAGI1	1	1				1036.17	1231.62	1589.86		893.073								
MAGI3	1	1	1272.04		625.972	828.624	1916.97	1480.96	1380.93	1332.77								
MAGT1	3	3	6521.53	11886.6	13813.9	17074.4	11388	7776.11	10868.1	10779.8	16460	21659.2	11757.3	13504.9	13027.1	22129.9	18529.4	15066
MAIP1	4	4	2344.93	2388.81	2618.42	2907.77	3407.42	4760.02	2355.86	2322.71	4844.28	3368.73	3961.65	4373.38	3881.77	3877.64	5771.35	5273.21
MAK16	4	4	6511.47	4444.39	6149.02	4451.69	3911.46	3750.02	5225.38	2766.24	4811.12	5068.92	5092.83	3846.63	6168	7058.67	7058.27	5926.46
MAL2	1	1	2397.16	2277.12	5290.71	1872.45	7215.84	1904.06	5355.17	4374.03	4207.41	3515.82	5572.75	3064.91	7241.69	2134.5	2460.82	3991.24
MALSU1	2	2		626.48								1757.64	1599.4		1460.39	1687.52	2075.82	1200.95
MALT1	8	8	2948.3	2334.07	2973.97	2189.58	5770.67	5615.23	4821.76	4523.4	7144.61	3926.2	2582.38	3672.35	3207.87	2450.08	2586.55	2962.84
MAML2	1	1		900.897		957.448		604.689					744.475			907.412		
MAN1A1	9	9	6317.8	5329.81	6246.47	6615.14	1991.88	2739.59	2360.15	3292.93	4064.61	3869.27	3849.14	4331.83	8104.2	6058.04	7415.42	7382.54
MAN1A2	5	5	4189.17	4930.93	6838.76	5887.1	1607.02	2791.46	2317.87	1982.17	3808.46	4731.94	4489.47	3458.74	3327.16	4252.31	3832.16	4100.43
MAN1B1	11	11	3975.18	4071.91	5649.12	4422.98	1242.94	1900.92	1200.65	1051.89	3255.21	4080.61	3425.99	2784.48	3370.7	3343.25	3567.05	3262.57
MAN1C1	2	2									3719.08	2454.94	2529.31	3116.85	2081.34	3504.53	1967.09	3145.57
MAN2A1	23	23	7540.39	6928.13	7899.56	8334.55	2938.51	3317.13	2712.84	2156.99	3646.61	3990.43	4104.36	3689.58	3413.59	3194.62	3328.11	2773.76
MAN2A2	4	4			1499.24		1913.4	1224.02	961.313	1039.12	2111.28	1896.61	1566.85	1788.22	1397.09	1313.74	1374.58	1627.74
MAN2B1	24	24	8049.22	7937.68	9672.82	10058.8	4729.57	4031.83	3810.9	4159.08	43072.2	43796.2	36173.3	57089.9	15714.9	14107.2	12410.7	15093.8
MAN2B2	9	9	8824.04	6964.07	10803.1	8534.16	3320.83	1756.01	2123.44	2329.9	7855.9	7768.1	8302.84	7812.34	5616.32	3765.56	3492.97	4777.54
MAN2C1	8	8	3646.38	3507.21	4166.36	4387.99	3320.36	2581.03	2589.55	2670.99	5503.46	5706.19	5050.86	5203.17	5954.93	5247.66	5305.24	6605.97
MANBA	17	17	4903.33	5594.62	6101.87	5268.29	3526.01	2558.4	2758.14	2019.22	25810.7	27452	26857.3	25762.5	7051.37	7276.39	6821.06	7560.16
MANBAL	1	1				383.151	1994.4	1865.22	1344.48									
MANF	5	5	24411.1	24694.5	28405.4	28875.3	25033.9	21703.5	22376.1	19114.3	18389.5	18791.8	23255.9	20211.1	11797.9	11757.4	17214.2	12883.5
MAOA	6	6					2122.69	2188.18	1717.7	1125.18	5182.74	6715.7	6643.81	7384.81	5773.62	5658	4747.28	4414.3
MAP1A	40	40	35146.6	33214.9	30437.8	33898.1	5038.28	3692.3	4034.35	3727.04	1836.27		2332.63					
MAP1B	62	62	72626.7	75531.9	76075.1	83666.9	112485	121351	110799	100766			3455.43					
MAP1LC3A	1	1	426.641	887.053	1329.76	1242.37			1361.13									
MAP1S	25	25	12373	13291.5	13695.4	14800.9	5889.35	7039.85	5447.7	5687.87	20325.7	23117.4	21154.6	22539.5	30895.2	34592.5	37291.7	39351.8
MAP2	8	8	5006.4	5344.53	5320.4	5178.17	3604.43		2633.46							4640.45		
MAP2K1	7	7	11869	14018.1	15375.2	14821.1	15965	9927.74	13148.3	11890.7	19198.7	23406.5	18131.9	19168.3	16149.5	20608	20197	18686.6
MAP2K2	8	8	18517.9	19960.8	24555.1	21170.7	14618.3	15360.1	12005.4	13956.4	17601.8	17867.4	19310.5	17112.7	11312.6	12929.5	12901.9	12574.9
MAP2K3	6	6	9120.45	7727.88	7602.16	8677.21	7627.9	6713.7	6389.18	5043.8	8781.24	9004.42	8161.87	8909.87	9667.82	8159.44	11341.3	9925.19
MAP2K4	5	5	7765.43	8578.86	9206.14	6706.47	8098.41	7763.52	6177.97	5796.02	6653.76	6828.98	8083.87	8737.26	6406.34	6099.7	6978.64	6894.25
MAP2K6	3	3	1151.63	1454.9	1693.32	1171.58	2359.39	2317.22	1572.24	1753.63	2940.3	2752.35	3344.81	3893.94	2259.93	2339.5	2286.26	2865.85
MAP2K7	3	3	3348.21	2824.31	3816.7	2344.89	9050.98	2912.54	7598.07	5952.64	3688.47	6312.01	5734.83	4261.94	5935.6	7732.93	7797.1	5677.55
MAP3K1	4	4	1252.92	1291.61	1021.48	960.012	981.358		847.258		1911.93	2277.53	1984.21	1765.9	1343.09	988.241	1187.12	1233.97
MAP3K11	2	2	1039.43	1183.79	1199.68	1324.34		1346.73	1421.85	1277.58	2957.64	2502.29	2363.02	2294.32	1568.72	1701.16	1532.42	2202.5
MAP3K2	2	2	2995.35	1511.96	1930.07	1840.4	1259.29	1371.88	1663.78	1904.77	2341.92	1826.9		1379.17		1727.83	1574.12	1878.31
MAP3K20	6	6	3153.02	3584.56	3589.73	3837.7	1871.15	2577.02	1675.37	1207.08	1296.88	1886.97	1278.21	1200.85	2367.85	1716.12	2009.42	2265.45
MAP3K4	7	7	1432.14	1734.81	1918	1940.38	6414.89	6287.19	6513.61	5984.36	2388.69	2497.75	2699.28	2312.17	2464.03	2114.72	2127.42	2625.66
MAP3K5	13	13					5033.55	5070.43	6959.64	5450.06	6155.26	6629.67	5306.61	6566.16	2466.5	3517.65	3136.92	3728.48
MAP3K6	5	5	979.232	921.722	1151.68	929.295	2896.63	2085.32	2215.68	1745.27	2479.36	2406.55	1828.81	1456.55	832.174	842.372	930.913	834.713
MAP3K7	7	7	3973.31	3842.15	3501.8	4498.68	5011.51	4543.24	4887.86	4202.41	4501.03	3997.6	3923.56	4280.64	4562.16	3890.94	3989.91	4492.29
MAP3K7CL	2	2	3517.99	4399.08	3551.51	3795.74							2598.23					
MAP4	43	43	292831	293393	272943	306586	235912	231000	220382	199710	63685.5	52212.3	60776.8	60068.1	52341.6	50525.7	55912.4	56414.1
MAP4K2	5	5	1525.08	1984.18	2092.92	1920.06	2221.27	2136.01	1804.73	1422.12	2572.52	2043.56	2833.69	2015.43	2521.59	1726.98	1955.9	2493.59
MAP4K3	5	5	2182.05	2045.14	2074.03	1546.11	987.899	1129.35	1342.22	1318.35	1020.99	1141.4	1417.21	1016.58	1487.41	964.999	1031.09	1116.8
MAP4K4	9	9	5945.31	5903.05	6533.61	7010.05	6146.52	5245.14	4956.74	4869.89	5173.88	5249.8	4774.8	6025.83	4459.35	4199.4	4496.4	5629.57
MAP4K5	11	11	5158.15	4892.6	4663.72	5864.53	2411.98	1396	1452.53	1451.45	1885.32	1268.49	1839.44	1125.83	2062.4	1738.48	2202.32	2138.72
MAP7	3	3					4153.65	4769.81	3826.57	3746.84	2469.4	3344.86	2012.26	3671.08			1988.38	1821.33
MAP7D1	17	17	20479.8	18653.8	17493.2	18838.6	8804.32	7423.51	8522.26	7079.9	10673	8490.5	9280.74	8917.12	7316.4	6107.54	7451.58	7496.17
MAP7D3	5	5	3441	4162.02	3370.89	3967.79	1534.41	1656.25	1435.56	1355.74	1505.73	1280.7	939.674		1028.08			863.411
MAP9	2	2		227.169	620.263	762.498	1293.08	372.504	573.161	727.663								
MAPK1	8	8	45199.3	57302.8	58231.3	64038.5	35650.2	37676.3	39274.3	41465.8	66100.9	67033.3	54476	54983.8	58852.3	59360.7	64383.5	55296.8
MAPK11	1	1	1946.62	1784.19	2178.98	2169.3			1382.64									
MAPK13	7	7	5921.83								9872.08	8541.81	8320.06	8035.88	7332.1	7028.96	8306.21	8524.23
MAPK14	9	9	6159.75	7031.9	8946.62	8247.35	4593.74	3902.89	4434.89	4525.31	12376.3	12665.7	11741.2	10984.2	9849.95	10708.2	11615.3	10167.9
MAPK3	7	7	15849.4	15082.5	14437.1	17347.9	10928.8	11700	10352.5	9138.14	20734.6	19016.5	18923.5	20421.2	14771.7	13723.1	13240.2	13382.7
MAPK7	13	13	4556.92	3915.26	3570.43	4550.75	3060.49	1785.68	1669.19	2204.26	3083.77	3133.97	3404.17	3346.54	2256.59	1736.3	2137.47	2146.39
MAPK8	1	1	2252.28	1769.99	1818.02	1567.56	1735	1992.82	2303.5	1226	1446.14	1292.9	827.263	1404.14	825.577	1117.53	1105.79	1146.39
MAPK8IP3	4	4	804.604	1539.81	1222.88	1230.08	1867.93	1815.49	1549.64	1932.9				2304.4	2198.12	1414.49	624.287	
MAPKAP1	4	4	2851.04	2693.9	3291.02	2568.73	2760.35	2313.03	2628.26	2439.79	2152.87	2038.03	1601.21	2086.27	2226.67	1594.11	1629.04	1973.74
MAPKAPK2	8	8	9576.04	9603.82	10263.1	11771.2	4309.72	3897.98	3849.26	3848.4	8592.58	9683.74	8516.3	9012.87	6487.97	6859.61	7688.21	7647.11
MAPKAPK3	4	4			2695.79	1126.12		1906.61			5208.08	7203.68	5890.08	4549.09	4929.25	7587.44	7754.65	6971.74
MAPRE1	10	10	74987.6	85601.4	91533.6	100882	70287.5	46340.5	74234.1	72313.7	49718.9	101688	78242.6	79819.8	57662.5	70948.4	69462.3	58107.2
MAPRE2	8	8	5069.45	5435.28	5410.62	7722.33	3992.02	4834.25	3579.29	4107.27	10138.1	9439.82	7993.35	8060.07	6071.17	6470.04	6882.69	6161.93
MAPRE3	4	4	3336.18	3586.27	2627.11	3368.02	3826.85	3052.49	2667.24	2780.26								
MARCHF5	4	4	1608.13	1940.9	2664.16	2919.46	1546.49	2669.61	1390.25	2023.1	2125.51	2262.67	1966.94	2060.42	1854.19	2124.71	2234.66	1896.57
MARCKS	13	13	270994	259061	258831	306016	132665	130269	131851	114661	215252	210226	225122	236202	36478.3	35127.7	36664.5	34310.6
MARCKSL1	2	2	45216.2	48154.4	52431.4	57495	15818.8	19963.2	17636.8	19108.9	5254.53	6064.85	4564.75	5355.22	2549.95	2874.57	2111.95	2239.95
MARF1	5	5	1926.76	1699.28	1941.74	1740.54	2525.17	2117.38	2138.71	2016.72	1672.97	1586.54	1734.69	1350.72	1960.5	1751.66	1501.45	1879.54
MARK2	14	14	4929.72	4997.32	5338.96	4932.66	6323.46	4803.01	5436.16	4861.31	6468.2	5891.37	6974.84	7108.4	6380.64	5575.24	5804.45	5959.64
MARK3	5	5	1658.59	1742.02	1874.7	1611.49	706.517	1114.04	581.022	1425.76	1361.18	1454.68	1477.76	1703.3	1108.14	887.781	1154.59	1018.93
MARS1	17	17	14822.4	14352.9	14388.9	15060	16700.5	16150.1	15286.4	14098.7	9264.88	7801	9680.85	9022.92	10326.4	10649.2	12075.3	11717.1
MARS2	5	5		2523.07				3420.26	2453.92		3376.88	3218.07	2702.85	3423.26	3502.32	3846.45	4107.15	3925.93
MARVELD1	1	1	2907.5	4406.38	6910.11	4596.11	1246.71	1190.5		590.003		1697.92	2458.5	1683.5			1913.29	1341.79
MAST2	4	4		1046.28	893.02	1276.17	1663.12	968.734	1316.39	1486.65		739.597	887.031	676.306	643.273	560.769		777.823
MAST3	1	1	665.212		948.508	837.805					1650.61	3257.46	2598.66	1839.03	2070.68	2243.98	2371.33	2408.96
MASTL	2	2				310.007	957.669	945.741	815.139	668.206		310.892						
MAT2A	8	8	13007.8	14174.6	17061.5	15556.8	29207.6	25499.6	29271.7	32161.2	20293.8	30994.4	24610.3	20850	15146.3	24073.6	22165.6	18922
MAT2B	8	8	18289.2	19886.2	19041.1	23540.9	32357.7	36696.8	36881.4	33737	31207.7	34539.2	29502.5	32495	30042.4	29819.8	32410.1	31626.7
MATK	5	5									9887.71	10483.9	6464.67	8642.09	7870.71	8155.65	11769.4	7174.11
MATN4	1	1	1490.97															
MATR3	25	25	93265.3	99674.4	139132	115662	140178	106359	126468	118800	90974.7	112717	98010	93059	98290	110142	103792	100553
MAU2	2	2		615.548	1124.69	822.152	1130.49	1180.59			1114.86	1144.88	1679.83	1400.07	1002.44	1129.56	1497.68	1376.37
MAVS	5	5	12774.2	9209.32	8486.81	7850.42	11770.3	11859.5	9658.86	10646.6	10522.9	7068.96	9889.83	11535.7	10740.9	8890	9505.42	12428.2
MAX	4	4	2396.17	1722.68	2164.69	2214.36	2814.34	2046.29	1848.93	2371.7	4019.77	3692.09		3036.17	4321.6	7770.95	4476.3	3903.88
MB21D2	10	10	4646	4659.78	5273.39	5121.39	3295.62	2509.46	2607.27	2721.27	1122.73	1424.84	1768.79	2158.22	1671.7	1967.67	1621.37	2279.69
MBD1	2	2		1108.68		946.779	1322.84	1097.12			990.56					1134.81	919.301	
MBD2	8	8	1886.2	2467.38	1477.65	2627.77	2495.57	3048.02	4763.16	2769.15	2685.52	3488.57	2428.37	2282.08	2119.03	2554.1	2250.98	1968.66
MBD3	4	4	2658.1	2303.64	3074.78	2370.7	4289.13	3175.36	3143	3340.87	2138.9	2561.82	1764.41	2223.18	1953.71	1163.27	1113.36	1667.7
MBD4	3	3						1456.55		768.763	1112.13	1221.13	662.947	895.68	836.62	862.463	801.647	1052.67
MBLAC2	4	4	2044.34	2491.56	3005.78	2928.98	1937.63	1887.61	2375.5	2298.08	2389.12	2606.41	2446.95	2496.05	1789.78	1614.71	2016.55	1997.23
MBNL1	1	1	2101.38	2141.74	2091.26	1987.78	2732.96	3806.15	2447.84	4251.69	2026.45	2560.51	2071.96	2243.1	1331.06	2057.93	1810.98	2092.37
MBOAT1	1	1														513.421	355.043	
MBOAT2	3	3	1715.2	1970.19	1618.81	3144.39	877.671	1124.34	845.498									
MBOAT7	3	3	9837.45	9432.64	10806.4	11239.4	5718.08	5185	6082.41	7868.54	10165.6	12968.7	10650.9	9959.22	5573.92	9999.24	9748.43	9153.95
MBP	2	2	943.317	1591.56	1681.9	1824.56					4209.07	4788.37	4185.33	4153.7	1158.38	965.801	1078.08	1212.83
MBTPS1	1	1	965.602	1259.98	908.932	1030.94			695.827		971.827	1243.32	740.298	1139.63	964.317	917.057	766.547	882.566
MCAM	13	13	18366.4	20961.8	28104.4	29081.2	11567.3	12200.5	8535.92	9342.74								
MCAT	1	1	1050.12	660.934	926.873	979.972	2883.32	2713.58	2923.76	3557.12	1427.17	1237.56	1294.48	1939.4	1976.79	1941.31	2268.08	1667.86
MCC	5	5	1145.29	1056.87	1503.87	1034.32					1366.91	1728.71	2201.49	1794.08		518.588	611.679	
MCCC1	12	12	2912.48	3326.68	3712.38	3224.72	6109.91	4713.77	4439.35	4909.79	11149.2	10973.2	11932.9	11255.6	14620.2	11205	12402.1	12719.7
MCCC2	15	15	7449.91	6420.95	7148.5	7991.07	13285.3	9662.98	9631.84	9300.99	15655.6	17139	15760.7	14438.7	18541.9	19320.9	19454.5	16179.9
MCEE	2	2	4323.9	5290.51	5017.73	5615.15		1360.62	2213.14		5215.55	5520.98	4101.52	4225.15	5942.58	5848.34	5698.64	4853.17
MCFD2	3	3	1976.27	2418.31	4244.38	2500.62					4270.58	3369.54	6256.72	4773.75	3629.82	4469.24	5397.86	4961.86
MCL1	3	3	2177.78	1724.5	1953.31	1177.91	1616.89	1664.71	1698.29	1463.39	1505.68	1432.8	2067.69	1839.85	1617.8	1699.32	1741.38	1807.07
MCM2	18	18	7241.18	4243.92	6469.04	6920.83	19315.8	21454.2	19051.5	17082.7	9506.31	10975.5	6775.58	6849.22	6484.55	8524.25	8853.62	8404.26
MCM3	21	21	11058.2	6850.51	8982.4	9671.02	36507.3	35604.9	37376.7	32156.2	13305.9	14450.6	10549.1	10672.5	10258.5	13217.1	13789.8	12444.6
MCM3AP	5	5	4179.11	2898.95	3900.36	4670.17	6179.2	3925.17	3562.22	3859.63	3573.17	4033.21	3816.44	3406.55	4016.55	4320.06	3845.8	3601.92
MCM4	19	19	4671.51	3885.75	5317.93	6205.85	11486.8	13041.3	14185.8	14457.4	7286.77	7780.28	5176.4	5206.19	5080.13	6902.75	7074.88	6095.28
MCM5	13	13	8251.01	5866.91	9017.27	9268.46	31505.1	31887.6	35377.3	27880.8	12393.2	13677.1	8357.85	8572.7	8799.08	11825.1	11893.1	9842.88
MCM6	23	23	7919.66	5710.56	9217.84	7374.21	18293.7	18169	17775.4	16204	11853.8	14068.6	10967.7	10343.4	9328.11	11624.8	12059.4	10834.5
MCM7	24	24	8104.76	4693.02	8048.09	7475.96	20210.9	20523.3	21269.7	21820.4	11020.4	12895.9	9152.18	8374.67	8559.05	12154.1	10882.2	9764.45
MCMBP	5	5	1069.42	677.167	1302.96	1123.2	936.848	1222.37	1423.42	968.462	2001.63	2887.88	2242.76	1891.73	1348.34	1767.97	1397.2	1389.15
MCRIP1	2	2	4411.72	4477.12	5526.93	7212	2869.23	2871.55	2972.77	3002.58	3181.81	2855.79	3548.35	3558.79	2509.31	2540.03	2412.72	3133.42
MCRIP2	1	1					2547.71	3792.96	1952.69	3603.47	2839.36	1795.98	1551.3	2107.1	1941.87	2104.86	1842.83	2132.58
MCRS1	3	3	2270.96	2253.83	2467.87	2149.13	1554.48	1995.29	1846.07	1918.32	1395.45	1700.54	1350.09	1470.43	1264.64	1148.18	1351.25	1220.01
MCTS1	1	1	7213.74	7162.88	15841.7	6840.47		2530.71			22698.9	28177.5	30863.3	17239.9	24691.2	27666.6	23952.5	29667.6
MCU	10	10	4982.79	5248.71	8037.74	5910.71	5692.68	4389.1	4413.4	4507.17	4165.65	4462.8	3884.18	4212.26	5505.97	4777.83	6138.96	6221.7
MCUB	5	5	5727.18	7031.18	6625.42	6959.36	9908.98	9628.53	7514.71	6662.35	5538.28	5355.45	5069.42	5558.57	8602.65	6033.48	5720.39	5006.68
MCUR1	2	2	778.978	916.687	1375.05	1138.43			985.308			1191.82	1114.27		786.016	1160.29	777.051	729.009
MDC1	23	23	3392.61	2466.45	3098.2	3004.92	11755.7	11686.3	11279.3	10342	2905.25	2028.7	2337.69	2865.75	2094.05	1754.03	1778.64	1702.42
MDFIC	1	1	205.931	230.117	283.873	121.151	194.465	173.285	258.86	239.281			120.386				112.231	
MDH1	14	14	258187	291861	370961	302060	141528	148270	135321	152879	576262	721574	581421	647859	507150	446471	537691	542121
MDH2	14	14	154130	204773	207351	226806	221321	238609	274669	244028	255629	304493	241500	244553	288351	310108	326003	266009
MDN1	21	21	3308.65	3443.14	3443.09	3781.13	4809.99	3964.02	5137.57	4162.63	3349.71	3216.07	3069.59	3523.39	3657.6	3563.26	3710.88	3295.51
MDP1	1	1	4176.01	3994.8	2444.68	3292.22	2207.78	2275.14		1403.26	4095.54		4236.42	3400.59	3559.16		2713.98	3106.8
ME1	9	9	7420.12	8054.8	7821.09	9096.57	20756.2	19873.4	20225	20322.9	7173.04	8667.44	8475.99	7864.97	13077	3670.74	3214.31	4449.64
ME2	14	14	11781.8	15060.2	14919.6	16516.9	17152.2	14160.4	13907.3	14390.8	57559	62679.8	55130.3	54738.6	54013.5	56336.4	62131	59208.6
ME3	2	2		1928.9	2639.74	1987.03	4742.21	5210.08	7553.2	4517.89							3954.46	
MEAF6	3	3	2812.67	2363.07	2365.06	2647.34	5408.36	4923.6	4610.29	4205.65	2743.44	2893.99	2504.52	3839.18	3305.67	2904.58	2401.48	3114.3
MEAK7	3	3	3790.1	7070.93	9069.6	8955.62	1329.5	1854.9	1312.99	1196.97	5294.49	6200.19	6025.05	3839.1	1969.97	2364.82	2850.9	2180.39
MECP2	12	12	5771.14	4664.11	5863.16	4820.06	6086.29	6401.42	6199.05	6331.7	3661.22	3963.09	3659.15	4116.53	5605.53	4929.95	4835.97	4972.16
MECR	6	6	5379.44	4733.79	5577.21	4785.82	5846.98	4344.9	5845.01	5097.51	5378.72	5722.53	4800.88	4483.78	6204.65	6751.12	6433.63	6105.77
MED1	8	8	2954.9	2137.1	2973.58	2653.43	2876.79	3327.03	2404.73	2478.84	1990.53	2560.46	2066.46	2441.33	1965.14	2235.59	1818.07	1967.77
MED12	10	10	2593.34	2734.65	2896.7	2742.79	2800.38	2766.85	2750.26	3260.43	2194.56	2136.77	2365.02	2368.89	2632.94	2327.42	2291.81	2049.27
MED14	5	5	4168.06	3704.92	3689.75	3630.65	4152.29	3602.25	4100.73	4321.02	2946.06	3234.85	2939.68	3867.8	3172.81	2536.81	2711.4	3276.14
MED15	3	3	3753.75	3231.84	3979.32	3542.33	5512.1	4609.4	4023.88	3864.59	3596.54	2739.5	3709.18	3413.31	3506.43	3248.5	2513	3017.8
MED16	4	4	5053.29	4787.47	4952.44	3942.41	4214.23	3945.26	3655.25	3629.57	2657.91	2844.98	3755.17	2983.32	3173.22	2970.61	2786.57	3366.32
MED17	7	7	8028.13	8867.8	9353.1	8199.53	9459.34	7905.2	8483.75	8911.72	8040.5	7912.27	6737.87	9701.34	7737.24	6234.8	6862.18	6904.38
MED18	2	2	2271.44	2509.45	3786.18	2738.53	1302.33	2413.4	1067.02	1314.13	2988.46	4280.92	2972.96	3244.79	2570.13	2216.66	2979.17	2682.38
MED20	2	2	3106.8	2579.71	4218.52	2479.33	3277.04	3217.6	4318.47	3140.38	9070.06	5403.76	6018.67	4488.29		3300.17	5523.76	6204.74
MED21	2	2	1698.08	1394.21	1406.34	1346.93	1664.75	1540.46	1868.69	1254.87	1418.09	1011.37	1248.67	1509.29	1215.19	1254.56	947.431	1207.58
MED22	1	1	927.245		1192.47	623.195	1478.58	914.818	1244.67	1211.3		866.339			781.349	1034.96	974.717	
MED23	7	7	3598.96	3692.21	3550.51	4226.26	4135.76	4618.64	3918.63	3671.93	3534.44	3512.16	3154.32	3253.59	3556.05	2915.54	3350.06	3366.06
MED24	6	6	2595.77	2659.71	2723	3027.18	3890.08	2791.29	3158.6	3066.97	2482.46	2290.73	2594.63	2477.78	2424.46	2302.63	1990.82	2196.16
MED25	1	1	2340.63	2778.01	2476.12	3489.3	3359.3	2955.36	3554.41	3562.77	2075.96	1925.92	2027.53	1898.09	1941.18	2253.66	2210.27	1491.27
MED26	1	1	723.636	747.421	999.707	1265.72									404.75	995.326	840.126	
MED28	1	1	644.217	589.536	763.987	738.173	918.288	1021.45	873.748	707.731	571.724	524.851	705.151	646.634	965.454	410.337	676.218	704.109
MED29	1	1	1323.39	913.195	1240.82	1425.93	1218.67	1045.65	1144.75	1087.6	942.226	834.885	919.714	864.887	835.525	727.369	779.351	666.337
MED4	3	3	3811.21	3523.33	5225.33	3442.41	4078.06	4033.8	4069.84	3724.33	3891.14	3630.09	5838.19	4714.18	4373.99	2815.01	3159.24	4962.28
MED6	5	5	2157.85	2111.78	2167.82	2051.04	2479.07	2379.39	2518.31	2336.26	1937.77	1548.12	1524.27	1465.96	1610.87	1754.38	1655.8	1790.45
MED8	3	3	1481.24	1196.51	1412	1191.76	2126.82	1383.47	1771.43		1241.78	1311.83	1180.25	1284.16	1632.06	1325.48	1322.56	1220.77
MED9	1	1	250.994		638.666						548.692	1022.42	715.822	709.295	787.01	937.805	646.365	
MEF2A	1	1	1550.08	1820.92	2012.28	1449.46	1485.26	1639.58		1680.32	1795.7	2481.89	2290.84	2176.28	2293.89	2338.31	2430.03	2663.35
MEF2C	3	3									5204.73	4996.14	4262.19	4699.83	3841.93	2937.5	3252.68	4175.02
MEF2D	6	6	4354.78	3850.26	5123.2	4019.68	4665.78	3426.29	3171.05	3792.09	5979.48	4816.96	5152.89	5251.65	4057.43	2159.31	2769.91	2678.89
MELTF	2	2	2084.96	1778.49			5182.49	3001.23	4592.1	4379.52	2185.42				2763.27	4447.74	2476.91	3518.95
MEMO1	5	5	10517.4	10921.6	10368.1	10732.3	6885.11	4851.14	5302.53	4463.88	9336.41	12100.6	9497.15	8906.7	7834.51	10488.8	10318.2	9175.01
MEN1	3	3	1398.15	889.295	939.835	1176.12	1454.56	1388.01	1432.54	1329.51	1116.74	1149.53	1267.34	1152.28	1183.48	993.23	997.402	1133.2
MEPCE	5	5	5130.98	3937.42	3000.32	4010.32	5851.55	6016.11	5677.95	5345.21	4674.75	3451.86	4181.55	5482.42	5740.88	3426.23	3914.49	4478.29
MERTK	6	6									28924	25165.5	29722.3	33374.1	26351.9	22959.8	23409.9	27316.3
MESD	5	5	20552.2	17646.7	18795.7	20183.6	11694.3	8877.52	8713.62	8094.45	24983.2	21255	23103.5	21150.2	18330.1	15793.7	18496.3	18718.5
MEST	8	8	78300.2	87253.8	88199.1	93380.2							11125.8					
MET	3	3	1032.66				2863.57	2403.45	2294.42	2346.25								
METAP1	6	6	3051.26	2834.87	4749.95	3953.42	2622.49	2678.28	1667.33	1770.27	2832.64	3192.58	3511.1	3327.85	2998.57	4425.22	4382.18	3821.49
METAP2	8	8	6049.14	5139.96	2402.28	3790.69	5142.92	4684.83	3948.81	3468.23	5399.89	3884.6	4931	5916.1	5794.14	3207.19	4776.15	5570.51
METTL1	6	6	2895.23	2622.76	2667.95	2616.42	2733.98	2921.19	3110.21	2456.4	2578.19	2305.61	2127.87	2188.71	3333.97	3385.51	3395.4	3113.37
METTL13	8	8	5780.45	5476.47	5861.66	6283.62	5554.12	5457.96	5658.31	4846.53	5103.91	4741.42	5258.63	5534.7	5259.46	4675.32	4969.24	5470.61
METTL14	3	3	4050.98	3725.24	3937.95	4269.82	4455.98	4767.03	4676.91	3951.96	2650.21	3807.21	3411.32	3005.89	3644.07	3588.22	3275.82	3363.82
METTL15	4	4	1470.02	1826.5	2289.2	1736.13	3013.14	2373.59	2691.77	2794.93	2150.17	2175.34	2161.08	2393.43	2353.86	1886.14	2395.27	2375.77
METTL16	8	8	3082.65	2378.94	2209.6	2720.87	5105.69	4918.99	4822.16	3875.02	2853.14	2319.87	2062.26	2755.75	3135.68	2509.2	2759.64	2436.24
METTL21A	1	1		752.288	1096.42	1049.43		192.348			1023.1	1921.4	836.305	992.484		816.036	937.74	529.876
METTL26	5	5	4856.85	6251.06	5597.22	6162.83	5197.78	4403.08	5064.45	4560.17	4206.93	4900.91	5267.83	5125.2	4347.88	3632.4	4292.02	4023.87
METTL2B	1	1	2422.94	2137.69	2031.7	2680.28	1454.96	1101.63	936.635	1290.52	988.96	1004.34	1304.49	775.996	1429.28	1262.49	1087.09	808.279
METTL3	8	8	3595.01	3201.59	3002.15	3111.88	4544.19	3763.25	3744.62	3667.78	2784.15	3188.42	2646.19	2546.33	2498.89	2092.83	2367.06	2350.42
METTL5	3	3	4783.34	3510.72	3924.9	3988.6	2470.33	2206.98	1944.4	2189.93	2292.44	1792.18	2890.07	2428.34	2154.47	2260.4	2215.98	2074.74
METTL9	3	3	5250.34	4302.9	4788.05	4405.13	4150.23	2449.21	3230.04	3183.89	5731.83	5348.66	5300.9	4969.66	3445.59	2218.95	2489.21	2989.06
MEX3A	2	2	1831.02	1166.95	2087.33	1491.33												
MEX3B	1	1	3129.33	4390.77	4279.3	6353.19												
MEX3D	3	3	2323	2202.06	2533.33	2064.01			1092.75			1129.06	1190.23					
MFAP1	6	6	3722.31	3719.66	3400.51	3807.13	5893.89	4751.8	4876.31	4838.86	4234.76	3922.99	4109.35	4215.33	4222.91	3816.57	4022.14	4131.95
MFF	6	6	5368.15	6379.9	5509.31	5492.21	4872.12	4795.03	4707.24	4676.01	5664.53	4711.9	6046.23	5372.67	5921.42	5369.65	6441.27	6102.4
MFGE8	4	4	5918.3	6231.96	5750.24	5757.65	4817.91	4909.78	5027.52	5302.46	4123.45	5444.09	5890.92	5613.48	1856.41	1594.36	1614.31	
MFN1	7	7	6385.45	6311.13	7620.7	7339.86	7840.93	6618.21	6690.37	7323.02	6135.43	4955.84	5384.71	4836.69	4847.7	4049.93	4302.82	4040.83
MFN2	5	5	3946	4296.87	3998.73	3914.34	4878.78	4639.72	3825.78	3250.43	6309.27	5923.31	4106.9	5058.59	5923.44	5712.11	7054.55	5537.24
MFSD1	1	1	3435.5	2712.73	2859.73	2790.52	2164.07	1887.63	1387.07	1377.15	27660.9	23447.5	31500.9	42438	7713.38	5080.93	4959.95	6323.14
MFSD6	2	2					1243.61	447.789	713.254									
MFSD8	2	2	1841.05	1841.32	1946.62	1939.01					4990.58	4391.14	5336.56	5615.68	1878.72	1624.39	1973.31	1659.01
MGA	6	6	1787.33	1245.97	1701.03	1629.37	1871.32	1832.86	2520.96	1508.02	1432.14	1736.87	1806.36	1298.9	1322.12	1153.36	1353.55	1542.79
MGARP	1	1			1186.24	608.141												
MGAT1	6	6	9325.38	8206.56	9582.13	8385.07	4260.77	3762.14	3753.02	3516.61	17568.8	18469.1	18298.6	18158	10956.3	10577.6	9786.92	11022.4
MGAT2	7	7	14598.5	15457.5	16893.4	17496.3	7077.81	6042.38	5402.48	5435.39	9910.1	9636.2	9927.62	10200.8	9505.37	10910.2	10306.5	11551.7
MGAT4A	2	2									1564.62	1598.49	1440.44	1877.24	1733.11	1510.73	1520.79	1682.33
MGAT5	1	1	1057.7	782.729	949.289	556.82		1198.21	858.989	928.105	2003.81	1970.48	1005.65	3081.34	1572.61	709.54	868.779	1017.56
MGLL	4	4	4099.55	3759.38	4516.08	3497.5					11981.5	6071.46	9927.94	5760.29	3009.03	2447.98	3081.54	4424.53
MGME1	5	5	2879.58	2058.08	2496.28	2501.55	5978.36	7582.44	6977.98	7310.85	4647.25	3835.43	2573.43	3866.24	1555.42	2208.5	1803.53	1688.67
MGMT	4	4	1904.62	1907.55	1917.02	2188.91					2516.22	2912.69	2388.9	3151.62	2157.03	1486.46	1752.96	2670.46
MGP	1	1	1998.78		1470.96	955.916												
MGRN1	1	1	901.168	891.725		913.128												
MGST1	2	2	1858.33	2514.28	1539.55	1978.38	15772.8	11991.2	9589.24	9274.59	2256.91	1342.99	1579.86		1868	1142.14	2168.66	2801.29
MGST2	1	1	20855.1	17252.2	25589.4	31104.4	28974	22434	25491.5	22918	120563	162954	101846	122599	95636	81454.1	95109.6	85817.1
MGST3	4	4	13773.9	23229.2	63262.8	18288.8	2114.53	2071.44	3927.47	4097.07	65234.2	142805	141085	70922.4	86495.8	156981	124080	100505
MIA2	5	5	6281.76	6154.09	6787.34	5864.93	2959.67		2586.93	1444.97	5749.47	6140.84	5056.01	5744.42	5830	5339.08	4960.88	5533.44
MIA3	31	31	10977.3	10998.2	11684.7	12697.4	6424.02	4925.81	5826.09	5509.35	5933.83	6522	6639.39	6651.37	7138.43	6471.95	6701.42	7577.75
MIB1	7	7	3209.51	2998.43	2960.02	3257.26	1534.71	1758.66	1085.69	970.812	1801.43	1527.44	1760.9	1848.53	1785.64	1338.49	1410.71	1704.21
MICAL1	24	24	19852.6	22351.9	23039.3	26868.5	10961.6	10844.6	10639.8	8710.64	42433.9	45878.5	37933.9	46700.8	33918	36257.5	36269.1	39493.4
MICAL2	10	10	14013.8	17200.6	17707.3	17650.8	2468.05	1609.37	2213.84	2313.25	1906.2	2093.73	2187.38	1831.99	1500.91	1449.79	1583.85	1499.53
MICAL3	25	25	7364.57	6395.32	6051.69	7542.49	4105.32	3895.73	3419.2	3937.87	1953.81	1803.8	1943.1		1450.09		716.238	1345.51
MICALL1	9	9	4754.88	5830.01	7525.64	6524.07	3802.13	3850.26	2669.28	3063.34	2946.03	3146.71	3530.9	2809.77	2422.86	2619.1	2984.04	2391.09
MICALL2	8	8	1342.94	1379.57	1484.69	1468.95	889.476	884.441	918.786	699.119		508.167			901.031	526.285	663.66	793.196
MICOS10	2	2	5713.94	6016.78	6413.62	6503.5	4070.59	4086.17	5125.19	3838.07	9296.04	14991.6	9162.27	10982.9	8558.77	12923	10885.8	9181.12
MICOS13	1	1			1259.07	1026.38					2542.03	4342.16	3045.08	1822.12	3006.55	5541.4	4965.2	3595.57
MICU1	4	4	5430.41	6270.72	6112.57	5797.87	6902.75	6577.31	6187.41	6597.4	5254.82	5232.11	4033.98	4769.43	4793.38	4701.14	5140.23	5312.5
MICU2	4	4	1978.26	2514.52	3727.38	3290.53	4032.56	4262.74	3570.72	3224.92	3080.41	2580.94	2685.43	2905.1	3677.32	1827.07	3024.33	4284.37
MID1	8	8	3512.81	3356.32	4675.25	3860.55	3410.52	3316.19	3323.87	2499.69								
MIDEAS	8	8	1723.67	1468.04	2080.66	2071.59	1217.06	1237.59	1549.12	1101.3	1917.27	2171.11	2376.83	1548.14	1481.58	2033.3	1951.96	1591.63
MIEF1	6	6	3166.36	3277.28	4218.45	3152.66	3671.76	4342.73	2725.36	4196.03	4242.18	4782.17	3323.54	4125.76	4966.5	4440.9	4883.11	4578.17
MIEN1	6	6	27324	14902.1	17912.6	24584.2	28065.9	18270	22888.2	21774.7	24737.4	25247.1	27750.5	25690.6	21375	17557.2	24621.7	20726.4
MIER1	3	3	967.127		1694.74	1105.27		994.795			1137.42	1679.11	2270.63	1593.4	892.47	1690.9	1481.46	1252.29
MIF4GD	4	4	2010.99	2205.52	2426.01	2338.83	1994.96	2211.07	2394.32	2102.09	2942.73	3065.54	2420	2666.13	3086.5	2538.96	2389.1	2380.99
MIGA1	2	2	1710.44	1586.35	2111.01	1901.05		532.703	1135.48									
MIIP	1	1	5458.24	6681.54	4353.02	7221.39	13481.9	12689	11932.5		6010.92	5599.1	4543.81	4767.78	5785.75	6604.2	7498.1	4851.65
MILR1	2	2									3637.34	3493.63	3490.71	2944.72		1780.19	2633.5	2229.7
MINDY1	2	2	1740.36		2711.92	2530.24	3517.2	3166.94	3509.95	3114.35		2446.86						
MINDY2	2	2	710.581								1471.96	270.857		1398.18	843.421		651.906	997.971
MINK1	14	14	1705.53	1241.28	1977.27	1703.85	1497.19	1143.65	1206.85	1203.34	1182.13	1436.89	1288.77	1454.11	3194.73	2990.24	3055.67	2523.56
MINPP1	3	3	19713.2	18023.1	20461.8	19917.3	10755.7	9627.2	6587.09	7521.45	2594.1	2188.63	3303.74	2617.65	4091.82	3816.03	4318.36	4586.75
MIOS	10	10	4490.11	4141.83	3950.72	4671.29	3752.54	3233.73	3602.7	3694.08	7418.76	8009.78	5926.27	7925.95	7035.9	5235.98	5825.46	6640.44
MIPEP	10	10	2979.84	2905.17	3103.82	2989.73	4556.78	4164.99	3802.42	3499.27	4791.82	4431.51	4479.05	5092.98	6507.34	4228.21	4276.68	5319.94
MIS12	3	3	3004.99	2329.65	4896	2834.04	5230.59	5897.8	4679.9	4579.26	3795.77	4451.18	5614.78	5351.81	3830.16	2851.95	2665.21	3843.01
MITD1	3	3	1929.88	2059.34	2331.81	1548.94		1059.22	1523.15	2261.98	3905.4	3713.06	3393.76	4561.7	2447.7	2101.43	1479.52	2307.13
MITF	1	1										1545.46				2092.65	2234.02	1514.96
MIX23	2	2	10201.5	10676.6	12151.5	11088.9	9593.81	11205.2	16493.5	8462.43	14883.6	15744.6	10750.4	11800.3	18677.5	13668.7	18501.8	15010
MKI67	80	80	5328.78	1731.32	4236.86	8008.96	29207.2	27938.1	26591.7	34465.6	9948.78	11411.6	8160.59	12987.8			1974.17	
MKLN1	2	2	4023	3248.85	2081.16	2058.86	2198.36	2175.81	2533.44	2098.75	2508.73	2216.45	1711.11	1931.96		1528.81	1212.87	
MKNK1	5	5			1090.49						3520.55	4165.52	3876.12	3728.71	2111.59	1903.2	1733.23	1762.33
MKRN2	5	5	5296.99	4786.02	5091.76	4761.36	4362.03	4156.98	3117.12	3221.31	3806.96	3352.61	4331.69	4164.06	3726.41	3181.52	3429.67	3582.17
MLEC	11	11	17300.2	18759.4	22458	22742.1	9312.85	12641.9	9163.14	9644.84	19241.2	28651.1	18361.9	19827.7	18600	20728	19610.1	14863
MLF2	1	1	4021.75	3493.94	3744.06	4292.8	3589.48	3031.92	3298.41	3849.43	1966.52	1782.29		2968.23	2451.96	2057.17	2001.2	
MLH1	7	7	2652.6	1870.82	2133.06	2511.73	3008.95	3682.26	2782.86	2679.24	2567.2	2451.78	2094.11	2005.51	2211.55	1506.78	1615.71	1998.62
MLKL	8	8				1554.71		1349.8		1413.18	5290.75	6472.34	5747.05	5988.62	6124.5	6319.98	6812.96	6694.51
MLLT1	2	2	2485.98	2150.39	3196.17	2208.78	2877.91	2758.21	1921.57	2227.55		1664.72	1318.05			2027.08	2112.47	2385.9
MLLT11	2	2	7462.73	7008.89	10361.5	6698.91	4493.96	6368.79	4242.65	2834.89								
MLST8	1	1		662.19	969.714	833.597		314.344			1012.72	839.671	1125.47	916.86	1117.1	1303.33	1342.39	1152.02
MLX	1	1			430.06							322.908	252.639		578.195	979.717	795.054	929.104
MLXIPL	2	2													997.701	595.252	634.359	
MLYCD	9	9	2857.65	2901.17	3353.92	2444.61	3986.77	2563.14	2109.31	2513.21	5338.04	5733.02	5576.84	5871.48	9523.43	7630.72	8328.86	8785.53
MMAA	7	7	2537.55	2589.73	2414.17	2856.28	2066.52	1801.06	1896.79	2079.6	3243.76	2788.15	2642.86	3274.09	3277.8	3125.98	3232.1	3227.84
MMAB	7	7	3022.33	3425.18	4770.85	4164.27	8373.42	9846.98	11364.9	10145.5	6290.43	7095.8	6564.6	5345.08	2495.22	3284.51	3432.11	2615.43
MMADHC	1	1	3907.36	2935.41		2240.04					1490.81			2409.81				
MME	8	8	2071.65	1257.04	827.68	1393.22					1752.51	1593.83	5249.18	1345.54				
MMGT1	2	2	1247.19	2777.63	2359.48	1476.26					3426.84	3313.2	2627.6	2984	3203.42	3426.31	2952.14	4008.67
MMP10	2	2	4717.72															
MMP14	5	5	6020.34	5762.35	12763.2	7776.29		1521.83			8197.84	13937.1	14567.3	8985.01	9535.64	12600.9	12915.9	11838.6
MMP2	3	3	2917.83	2614.16	3166.02	2389.61	4050.58	3440.13	3418.42	2920.2		1925.57	2545.81		2530.23	1647.22	2050.3	2525.17
MMP9	7	7	1088.92	2182.25	1892.88	924.52			770.067	630.19	4814.04	3834.32	3789.66	4967.68	3120.82	4259.8	2935.17	2752.99
MMS19	16	16	5561.1	5753.48	5484.38	5612.35	5414.35	5616.44	3718.85	3794.93	7006.75	7515.82	6708	6810.62	6238.71	6325.94	7310.32	6480.83
MMTAG2	1	1	1081.87	955.073	1094.72	1165.51	1912.14	1697.61	1424.81	1280.94	1368.37	853.975		863.678	1217.19	585.94	991.31	982.074
MMUT	11	11	14825.8	15316.7	17386.2	16787.2	19796.4	14638.1	16262.6	15654.5	16661.8	16578.4	15547.2	18925.2	20606.7	16001.7	19201.3	19601.3
MNAT1	6	6	10603.1	9407.19	12215.7	11379.9	16851.3	11001.3	9895.04	12700.7	14458.6	12954.5	15513.2	15659.3	12389.6	10306	10037.3	11635.5
MND1	1	1					1615.33	1250.87	1725.28	1870.96								
MNDA	10	10	832.422	856.284	1237.85		522.674	738.121	529.738	735.994	25003.6	20278	21975.6	18700.7	13131.3	11380.1	21210.8	15501.7
MOB2	1	1	4751.82	4088.24	4670.65	4796.51	3842.76	3503.63	3661.31	3221.74	5637.28	5798.96	5520.85	6252.16	8455.89	5647.2	6487.7	8219.1
MOB3A	3	3	4615.6	3686.86	4167.81	5249.76	2888.18	2544.98	2579.55	1943.23	6219.35	7964.99	6120.31	6897.31	3526.08	3750.51	2814.69	2925.26
MOCS2	6	6	5736.23	6669.69	6575.58	9067.53	7517.06	6148.28	5493.88	5411.36	5146.1	5695.27	3868.95	4884.96	4896.87	3707.33	3855.54	4345.11
MOCS3	5	5	2727.23	2776.55	3000.6	2811.47	2036.78	1613.55	1988.05	1742.88	2479.59	2343.5	2502.38	2842.5	3308.53	2930.27	3059	2836.88
MOGS	23	23	32369	30816.3	33673.3	36343.8	18683.4	17342.4	15017.6	14570.6	19773.4	19036.1	19461.1	19874.7	24783.9	21329.7	25286.7	23238.3
MON1A	3	3	2094.03	2193.22	2104.99	2320.68	1134.39	1056.71	1126.43	1375.94	1645.25	1480.77	1754.88	1806.3	2347.55	1145.84	1023.8	1314.6
MON1B	6	6	775.304	596.777	951.478	1378.1		936.272	1209.82	1056.79	1580.41	1924.35	1540.65	1516.84	984.684	1976.87	1603.85	1470.05
MON2	16	16	11434.3	13253.8	12363.7	13537.2	7420.35	7454.21	6767.08	6296.64	8738.28	7301.5	8693.49	7772.76	7162.8	6777.22	7210.83	7693.95
MORC2	5	5	2293.39	2507.04	2680.91	2688.83	1637.56	1779.43	1577.54	1621	988.95	1465.48	1970.53	1167.14	2116.29	1553.73	1662.26	1474.83
MORC3	11	11	2356.64	1807.63	2109.88	1688.71	3010.13	1962.95	2776.34	2337.75	3286.48	2347.81	3106.13	3135.15	2434.4	2788.45	3154.56	3059.36
MORF4L1	1	1				593.613					1413.63	1774.15	1122.78	1752.22		1625.64	1944.33	1430.25
MORF4L2	5	5	3740.63	2655.44	2748.57	2613.73	4523.7	4224.75	4214.08	3419.27	1605.81	1230.44	1343.73	1328.05	1623.65	876.436	1292.06	1227.3
MOSPD2	8	8	13236.4	14572.6	16537.3	14079.5	10250.1	10828	10079.8	10341.3	16762.4	14310.8	14000.9	14731.8	10781.5	9483.42	10627.3	10213.9
MOV10	21	21	14831	14064.5	14681.5	15844.2	17567.7	13650.9	14138.1	13244.7	10701.5	10532.1	9396.27	10236.5	9888.02	9547.49	8762.83	9171.14
MOXD1	4	4	12734.8	13697.2	14518.2	25001.4	5399.7	3727.6	2193.23	4226.44								
MPC1	1	1	2900.88	2790.07	4839.72	3200.86	3594.4				6794.63	7317.34	6344.7	8406.34	6674.39	5647.05	7088.96	6434.45
MPC2	3	3	407.296	340.919	1614.1	5992.03	375.025				4188.18	5647.96	6045.96	4333.39	4819.07	6039.24	6105.95	5618.5
MPDU1	4	4	1785.8	2486.24	3501.7	3257.08	1145.01	2562.79	999.85	907.503	2870.08	5439.26	5104.62	3406.32	1775.27	4686.91	7723.53	2857.93
MPDZ	7	7	2059.88	2280.83	2166.06	1817.99	2260.44	2465.48	2329.72	1985.2	1690.96	1568.7	2308.76	1634.74		1162.62	1092.58	2028.52
MPEG1	7	7									6290.3	6337.37	6489.23	6234.58				
MPG	4	4	8357.16	7877.4	8042.01	8393.2	11087.5	10258.6	9920.5	11040.4	7142.9	6988.47	6745.82	6430.19	3021.66	3900.85	2861.78	4296.26
MPHOSPH10	6	6	2822.36	2905.28	4392.86	3731.64		1710.48	3798.12	4266.37	3292.94	4116.82	3490.06	2703.71	3446.06	5231.37	4116.15	3432.31
MPHOSPH6	1	1										484.737				869.311	1018.79	
MPHOSPH8	7	7	2352.26	2346.12	2666.1	2587.03	4087.89	4294.77	3820.47	3898.34	2662.14	2458.79	2344.02	2971.7	2653.73	2179.12	2373.65	2423.83
MPI	11	11	6467.15	8192.94	8563.52	8565.63	3691.26	3611.98	4455.71	4487.61	14374.8	19076.3	13383	15497.7	12399.7	14197.7	13542.7	12958.3
MPLKIP	1	1		463.6			2964.75	2539.09	2733.67	2672.53	1183.46			1802.49	2405.12	1515.42	1642.34	1612.04
MPO	7	7	11742.9	14739.8	13795.8	6476.91	7322.66	8124.53	6925.8	8592.93	20228.6	16106.4	26150.9	29712.9	14408.3	22493	15920.6	13811.3
MPP1	10	10	2235.97	2051.81	1723.2	1454.08	2130.76	2325.3	2287.23	2385.01	18746.4	20883.1	18727.5	16479.4	9438.2	9000.78	9291.57	9274.79
MPP2	3	3	1994.77	2149.91	2705	2289.48												
MPP7	5	5	3399.04	3719.73	4185.7	3581.88	2038.17	2138.36	2037.97	1610.79								
MPRIP	21	21	9100.09	11477.2	13327.4	12647.8	6102.17	5671.98	5336.11	5841.15	2446.67	2836.1	2381.29	3620.46	3917.64	2659.49	2595.51	3024.27
MPST	9	9	11455.9	13685.7	15430.8	17718.7	14166	12098.3	12096.8	10628.4	15553.9	15554	14296.8	14965.8	13097.3	13532.1	14675.2	11975.8
MPV17	1	1	3663.3	3151.96	4869.52	3214	3048.52	2530.08	2360.63	2596.07	11509.3	9955.92	8628.55	11690.8	10174.5	9387.21	7505.35	9513.11
MPV17L2	1	1	1156.04	872.472	1125.8	1401.32	1133.46				2117.29	2012.94	1601.03	1845.96	1904.1	1531.75	975.216	1511.19
MPZL1	3	3	2872.17	3048.94	4832.05	3591.47	2552.93	2620.22	1829.21	1446.84	3393.07	2870.3	1828.84			1766.57	1193.64	2536.6
MPZL3	1	1													1703.49			
MRAS	1	1	2884.56	1793.17	1597.6	2122.24											1376.39	
MRC1	21	21									24906.6	36583	25120	27195.7	5521.58	6147.35	8252.09	6101.46
MRC2	5	5	46326.3	44171.8	42888.2	42416.1	13613.9	12810.1	11075.7	11492.7			2603.77		3660.58	3141.1	3274.76	4226.35
MRE11	17	17	7122.88	6011.79	7968.35	7798.94	14205.8	12886.9	11281.8	10375.1	9001.68	8878.79	7916.29	8598.79	10050.4	8752.05	9638.26	10050.6
MREG	1	1									2430.94	1059.42	1634.72		1149.14	736.514	1211.59	1777.58
MRGBP	2	2	4440.37	3644.56	4909.8	4224.44	7206.22	9039.58	9057.15	8551.6	4014.62	3367.36	2927.13	4084.39	3940.8	2347.92	3508.95	3646.69
MRI1	7	7	4145.84	4003.41	3510.21	4398.52	6285.81	6457.62	5870.05	5625.68	3612.7	4743.16	4021.64	4838.99	3670.06	2957.74	3922.45	3686.98
MRM1	3	3				761.982	4765.15	3355.64	3655.19	2212.33	2009.35	1631.77	2361.49	2231.95	2443.19	2842.96	2595.24	2835.77
MRM3	4	4	2884.78	5063.36	3400.72	3259.5	8246.54	5917.97	6151.16	7120.35	5849.75	6064.96	5076.46	7173.95	10221	8200.49	8178.95	7721.45
MRNIP	1	1	1205.03	1047.56	915.786	1125.12		861.941	1258.42	1134.48								
MROH1	18	18	3194.54	3191.31	3333.48	3350.18	4672.32	3657.59	3593.79	3448.06	9202.14	10402.4	9871.97	10289.7	6865.69	5423.11	5820.83	6654.74
MRPL1	7	7	6227.25	7316.66	7346.08	6928.82	9212.84	7517.43	8961.71	8365.5	6459.75	6469.08	6624.97	6550.91	8155.03	8517.16	8614.6	9150.72
MRPL10	3	3	2926.91	3766.48	4306.48	3218.71	4036.98	3452.94	3183.97	2996.31	5606.18	7704.16	4632.46			7890.98	9101.82	8221.76
MRPL11	10	10	5897.07	6393.13	5305.77	5674.5	10045.3	7983.79	8078.62	7864.46	7451.82	6778.82	6113.76	7613.59	10321.3	8984.76	9060.35	9808.25
MRPL12	7	7	17372.9	17054.4	18102.6	17297.6	33778.4	31547.9	34136.1	30136.6	20883.1	21826.9	17233.6	21774.6	24591.9	24742.9	25759.3	26337
MRPL13	7	7	3688.58	4127.99	5237.94	4951.3	3953.21	4591.7	4878.86	3974.75	7018.33	6638.53	7068.77	6825.45	6704.23	8459.34	8493.49	7046.62
MRPL14	6	6	4799.05	5057.1	5018.07	5573.78	8298.29	9564.92	9451.66	8038.21	6657.59	4985.66	5052.83	6202.41	7322.17	6855.6	8235.47	6841.62
MRPL15	13	13	5475.48	5660.18	6757.92	5870.86	9250.38	8531.05	7997.91	7251.14	7609.03	8466.88	7904.88	7783.78	10221.9	10635.8	11464	10754.1
MRPL16	3	3	7163.77	7776.63	8152	8099.74	13380	13120.3	15115.1	12852.4	11632.3	9851.87	9980.99	10579.2	11272.3	12528.4	13372.4	11245.1
MRPL17	5	5	13277.1	14694	18466.3	14928.5	19731.4	22843	22344.1	19203.5	23435.4	22485.5	14614.5	17045.3	23591.9	26110.7	26132.9	23385
MRPL18	4	4	7386.49	6052.31	8431.71	8987.37	11403.3	13119.2	12182	12057.4	8698.93	8193.43	8530.41	7534.58	10828.7	11525.2	12607.3	10363.8
MRPL19	7	7	8959.03	9658.17	11221	9906.35	17173	14343.1	17299.5	18369	12275.4	13429.7	12526.7	13570.5	16313.6	15949.7	19339.3	17747.1
MRPL2	4	4	2324.06	2758.64	2581.5	2223	5314.22	4083.47	4118.86	3882.27	4605.66	4282.1	3900.12	4691.68	6261.14	6109.96	6177.52	7169.06
MRPL20	4	4	1258.93	1892.63	2571.1	1589.01	1438.44	1628.79	1347.59	1790.75	2651.42	2871.65	3651.43	2189.48	4249.59	4878.18	3939.24	3396.24
MRPL21	4	4	5218.09	5336.06	4978.91	7242.62	10579.4	9571.05	9639.5	8295.16	6784.97	6489.5	5556.94	7178.6	9982.77	8255.14	9970.53	8944.67
MRPL22	5	5	3193.71	2653.63	4269.97	2794.68	4519.11	4013.69	4030.35	4993.55	4447.43	4506.62	3938.97	3514.78	5033.12	6508.99	6086.19	5195.41
MRPL23	3	3	1927.15	1669.61	3229.15	1442.43	1636.9	1121.42		1439.7	4686.84	5073.05	4529.08	3578.25	5399.33	8532.78	7723.77	7156.08
MRPL24	1	1	6166.05	5552.58	4088.48	5860.25	10138.9	12941.8	11175	8311.8	7776.9	6418.61	6058.22	7518.36	7644.2	7309.24	8176.28	8883.9
MRPL27	2	2	4090.27	4695.87	4876.87	4930.57	8311.54	6865.1	8373.5	5283.32	5038.64	6133.33	4197.06	5884.66	7428.78	7366.08	9235.78	6675.48
MRPL28	7	7	4159.3	4393.52	5753.72	4602.22	5261.1	5768.91	6735.47	5642.67	9957.29	7936.17	7779.42	7555.87	9527.13	9944.35	8941.28	9909.64
MRPL3	5	5	2988.78	3104.32	3680	3341.79	5353.8	4517.68	5890.31	4822.89	4277.86	5338.65	4382.23	5279.01	6027.37	6579.67	8474.02	6287.09
MRPL30	1	1	695.637	533.779	1021.19	931.239	572.485	1335.96	505.011	477.05	924.509	1105.62	591.707	878.77	1580.08	1960.74	2187.16	1566.07
MRPL33	1	1		347.602	697.015	423.808		333.633			1129.39	1467.11	1577.56	1032.46	1703.87	2401.9	2381.24	1599.61
MRPL34	4	4	4770.25	5451.08	5640.6	6029.25	7140.4	9436.78	8039.5	9019.1	6086.8	5431.67	5370.66	5890.12	6930.01	9445.01	9237.59	8695.76
MRPL37	11	11	9667.48	8484.96	7307.29	8511.88	12107.5	12314.8	10079.5	9760.54	11097	9966.38	10571.1	10399.8	15241.2	13383	14614.4	16673.9
MRPL38	10	10	8264.24	7849.95	8328.71	7618.98	13227.8	11819.1	11517.8	11935.6	10563.7	10349.9	8439.5	10417	15230.4	12031.3	14522.5	14156.2
MRPL39	8	8	17893.5	17677.7	19927.2	20303	26490.8	29091.8	25864.1	26323.3	21897	19412.2	22228.7	22051.2	28669.9	26558.1	27217.3	28695.2
MRPL4	4	4	3146.09	5544.6	6654.27	4966.18	4409.17	5904.58	5074.56	3962.35	6791.19	8397.3	5449.37	5864.46	9931.07	9785.53	11239	10592.4
MRPL40	3	3	14235	13741.7	14778.7	12185.2	18002.7	12679.3	17131.4	13805.6	15179.7	12133.4	11243.8	14284.3	18094.1	15231.1	16204.5	17916.5
MRPL41	5	5	4788.89	5088.13	5931.72	6193.95	8604.29	7203.7	6177.77	5725.7	8432.67	8057.94	7720.94	6999.31	11653.4	9327.38	10512.2	10761.4
MRPL42	1	1									674.261				753.949		612.548	
MRPL43	7	7	4491.6	5054.75	4782.22	4813.16	6450.45	7087.38	6842.81	6524.31	6514.47	5927.61	5805.71	5549.55	8363.08	8971.18	10964.4	8544.68
MRPL44	5	5	4839.25	5345.33	5211.74	5198.29	6663.1	7194.95	6800.42	7586.67	5495.69	6575.25	5500.94	5316.31	6735.26	8184.93	7543.7	7274.77
MRPL45	3	3	3106.06	3084.56	3128.03	2849.23	3077.93	3572.74	3525.37	2387.57	5238.93	5437.41	4789.73	5746.83	8131.23	7063.53	7491.4	7926.7
MRPL46	4	4	5964.66	7075.56	7396.69	8042.31	7011.71	7268.61	6485.06	7198.02	7136.69	7349.96	7375.73	7831.58	10309.3	8558.09	10226.7	9460.51
MRPL47	4	4	3369.63	3802.23	3084.35	3108.61	5824.72	5824.74	5313.09	4587.3	4764.01	4980.65	4652.14	4989.53	5652.06	6124.4	6178.65	6797.58
MRPL48	2	2	5679.62	6673.85	7262.19	6507.6	9226.97	8345.21	6845.28	7302.69	7197.01	5820.61	6297.87	6951.52	7635.73	8654.17	8364.8	8297.87
MRPL49	4	4	4197.33	4342.95	4585.34	3983.62	4872.36	5956.48	3842.16	3895.08	5514.19	6565.51	5793.32	5484.05	6591.38	7745.58	7673.15	7915.69
MRPL50	7	7	3405.5	4025.26	5857.89	3713.62	7289.13	6762.01	7212.35	6347.58	6714.96	7182.08	6864.06	6532.78	8661.01	8410.23	9350.91	9898.86
MRPL53	2	2	8424.27	6966.36	8163.11	7314.9	13106.7	13437.9	12502.7	10157.5	7087.69	7944.35	6202.51	7375.58	11670.6	8942.48	11904.7	12027.5
MRPL54	1	1	4181.16	4224.07	3830.7	3173.09	8632.06	8393.56	7071.95	6220.65	7919.81	5843.73	3705.56	5393.49	9764.1	6921.49	8386.64	7904.96
MRPL55	4	4	415.555	366.566	1092.9						1718.66	1919.8	1663.24	1489.35	2892.1	2560.83	3480.35	3052.41
MRPL57	2	2		1312.19			2574.79	1338.65	1305.9	1378.05	1912.82	2150.06	2413.61	2303.92	1719.46	1708.23	1731.27	
MRPL58	3	3	19104.5	20434.8	30784.2	34475	44555.5	37910.8	30490.1	24022.8	46397.9	47236.2	33494	52044.8	39297.8	34315	33110.8	44772
MRPL9	6	6	4236.58	5404.74	5686.31	6350.72	6535.16	7056.43	8291.85	7967.54	5269.25	6518.77	5844.88	4434.17	5980.06	8505.65	7886.87	7225.88
MRPS10	3	3	580.945	706.099	1130.21	811.873		657.613			1384.32	1983.5	1821.3	1496.53	1802.53	1925.79	2246.12	2586.37
MRPS11	5	5	2247.51	3974.48	3539.43	3274.51	3975.68	2849.26	2569.67	2537.34	4548.1	7141.73	5878.56	4765.31	6397.82	7317.74	6171.62	8046.64
MRPS12	2	2	3838.92	2391.4	3754	3996.16	3336.82	2876.55	3017.58	2880.59	2636.02	3613.39	3679.03	4434.84	5320.99	3944.9	5294.87	5103.61
MRPS14	2	2	2033	2036.78	2044.58	2056.97	3392.36	2697.26	2563.7	3290.04	3987.93	2794.43	2575.37	3132.49	3372.15	3518.45	4106.63	3097.84
MRPS15	4	4	3753.21	3813.57	3522.33	4924.74	7689.24	6139.54	5534.61	5900.36	6366.9	6372.05	4873.83	5626.24	8216.04	8627.74	8278.2	7335.86
MRPS16	4	4	6196.29	6662.79	7201.83	7701.81	12940.9	11885	11127.1	10972.1	10715.5	12275.5	11464.4	10742.5	13556.1	14267.9	14975.6	11289.3
MRPS17	2	2	2195.87	5219.74	4540.99	4268.28	4611.62	5659.49	5195.44	6691.03	6249.36	7255.18	6757.42	5500.82	7619.76	5103.34	8522.99	6950.2
MRPS18A	4	4	3247.65	3717.99	3648.36	4341.28	6333.37	5367.13	5961.66	4577.76	4073.34	4666.22	4127.72	5132.01	7483.75	5143.96	6034.41	5566.51
MRPS18B	6	6	3546.83	3148.05	3992.47	4066.31	4984.87	6343.83	5688.94	5648.07	4788.03	6155.14	5737.23	5125.7	5860.37	7247.8	7477.99	6593.66
MRPS2	11	11	7355.31	7454.2	7433.76	9053.42	11283.5	12613.8	10028.3	10661.3	12704.4	11969.9	12243	14043.6	15846.4	15472.4	16029.4	15216.4
MRPS21	1	1		399.373								1094.25	1088.48	826.125	750.578	1183.08	1218.62	1146.02
MRPS22	11	11	9907.61	10690.3	9349.29	10297.6	18316.5	16033.8	17420.3	15743.5	17217.7	14577.8	14208.9	18178.5	20750.2	18526.5	19302.3	21487
MRPS23	8	8	10420.8	12694	12183.1	13776.3	15155.9	16375.1	15754.9	16062	17078.6	16864.1	12938.6	16149.9	18505	17480.6	20476.6	19212.7
MRPS24	4	4	2467.53	3129.35		1973.5	4235.91	2697.75	4075.16	3414.13	5010.36	3459.43	3238.78	3344.29	5865.87	3625.1	3772.52	4259.94
MRPS25	7	7	7824.74	7649.32	8885.92	8220.29	15246.2	8031.9	8441.01	9530.07	12462.5	13526.5	11340.3	13281.6	16398.2	14296.3	17227.1	18143.4
MRPS26	4	4	5463.81	5594.09	5354.82	4154.04	9117.81	6528.21	7832.89	7088.96	7682.72	6950.97	9979.84	8502.03	9444.66	7493.1	10182.6	8780.39
MRPS27	10	10	7016.18	5737.43	5888.23	5923.55	10431.5	8613.8	7825.28	7660.43	10387.2	8812.47	7999.75	9297.68	10392.8	9639.9	11860	12020.1
MRPS28	4	4	7963.6	9669.56	10483.2	10335.4	14539.1	14435.9	15719.1	15054.3	14234.5	15308.9	11975.2	15132.3	16610	17969	17095.9	17114.4
MRPS30	4	4	762.655	1409.35	1403.19		656.087	570.88	683.23		2230.68	2456.84	1607.19	2234.05	2072.92	3124.23	4089.6	3397.23
MRPS31	7	7	5291.68	5713.13	7747.39	5612.13	8267.98	7013.32	7101.06	6565.89	8248.07	7595.79	7406.72	8404.43	9629.97	9320.81	9360.01	10434.8
MRPS33	2	2	6384.75	6382.05	8686.93	6997.51	4975.72	4881.41	5899.73	5367.45	7523.7	8829.71	7434.92	11137.1	11647.2	10983.4	12535.3	10596.1
MRPS34	5	5	8669.85	10001.9	12282.7	10911.7	11433.8	15666.7	12525.4	8610.27	18090.1	21540.1	19083.9	14923.9	22406.2	26479.6	26591.1	23087.2
MRPS35	6	6	4945.53	5063.33	6573.79	4743.27	5588.98	4840.57	4665.47	4633.93	9166.44	9753.01	10618.1	9583.48	8804.11	10347.4	11277.6	10510.4
MRPS5	8	8	2793.53	3209	3242.97	3181.28	4888.6	4493.1	5147.22	3984.94	5169.74	4718.96	3277.34	3668.2	5500.73	7017.17	6817.75	5467.28
MRPS6	5	5	4698.42	4139.26	4112.45	5778.48	5545.6	8729.9	7065.01	9364.82	8540.33	8023.91	11822.4	7290.21	11628.9	11337.9	13846.3	11671.5
MRPS7	8	8	4844.34	5960.12	6110.38	5869.76	7061.85	6209.07	8179.83	5478.8	10072	10044.7	10396.4	10294.8	12193.6	12580.1	13586.1	13631.7
MRPS9	5	5	2963.44	3245.01	3653.8	2476.34	5406.28	4525.19	3207.06	3769.06	5481.7	4987.85	5056.22	5278.74	6281.18	5399.81	6998.77	6844.08
MRRF	5	5	6285.91	4597.22	6743.09	5334.49	10999.3	12172.8	9910.78	10567.8	10608.5	10181.7	8737.3	11258.3	10855.3	9792.4	12331.5	11381.1
MRS2	3	3		2076.27	3597.5	4138.37					2307.12	2505.56			2709.92	2084.18	2205.32	2095.51
MRTFA	3	3	1081.25	1361.38	1205.87	1022.07	1097.96	947.356	1069.7	826.964	853.336	997.813	939.171	1129.91	977.453	906.724	892.963	1118.45
MRTFB	4	4	1843.87	2005.34	2315.27	2916.59	1748.15	2512.45	2546.06	2630.04	2243.83	2298.98	1541.68	1984.47	2056.88	2474.85	2554.23	2022.55
MRTO4	6	6	17712.8	14370.9	15636.1	17113.7	23196.7	24450.7	24232.3	21977.2	15318.9	15725.5	9907.28	15098.9	16905	18684	20995	18486.7
MSH2	17	17	10303.9	8264.25	10401.6	8957.09	16921.5	14128.7	14930.7	13873.8	8946.41	9829.06	9367.41	9158.06	6713.31	6571.87	6869.25	7099.72
MSH3	7	7	3867.91	3557.8	3809.05	4600.99	6766.47	5787.84	5965.97	5417.87	3946.45	3604.98	3494.45	4295	4856.69	3390.83	3339.68	3810.61
MSH6	15	15	5158.53	4606.6	5727.64	5533.95	8772.6	9082.17	7589.21	7287.53	6420.49	6278.68	4706.35	5499.73	4818.52	4279.76	4537.67	4377.88
MSI1	2	2					3127.02	4570.08	2590.12	2986.11								
MSI2	3	3	6620.38	5806.2	5664.32	6319.01	10165.9	9455.85	9377.61	11721.2	2384.96	2312.24	3008.2	2528.83	4308.75	3796.21	3247.71	3808.38
MSL1	1	1	774.886	538.018	708.463	480.433	1871	1308.41	1464.34	1177.58	1114.16	761.648					930.467	
MSL2	2	2	672.837		618.411	838.275	1362.79	1318.81	1697.09	1213.74		470.543				641.378	565.856	
MSL3	2	2					1783.63	1218.12	1550.31	1396.94		1070.63	1144.78					
MSLN	11	11	29560.8	1717.25	1061.88			617.104		1488.39	1050.65	900.884	1183.22	1324.51	1014.81	1194.11	913.338	994.43
MSMO1	1	1	1025.24	719.797	1419.47	851.675	518.781	900.772			844.489	1540.67	1831.97	1139.39		463.892	751.012	706.29
MSN	24	24	197221	237276	242398	248788	100327	95926.1	97136.5	93193	282082	347942	271992	282979	240893	290829	304183	306770
MSR1	2	2									478.056	907.059	706.608	703.924		335.439	337.469	
MSRA	3	3	1460.93	2303.65	1840.67	1841.42	1949.06	2957.96	1052.17		12603.2	12866.5	11104.3	9424.51	11639.2	17478.6	19438.4	13838.9
MSRB2	2	2						2903.47				2592.8				3064.91	4101.25	3452.06
MSRB3	4	4	6918.28	8274.56	9657.47	11284.2	1801.76	1131.83	1731.12	3026.68								
MSTO1	5	5	2932.16	3178.64	2611.93	2337.02	2715.15	1392.8	1082.79	1407.41	2308.69	1906.69	1919.45	2018.41	2069.93	1514.84	1843.32	2422.09
MSX2	1	1	752.686	1189.23	1650.29	1424.2												
MT-ATP6	1	1										642.79				1063.07	906.621	
MT-CO1	1	1								970.266	4336.78	5339.08	4147.19	2034.21	1662.04	4299.43	7958.56	2798.77
MT-CO2	5	5	119174	114067	91372.9	119312	199115	219655	155072	195670	335234	350193	341107	366251	351740	423020	494354	465054
MT-CO3	1	1			546.475						1488.69	2473.65	1159.22	569.392	1254.94	2545.76	2898.96	1333.39
MT-ND4	3	3	8876.25	11740.4	11983	14287.4	7256.45	8953.31	5878.9	3867.12	18714.3	25641.2	25889.4	23112.1	20929.5	29715.8	30423.7	25520.8
MT-ND5	4	4	1757.4	2332.67	1930.22	2087.51	2092.66	2579.95	2390.14	1686.12	3156.11	4299.38	3151.71	3464.59	2826.82	4376.74	4751.47	3962.14
MT-ND6	1	1									2941.69	2230.73	2739.21		2292.88	3480.8	3459.01	2743.89
MTA1	6	6	6500.21	5522.79	7248.24	6464.74	6782.59	6048.23	6260.51	5747.33	2836.48	3185.07	3622.77	3543.28	4607.73	3260.97	3248.51	3771.2
MTA2	15	15	14324.9	11384.5	16030.4	15259.9	20081.5	19131.6	18093	18752.5	17268.7	16351.6	14730.8	15883.7	14314.7	13291.6	14762.8	14800.7
MTAP	12	12	15985.7	16082.4	18490.1	17666	22276	20021	20140.2	23200.3	23411	26939.5	22367.4	24920.7	20967.6	20464.2	22061.3	20312
MTARC2	1	1								1677.45								
MTCH1	5	5	4170.89	4074.45	6428.84	4378.07		4869.54	4683.35	6095.95	16302.8	18143.5	15922	13463.9	16833.4	18838.8	20637.9	19119.1
MTCH2	10	10	18824.6	27475.7	38342.4	32645.7	19181.5	17845.4	16726.3	15539.7	63611	78159.5	67906.9	58794.4	52762.9	53890.9	58774.3	55939.3
MTCL1	7	7	3033.66	2543.4	2300.2	2277.16	2916.59	2750.42	3027.2	2223.03								
MTCL2	12	12	2551.91	1645.39	1755.72	2042.46	3604.52	2632.46	2747.69	3165.48	2500.88	1955.63	2005.24	2433.21	1458.1	1552.65	1745.15	2202.64
MTDH	19	19	53441.5	56528.4	59072.1	65572.8	47394.1	47767.6	44262.2	42926.2	58447.2	60123.7	49629.5	58247.5	65653.6	58985.1	70179	68751.1
MTERF3	2	2				949.56	1887.59	963.963	1752.92	2150.31	1357.01					906.409	670.628	
MTFMT	5	5	1788.77	2330.11	1501.56	2426.38	1975.93	1831.85	2428.84	2503.37	4125.88	4636.53	3135.54	5247.32	3103.57	2744.45	3323.91	2920.47
MTFP1	5	5	1257.05	1382.46	1696.66	2023.36	5395.55	4691.08	4968.74	5115.34	4938.09	6299.21	4171.88	6066.67	4487.83	5419.44	4915.14	4720.17
MTFR1	2	2	880.076	1566.94	1209.19	2627.47	2312.67	1477.42	1494.95	1722.8								
MTFR1L	4	4	3737.65	3660.57	4411.34	4151.79	3270.21	3827.51	2399.96	2242.46	5863.28	4435.22	5865.83	5447.97	4080.56	4554.24	5254.12	3674.18
MTFR2	1	1					1777.31		1925.88	1695.27								
MTG2	1	1			697.523	631.254									1002.31			1319.44
MTHFD1	34	34	38630.5	40643.1	44710.2	50568.1	46836.4	45669.7	42594.5	44634.7	80516.4	84283.1	68841.6	77036.6	69404.6	69336.1	82702.8	73780.6
MTHFD1L	25	25	33977.8	37235.9	33233.6	37795.2	20707.5	19070.3	19232.6	20361.2	17155.3	19905	14466.9	17904.3	35637.9	38538.9	44101	38747.1
MTHFD2	11	11	27550.2	24966.8	27787	27932.4	5827.61	6711.04	5744.25	5700.6	12042.1	10895.4	8737.22	11453.4	23606.5	29416.8	35048.2	25222.3
MTHFR	13	13	1456.74	1431.85	1353.55	1230.75	2827.65	2171.29	2830.59	2306.47	9221.67	12183.8	8592.35	10243.9	5666.19	5524.41	5164.26	6435.03
MTHFS	2	2	2226.88	2488.26	2210.7	2838.21	23985.2	22743.8	21797	22784.2	6078.71	5115.51	4035.48	4703.08	7763.75	8549.22	8681.79	7639.7
MTIF2	6	6	2372.06	2792.09	2456.06	2836.94	2316.44	1969.97	2399.13	2408.78	4872.03	4955.65	3983.23	5028.26	5123.01	4569.39	5527.05	5295.56
MTIF3	3	3	1035.79	1185.43	1979.35	1776.64		1456.91			1955.89	2086.94	2561.72	1632.25	1948.59	2876.22	2908.94	1940.46
MTM1	7	7	3461.79	3298.02	3795.89	2748.73	3848.84	4253.34	4226.42	3232.26	7732.15	8039.6	6738.2	7387.92	6568.99	6575.43	6451.9	6486.5
MTMR1	6	6	3798.08	4515.53	5282.34	4783.41	4695.58	5190.54	5742.39	3937.65	2835.06	3158.79	2586.88	3233.99	3483.42	2670.52	3595.89	3837.92
MTMR10	9	9	2384.72	2224.12	2281	2859.18	2078.28	2228.93		2219.98	3668.08	3421.64	3160.71	3556.66	3445.99	3536.43	3976.73	3858.29
MTMR12	5	5	2332.78	2439.59	2244.46	2511.7	1739.97	1764.54	1854.14	1817.26	2822.49	3919.9	3182.12	3430.73	2474.16	2296.56	2222.98	2595.68
MTMR14	8	8	2756.37	2285.52	2907.51	2478.49	3255.57	3576.68	3150.06	2047.36	13313.9	12127.7	11709.3	13394.4	8046.95	8392.52	7875.92	8997.8
MTMR2	7	7	7305.91	5952.82	7019.9	7058.27	3464.75	3665.91	3464.35	3614.42	1809.78	1995.15	1654.62	1688.3	1740.95	1371.69	2008.31	1998.94
MTMR3	2	2	1062.46	873.148	743.964	935.566	1389.75	1388.47	1354.88	1338.49	1511.45	1617.93	1798.86		1600.21	1428.02	1542.35	2015.06
MTMR6	11	11	13146.8	10074.3	10688.1	11993.6	6577.12	6827.5	6658	6565.75	8400.15	10006.9	9084.55	9804.09	8200.4	5678.22	6282.51	7816.2
MTMR9	6	6	6754.01	5981.74	5225.38	6893.74	4819.4	4530.75	4579.7	3849.27	5377.38	4829.26	4637.75	5273.13	4283.5	3691.14	3925.87	4003.86
MTNAP1	3	3	2787.28	2752.88	2507.24	2675.18	3081.52			2443.48	2378.98	1523.54	2020.13	1336.26		1894.07	2486.09	2332.51
MTO1	4	4	1891.89	1635.03	1513.52	1239.27	1426.5	1430.47	1673.55	1396.93	1133.19	1008.29	881.992	1288.82	1269.5	1208.74	896.217	1245.19
MTOR	32	32	3793.84	4106.59	4295.88	4223.82	3953.77	3706.16	3414	3862.06	4847.79	4991.05	4901.87	5418.46	5255.8	4691.69	5481.14	5456.41
MTPAP	7	7	3621.35	4451.65	4414.35	4509.12	4454.86	4178.95	4707.14	4203.06	5454.09	5380.46	5235.92	5075.69	5272.05	5104.62	6066.83	6415.17
MTPN	6	6	14524.5	17625.2	21657.1	17185.3	15782.3	15546.2	15603.7	14940.9	15157.3	17942.8	9729.93	14582.8	13381.1	17976	18083.8	13549
MTR	23	23	55594.8	58944.2	62525.7	66035.7	32996.9	31076.3	32119.7	28701	35515.4	41685.9	42135.7	39824.6	33193.9	35596.3	40105.2	39477.4
MTRES1	2	2	8068.91	4903.16	2991.52	4828.35	4372.3	3609.32	3760.67	3126.78	6498.57	4825.71	4203.91	6441.08	7217.02	3673.75	5033.57	5144.57
MTREX	20	20	6596.2	5986.31	7123.15	6867.47	10121.6	9757.11	8363.61	8226.27	6620.5	7363.79	6476.36	6877.17	7713.63	7839.89	8304.3	8142.99
MTRR	4	4	923.831	881.42	934.108	1071.6			686.88	410.396	1064.63	1477.98	1549.65	1541.6	1221.11	1132.15	1455.09	1212.16
MTSS1	9	9									3877.49	3725.82	3560.43	4765.14	948.259	705.026	608.558	968.424
MTSS2	1	1				379.357	762.034	727.425		433.27								
MTUS1	1	1										197.636				168.222		
MTX1	8	8	2206.74	2500.12	3451.16	2922.02	1646.3	2439.61		1366.29	3877.68	4173.98	4138.88	4031.65	5816.82	4871.11	6340.23	5012.38
MTX2	5	5	3977.84	4921.87	4823.22	5212.2	6124.32	3139.02	3646.84	3434.04	7895.93	8836.57	7874.16	7039.63	8946.16	10832.4	12758.8	10116.8
MTX3	1	1			1170.8			1254.83		1486.32								841.485
MUC3B	2	2	2987.51	2531.67	6252.55		7608.65	4082.45	4817.24	4542.12	11365.5	6817.86	26262.2	31762.9	8057.8		5968.25	
MUC5AC	5	5	2712.32	2086.62	1953.07	963.747	1180.54	1093.15	1527.92	1217.83	3186.26	2581.29	2127.43	5500.29	916.766	2321.09	1322.73	684.291
MUC5B	11	11	14677.3	17821.1	30403.8	6054.4	6638.51	7863.82	4770.44	9001	18571	21475.6	29350.1	24550.6	15938	27403	22553.3	16321
MUL1	1	1										1577.92	1597.78		952.795	894.984	704.886	996.937
MVB12A	1	1	18205.2	18098.7	14544.5	19536.6	13224	14545.4	14819.1	12095.3	13766	13960.3	13260.9	13545.5	11181.5	11999.8	10737.1	14534.1
MVD	11	11	20096.9	20425.2	23984.1	23795.3	24768.4	26759.3	22857.2	20679.5	21618.3	24853.2	18876.8	19258.3	9439.92	7721.16	7900.57	8896.19
MVK	9	9	16245.8	17244.7	16198.4	20562.7	26532.7	27169.8	25756.5	27309.2	24220.3	27937.5	22125.8	23033.8	6678.41	5912.03	6239.21	6417.22
MVP	39	39	46169.6	52630.7	50541.4	54364.3	65498.4	62387	55537.1	55128.5	19454.4	18930.8	23865.7	18838.7	35628.7	41504.1	40570.5	42530.6
MX1	26	26	11788.4	11779.4	11426.5	16164	8180.96	9405.32	7434.38	9274.22	127755	129032	124127	131068	16551.8	20188.8	18845.8	24030.4
MX2	17	17	2694.57	1842.86	2239.94	2314.7					20319.3	19638.7	18038.5	22613.9	6941.61	5346.06	5288.17	6830
MXRA7	5	5	32090.6	20343	17570.2	26638.8	19101.5	22402.2	14967.4	13226			2017.93				1543.75	2965.78
MYADM	1	1	14837.5	24146.3	19647.5	29312	8265.31	11221	6895.97	7948.82	11006.4	11866	12911.2	11846.6	4615.46	7781.42	9910.4	4578.61
MYBBP1A	36	36	10725	10595.7	11242.5	10301.3	15665.3	15251.6	14005.3	11769.1	8120.95	8037.32	7808.38	6934.85	9690.06	10594.1	12016.9	10502.6
MYCBP	7	7	7062.62	7600.8	11197.3	9729.39	12221.3	5738.93	10785.1	6047.65	8488.68	12866.9	11546.8	9490.12	14741.9	16397.9	16842.8	16464
MYCBP2	23	23	3666.86	3300.37	3936.28	3605.29	3118.98	2798.84	2834.92	3059.73	3828.89	4023.35	4234.81	4504.98	4711.01	4225.62	4376.96	4833.45
MYD88	6	6	5394.98	5990.28	6750.35	8465.6	5642.79	4807.96	5200.64	6051.33	7864.56	9286.43	8091.8	8364.7	7494.35	5866.06	6609.93	7463.22
MYDGF	6	6	56024.2	63531.2	84448.7	84144.2	20184.1	23787.3	18337.9	20805.1	52015.3	68739.5	49915.1	47555.7	42361.7	44343.3	59318.1	42138.2
MYEF2	7	7	8607.73	8574.33	8927.77	9713.06	41655	44267.3	39618.6	38154.2								1182
MYG1	6	6	9520.09	8991.78	7683.28	7025.11	9522	7952.12	7420.25	6816.64	6587.23	6755.98	6855.71	6766.47	6497.68	6830.72	7886.47	7542.83
MYH10	84	84	58079.2	55802.7	62771	61050	7837.79	7632.3	6453.54	7345.85	2469.79	2347.62	7455.52					2834.89
MYH11	3	3	23716.9	16084.4	5095.74	11477.7	22191.1	14267.7	15219.2	10154.7	3650.46		2336.48	5824.19	6531.82	1506.11	1714.42	5735.98
MYH14	21	21	3606.09	3241.11	5051.96	3084.43	3313.87	1875.55	4333.84		5413.38	4442.78	7611.67	7766.11	24099.9	2797.92	3074.36	5968.49
MYH9	103	103	540881	699738	688827	761583	371003	357749	356504	345329	170488	194966	184298	170377	188124	193474	200677	196268
MYL4	2	2	1895.84	1516.33	2239.86	1466.31												
MYL6	7	7	618440	1.00656e+06	1.05934e+06	1.13991e+06	396137	460241	359124	269079	456059	551054	552959	454011	382742	594504	574317	459121
MYL6B	8	8	7042.84	6924.19	8359.61	8254.81	7502.58	6870.08	6182.43	7099.39	3940.88	4432.87	4602.69	4524.68	3596.76	2881.3	4282.33	3892.41
MYL9	2	2	4226.68	4739.45	10004.4	4485.96	2720.48	2885.41		1880.3			5906.06					
MYLK	21	21	2414.03	2113.23	2540.88	2688.52	3823.9	3754.05	3314.82	3441.73								
MYO18A	52	52	9610.25	8871.11	9735.06	9435.13	11697	10099.9	10348.4	11053.6	24782.1	25543.1	22915.4	26844.5	19468.2	18604.3	18039.8	18282.8
MYO19	3	3	2310.83	2209.68	2812.88	1953.98	2656.28	1689.11	2777.8	1606.83	2951.15	2720.99	1941.61	2034.56	2173.06	2427.29	1776.4	2149.09
MYO1B	27	27	37157.6	44589.3	44699.9	43875.4	13285.2	12368.8	11328	11888.7	2414.94	2837.6	4383.22	2621.43	5575.12	4872.08	6303.15	4451.44
MYO1C	36	36	49541.2	49488.5	55605	55756.2	40733.5	35706.8	34100.1	32368.7	10656.6	12260.6	13830.3	12166.4	8900.41	8324.88	7656.26	8753.98
MYO1D	25	25	9373.12	8553.29	10186.1	9557.65					11637.9	10539.4	11233.7	9208.53	16797.3	11449.5	16340.2	15305.6
MYO1E	30	30	8077.37	8101.14	7423.25	9041.57	13022	11800.1	10055.6	10637.8	24723.1	27657	26401.8	27091.8	26000.2	24582.5	29604.9	30402.9
MYO1F	29	29									45846.6	50714.5	45843	52044.6	66740.9	72435.4	76842.5	76730.8
MYO1G	10	10									2022.83	3389.59	4209.27	3577.25	2046.13	4229.74	3513.89	3408.26
MYO5A	37	37	6926.99	6499.01	6864.4	7459.2	4134.37	3759.47	3464.23	3260.75	6502.95	7132.64	7320.97	7233.28	4661.73	4178.69	4635.45	5436.39
MYO5B	2	2		495.647			2080.07	1952.32	1442.96	1474.59	7252.69	2387.23	4829.46					
MYO5C	2	2				6731.23	7943.88	2828.07	7546.45	4982.16		7256.5	5906.59					
MYO6	42	42	15507.7	14965	17969.2	19587.5	15034.2	14189.6	12822.6	12620.1	4474.1	5376.18	5737.9	4742.39	14816.1	13705.8	17106.6	14495.2
MYO9A	5	5	1298.6	1039.78	1580.32	1172.22			1755.96	809.092		937.755					730.324	
MYO9B	45	45	11157.5	9676.57	10311.2	10556.4	7038.44	6458.92	5579.7	5827.19	20187.5	19216.9	19729.7	20358.7	19449.2	17577.4	19416	19945.8
MYOF	63	63	92163.2	99521	115041	122287	43614.6	49163.4	39297.4	42181.9	31027	26279.9	28586.2	24275.6	52897.5	57870.7	61730.3	53225.4
MZT2B	1	1	2044.42	2324.82	2985.51	3513.81	1802.91	3085.69	2212.98	2795.6	2246.46	1679.11	2494.46	2832.85	2262.69	1742.01	2101.96	1724.1
N4BP1	13	13	2638.38	2516.04	2860.54	2848.13	2237.29	1659.05	1768.71	2007.48	3657.51	4550.09	3621.48	4485.43	2396.91	3199.54	2962.27	3016.86
N4BP2	1	1				173.779					262.661				173.219	365.306	665.956	75.5887
NAA10	5	5	5773.31	6370.05	8054.63	7772.12	5573.1	6318.31	4937.04	4490.45	6154.51	6197.65	6005.66	6913.32	5720.42	5542.29	6341.56	5960.54
NAA15	26	26	10127.3	8681.66	9565.68	9934.15	13654.9	12953	12939	12278.5	11155.3	9828.5	10414.8	10344.5	9383.61	10501.3	11689.8	10540.3
NAA16	4	4	4172.41	2342.67	3041.42	2834.75	3243.32	2195.1	2567.24	2618.33	4006.14	3059.95	3633.05	3222.62	4018.77	2208.5	2810.55	4240.27
NAA20	4	4	2194.2	2150.06	3050.91	3688.17	2061.97	3732.51	3044.04	3170.13	2804.93	3019.62	3025.82	2207.49	2801.83	3560.25	3597.06	3020.01
NAA25	15	15	8495.79	8395.47	7635.97	8058.25	11391.4	10613.8	8269.66	9144.06	6950.18	7285.89	7845.67	8130.78	8045.12	7955.12	8720.55	8480.7
NAA30	6	6	5261.91	4778.01	4625.53	4790.66	8240.45	2983.69		3422.09	6124.34	5301.09	5538.98	7006.26	7011.62	4039.05	4535.03	4945.02
NAA35	8	8	3683.23	3795.76	5425.15	5210.2	1399.87	1715.14	1904.99	1766.47	2705.54	4098.38	3332.15	3334.99	2539.48	2920.58	2712.76	3283.48
NAA40	2	2	2605.06	2439.85	2921.2	2742.22	4366.31	4267.81	4248.05	3913.7	3770.4	3822.35	2978.51	2628.13	2947.33	2461.24	2501.88	3195.8
NAA50	10	10	16462.2	19180.6	25689.2	23260.8	16345.1	17630.6	15992.9	16468	14355.7	17693.7	14554	13798.5	14509.2	14666.1	16228.9	14007.2
NAA80	1	1	1243.28	997.344	1357.21	1600.14	1278.81	1082.86	1118.99	691.69		598.758		690.824	570.468	617.843	382.651	530.808
NAAA	3	3		1103.03		2099.42				1834.09	3608.56	3898.19	3771.34	4892.43	2045.72	1948.26	2673.24	2309.54
NAB1	2	2	1004.46	690.728	856.806	817.45	1045.7	1482.31	1136.97	1287.38		766.19	722.128			751.793	582.71	967.267
NAB2	7	7	3034.54	2685.18	2923.31	2680.16	3859.71	4645.92	2988.01	3413.99	3442.22	2929.34	2379.16	3652.79	3734.12	3358.11	2645.45	3389.72
NABP2	1	1	2764.26	1796.14	3452.88	2136.66	2667.76	3107.46	2157.89	3295.34	1411.3	1714.34	1167.38	1325.82	1462.33	1595.92	1253.18	1520.97
NACA	3	3	27862.9	30112	20546.1	30318.9	37041.1	22042.4	22432.3	18162.9	27766.3	28865.4	22212.5	23563.7	26586.7	31033.6	35688.2	27648.5
NACAD	5	5	6802.52	7254.9	5703.68	8281.68	1518.63	879.546	934.342									
NACC1	7	7	5633.95	4634.21	4999.79	5567.68	7762.51	8354.43	6529.79	6197.66	6049.42	5764.55	7125.81	7198.02	5923.9	5853.04	7049.41	6854.83
NACC2	2	2		322.464	453.508			1160.94	957.904	783.107								
NAD(P)H	7	7	10378.8	15058.2	15722	13587.3	30205.4	53966.9	37282.9	35078.6	6046.03	5335.22	4819.08	4304.84				
NADK	6	6	1688.09	1372.6			1673.77	2086.37	1413.07	1600.52	7643	5237.21	7404.91	7993.88	8159.16	6550.64	7702.19	10351.1
NADK2	11	11	8266.74	8416.21	8387.84	8608.53	6427.34	5532.34	6217.25	6336.67	10403.4	8895.51	8437.04	11355.7	7905.71	5806.46	6786.3	6806.91
NADSYN1	7	7	1672.41	2011.75	2867.04	1967.72	2068.65	2601.05	2264.62	2485.22	2823.13	2894.21	3546.54	2937.35	3209.66	2728.48	3011.92	3227.49
NAE1	7	7	16335.7	14313.3	13732.3	15402.7	12990.7	15926.5	10449.5	11061.7	7847.47	8936.54	6876.85	8400.23	6822.46	7652.44	7191.29	7426.61
NAF1	1	1	713.312		1209.04	631.598					964.365	1774.2	966.865	1059.31	1583.47	909.534	1628.43	1663.31
NAGA	3	3	10146.3	15127.1	15165.5	11385	7165.52	5914.68	5732.77	4622.16	71570.4	75022.9	74419.9	70348	27962.9	41172.3	40805.8	32795
NAGK	13	13	80177.3	82569.4	103632	93177.4	15002.8	11419.1	12064	11872.9	263615	279865	272774	266461	105675	94645.3	105941	117907
NAGLU	12	12	9422.91	10039.3	10097	11054.7	3377.82	2632.68	3539.14	3106.37	16696.1	16324.2	13674.9	24813.8	7614.31	5737.59	6140.43	6743.22
NAGPA	4	4									3839.97	5366.65	3881.82	5513.45	2641.91	2381.07	2439.12	2422.72
NAIP	15	15									9303.98	12822.5	11314.4	10317.2	4546.86	5851.33	6190.25	6130.2
NAMPT	19	19	18033	20109.8	24105.8	21427.9	34432.3	31694.5	33089.7	24437.2	52888.2	77469.8	64174.9	57635.1	19339.3	20893.3	19820.7	17799
NANP	3	3	6120.54	5682.85	5885.28	6280.14	6220.68	5741.86	5526.62	4679.6	9517	8174.05	7693.79	9974.36	5073.02	4359.29	4483.91	5576.94
NANS	8	8	8806.08	13183.6	19263.3	13270.7	4349.21	6244.86	3219.61	3064.86	29877.1	41277.1	31461	22517.9	26793.4	43249.2	43043.9	28291.4
NAP1L1	4	4	31188.2	40524.5	68912.4	42874.4	16311.8	21649.3	14867.6	12605.8	58523.4	77490.9	60818.9	49765.1	102488	132273	178029	165978
NAP1L4	6	6	33309.8	36042.1	32751.6	49157.7	55262.5	60226.3	59536.8	46519.4	41665.5	47994.6	46943.6	36660.2	26912.9	28049.5	30633	20721.3
NAP1L5	1	1	4004.75	4469.44	3910.03	5011.63	3106.39	4997.12	3425.51	3685.44	2315.53	1801.84	2074.74	2845.17	2289.46	2658.39	2435.42	3087.77
NAPA	11	11	15924	19565.9	22123.1	18954	10844.8	8484.85	11617.4	9228.2	64429	82661.4	71394.3	70218.6	37996.6	34716.6	33071.2	39307.8
NAPG	11	11	10733.3	11286.4	12750.6	12309.9	7087.3	6254.99	6792.55	6261.33	13874.2	13689.2	13186	14215.6	10124.7	10046.4	11145.6	10171.5
NAPRT	15	15	3819.75	3158.77	4150.13	3157.2	6541.1	4980.35	5185	5428.47	18705.8	24130	17354	19734.1	17925.3	16932.6	15476.8	17590.1
NARS1	11	11	14081.7	18765.8	21640.2	16050.5	10060.9	7100.31	4113.98	5887	38823.1	40499.1	40997.1	36439.3	35792.9	46399.5	58785.9	45762
NARS2	6	6	6935.24	8989.46	7756.91	6643.87	12231.5	8163.67	11771.5	12038	13784.1	15214.2	13749.9	14072.8	11697.5	10480.8	11462.1	10937.4
NASP	19	19	38176.7	23703.8	28012.7	29801.9	54219.7	56997.9	51636.9	50181.3	43839.9	41287.3	30795.9	39112.5	29892.1	29911.6	30192.3	30981.5
NAT1	5	5	5867.5	3292.46	5252.83	4238.18	8840.48	2387.05	2799.38	2486.12	8020.89	8222.21	6879.88	7631.94	7404.73	9172.57	9605.91	7890.72
NAT10	23	23	12057.3	11440.1	13269.3	10753.2	22640.3	20975.4	20288.1	18697.2	10890.7	10659.5	9924.02	10020.9	13928.5	12762.2	13608.8	14369.4
NAT14	1	1	13473.7	13243.9	11997.4	15291.8	6069.86	4482.22	5455.81	3903.16	3937.95	2588.81	3640.69	3543.67	5406.75	3361.16	4117.08	3940.75
NAV1	30	30	7330.02	7099.64	7766.89	7727.58	3077.98	2545.19	2830.95	3272.59	2684.08	2443.25	2529.49	2299.21	1961.83	2367.14	2507.58	2729.53
NAXD	6	6	3214.12	3683.88	3103.67	4550.11	4162.45	4518.95	4021.82	3589.38	3836.25	3524.25	4214.05	4210.81	3923.77	3395.96	4493.28	3430.12
NAXE	7	7	6099.44	6966.69	6737.13	7911.94	14048.6	12758.7	13669.3	11979	6762.75	6705.12	6346.09	7189.23	5386.67	4680.59	5447.53	4502.48
NBAS	30	30	7093.42	7464.02	8075.84	7628.6	2844.28	2176.13	2668.85	2042.34	4258.25	4204.72	4286.88	4181.11	4087.25	4059.6	4049.07	4170.77
NBEA	4	4	2521.17	2330.82	2916.16	1878.85	1519.87	1874.05	1898.43	1496.08	3116.22	2602.7	2426.85		1979.25	2241.57	1230.7	2529.6
NBEAL1	4	4	981.763	1156.21	1225.03	1249.35	1690.66	906.468	1124.03	941.886	1014.22	646.034	772.693	1041.97	869.031	665.415	792.965	1030
NBEAL2	11	11	2325.36	1105.71	1519.91		2026.44	1741.07	1894.22	1945.53	2424.92	2057.76	2195.92	2295.94	2857.62	3116.11	2361.87	3738.34
NBN	10	10	4383.97	4810.35	4903.88	4359.31	4500.35	4400.67	5273.34	4280.36	4700.35	4634.86	4801.36	6037.54	4378.81	4298.64	4476.06	4505.53
NBR1	2	2	1703.65	1424.46	1337.7	1578.34	2292.73	2144.59	2001.97	1521.12	1948.15	2001.35	1334.47	1868.41		1237.8		
NCAM1	6	6	2963.41	2416.17	2384.73	2389.49	2581.64	1977.93	2941.34	2898.82								
NCAM2	5	5	5289.11	4535.59	3972.23	4553.96												
NCAPD2	18	18	4412.94	3641.95	4827.59	4629.06	12032	11180.7	10739.8	11582.2	6580.56	6646.66	5555.24	6247.51	4168.43	4144.95	4364.13	4568
NCAPD3	4	4	657.703	666.762	470.161	1015.4	2361.03	3179.94	2762.33	3017.96	826.764	1233.06	599.185	828.923		389.184	471.354	290.376
NCAPG	11	11	2202.74	1887.95	2465.85	2409.52	6470.67	6834.24	4714.48	5092.54	3598.82	3131.31	2887.87	3477.05	1707.87	1704.98	1761.2	2075.58
NCAPG2	3	3	2445.97		2046.4	1650.75	3867.65	4459.29	4794.11	4178.04	2894.35	1980.98	1640.47	2017.95		706.965		
NCAPH	10	10	5271.01	4529.54	6253.13	4994.94	10335.9	10829.7	10798.4	10801.6	8169.11	7049.3	7454.07	7798.11	5420.95	3817.15	3981.07	6827.14
NCAPH2	2	2	2688.89		1036.79	1238.88	2468.9	2710.76	2795.48	1983.87		1616.32						
NCBP1	9	9	19620.8	18854.4	25832.3	23828.8	31542.6	24589.2	31190.3	30809.1	25578.7	28026.2	29069.3	29250.6	24253.1	38288.6	38134	33753.9
NCBP2	2	2		1623.89	3075.66	2456.35				2136.73	2436.93	3809.94	2849.53	2583.61	2700.81	3853.26	3694.16	4793.1
NCBP2AS2	2	2	1201.76	1899.74	2028.87	1421.19	2074.88	2178.23	3135.15	4283.92	1355.58	1896.55	1165.93	1462.95	1232.06	1085.98	1064.6	1116.96
NCBP3	6	6	4765.37	4808.31	5648.27	4677.92	5261.49	5203.04	5771.57	4886.92	4693.48	4603.88	4575.91	4291.46	4358.68	4268.21	5015.87	5071.89
NCCRP1	5	5	2617.86	2558.45	7494.74	2367.19	3714.88	1971.16	3813.24	2873.87	5804.24	10140.2	11194.8	6111.32	11634.3	3902.8	3583.23	5688.39
NCDN	11	11	9042.11	10153.3	8293.1	10266.9	4050.5	3366.23	3475.07	3473.67	3632	3382.24	3389.28	3311.01	3908.85	3559.55	3921.22	4009.93
NCEH1	9	9	15064.2	16075.1	14224.7	18895.4	24282.3	22804.7	24966.2	27640.2	132439	104399	97798.9	97914	180754	136921	196908	181404
NCF2	11	11									24042.2	29980.8	28497.4	25754.4	29743.5	30023.8	33561	36236.5
NCF4	15	15		922.943							47316	57187.4	46362.1	49983.7	37753.5	35261.3	38687.8	42412.5
NCK1	9	9	4680.09	3265.27	4473.27	2839.89	3892.06	3109.51	2559.02	2737.43	5948.78	4356.44	5670.54	5759.56	8916.9	7027.2	8826.82	10131.4
NCK2	7	7	3374.35	3046.93	2427.96	2637.24	2435.67	2230.96	2010.43	2196.45	4521.45	5108.16	4516.9	5106.58	3287.73	4558.69	4298.56	4588.22
NCKAP1	18	18	12076.8	12361.3	13201.7	13923.3	10426.5	12695.6	8919.01	8926.06			2445.28		1686.16	981.682		
NCKAP1L	30	30			1450.54	1636.32		22140.8			40957.4	50905.4	41140.4	37811.2	41707.7	44264.2	57717	48885.7
NCKAP5L	4	4	5317.66	4182.68	3413.34	4180.01	5944.92	3835.75	6062.7	3549.79	3111.16	2306.09	3296.67	3467.88	4160.06	2981.1	3250.32	3323.66
NCKIPSD	8	8	3032.07	2880.24	2430.48	3007.71	3764.11	2828.39	3326.32	3351.22	3956.04	5118.84	3980	3987.21	3231.6	3476.1	2717.43	2998.56
NCL	25	25	140678	146176	158020	157730	192170	214405	212056	198697	154435	178432	129161	147226	146525	191034	197152	162005
NCLN	18	18	15558.3	18388	24213.7	21845.6	11945.6	9283.07	11082	10035.9	13268.4	14611.6	12849.3	12824.8	16540.4	15424.8	17061.5	14325.7
NCOA2	3	3	1114.23	1392.72	1603.81	1294.18	1350.11	1100.65	990.316	1166.9	1167.15	1084.21	1240.25	1157.45		966.533	947.651	742.732
NCOA3	2	2	1024.73	905.086	886.403	666.451	933.512	815.242	856.369	925.627	1031.39	1275.35	1146.68	1049.6	627.67	735.994	735.587	950.466
NCOA4	3	3	1692.29	1515.38	1202.37	1662.35	1413.25	1045.27	1492.49	1245.31	2282.72	1839.75	2515.89	2299.83	1281.01	1424.83	1380.55	1425.56
NCOA5	10	10	3687.7	3813.27	4606.4	4433.91	4230.3	4376.61	4089.99	4546.89	4481.19	5495.8	5188.15	4564.37	4923.5	5154.78	5237.77	5344.87
NCOA6	5	5	1221.56	1417.52	1282.2	1094.51	2860.28	1926.96	1739.45	1725.69	1527.31	1697.73	1516.04	1679.89	1120.95	1278.71	1151.77	1429.9
NCOA7	7	7	2467.34	1904.61	2222.85	1507.33	1127.09			545.553	1887.81	2379.8	2184.36	2366.94	1735.52	1637.93	1935.26	2057.99
NCOR1	12	12	2421.33	2200.75	2662.69	2234.76	2672.29	3147.21	3004.08	2895.22	2363.55	2419.76	2422.03	2175.75	2218.96	1985.08	1994.71	1829.55
NCOR2	17	17	2279.68	2319.8	2896.73	3009.67	3982.15	3405.73	4207.68	3824.26	1417.05	2030.58	1881.51	2078.83	2089.82	2224.26	2135.15	2199.14
NCS1	3	3	5965.58	4200.54	3826.39	4311.7	6523.57	5235.28	3878.26	4366.52	3614.67	2399.68	2809.43	3075.43	2404.26	2716.5	3638.31	2977.9
NCSTN	8	8	22191.3	20243.9	20394.3	26311.6	18048.7	14748.4	13628.2	12973	36862.5	28316.3	32927.3	41067.8	27074.9	15606.3	20475.6	22474.4
NDC1	4	4	3112.15	2208.41	2646.07	1965.5	2795.52	2794.66	2775.76	1818	2556.64	2011.09	2678.27	3644.18	2872.38	2255.3	2744.28	3120.9
NDC80	5	5	2443.6	2004.28	2173.21	1954.27	2599.63	2308.32	2103.55	2247.12	1799.05	1849.16		2098.6			1413.92	
NDE1	5	5	3128.62	2473.54	2702.66	3003.3	3802.49	3042.22	3388.68	3643.31	3548.57	3122.95	2828.2	3243.6	2712.1	2308.54	2042.64	1889.55
NDEL1	7	7	2439.95	2350.64	2436.82	2560.76	2016.5	1138.59		1236.01	879.795	619.899	1009.86	1599.65	821.939	669.73	1619.66	
NDFIP1	3	3	1499.08	1603.85			1954.33	1394.15	1917.25		3481.14	2009.11	3179.15	3414.68	1871.93		2817.2	1363.99
NDN	1	1	848.092	896.361	769.432	951.872										295.603		
NDOR1	2	2			1663.64	1850.51					2115.61	2098.1	2632.88	2182.75	2059.89	2225.71	1961.31	2037.04
NDRG1	4	4	12079.6	15084.5	15482.9	19064	3117.55	3281.11	2351.85	2775.11	4482.99	2861.17	5276.9	3433.03	8751.32	7210.51	8840.36	6924.29
NDRG2	5	5	1739.29	1901.33				1527.48		2545.2	6457.15	5771.25	5497.32	6686.76	23084.3	25613.5	26116.4	25211
NDRG3	5	5	16662.4	19047.7	16916.2	17298.2	15415.6	13029.8	14972.1	14801.3	23903.4	29827.1	26254.5	26214.7	12679.9	12551.5	17841	15096.7
NDST1	5	5	3283.16	2974.86	3218.85	3016.53	1555.31	978.865		1062.41	1520.07	1427.18	1442.76	1876.89	1296.93	1230.07	1179.54	997.978
NDUFA10	7	7	3042.13	3797.93	4314.35	3237.44		2150.93	3338.75	4234.83	7768.03	10566.8	7528.69	7133.07	9407.38	13729.8	12058.7	10436.2
NDUFA11	2	2	28480.3	35849.6	28006.3	32045.4	28376.6	26288.8	29916.2	25352.5	45120.7	50842.1	43569.1	57678.2	58057.8	63864.4	58168.3	52812.1
NDUFA12	3	3	5106.95	5096.98	6523.58	5724.18	6576.22	6019.52	4162.88	5483.45	10454.2	12853.7	11905.9	10880.1	12782	12266.2	16062.2	12207.9
NDUFA13	5	5	19959.7	18968.6	17764.4	15938.4	27726.2	18150.7	19189.6	18669.3	37656.8	28660.4	31077.5	33122.6	39006.1	28094.6	34786.8	34509.2
NDUFA2	4	4	17703.5	18169.8	16423.1	15431.8	23835.7	21617.6	28531.1	22207.8	24977.2	30017.8	18592.2	26241.5	23634.8	26712.6	25176.1	22024.1
NDUFA3	1	1									3691.11	2811.56	3200.32	2793.38		3221.22	5600.89	5425.06
NDUFA5	5	5	6649.47	7484.76	9188.74	8473.33	5545.85	6299.18	5191.09	4467.98	17051.5	19115.8	12241.3	13753.8	14959.6	18849.6	15434.1	14211
NDUFA6	5	5	10519.8	11604.6	13841.9	13421.2	10563.9	13515	9168.06	13305.1	19961	24921.3	23143.4	23256.6	25858.5	19071.7	19087.6	21633.8
NDUFA7	5	5	2599.71	2937.41	5113.2	5284.29	4239.57	4295.73	4379.56	4992.5	5300.23	5926.33	5131.5	5802.02	5545.9	5848.54	6322.38	5516.75
NDUFA8	4	4	4052.48	6099.07	6761.6	6917.39	5206.69	6959.4	7170.67	6600.41	10718.5	15745.2	15390.5	10029	12685.1	24903	18073.3	16185.8
NDUFA9	13	13	3659.55	4680.78	4408.14	5044.33	5181.46	5088.36	5049.24	5917.57	6863.17	8783.49	8095.51	7796.91	6680.28	9469.99	8804.32	7791.77
NDUFAF1	4	4	2043.68	2307.58	2428.19	2833.65	3323.53	3506.03	3449.2	2758.74	3041.49	2931.14	2361.1	2991.86	2950.13	2531.41	3474.16	2916.92
NDUFAF2	3	3	7250.33	7177.47	5423.27	8663.37	9259.79	10457.6	13308.3	10631.6	6277.76	6413.54	5789.61	6038.87	7610.54	9153.85	9435.83	8187.09
NDUFAF3	3	3	5091.24	5927.1	9301.83	5721.33	9474.34	8784.57	7644.98	7037.25	10380.5	13555.2	8778.08	9818.68	9398.89	15680.6	17690.8	10806.7
NDUFAF4	9	9	3825.88	4633.47	7117.8	5391.78	4452.3	4085.18	3716.52	3582.16	9802.29	12055.9	9871.15	9005.87	10012.8	11690.2	12484.2	12166.1
NDUFAF5	4	4	2773.46	2387.57	2644.57	2048.14	3170.32	2185.35	2156.36	2988.69	3098.14	2588.39	2693.08	2979.21	3478.75	2816.93	2908.02	3280.89
NDUFAF6	4	4	1238.22		1207.88	1024.81	1853.11	1783.83	2021.13	1499.75	1976.42	1573.85	739.402	1431.47	1460.65	1456.7	1268.44	1566.08
NDUFAF7	6	6	1346.21	1430.08	1757	1806.5	2704.67	3018.47	3137.15	2793.39	3076.44	2280.81	3017.26	3045.08	2795.75	2217.8	2502.6	3130.67
NDUFB1	1	1	1999.91	2100.07	1581.32	2393.09	4243.41	3484.48	3131.77	2710.88	4312.88	5474.08	2841.44	4959.59	5396.36	7020.2	7419.32	5927.23
NDUFB10	4	4	35341.6	41564.1	34912.9	39924.4	34081.1	33827.7	34488.1	31116.3	68541.9	71295.2	71215.1	72930	85206.2	83397.1	74395.6	72473.6
NDUFB11	1	1	5309.36	5673.14	3039.77	8267.95	12207.2	12743.5	12003.5	13043	15418.6	16983.2	7516.46	14627.4	18618.5	22357.5	19831	17286.8
NDUFB2	2	2	5194.02	4836.89	5180.37	4744.3	8897.39	6241.62	5466.59		9897.93	10134.7		7783.28	8644.69	10574.2	7424.86	8935.69
NDUFB3	3	3	5281.42	6524.79	7121.98	6928.63	7073.28	8763.08	6743.81	7648.77	8928.62	13845.5	9546.16	7461.78	9069.13	12574.9	11787.5	7819.89
NDUFB4	5	5	13757.2	21222.5	22945.5	28024	22402.2	27928.5	27406.5	30268.6	35112.6	41289	41001.3	34879.3	40788.1	43513.7	54853.6	46381
NDUFB5	2	2	2077.43	2048.92	1681.61	1812.78		1445.07			3716.63	3115.36	4184.07	4778.45	3890.49	3629.68	3604.85	4277.39
NDUFB6	3	3			3211.87	1792.45	3713.3	5027.96		3143.33	3885.63	3630.44	3481.9	3849.65	4860.45	5434.7	5373.37	5091.94
NDUFB7	1	1		2427.43	1803.27	3327.2	4074.71	4655.32	4004.58	3706.67	4474.37	4593.72	4592.73	5265.87	5507.84	3707.68	4714.31	4570.17
NDUFB8	1	1			1816.41						2511.67	7136.63	4550.4	1887.98	3294.12	8954.74	7268.12	4778.1
NDUFC1	1	1		744.301	1142.43	1071.01					1900.81	3871.86	4939.26	1965.39	1716.2	4605.13	5011.91	3288.86
NDUFC2	3	3	4323.23	2892.82	4519.95	3918.32	7425.13	4850.25	4328.82	3619.11	7058.47	5908.38	4620.41	5643.64	9799.64	8100.13	7184.53	7907.74
NDUFS1	16	16	20026.8	22059.6	20853.6	19610.5	27925.8	27047.1	23800.6	23906.2	39870.6	46149.8	37970.6	40395.8	42880.5	45797.4	47623.1	44776.5
NDUFS2	11	11	7119.96	8015.54	12710.3	10087.8	9236.88	10671.4	7442.83	7207.16	18027.7	23455.4	25358.5	17430.7	21839.9	28276	27555	22638.7
NDUFS3	13	13	17198.9	18756.8	21890.8	17410.4	18580.5	22749	21521.2	17031	46485.9	46285.6	40661.3	45579.8	45356.3	53860.8	49228.8	52178.2
NDUFS4	2	2	5512.25	7793.79	9659.24	8280.02	7125.52	8849.29	5191.9	5190.55	12149.9	18202.6	14754	14996.5	13749.9	16347.3	16309.7	16652.7
NDUFS5	5	5	9764.42	6677.34	9160.96	7342.64	5819.81	6584.46	4929.47	6862.94	11824.1	12974.6	13623.2	11141	11305.1	11917.8	10334.8	12864.3
NDUFS6	3	3		944.716	1396.77	1160.18					2089.99	3456.51	2232.75	2585.18	1951.52	3095.91	2847.35	2157.24
NDUFS7	1	1	6543.06	6778.15	6947.69	5710.52	6171		6063.21	5620.3	9903.3	12116.8	9342.67	9832.92	8848.34	9716.67	9803.06	10256.7
NDUFS8	2	2									3625.61	5621.77	4216.17	2863.38	4115.84	8884.99	7503.19	4208.17
NDUFV1	7	7	3781.71	4315.31	5329.72	4939.87	5111.03	5191.52	4151.25	4073.33	12208.7	16491.3	14237.4	12577.9	13191.5	15840.3	17960.7	14789.9
NDUFV2	5	5	23347.2	32422.6	25196.9	32846	40833.8	35557.2	38461.7	35302.7	28438.5	46166.3	28662.8	40499.7	35092	35128.3	30410.8	38107.8
NDUFV3	2	2	428.919	554.041	947.775	580.548		459.794			2599.88	3998.05	3895.07	2367.19	2376.6	4068.26	3360.11	3202.21
NECAP1	2	2	4478.38	4561.49	4594.77	7814.75	5583.66	5481.19	5731.12	5204.02		3826.37	3094.24		3803.42	2852.26	2969.76	4030.7
NECAP2	5	5	7363.06	7774.39	5469.65	7633.68	4753.01	3670.42	4633.89	5299.9	15238.6	15705.4	9371.16	14903.3	12111	12216.8	12370.8	13055.4
NECTIN1	1	1	2586.5	3461.92	2749.54	2716.23	1913.81	871.06	1244.14	1171.59	992.392							
NECTIN2	3	3	8894.94	10385.7	7168.7	11480.5	5828.22	4514.55	4821.21	4639.05	4591.88	4962.05	3203.82	4730.13	4135.53	4272.62	5171.99	4201.56
NECTIN3	1	1	413.763	302.433	506.754	418.895		574.63										
NEDD1	7	7	3720.67	3683.67	3735.42	3792.67	5076.03	4732.07	4938.15	4596.61	3229.54	3107.85	3344.05	3535.06	2480.62	1969.68	2672.28	2180.64
NEDD4	3	3	2883.69	2845.39	3245.44	4428.07	3198.88	3899.35	2543.9	3614.04	1450.96	2066.67	1632.72	1438.32	542.897	631.069	737.102	
NEDD4L	5	5	6911.69	6238.47	5472.54	7116.88	5488.4	4715.58	4484.83	3970.45	4188.54	3985.8	4229.67	4238.51	2304.58	2102.74	2321.47	2724.64
NEDD8	5	5	86253.7	92149.4	110861	108339	51107	54839.9	47748.2	45137.3	84502.4	99754.4	63031.9	65505.3	50829.7	64390.7	72749.7	57221.1
NEDD9	1	1	2054.09	1624.5	1769.03	1619.74	4792.21	5656.55	4329.24	3773.14	1842.18	2652.54	1847.72	1994.28	2272.21	1945.44	2161.02	2246.21
NEFH	3	3										2169.49	1817.73		2266.97	1761.56	1964.42	2551.91
NEFL	20	20	3951.22	2524.24	3694.36	1761.59	58417.5	63681.8	61118.3	45614.1		9199.65						
NEFM	2	2	1362.19	279.713	652.926													
NEGR1	2	2	2963.01	2608.03	3163.83	3180.69		1423.16										
NEK1	5	5	3894.62	4015.24	3006.35	4519.13	4138.73	2485.86	3984.47	3140	2315.42	1536.14				1310.09	1510.23	3865.64
NEK3	3	3	1828.69	1611.21	1735.66	1885.78	1736.77	1286.37		1976.22	1963.51	1601.88	1975.92	1951.7	854.697	915.06	1071.75	1038.65
NEK6	1	1		1544.76							3096.37	3942.84	4081.21	2857.74	4356.61	3494.42	3358.36	2939.57
NEK7	3	3	5351.26	4125.97	4908.07	4201.57					4573.19	4833.94	5253.43	5574.19	4196.65	4395.9	3651.27	4742.28
NEK9	12	12	5901.65	7625.36	7341.78	6391.22	2909.31	2973.18	2976.98	3126.9	9107.08	9777.22	9004.39	10028.6	7375.75	7653.97	8895.48	8414.97
NELFA	3	3	5040.89	4189.72	4892.73	4503.25	8077.36	6631.52	6815.68	6617.16	4454.91	4741.27	4333.62	4867.19	5502.68	4383.83	3789.18	4548.04
NELFB	12	12	3778.77	3481.41	4345.64	3366.86	4283.07	4432.28	4118.88	3578.46	4869.89	4273.61	4588.74	4596.19	4528.98	4834.28	4563.48	4976.61
NELFCD	4	4	3144.55	3215.71	4066.03	3333.73	5829.53	7172.31	5529.43	5782.29	3635.83	3382.18	4075.35	4480.43	3497.34	3118.53	3446.87	3955.2
NELFE	3	3	6554.44	5953.77	4087.29	6905.54	9367.31	9089.36	8827.23	7683.9	5473.32	4151.72	4176.33	5071.67	4581.95	4659.83	4806.32	5841.64
NEMF	20	20	15694.2	15732	14941.4	16619.9	7026.87	6487.54	5987.31	6166.63	16560.2	14422.6	13839.3	16171.8	17236.2	16995.5	18936.4	18897.1
NEMP1	2	2	1342.65	1169	1665.97	1133.92	1395.14	1489.89	1461.27	958.872	1684.96	2546.29	3298.23	2862.1		1255.7	1183.89	1603.1
NENF	6	6	18365.6	22601.3	22376.4	23120.1	10420.1	8353.28	7519.86	8046.46	18378.7	21300.1	16444	16692.8	7813.48	9143.92	11649.2	9219.57
NES	58	58	48565.9	36581.4	42846.5	25851.6	80664.4	91146	81615.7	76992.9	11207.6	8530.5	10357.9	8440.51	17716.5	13737.7	17630.5	18743.4
NEU1	5	5	8704.01	6381.26	7172.02	10221.5	5011.64	5505.37	4746.89	5502.76	7107.41	5188.79	5290.89	5709.39	6933.17	5427.17	6454.76	5712.56
NEU2	2	2	450.16	194.409	520.715		464.489				513.835	759.924	849.519	557.768	1323.64		449.667	
NEURL4	1	1		1220.05	1008.36	1082.46			1631.07		1745.32				1446.29	1117.45	927.908	1373.36
NEXN	17	17	35100.4	33592	33743.9	41296.2	5787.65	4970.87	4760.83	4474.88								
NF1	19	19	6065.22	6244.44	5771.84	6946.48					3640.47	3698.64	4286.04	4135.37	4120.91	3601.23	3566.9	3940.48
NF2	10	10	4424.74	4585.85	5721.38	5672.1	6938.28	6377.51	4802.96	5085.46	3018.32	3014.2	2441.28	2510.52	3086.56	1985.16	2793.14	2260.62
NFAM1	5	5									6864.65	5229.25	4638.72	6125.36	2223.88	2735.87	2385.82	2472.08
NFAT5	1	1	1341.76	1357.32	1481.44		785.194	1745.72	1910.68									
NFATC1	2	2		2065.21								1533.92		1201.45	1416.33	1541.34	1799.86	1513.7
NFATC2	10	10	1752.38	782.83	1670.8	1315.85	1738.42	1484.71	1538.12		10334.2	9053.89	7338.63	10774.8	4776.6	3989.19	4537.96	5058.62
NFATC2IP	3	3	2402.57			2340.95	3923.33	3338.9	4210.96	4130.98	6425.62	2617.48		3268.54	2667.27	3264.53	2918.58	6454.11
NFATC4	3	3	2473.67	1998.8	2875.78	2548.36												
NFIB	2	2	5464.54	4342.2	4784.15	4566.9	11694.5	10436.7	10444	11594.8								
NFIC	3	3	2434.85	1731.46	2326.95	2168.93	4777.87	4999.75	4096.52	4040.11	1737.15	1676.08	1790.45	2004.01	1434.83	1275.5	1450.83	1681.51
NFIX	2	2	3136	2862.65	3482.07	3112.92	2170.93	2649.57	2499.66	2061.09								
NFKB1	17	17	7252.04	6796.82	6071.41	7145.67	12087.1	10879.1	10692.4	10998	12220.6	11736.7	11086.5	12410	8880.12	8924.67	8336.46	9621.14
NFKB2	15	15	7955.36	8136.58	7088.4	10081.3	8795.83	6489.38	7454.92	7052.61	6161.38	6494.66	8165.14	6803.11	3041.21	3889.96	3441.14	3285.81
NFKBIB	2	2		842.658												1442.27	1199.86	1412.32
NFKBIE	5	5	1429.57	1522.39	1939.65	1560.59	2155.74	1904.68	2099.52	1999.61	2828.03	2516.29	2295.16	2991.75	3207.97	3648.7	3766.62	3779.64
NFRKB	1	1									877.126	1527.73	888.355	1060	1311.55	1418.19	1453.77	1020.8
NFS1	9	9	2769.16	3268.93	3938.7	3448.52	2511.04	3120.06	4008.61	2552.64	4288.55	4268.31	4532.43	4480.79	4409.72	4132.48	4545.61	4585.48
NFU1	4	4	6235.9	5345.14	6150.76	5292.93	3307.73	4051.49	3274.77	3169.12	8701.41	7093.87	8175.41	9530.3	9331.99	7713.13	9283.52	10305.3
NFX1	1	1	1573.36	1834.4	1983.39	1512.17		1592.39	2177.35	2300.63	2185.64	2047.46		2258.09		1213.62	1171.88	1354.66
NFXL1	3	3	3436.29	3946.23	3875.81	3380.6	3136.98	3417.91	3658.25	4135.78	1886.86	1827.26	1768.98	2547.04	1353.01	1213.46	1476.71	1347.6
NFYB	2	2	1735.16	1389.65	1897.65	1166.16	5673.31	2323.11	6980.78	5951.01	4665.51	2661.24	3928.57	4387.27	3687.52	3805.53	4047.88	4586.95
NFYC	4	4	6170.89	6323.12	6328.13	6007.16	13055.4	11532	10529.3	9978.46	6105.92	7133.28	4968.97	6252.66	6000.23	5411.22	6156.23	5918.29
NGDN	4	4	1686.73	1203.4	2940.22	1624.36	2103.62	2190.59	1545.27	1839.35	1205.43	1354.97	1718.79	1506.39	1662.4	1444.51	1421.89	1694.44
NGLY1	4	4	2861.6	3072.85	1506	2934.18	2642.02	2598.45	2443.2	2115.58	3738.67	2997.52	1115.82	2344.34	2447.22	1955.56	2285.33	2571.99
NHEJ1	2	2	1857.38	1950.77	1191.19	1808.44	1593.75	1138.57	1460.43	1454.32	1124.01	1440.72	1344.64	1596.47	903.963	1095.07	894.131	928.908
NHERF1	19	19	34486	33144.1	29603	36691.2	32144.4	32781.5	27986	31798	31440.9	30431.7	40293.2	30989	14367.5	14092.4	11315.2	12832.8
NHERF2	9	9	2972.64	3224.08	3727.8	4091.44	6325.1	5367.41	4529.34	5013.83						545.491	835.136	
NHLRC2	18	18	16980.6	13888.5	15248.6	15430	23827.5	20604.6	19927.3	17719.2	12919.9	10783.4	10804	13292.5	10876.5	9926.3	10307	12329.6
NHLRC3	4	4	496.084		876.557			922.638			1832.37	1597.48	1670.79	1422.89	1509.17	1745.54	1888.87	1235.95
NHP2	3	3	3011.92	3428.71	2286.54		6868.78	7576.45	7623.34	6026.97	3601.25	5082.28	5409.81	3601.64	3188.55	6288.09	3912.75	3983.31
NHS	2	2				1320.48	1412.04	2011.24		1253.17								
NHSL2	8	8	3450.36	3463.46	4893.79	4893.16												
NHSL3	6	6	3910.78	4869.14	5650.74	5151.21	3730.15	2826.56	3121.18	2872.46			9944.94					
NIBAN1	17	17	14082.1	12745.3	16776.1	13745.3	9911.88	8593.75	9513.3	9522.12	11398.3	11852.3	11196.5	12029.4	22968	22401.8	24493.9	27993.1
NIBAN2	24	24	68781.3	71789.5	83109.5	88787.9	47376.5	52140.5	44599.6	50314.1	40248.1	42599.2	35318.5	35992.4	58280.5	54156.5	63722.2	59780.1
NID2	3	3	2014.02	1759.68	1600.02	2085.32												
NIF3L1	4	4	6815.04	7041.97	7457.47	7876.22	9134.79	8691.84	11483.6	9206.08	6988.6	9231.17	11198.6	9486.95	7584.57	6289.7	6268.68	7981.38
NIFK	7	7	2634.03	2570.09	3873.1	2437.37	2279.95	2537.26	3026.64	2730.29	3081.7	2674.43	3380.6	2875.3	3112.45	2926.88	4003.44	3317.93
NINJ1	1	1									2531.05	5290.89	4495.19	2460.72		1842.35	2066.98	1815.2
NIP7	2	2		1311.18							1402.46	2110.51			2343.97	3093.26	3060.8	2045.83
NIPA1	1	1	1460.06	1757.59	1035.55	1696.69	1796.13	955.293	1509.46	1546.78	881.374			1235.51	899.392	611.783	576.977	843.106
NIPBL	18	18	1780.39	1730.88	2065.55	1804.68	2640	2527.72	2483.31	2335.28	2485.59	2114.74	2164.46	2553.66	2432.72	2299.6	1974.34	2207.92
NIPSNAP1	3	3	3210.05	3941.9	7525.45	4230.2	3763.33	4415.43	3715.12	4945.7	3582.09	5388.71	5447.18	4293.98	4499.26	4397.21	4435.85	5428.34
NIPSNAP2	3	3	6062.93	6669.91	10649.4	9435.75	6265.69	5509.15	5401.85	7890.18	14489.2	21596.1	20565.6	19876.5	18087.1	13638.5	14418.5	13984.9
NIPSNAP3A	6	6	8786.13	9752.21	13046.6	11521.6	8691.36	8513.57	4669.09	6163.54	21389.1	24104.2	27837.3	31115.4	16027.5	14609.8	23120.2	18997.2
NISCH	11	11	3838.82	4314.36	4316.04	4203.52	3781.64	3656.97	2603.32	3207.3	5287.51	7075.4	5394.28	6523.48	4150.47	4886.82	3977.17	4651.86
NIT1	5	5	6321.39	6482.27	8796.55	6263.79	2783.12	5407.03	3113.47	2911.43	16044.5	12888.7	14660.8	13268.1	15934.1	15724.2	18901.9	15327.8
NIT2	12	12	9794.36	10896	11363.3	12695.8	13163.9	12007.8	9118.44	9233.45	19437.4	19874.3	19063.5	20075.6	19325.3	19752.1	24259.5	21670.4
NKAP	2	2	1723.42	2070.92	2738.16	1991.65	3179.5	2390.32	2008.23	1876.24	1680.55	2118.42	1754.5	2434.92	2532.63	2629.65	2784.34	2310.39
NKAPD1	1	1	1739.72	2115.26	1647.01	1270.64			1482.36							1157.92	942.978	1245.89
NKIRAS1	1	1	2198.82	2502.53	1785.14	2727.88	1723.92	1182.99	917.358		1207.2	1609.46	994.524	1210.21	1191.6	605.037	1313.17	1626.22
NKIRAS2	2	2	1990.81	727.972	1154	1455.78	1510.5			869.227	1311.12	1683.57	1637.48	1595.58	2060.61	1138.63	1825.26	1912.05
NKPD1	1	1		410.922	426.681		1705.88		923.156	1181.37	927.461	445.464			1788.85	478.688	444.218	937.111
NKRF	13	13	3747.02	3598.98	3990.45	3523.43	4308.36	4284.58	3979.11	3097.37	3861.52	3832.14	3142.16	3655.56	4946.27	4609.11	5412.48	4697.51
NKTR	3	3	528.708	623.508	856.126	696.895	609.87	719.877	660.526	716.722	804.86	915.089	680.687	729.041	702.685	1024.1	738.687	524.142
NLE1	5	5	3333.68	3166.06	3927.13	3226.85	3601.53	3457.87	3382.98	3796.06	2877.34	2570.21	3146.07	2846.3	2803.89	3180.18	3009.75	3229.39
NLK	1	1		2521						703.472			1943.64			1395.91	1432.74	
NLN	18	18	8371.26	8686.53	8205.68	9259.67	14165.8	13846.5	12511.4	12376.4	14630.4	15216.8	13729.2	14877.5	9134.79	9522.18	10169.6	10008.7
NLRC4	18	18									6669.9	6808.01	6571.81	7104.68	10096.2	10156.4	11563.1	10193.1
NLRP10	7	7	3409.91	2991.4	3385.31	3760.6						1198.97	2430.52		4646.15			
NLRP3	2	2									1746.11	1268.99	1331.52	1197.85	953.134	1519.43	1727.35	1512.39
NLRX1	10	10	2861.62	2618.6	3487.81	2640.78	4783.49	4976.38	5143.38	4530.2	6033.18	5087.08	6086.77	5416.78	7547.68	5023.73	6533.12	5628.43
NMD3	7	7	5326.95	2390.79	2678.12	1997.4	3806.99	2599.62	2491.37	2181.27	3748.46	1619.17	2891.5	2666.97	4308.95	2543.75	3184.17	3247
NME1	5	5	70087.4	79196.5	77792.9	89023.4	52712.2	58680.4	29290.2	30769.1	65695.7	78482.6	58600.7	61060.9	75720.1	88391	101846	80695.8
NME2	6	6	83731	96449.9	97863.4	104094	47522.7	54730.9	55078.4	33768	84757.5	144257	72772	64531.1	73809.2	126942	106904	86013.7
NME3	5	5	6564.81	7144.85	7288.15	9261.52	8075.63	10012.8	7352.31	7201.58	5032.11	5176.76	5389.74	5604.27	6573.08	6494.9	6589.85	6387
NME4	5	5	11275.4	6719.33	7523.88	8138.42					2692.47	2607.23	3414.92	2741.31		1159.87	2325.22	1388.19
NME6	3	3					2198.88		2153.27	1916.85	2814.84	2786.71	2809.65	2666.23	2840.48	2520.33	2698.75	3065.18
NME7	5	5	5430.78	5228.09	4762.44	4435.89	8805.13	7150.46	8568.18	7654.49	4361.94	2476.06	3415.34	3514.89	3714.68	2707.49	2867.65	3679.35
NME8	2	2	2578.27	2851.86	2813.53	3443.9	2418.4	3367.04	3484	2371.11	2564.81	4360.26		4894.78	2757.71	3819.52	3648.12	2778.13
NMI	15	15	7066.52	8939.13	7708.33	10586.1	10470.7	10252	9590.69	8444.79	15050.7	16728.5	13922.8	14681	12276.2	12702.2	13371.3	11610.9
NMNAT1	6	6	9053.28	7963.97	5539.91	5845.88	8760.7	7436.72	6419.24	5609.3	11937.4	11100	10715.8	10725.4	11050.3	9012.16	11455.6	12229.9
NMRAL1	3	3	2844.68	3277.66	2702.76	2574.43	5691.04	1673.84	4674.34	3806.26	2650.92	2114.31	3252.14	3778	4150.39	2623.96	2944.26	3054.33
NMT1	7	7	27649.7	32946.4	34256.8	37776.1	29344.1	32654.8	28902.4	22416.8	35120.9	44015.5	38408	34231	28510.6	43148.7	46268.9	34959.6
NMT2	1	1	5444.79	4682.68	4076.33	4992.57	8064.52	8373.91	8782.74	7154.6	1312.49	1105.28			1466.25	1161.5	1424.1	1652.94
NNMT	5	5	121260	123054	154415	124715	71192.8	90314.8	90686.8	69114.7			37224.7					
NNT	32	32	20807.2	23488.9	22029.1	27721	51555.7	48290	44828.9	47121.3	37767.4	41310	30819.8	35935.4	34268.3	30253.3	36244.5	33234
NOA1	4	4	1088.5	1203.52	1174.4	1343.16	2753.98	2872.59	2443.41	2047.37	1940.35	1968.76	2946.4	2077.59	2194.79	2140.99	1676.99	2377.01
NOB1	5	5		3439.21	3960.06	3798.09	4000.45	5064.19	4102.15	5192.54	2551.8	1913.41	2633.82	2831.35	1902.67	2333.8	3157.93	2912.02
NOC2L	13	13	5634.8	5082.01	5943.75	6030.46	5131.07	5087.34	4395.95	4786.47	4334.84	4382.15	4527.17	4655.25	5255.73	6048.82	6332.59	6116.14
NOC3L	14	14	7948.68	6942.29	8002.53	7250.71	7986.21	7496.68	8288.96	8637.36	5635.26	6413.03	7200.91	6418.06	7504.69	7274.46	6749.35	7852.35
NOC4L	8	8	8633.39	10360.6	11190.9	10057.8	10686.4	10500.1	10251.1	10343	11372	11743.8	12857	11254.4	9740.04	13243.9	14370.2	12513.1
NOL10	9	9	10048.7	7898.15	12054.3	8436.56	10249	9152.95	10591.1	8160.05	10527.4	8139.19	8434.97	8313.46	9247.91	10155.6	9452.06	10470.7
NOL11	10	10	7789.75	6535.63	7154.63	7680.05	8314.6	6826.54	8316.63	6652.75	6673.44	6860.66	6480.21	6251.12	6554.99	8462.43	8135.43	8176.62
NOL12	2	2				997.985	2125.4	1765.01	1876.15	1647.93			1188.3	2480.69	2028.59	1875.24	1529.11	1236.02
NOL3	4	4	3600.48	4404.51	3809.57	4911.86	5137.95	4909.51	5137.14	5377.08	2036.37	1940.49	1700.83	1860.02	1087.76	637.579	933.659	1507.33
NOL6	10	10	5280.61	5581.62	6945	5114.6	4581.26	3173.85	5371.07	2881.49	4852.29	5347.03	5511.87	6192.48	6478.9	5058.38	6615.38	7741.4
NOL7	2	2	7310.91	7637.28	7689.03	7383.4	8948.01	10009.1	11074.5	9458.11	6655.42	6397.88	6533.83	8003.94	6407.14	6912.19	7472.64	6662.77
NOL8	9	9	2944.15	2855.79	2757.6	2832.4	3027.74	2263.48	2714.68	2680.83	2948.39	2787.67	2848.6	3026.08	3454.72	3024.65	2903.34	3871.77
NOL9	5	5	3474.74	2569.95	2682.61	2338.61	2811.49	2379.32	2105.68	3119.71	3144.35	2119.68	2298.36	2472.95	2902.18	2228.83	2441.64	3046.6
NOLC1	13	13	5255.18	4841.12	6412.31	5609.47	13586	15123.3	14407.3	12641.7	4316.81	5352.96	4447.36	4030.89	5534.97	6331.82	6848.73	4852.45
NOM1	6	6	2258.43	1128.33	1144.9	987.18	2249.12	1360.48	1676.04	1337.42	1473.78	1408.28	1285.94	1435.03	1087.04	1235.49	1357.54	1629.53
NOMO1	3	3	2176.03	1951.37	2144.51	2381.28	666.571	744.525	927.395	991.189	626.156	850.535	970.292	1193.45	1231.64	1068.48	1136.75	1289.94
NOMO2	1	1	1403.67	2097.77	1394.65	3988.12	1397.59			1985.03		1070.66						
NONO	15	15	64295.1	71650.3	95430.3	92906.2	69918.6	85628.6	75181.3	76513.2	68646.5	96633.1	78216	74797.7	74145.4	88182.1	86715.2	71673.1
NOP10	2	2		1898.06	4854.75	993.179	4015.37	4714.81	5911.44	4680.22	1511.57	3370.66	2045.82	2085.47	1312.76	2339.81	2272.7	1766.49
NOP14	9	9	4011.15	3747.39	2912.37	4342.31	5205.45	4222.7	3886.57	4315.31	4649.78	2689.78	4041.5	3755.1	4790.1	3611.22	4156.27	5035.57
NOP16	3	3	2235.6	2435.98	3464.38	2240.08					4538.76	5553.65	3803.28	3734.44	5185.19	6832.29	6464.54	5572.66
NOP2	18	18	26868.5	26154.3	26092.2	26830.3	37762.1	39752.4	39111.7	38732.4	26625.2	24658.9	25664	25334.8	31724.1	38467	35275.6	35268.7
NOP53	6	6	3407.8	3375.46	3064.58	3161.58	2681.79	2837.22	2354.12	2164.56	3048.77	2266.79	3057.9	3237.4	3166.77	3348.81	2996.73	3637.45
NOP56	22	22	14805.1	17128.3	23170.1	18918.2	12922.5	13404.8	11596.5	12173.7	16686.9	19373.5	14617.5	16300.1	21671.2	24356.7	25374	21685.2
NOP58	13	13	39020.4	31624.5	44919.5	42005.6	28676.8	26462.2	25897.2	27699.2	40010.1	42292.4	41958.8	33155.5	51392.6	58125.8	55560.6	47748.9
NOP9	6	6	3683.81	2672.06	4189.45	2871.09	3437.49	3309.44	2845.82	2817.15	4249.46	4110.41	3968.52	4075.99	4242.55	4566.74	4310.78	4312.66
NOPCHAP1	2	2		1145.25	917.617	960.164				862.501	1697.3	1516.91	1555.54		1044.71	1419.9	1403.1	
NOSIP	5	5	1409.25	1449.19	1507.53	1572.95	1703.78	1602.86	1629.65	2856.94	1479.57	1894.66	1891.55	970.409	1979.7	2080.2	1922.63	1581.02
NOTCH1	2	2	1553.88	1074.18	1097.06	1171.38							1227.2			1079.99	2276.15	1679.23
NOTCH2	5	5	7053.33	6544.91	6646.39	7756.71	4691.44	3603.65	2887.2	3249.28	3155.27	2525.48	2571.06	2801.86	1634.11	737.018	1060.48	
NOTCH3	3	3	2694.47	2844.71	3927.75	3007.3												
NOVA1	2	2	1926.29	1424.77	2524.48	1725.77	1866.71	1307.07		1222.28								
NOVA2	2	2	831.249		799.48													
NPC1	9	9	8563.44	7547.1	8713.44	8594.95	8201.88	9330.63	7248.82	7108.45	27073.7	27177.3	24053.3	23312.5	11987.8	13319.2	13098.1	12784.5
NPC2	3	3			2218.6						6225.55	10410.1	7833.96	6165.98	4773.55	6811.43	5849.53	4262.37
NPEPL1	5	5	1040.02		512.761	2301.12	4319.85	3946.03	4616.13	3450.97	3361.76	4442.96	4796.74	3318.16	2523.51	2175.58	2724.82	2363.19
NPEPPS	19	19	45639.9	51651.5	50569.8	52814.4	54980	39984.1	46429.8	36133.9	60512.9	73825.1	71531.2	61016.8	60655.8	60745.1	63996.8	63253.3
NPHP3	5	5	1931.19	1403.2	1695.43	1728.57		1069.01				1459.97					645.467	
NPL	10	10			23814.1						41531.6	51910.8	46464.6	43620.8	12772.9	11918.6	16699	14023
NPLOC4	13	13	5942.86	5662.77	5680.12	4820.73	9950.72	10350.2	9736.54	7513.29	7251.85	7285.93	7587.31	6895.72	7092.08	6164.42	7342.13	7077.7
NPM1	11	11	97778.4	125112	186813	231036	93272.2	129350	142031	142867	66006.9	111198	72862.4	63084.9	68471.5	129728	88035.1	38550.2
NPM3	1	1	1096.93	1273.1	1319.57	2073.59		580.996			1411.64	1449.02	1475.72	626.836	984.734	3924.6	2366.25	1141.71
NPR2	4	4	7103.64	6290.13	4840.99	6168.26	4630.21	8440.6	3165.22									
NPR3	9	9	36017.2	44577.9	52694	48945.3												
NPRL3	3	3	1144.78	894.813	623.768	948.436	1066.15	1143.1	912.236	521.443	2139.03	1662.46	1344.29	1800.13	1943.55	1584.19	1436.53	1925.64
NPTN	4	4	35688.9	29100.9	17383.3	38355.5	12684.5	9923.27	10033.2	10667.9	9205.32	8738.13	9352.38	11846	15107	8561.34	9491.3	8357.21
NR2C2	9	9	2681.47	2126.37	3113.84	2406.77	4473.85	3976.21	3598.97	3623.35	3260	2496.68	2181.01	3624.92	3181.48	2572.14	2304.05	3117.05
NR2C2AP	2	2	1781.76	1777.98	2225.79	1833.52	2845	2851.11	2912.68	2249.51	2814.84	3228.51	2722.22	1907.08	2780.23	1510.59	2740.21	1694.05
NR2F2	1	1	333.632	734.345	801.307	404.431										185.592		
NR3C1	12	12	4988.19	5979.57	6008.5	7117.4	7787.41	7594.7	6626	6994.41	6323.52	6951.58	6063.9	7371.96	8206.68	7781.15	8170.63	8059.47
NRAS	2	2	5117.08	4754.51	6659.45	4449.93	2617.43		2642.16		16417.8	12130.2	13666.8	12140.1	7446.16	9066.96	10109.6	7862.94
NRBF2	7	7	9013.83	8954.15	10727.5	10418.8	5311.08	5126.18	5257.5	5787.57	9189.81	11293.4	9563.37	9043.17	9020.83	9676.98	10001.9	9558.39
NRBP1	9	9	8620.18	10134.6	13937.6	12907.8	3914.2	4600.6	2650.36	2500.51	10552.2	11026.4	11282.4	8375.3	6417.54	6241.67	6453.03	7078.05
NRBP2	5	5	3211.84	3027.7	3842.87	3489.27	2935.66	2569.37	3131	3423.19	1884.29			2826.78			1253.08	
NRCAM	3	3					5384.31	4468.6	3916.51	4211.67								
NRDC	24	24	10944.5	11171.3	11738.9	12768	7861.24	8498.51	7542.95	6821.39	9700.76	11076.5	11787.1	10900.1	8080.59	9786.2	10772.7	10136.8
NRDE2	3	3	891.118	717.455	1173.01	1119.19		812.743	1461.15	559.208	1456.26	1201.51	1066.29			1193.3	787.243	1233.39
NRGN	2	2									1683.29	1779.71	1309.32	1960.24	1427.08	1102.39	1601.02	1914.23
NRM	2	2	5648.08	4536.59	3116.02	4742.97	4655.96	2850.9	1885.35	1755.81	2181.92	1825.82	2243.23	3037.49	2517.15	3232.99	2722.28	3110.93
NRP1	4	4		892.455	1036.64	1011.29	1567.53	1316.72	1071.36	1324.79	5763.81	6613.27	6439.73	4815.73	1495.16	1687.47	2024.76	1861.48
NRP2	10	10	3682.26	5300.65	5143.39	6400.94	25352.1	23431.6	21294.4	23765.4	7796.35	7932.02	7821.59	7797.94	5037.59	4531.93	5060.73	4457.27
NRROS	2	2									4862.43	7876.92	3839.7	5819.54		3189.31	2027.44	
NSA2	5	5	2595.49	2607.27	2107.85	1638.57	3949	2772.63	2918.33	2404.52	2477.15	1730.92	2022.17	1961.93	2390.49	2284.14	3643.02	2711.92
NSD2	6	6	953.458	846.469	1813.1	943.073	1789.19	2228.44	1920.2	1674.68		1256.12		1092.71		713.126		667.036
NSD3	3	3	1393.54	927.435	998.9	850.206	1860.61	1001.71	1479.72	1233.96	1073.74	829.95	756.146	1301.37	2818.25	716.268	1088.32	653.065
NSDHL	8	8	30888.8	29917.9	45556	39424.4	49621	77292	42503.3	30465	41903.6	53005.2	48546.7	38648.8	23790.5	22569.3	27202.2	24250.4
NSF	32	32	61994.4	65120	70192.6	73451	24885.9	24591.8	26183.9	26014.7	63797.4	66308.4	61621.3	61025.7	57073	50643.3	61333.2	55360.9
NSFL1C	20	20	33409.1	31148.2	27793.2	29649	27064.5	24025.5	22715.2	22673.9	32422.5	28110.8	29501.4	32358.5	25008.9	19831.4	23335.7	22259.3
NSL1	2	2	3818.66	2598.64	3124.13	2989.33	4258.65	4856.17	4032.79	4590.05	4173.55	4857.4	3158.08	4196.15	2220.4	2422.33	2839.83	2477.38
NSMAF	7	7	2874.37	2453.97	2297.22	2180.52	3080.26	2554.19	2199.91	2328.92	4368.39	3820.82	3680.2	4398.87	3703.38	3559.46	3486.5	4206.38
NSMCE2	4	4	1258.2	1503.92	3088.17	1923.49	1686.61	1852.09	1899.65	1545.3	1480.41	1400.57		1303.71	822.909	1307.01	927.475	905.872
NSMCE3	4	4	2474.06	1918.97	2041.08	2159.48	2605.9	2121.8	2413.44	2463.31	2072.44	2377.18	2425.68	1935.08	2083.61	1624.83	1471.09	1569.38
NSMCE4A	2	2	2200.91	2162.07	2229.63	2802.66	3102.84	3076.49	3304.97	3162.54	1742.86	2012.49	1524.99	1859.28	1465.04	1379.81	1309.69	1260.02
NSRP1	2	2	1547.94	1845.44	2266.93	1703.11	1486.12	1959.63	1688.46	1615.14	1877.48	1920.16	1702.21	1389.63	1808.9	1760.17	1740.76	1638.14
NSUN2	19	19	9187.5	8991.73	9271.38	8509.31	10383.4	10108.3	10131	8702.95	9203.5	8939.88	8364.04	8435.08	10107.2	9936.93	10363.6	10295.8
NSUN4	4	4	1154.62		1682.66			1476.57	1491.24	1369.64		2209.65	1670.46	3095.68	2102.44	2544.04	2123.8	1991.01
NSUN5	6	6	1137	1246.6	1226.53	1441.84	3152.85	2514.29	3197.12	2791.09	1976.1	1922.02	1349.32	1551.62	1703.59	2330.69	2371.87	1949.07
NSUN6	2	2	1549.5	1382.98	1661.38		2528.65	1538.57	2140.27	1399.38								
NT5C	7	7	6162.23	5920.19	5588.42	5367.72	8858.81	8562.13	8351.4	7950.46	8943.14	6112.41	6881.51	7317.22	5935.17	5507.15	5936.73	5666.89
NT5C2	9	9	5485.73	5518.22	7383.21	6546.78	4205.86	6236.28	6781.36	5394.77	8519.67	9122.52	8737.19	8250.62	6707.86	6901.64	7842.65	8059.59
NT5C3A	3	3	4775.93	3881.41	3541.01	3714.23	4546.55	2765.8	4104.44	3829.39	4101.59	4301.21	3959.18	3752.9	5150.32	3113.7	3740.99	4328.72
NT5C3B	3	3	1978.23	2394.98	5075.33	2179.37	2652.77	2710.84	4418.86	3920.95			1286.06			690.021	904.887	1068.49
NT5DC1	4	4	2121.45	1800.96	1875.58	2286.43	6957.44	7086.4	6815.24	6009.12	4190.58	3803.38	3879.78	4136.22	2286.44	2219.49	2058.58	2479.17
NT5DC2	14	14	17245	17856.8	20112.6	15873.1	23545.1	18123.5	20980	19855.9	14764.7	14924.1	10352.7	13163.7	9411.31	9742.87	7577.84	9077.55
NT5DC3	5	5	3560.5	4464.28	6613.8	4804.48	6038.45	4264.14	5605.15	4853.17	1261.48		2222.83			1788.36	1033.33	1346.42
NT5E	7	7	14997.5	16485	15563.4	24095	19580.2	16199.5	17540.1	19295.3								
NTAN1	7	7	1769.71	1756.66	1831.47	2071.35	1531.28	1040.39	1213.18	1136.12	3397.5	4435.67	4313.37	3755.56	1734.81	1454.35	1655.42	1755.84
NTM	4	4	1583.09	1474.69	1931.86	2483.14		486.127		369.802								
NTMT1	4	4	7630.19	10145	8702.56	11467.9	13973.9	12509.2	10483.6	9818.99	7494.45	7079.4	7150.54	7945.08	6848.16	6073.54	6189.43	7046.66
NTPCR	9	9	10897.5	14965.1	16194.3	15035.4	18666.6	18432.6	16767.2	17788.4	12881.6	15499.1	13432	12894.2	11150.1	10255.5	11038.5	10693.5
NUB1	7	7	5525.63	5112.81	4724.27	5120.68	5011.2	4468.25	4075.07	3894.4	4136.94	4110.76	4212.44	5185.27	7396.69	6420.29	5518.35	5337.13
NUBP1	3	3	6948.99	4456.83	4950.93	7379.82	8639.34	11830	9330.42	7089.35	15487	13925.8	15890.9	13528.5	14827.5	13702	15496.8	14757.1
NUBP2	1	1	5984.77	4753.03	5098.5	5344.12	6764.53	6426.4	5689.94	6743.25	8571.81	10018.9	7344.69	8797.83	7199.4	7709.07	6230.9	6799.86
NUBPL	3	3	1755.27	2327.76	2387.97	2682.47	1936.14	810.827	1866.75	1458.09	1944.75	2057.54	2096.09	2120.43	2289.19	2000.42	1896.36	2273.28
NUCB1	24	24	60611.7	48964.2	62863.5	50280.2	6201.01	5835.69	6595.39	4958.5	31963.6	32740.1	30091.9	30126.1	27803.1	27341.3	28410.1	30766.8
NUCB2	12	12	44897.8	30270.8	32931.8	39710.6	14419.9	12395.9	17424.7	13091.5	9942.6	10749.5	10973.5	10016.4	7168.42	7783.55	7112.33	7332.32
NUCKS1	6	6	46190.8	47210.4	45823.1	53657.3	42807.1	40597.2	45569	34549.4	49375.6	40331.5	30128.3	39923.5	42154.2	28270.5	30733.7	34994.4
NUDC	15	15	19729	23051.2	27607.9	27777.7	26645.1	28407.6	25087	23253.1	19819.6	23512.1	19254.2	18616	18899	20992	22738.7	19145
NUDCD1	6	6	7431.18	7454.39	6495.88	9307.24	11677.9	10445.4	8453.03	9769	5682.42	6067.73	5945.74	6187.45	6266.34	5975.02	6409.3	6192.48
NUDCD2	3	3	8633.33	12236.4	8697.01	14366.2	12095.8	17713.6	12284.1	11953.2	11977.2	11742.6	12167	12976.7	13073.4	8932.01	13961.6	14431.4
NUDCD3	2	2	6420.42	7311.18	5991.38	7727.24		4536.44	5692.51	4030.01	3725.5	5384.65	3915.68	4463.15	2819.35	2654.89	3425	3030.34
NUDT1	4	4	2626.13	3041.1	3834.88	3590.44	3755.3	3389.81	2180.49	2648.28	6056.25	7075.47	5632.79	4744.77	2813.41	2706.21	3158.56	2574.26
NUDT11	1	1	1993.25	3948.45	4064.96	4401.58		321.543		823.026								
NUDT12	1	1	518.698	564.33	525.471	612.981	1412.41	1059.5		841.269	1366.38	957.503	1225.27	811.499	1012.53	431.943	867.511	961.85
NUDT14	3	3									3662.26	4277.34	4571.02	3874.3	3198.84	3536.89	3749.84	3852.57
NUDT15	1	1	966.228	1378.18		1152.17	1023.87	2145.47			1452.97	1389.39	1929.36	1626.27	1317.18	1116.8	1342.41	1432.73
NUDT16	7	7	11530.6	10826.1	10232.6	10327.6	11100.6	10015.2	10170.4	10600.7	11924.7	11849	11907	13251.2	8341.94	9470.73	9414.08	8229.64
NUDT16L1	6	6	3905.44	3768.32	5351.77	4510.42	5204.15	4328.8	3692.16	4185.88	3491.99	3407.84	3602.19	3998.57	3609.9	3523.86	3690.47	3559.75
NUDT18	4	4	1789.03	1469.81	1535.91	1904	1426.69	1231.61	975.816	1357.68	2014.28	2300.32	2553.85	3123.67	2397.33	1878.29	2163.46	2545.9
NUDT19	5	5	590.18		1159.55	949.273		3635.46			6432.78	5693.41	9316.29	6442.15	5861.95	5507.91	6968.26	5577.57
NUDT2	3	3	2298.52	1796.2	1266.13	1710.34	2401.95	2207.26	2133.68	2096.87	2650.93	1618.87	1806.99	2173.58	2827.35	2122.93	3259.24	2542.39
NUDT21	9	9	19736.5	23799.4	46783.1	25105.7	37193.4	27479.1	30018	44815	38789.2	69467.1	65185.4	41008.8	42088	62566.1	58959	50631
NUDT3	3	3	13722.2	13409.9	11840.2	13581.8	10630.3	10573.2	10416.1	8697.74	19781.2	21328.3	18215.6	20786.5	13951.1	16399.8	17734.6	16370.8
NUDT4	2	2	8434	7569.74	6839.53	9090.21	7413.7	4669.01	5427.9	6392.69	3727.92	3471.07	3625.51	3539.33	3022.61	2975.87	3895.86	3421.15
NUDT4B	1	1	1862.48	1744.2	2169.27	2428.96		1368.14	1311.67	1368.69		964.961	1116.33	824.444		1000.76	890.514	555.583
NUDT5	10	10	27451.6	36414.4	34467	34090.1	39103.9	47242.1	31670.4	33623.9	87607.7	104589	91750.1	90010	53528.8	70531.9	81468.9	68348.8
NUDT8	1	1									1295.63	1314.77	1120.21	801.548		350.261	806.901	623.431
NUDT9	6	6	3175	4422.23	3965.75	3394.04	3741.35	3047.52	2885.72	2579.32	5746.84	6509.18	6307.28	5175.45	4174.59	5390.43	7128.9	5331.43
NUF2	4	4	1803.4	1347.57	1580.35	2348.89	3749.02	2057.53	1924.56	2477.98	1278.55	1906.38	1078.03	1500.99				
NUFIP2	8	8	8259.55	6969.39	10028.1	8606.77	7730.79	7466.84	7469.7	7270.88	7091.92	5742.58	6557.72	6800.32	5511.4	4438.91	5839.02	6169.51
NUMA1	72	72	16274.4	15029.7	17736.4	17161.3	33264.6	31433.2	29053.9	27381.5	17226.8	18132.2	14728.3	17592.8	16883.9	16080	17399.4	16982.6
NUMB	5	5	10523.3	8870.58	7422.94	8556.92	6997.24	4742.43	5285.25	4860.13	8141.36	9289.68	8859.43	7811.14	10832	9048.3	12214.9	11189.4
NUMBL	7	7	8210.43	9857.04	8397.38	10872.8	2526.43	2520.89	2052.97	1590.32								
NUP107	24	24	11882.5	14145.9	14237.6	13942.6	15649.7	14128	16147	18091.3	14831.2	15582.4	14749.1	15902.9	14350.5	13833.7	14366	14071.3
NUP133	19	19	7633.13	7041.29	7967.08	7722.23	8970.48	8188.28	8389.21	8055.41	8315.49	7703.21	7668.66	8535.09	7552.98	7555.47	8707.11	8853.91
NUP153	22	22	9035.54	7944.82	10038.6	9131.97	12504.2	11293.4	11881.7	10527.2	7935.4	7489.86	8032.03	8586.71	7333.75	7860.64	6906.03	7936.23
NUP155	22	22	8307.73	8672.98	9050.24	9838.99	9520.53	10883.3	9299.08	7760.64	9060.9	9880.96	9490.55	9663	10312.9	11629.2	11369	10771.8
NUP160	12	12	8056.83	6794.33	7143.43	7501.05	9784.77	9438.58	9570.8	8309.42	8872.68	9557.52	8035.95	8432.73	8902.55	8004.69	9542.94	9123.57
NUP188	15	15	3771.67	4046	4293.27	4167.46	5007.46	4550.76	5304.03	4290.53	3961.75	3914.52	3267.12	3703.23	4105.87	3732.38	4034.95	4105.89
NUP205	27	27	8785.57	8563.41	10249.8	10154.6	12443.8	12188.4	10577.7	9254.35	11108	10891.8	11209.7	11217.1	11730	11597.1	11795.1	11952.7
NUP210	32	32			1384.28		55194.7	63351.2	54228.9	54859.4	21987.3	24497.2	19861.1	21040.5	20764.3	25668.5	22035.6	22393.5
NUP214	39	39	13605.8	12774.2	12842.3	13779.4	15825.3	14039	14650.3	13969.1	10901	10920.3	10487.4	10905.5	12481.6	11211	11402	11859.9
NUP35	5	5	4039.08	4175.88	6595.85	5210.67	3964.24	4712.14	5710.1	3949.71	4632.78	5573.72	5134.25	4831.45	6279.25	5613.13	6610.48	5226.68
NUP37	4	4	6046.37	5327.98	5018.28	6179.28	7406.67	8014.72	5356.56	5635.05	7036.41	5541.57	6566.72	7190.32	5754.89	5948.07	5872.23	6538.01
NUP42	3	3	2045.92	2000.77	2320.09	2117.88	2615.18	2951.83	2960.78	2013.34	2380.82	2556.36	1644.57	2051.86	2306.63	2468.39	1706.31	2128.46
NUP43	6	6	8284.04	6729.19	8393.67	7638.04	9646.46	9540.13	8642.37	7827.95	7516.33	7951.72	7396.74	7549.92	6498.91	7355.25	8439.7	6520.28
NUP50	12	12	4157.59	3369.26	4542.65	4319.37	6965.15	6160.49	7132.05	5736.39	4741.7	5179.55	4137.78	4609.79	4367.84	3698.8	3868.11	4018.97
NUP54	11	11	12142.1	10514.9	11166.2	10479.4	13217.9	11659.3	10938.1	11024.4	12353.7	10476.9	10765.4	12308.6	10892.1	10441.9	11749.3	12184.7
NUP58	5	5	6538.79	6774.91	7486.46	7758.77	6550.35	6876.34	6508.17	5923.24	5380.76	6627.86	6005.88	6745.44	5712.66	5291.22	5210.67	5436.47
NUP62	8	8	18755.7	21262.4	24279.7	20614.9	22035.6	22381	22999.8	23165.8	19775.9	26227	18505.6	21825.1	19969.5	27442.3	26096.3	22135.2
NUP85	10	10	6061.65	5776.95	6329.65	5307.85	10284.1	8010.36	7565.26	8476.48	8219.12	8554.19	9215.4	8785	7821.92	7318.8	8509.96	7591.7
NUP88	11	11	13319.9	11567.8	11712	12110.1	14040.7	13570.5	12810.9	11797.6	9862	8890.09	9565.59	10151.1	11464	10583.3	11731.9	11481.9
NUP93	26	26	35559.2	30306.1	28831	33611.7	38563.2	37731.4	34037	31657.6	34886.9	30958.1	30984.4	36707	34945.6	26458.7	34053.8	34809.8
NUP98	25	25	12248.1	10939.6	13208.1	11700.7	15337.8	14499.5	13223.6	13968.5	15346.8	12814	13679.5	15562.8	14963.1	14488	15933.4	16176.2
NUSAP1	6	6	843.596			1242.5	3198.12	3415.73	2625.4	3625.76	781.294	1800.97	615.59	1474.54				
NUTF2	2	2	165163	169731	129990	158553	90966.5	96111.9	74194	72746.1	102724	89234.7	87350.7	107195	93199.6	71236	80863.8	82431.5
NVL	7	7	2354.63	1987	2053.43	1933.28	1656.24	1487.84	1522.96	1537.7	2351.69	1842.39	1656.09	2331.81	2398.95	1498.47	1760.38	1795.39
NXF1	11	11	6196.74	5428.62	5751.29	5907.71	8026.28	6751.84	6651.27	6190.25	5347.95	5227	5300.65	5259.42	5704.17	5248.57	5581.09	6218.42
NXN	10	10	14869.5	15007.2	14562.5	15345.6	747.392	2491.38			5144.69	5666.4	5457.33	5666.02	2773.12	3398.93	2530.28	2826.01
NYNRIN	5	5	1883.58	1544.59	1973.17	1413.15												
OARD1	4	4	3605.9	2366.75	2090.73	1884.92	4329.22	4636.99	3949.17	3190.32	4120.18	3378.49	3346.81	4978.35	3229.96	3727.58	2989.81	2763.03
OAS1	1	1						756.531			2257.57	1226.21	2840.83	1785.6			1182.94	1609.55
OAS2	18	18	2477.15	1770.96	2396.79	1332.85	4771.84	2284.52	1922.17	3432.17	38417.2	42257.3	38761	40997.2	8044.77	7913.51	7554.14	8669.92
OAS3	17	17	6047.8	7104.95	4395.5	9022.25	17526.4	19926.1	16516.7	19704.6	59083.1	68413.2	69447.4	71884.5	35459.9	34543.7	37087.9	39303.5
OASL	3	3					2767.33	1978.41		2126.78	3530.68	2635.21	2984.24	4200.85	3659.9	2892.43	2130.58	2776.06
OAT	16	16	20205.8	24849.3	27864.3	26630.3	14371.4	13395.8	13587.7	14841.3	7806.32	9234.48	8817.04	7637.49	6874.65	8486.85	7815.91	8039.01
OBSL1	6	6	2848.88	2672.79	2780.64	2760.99	1442.34	1768.19	2085.32	1714.17		753.532	1806.96		1419.22	1261.13	927.633	1297.71
OCC1	2	2	2754.08	2910.16	2016.15	2934.26	2235.68	2652.56	1723.11	1950.29								
OCIAD1	8	8	14637.9	15467.8	17180.3	16770.3	26247.5	17391.9	21870.4	21766.6	24972.9	28017	22738.2	22878	27724.9	25833.5	27179.9	24016.9
OCIAD2	3	3	1293.69		1899.06	1733.76	57730	76339.8	53536.2	43793.4	812.902	145.644			1001.54		223.421	423.571
OCLN	1	1			799.29													
OCRL	13	13	8566.52	8885.59	8940.7	9079.81	6544.3	6409.2	6195.49	5753.02	5173.96	4795.73	4767.19	5211.12	3980.35	3327.85	3641.96	4010.42
ODF2	2	2	1686.24	1280.02	1345.02	1175.2	2074.99	1908.19	1848.13	1771.15	1624.3	1287.87	1231.99	1993.88		1197.38	1206.19	
ODR4	6	6	2689.6	2352.09	3541.04	3190.38	682.971	1304.62	798.767	785.869	3719.66	3576.86	3146.88	2864.74	2450.79	2373.88	3470.1	2530.51
OGA	8	8	14208.3	19978.2	17601.2	17655.4	25483.7	23366	22874.4	23861.3	9506.63	8388.12	9266.32	9313.13	4371.55	4937.58	5323.33	5567.44
OGDH	17	17	12401.8	12938.6	15517.9	14460.6	12723.6	12131.8	12668.5	13764	17717.4	26026.4	21265.2	21638.2	18885.9	23393.5	22164.3	21020.1
OGFOD1	1	1	4442.94	5050.78	4047.77	6060.29	4150.96	4262.17	4384.22	5044.86	1906.22	1815.56	1944.26	2113.53	1314.69	1477.82	1841.49	1897.24
OGFOD2	2	2	1152.08	1033.69	1712.78	951.626	749.386	682.858	2057.55	1185.92		1342.14	1101.6	1458.1	1274.96	955.467	1046.6	1319.21
OGFOD3	4	4	1946.22	2450.26	3601.38	2446.73	1663.74	1380.74	1740.1	1436.07	2692.38	2188.24	2377.34	2342.33	1827.3	2004.74	1782.46	2154.07
OGFR	11	11	10525.9	9078.03	9931.06	9994.08	10376.6	11279.4	10091.1	8793.48	14635.6	13334.3	12541.9	12535	15041.4	12452.5	14470	14442.3
OGFRL1	8	8				582.244					3148.14	4539.8	4654.19	3996.68	2173.48	2401.55	2169.8	2411.48
OGT	18	18	18655.5	17902.9	19908.5	21496.5	16309.3	14050.1	12783.2	13945.3	19715.7	17780.4	18254.4	16969.6	20951.3	20647.2	20276.8	21669.3
OLA1	18	18	62431.8	62461.2	66667.7	66758	73301.8	60979.1	59181.1	61093.3	62775.9	57962	58064.3	58264.8	67295.2	58754.5	71152.6	66041
OLFML2A	6	6	5196.1	4508.03	6215.26	5648.18												
OLR1	2	2													3696.42	4822.72	4128.44	3942.87
OMA1	3	3	1607.86	1166.17	1449.22	2088.82	1727.2	1353.13	1862.39	1087.05	4047.88	4221.17	3483.53	3955.27	4796.07	4930.3	5316.54	3712.97
OPA1	26	26	9293.51	9752.36	11362.5	10148	15171.3	14037.6	12017.4	12170.6	12881.9	11440.2	10892.9	11995.7	13363.4	11487.4	13411.4	13011.6
OPA3	1	1		721.077	1333.02	930.572						2469.95		1990.01	2090.9		2230.84	2508.38
OPHN1	2	2	1279.84	1154.18	1467.84	1198.18	1792.75	839.52				1404.38	1102.83			1193.53	1113.91	754.082
OPLAH	14	14	535.946	1160.71	1481.7	1177.57	4739.78	4633.26	3988.89	3742.1	5826.86	6800.22	6911.16	6961.21	4270.07	3852.66	3590.62	3929.33
OPRPN	2	2	2491.86	4137.72	2867.85	1282.29	2357.11	1499.56	2509.37	1950.59	4518.25	4114.77	3766.91	6000.23	3266.74	5723.69	4222.39	3900.35
OPTN	19	19	13012.5	10988.5	11663.5	13765.5	7929.09	7620.99	6119.7	6488.15	4874.35	4449.69	4768.46	4411.97	1480.31	1598.05	1571.02	3271.32
ORAI1	1	1	941.95					1075.47			1658.66	2565.07	1651.78	1679.94	1664.76	1654.85	1395.59	1243.98
ORC1	1	1					1144.01	946.672	1161.01	1778.66	923.62	1016.18	1054.37	1123.88		713.772		
ORC2	4	4	2846.08	1940.53	2264.91	2518.98	4149.02	3215.15	3884.1	3835.55	2750.47	1588.94	2066.46		2040.23	2079.7	1951.48	2811.34
ORC3	3	3	1709.1	1542.75	1439.23	1794.56	2511.94	2299.18	2872.14	2277.45	858.278	1197.27	956.246	1223	840.688	1019.2	1019.75	1375.26
ORC4	3	3	3427.24	3223.29	3145.97	2582.52	3054.84	3596.49	3481.25	2368.3	7981.42	3888.54	2815.34			3491.37	5996.44	3237.03
ORC5	2	2	2089.43	960.856	1169.11	813.684	2819.59	1512.93	1643.41	940.13	2788.23	1434.04		931.554	2228.41	1149.68	1991.24	2261.39
ORM1	1	1									852.174	1525.35	1466.67	688.204		1466.68	881.064	578.52
ORM2	1	1	1562.96		1582.91						2628.83	1821.31	3686.41	2117.86	2406.34	2028.43	1361.95	
ORMDL2	1	1										460.52	2343.33			830.617	371.113	600.654
OS9	10	10	6656.24	5678.35	6485.88	6157.8	3458.03	2825.96	2462.63	2637.98	5928.1	4307.53	4855.12	5155.84	5763.67	4682.46	4684.1	5629.77
OSBP	20	20	13071.5	12498.4	13984.6	14301.4	9393.06	8711.19	7840.28	7188.83	9906.79	11175.8	12142.7	11517.3	9618.46	8879.5	9767.06	10852.1
OSBPL10	2	2	2390.23	1938.85	2567.14	2446.07	1872.77	1884.84	2209.14	1646.14								
OSBPL11	11	11	2751.55	2097.75	3659.1	3068.59	2661.49	2207.12	2195.23	2178.99	7217.33	8042.57	7089.7	8116.07	5676.61	5442.17	6361.28	6217.35
OSBPL1A	11	11	5163.76	2989.95	4090.27	3063.77	2631.44	2060.13	2298.45		8309.11	8133.64	7885.16	9293.87	5719.49	4524.43	4956.19	5986.43
OSBPL2	4	4	2299.69	2183.67	2512.58	2552.38	1619.96	2029.5	2203.98		3915.75	3070.01	2608.4	3110.03	2319	2048.79	2394.85	3001.16
OSBPL3	13	13	3419.47	3819.84	4648.18	4449.5	9666.56	7710.1	7976.26	7847.7	4925.5	5603.31	4491.21	4649.99	4783.68	4692.18	4975.62	5521.52
OSBPL5	6	6	2274.52	2018.79	2152.39	1823.89	2461.22	1619.67	1773.49	1543.25								
OSBPL6	9	9	2999.05	2792.16	3653.9	3501.04	3107.1	2561.95	2524.88	2702.77	3814.73	1946.63	2552.16	3483.88				
OSBPL7	1	1	2772.3	2130.89	2280.83	2825.22							2090.63			1091.21	1843.33	2143.54
OSBPL8	10	10	6426.79	6066.32	7196.32	6643.35	6118.89	5631.3	5017.55	5470.6	9025.44	8863.74	8446.71	9938.61	9724.19	9243.3	10258.6	10503.7
OSBPL9	14	14	10097.6	9413.87	12588.3	11057.2	11305.5	8085.08	9119.7	9151.33	18182.9	19241.7	18509.3	15401.7	12931.8	10536	10761	14498
OSGEP	9	9	4636.02	5057.37	5875.63	4688.95	2886.07	2918.39	2540.34	2429.51	8024.12	9613.36	6719.9	6833.67	9924.88	10152.4	13131.6	10596.8
OSGEPL1	2	2	546.341	574.188	1462.49	777.786		635.773			1577.37	1448.52	1408.22	1262.58	1566.32	1900.95	1706.81	1229.17
OSMR	1	1	1283.91	1329.88		1256.55	2065.7	1845.49	936.385	1089.44								
OSTF1	6	6	5083.27	5076.82	8165	5749.93	2767.01	2252.25	2543.86	4520.04	58871.2	81949.5	66410.2	58543.2	47559.5	54638.5	62805.8	58082.1
OTUB1	8	8	23309.9	22775.5	30708.5	26725.8	9546.76	17447.7	11607.3	10714.7	37697.2	39534.9	42502.6	33157.2	35908	46837.9	43474.6	45982.6
OTUD4	12	12	2740.44	2960.59	3087.17	3540.39	3671.36	3232.94	3284.48	3158.87	2091.17	2233.7	2640.39	2374.7	4073.56	3811.94	4142.95	4089.81
OTUD6B	4	4	7848.32	7847	6199.54	8360.15	10619.9	7792.14	10192.8	7476.76	6492.96	6980.85	5640.98	6442.08	6697.72	7230.91	7888.95	6989.12
OTUD7B	4	4	3948.14	3365.94	3302.48	4305.75	3724.69	3593.73	3837.51	3788.35		840.865	1086.82		1317.97	1308.34	1085.72	
OTULIN	10	10	8140.43	6813.09	8922.45	8363.3	6919.84	6995.39	5398.32	5618.86	9153.73	15464.6	10869.4	11108.6	9168.64	12297.8	10838.7	10582
OTULINL	4	4									14839.7	20701.6	15718	16050.3	11921.1	12263	13360.6	13094.1
OVCA2	2	2	1582.51	3133.54	2589.59	2504.3					2620.44	3526.98	3011.9	2436.68	3513.03	4817.6	4218.85	4167.06
OXA1L	6	6	5587.37	4624.37	4556.96	4972.94	6147.8	5328.56	5226.76	5973.66	11111.7	8146.67	8422.63	10564.4	11539.7	10173.1	11081.6	12857.7
OXCT1	8	8	7391.76	9495.25	11301.8	10387.5	10676.9	11823.9	10704.1	7435.9	7874.73	8659.74	7174.05	7562.05	6588.31	9194.86	7553.95	7776.18
OXNAD1	4	4	1483.73	1557.74	1884.55	2063.22	1998.11	2018.24	2049.97	1669.96	2437.29	2216.64	2244.54	2729.76	2654.32	1808.34	2052.94	2542.38
OXR1	14	14	5001.27	3595.21	4009.1	4411.81	4448.46	4318.48	3985.03	4105.16	6824.64	5657.21	7017.16	6867.92	4498.28	3649.34	4461.13	4396.29
OXSM	4	4	1131.84	947.708	1662.18	1081.46	1931.43	2863.17	2303.55	2248.47	1869.38	2418.6	2482.35	2955.6	2101.01	2363.93	2258.23	2117.87
OXSR1	15	15	71815.6	71196.8	68942.4	72130.1	49806.9	44080.4	34379.9	34012.3	35745.5	35854.4	36282.3	38630.2	30079.1	24444.1	30237.5	28624.8
OXTR	1	1	1170.46	1362.46	1692.73	1471.07												
P2RX4	6	6						741.507			8705.62	8645.33	7033.3	10097.7	2725.54	2551.13	3311.71	3085.07
P2RX7	1	1														832.045	1652.63	1771.55
P2RY11	2	2									1090.65	702.721	813.66	923.555	1445.27	602.291	889.579	1620.23
P2RY12	2	2									1962.69	2571.23	2075.83	1636.7	953.772	2054.23	2423.69	1572.78
P3H1	12	12	65835.2	58410.7	55984.8	71931.6	14079.8	13098.8	13972.1	12503.4	9871.18	10847.4	11543.9	10607.2	7738.48	7329.1	8023.06	8213.15
P3H2	6	6	8798.8	7282.96	7870.34	8223.63						641.904				755.404		
P3H3	8	8	32433.2	28417.4	26639	35653.5	9217.45	6572.06	7182.47	6114.66			10904.8					
P3H4	4	4	4505.31	4697.68	5264.15	5260.88	2537.95		2157.8	2045.79								
P4HA1	18	18	62801.9	64809.7	96175.5	83920.5	7458.88	8031.87	8025.23	5202.17	12128.9	15834.6	15704.8	13140	11093.3	10158.6	10146.3	11813.6
P4HA2	20	20	111394	106781	123045	119656	7179.17	4960.76	4958.77	5047.15	1660.6	1641.6	8489.99		1160.01	2423.41	2334.94	
P4HA3	1	1	4352.32	3518.63	3474.88	3953.72												
P4HB	35	35	370938	455219	572199	575026	97761.6	93141.3	94123.9	85907.9	219736	297236	219239	214466	165660	198401	205049	197289
P4HTM	2	2	2597.29	2214.9	2537.99	2937.49	3080.51	1715.59	1906.74	1759.67		796.188	611.167			514.753	628.845	
PA2G4	15	15	85837.3	91307.4	96646.1	93831.4	121095	108234	113576	108436	119591	134210	115391	122697	125316	139241	144131	138511
PAAF1	3	3	7712.56	6980.14	7022.13	7362.49	11137.6	11382	10714.4	9826.46	9435.97	9916.93	8479.28	9242.78	7160.78	7207.42	8710.23	8574.53
PAAT	2	2	2003.01	1895.83	1830.41	1769.6	2339.53	1997.68	1433.01	2360.04								
PABIR1	1	1			583.269	812.214						216.005				341.532	304.001	
PABPC1	4	4	87703.7	82448.4	104166	106565	97816.6	86930.1	115830	94068.4	85644.4	94688.9	76823.5	94464.8	76024.2	75052.8	72005.2	76681.5
PABPC4	10	10	46907.6	44528.4	67263.4	57995.5	28691.8	33593.3	32328	32243.3	41330.3	39051	40794.8	38155.7	42088.5	40310.9	57733.9	50027.7
PABPN1	4	4	23211.7	22672.3	17721.9	23713.2	25291.6	28721.1	24286.9	22324.3	32044.1	27526.1	27066.9	35742.8	37025.7	32919.9	31918.5	32640.9
PACC1	4	4	1642.98	1993.83	2014.79	2114.62					4566.34	5476.49	4082.98	4156.87	2107.44	2948.41	3224.58	2608.23
PACS1	15	15	11170.8	12871.4	11369.2	14345	12161.4	11981.6	12773.4	11202.5	14184.6	15156.6	14467.1	13862.3	13413.9	12150.2	13999.3	14386.6
PACS2	4	4	1412.46	1609.01	2025.24	1723.64					2442.41	3095.25	2612.42	2584.9	1546.3	1448.96	1314.74	1791.09
PACSIN2	12	12	14139.3	13922.8	18272.7	17573.2	17231.2	18441.4	15357	15780.3	28049.8	30640.4	24309.3	23378.1	29233.9	38119.8	39244.5	31083.5
PACSIN3	6	6	3496.08	4029.55	4368.16	3798.51	3868.25	4893.88	4149.05	3851.03			2590.99					
PADI2	9	9	988.892		1418.73	829.682					1666.74	1469.78	2617.05		9924.2	7159.22	7297.09	9635.94
PAF1	10	10	7113.34	6072.73	6658.72	5891.16	7397.77	6939.1	6882.84	6576.55	6076.07	6835.97	6256.54	7141.52	6238.54	6046.6	6135.33	6631.5
PAFAH1B1	14	14	17812.3	21974.6	29464.1	25632.9	17105.7	18620.4	13104.9	15134.1	24114.9	28764.9	23204.9	22479.4	21482.2	25834.4	25934	22023.9
PAFAH1B2	4	4	173638	193005	201974	234899	142956	183683	179651	190146	101377	103673	109462	102960	103089	86837.5	113027	119629
PAFAH1B3	8	8	76038	77294	72165	90557.1	49185.4	48490.7	40594.8	36391.2	56832.4	55664.6	57303.1	67703.5	39346.3	34627.1	36407.7	39641.4
PAFAH2	4	4	2631.2	2133.41	2701.01	2282.92		2876.22			3571.28	5116.05	4225.19	4145.12	5504.38	4113.42	4502.72	4812.31
PAG1	4	4		1832.1	1653.56	1540.96					2354.61	2623.64	3215.07	2402.55	2243.48	2043.97	2426.22	2938.72
PAICS	11	11	20059.4	24992.4	28099.5	26940.1	40454.3	41877.1	30311.9	29622.4	24240.2	31480.5	21244.6	21364.1	15368.6	22128.1	23651.4	20361.3
PAIP1	3	3	7267.17	6311.44	3129.85	4645.69	4222.04			3402.53	4365.82	4237.57	4699.78		2414.72	3090.63	3787.71	4058.01
PAK1	6	6	4695.95	5068.95	4526.88	4532.09	8310.88	7148.54	8224.66	9104.85	7723.58	7327.89	6957	8374.64	7264.79	7492.03	7351.8	7635.44
PAK1IP1	8	8	7603.23	7332.31	9046.07	7507.38	9806.03	9563.71	9328.81	8362.94	10794.9	10942.9	13093	8789.63	9588.58	10689	10116.1	9649.96
PAK2	12	12	44847.6	43301.1	38186.1	48053.2	51895.7	47444.2	52131	46506.8	71557.6	67087.9	65158.2	73413.2	65578.1	53790	66264.8	61925.7
PAK4	4	4	2483.21	2821.67	3845.97	3422.66	3494.96	3989.62	2892.27	2570.6	2166.73	2769.78	3098.51	2001.72	2529.62	2281.3	2221.05	2847.87
PALD1	24	24	1764.93	1748.42	1374.82	1330.22					10651.2	10677.7	8148.43	11200.9	12497.9	14085.7	13331.4	13804.4
PALLD	32	32	143309	172969	165702	197390	36339.4	36685.1	30765	25407.6			6111.34		13697.9	13469.2	15796.9	14291.9
PALM	11	11	22236.7	21518.7	14273.6	18019.2							2913.42					
PALM2AKAP2	25	25	18770.2	21343.8	20854.9	22774.1	3362.53	4170.67	3479.73	3680.8	1258.11	1089.08	3017.58				1209.66	875.434
PALM3	2	2	6449.76	4681.56		7359.21				5369.14								
PALMD	5	5	2629.43	2636.88	3361.74	3473.09												
PALS1	2	2	699.7	992.16	909.824	550.142		716.228				698.831	847.304	903.722			626.964	
PALS2	10	10	8110.05	8290.19	8084.97	8392.74	11907.8	11231.1	10275.9	9624.38			3384.64		2861.46	3049.53	3298.23	3093.9
PAM	3	3	7794.82	2506.31	1886.88	2417.4	2219.69	1868.72	2701.54	2136.37				2536.17		764.352		
PAM16	4	4	2999.97	2725.2	5176.02	2646.38	4176.02	3630.67	4161.61	4121.28	1851.37	2018.22	2709.56	2039.74	2172.63	2552.9	2731.18	2082.55
PAN2	5	5	1022.65	1370.02	1095.84	1351.38	2220.06	2053.38	2226.37	2145.3	1420.68	1957.13	1814.98	1178.95	1286.16	1332.09	1422.11	1409.57
PANK2	3	3	2426.86	2118.69	2397.56	2472.28	3087.78	2209.08	2212.94	2623.3	2035.21	2719.06	2979.92	3628.19	2305.23	2604.61	2120.06	2770.82
PANK3	2	2	1452.25	1787.91	1798.96	2137.78	2083.47	1376.43	1632.54	2486.36	2262.8	2127.53	1678.45	2023.91		1077.89	1107.42	1200.75
PANK4	17	17	6204.37	5990.18	5977.64	5980.9	7557.77	7176.95	5605.95	6049.03	7369.37	7003.65	7258.2	7449.57	7681.86	6926.36	7473.31	8297.48
PANX1	1	1		1007.77	1525.87	914.894					896.734	1245.52	1132.87	1195.19	1328.1	1631	1884.93	1585.75
PAPOLA	9	9	5814.83	4367.9	5248.37	5363.56	8134.24	7193.33	7322.42	6313.82	6991.54	6124.83	4875.58	6221.85	6409.29	5808.05	6702.47	7134.15
PAPPA	3	3	2325.59	2192.52	2649.46	2564.29									2149.09			
PAPSS1	12	12	14797.5	15083	15564.8	17666.1	9681.31	9639.52	9779.44	8937.07	19910.2	17752.1	15242.6	15644.3	20580.5	22451.2	24241.5	23165.3
PAPSS2	15	15	15140.3	15130.4	9712.54	16302.8	1916.84	1447.11	1618.44	1298.63	2684.3	3550.63	3893.16	2125	4874.63	4723.86	5137.23	5071.23
PAQR5	1	1														1958.49	1665.37	1271.97
PARD3	13	13	3693.09	3866.56	4064.35	3723.36	5512.78	5339.49	5803.74	5271.12								
PARD6B	1	1					3114.36	1959.4	2266.53	1987.13								
PARG	5	5	3532.99	3859.42	3758.92	4053.45	3899.15	3329.83	3284.82	3456.93	3321.17	3423.95	3086.54	2983.51	2970.12	2448.18	2399.16	3125.75
PARK7	6	6	133635	154168	127915	135863	144662	156738	150457	155092	145188	155360	105976	124160	152520	166033	186515	137033
PARL	2	2			3248.55						1915.13	2167.07			2121.59	2581.95	2268.87	2231.78
PARN	7	7	5093.78	4206.48	4620.36	4798.97	5563.1	5380.48	5138.44	4403.2	4670.59	3852.41	4172.52	5399.42	5337.49	4337.21	5361.55	6292.46
PARP1	32	32	34658.6	32749.5	42728.6	41573	89165.7	88604.7	92205.3	85658.2	84841.3	102872	79135	83058.1	45258.6	47689.8	51593.8	46995.9
PARP10	9	9	2078.9	1845.12	1899.14	1974.99	3194.49	2530.01	2764.61	2088.41	3490.96	4530.67	3362.23	3949.31	2455.78	2397.26	2403.46	2310.69
PARP12	9	9	7526.14	7306.06	8823.3	7232.87	5249	5109.67	3447.55	4425.39	10911.7	11185.3	11694.1	11107	10897	12613.4	13076.9	12944
PARP14	33	33	8333.32	8540.7	8436.15	9117.02	5112.78	5273.42	4268.8	4765.01	11105.4	11501.1	10774	11960.1	8801.73	8840.22	8316.53	10276.6
PARP16	1	1	397.26		233.888	371.65			535.011	388.353								
PARP2	2	2	7873.01	5193.66	6396.71			7999.23		9533.38		8443.06			19987.2	4831.72		
PARP4	20	20	6751.49	6889.97	7923.2	7505.8	13174	13832.6	11337.8	9918.68	4488.17	4377.81	5516.15	4560.31	6348.68	6959.11	7362.35	6957.79
PARP9	18	18	5647.74	5230.38	4123.87	5475.74	3219.8	3035.65	2240.15	2477.33	8502.68	8164.94	7811.73	8803.03	6767.34	7332.6	7218.24	8310.54
PARS2	2	2									2180.94	2123.9	1930.15	1379.81	2648.76	2581.05	3213.58	3115.03
PARVA	11	11	50736.8	55714.7	51343.4	59740.1	27693.1	24372.8	23644	20044.7			6741.03				674.401	
PARVB	6	6			265.679	1687.63	2999.95	1486.64	2105.95	1779.49	4799.13	4840.19	4945.71	4366.5	7278.75	6404.24	8092.28	7323.29
PARVG	10	10									29359	28356	31591.8	30207.8	28925.1	22941.5	36260.8	32325.2
PATL1	16	16	4897.87	4107.06	4111.79	4664.17	5445.76	4235.37	4291.68	4241.49	6166.78	5593.68	5527.56	6361.57	4474.59	3452.71	3411.46	4066.23
PAWR	10	10	23440.9	21692.8	19132.9	23023.9	11402.8	9880.48	9510.03	8718.76			886.613		1498.19			
PAX6	2	2					1947.98	1091.22	1411.21	1555.77								
PAXBP1	6	6	5105.01	4849.76	5449.21	5759.67	5955.45	5193.14	6025.78	5829.03	5093.51	5268.35	4955.21	5228.93	5508	4290.89	4601.93	5937.78
PAXIP1	2	2		620.366	563.938			999.553		913.468		494.515	459.615			474.574	426.793	
PAXX	6	6	5944.03	5292.66	5128.95	5533.81	8296.24	8695.13	8852.35	8392.04	5940.32	6238.68	6129	6443.55	6726.84	5600.72	6011.81	6415.11
PBDC1	9	9	25436.1	24706.3	26989.7	30446.5	14369.1	13850.5	15034.8	13907.1	47121.8	43248.6	41621.4	46340.1	35784.5	30793.1	36774	41429.6
PBK	3	3	3393.71	1874.49	3479.96	3332.19	10430	9562.89	8820.05	8329.29								
PBLD	2	2	1916.17	1501.74	1708.86	1569.38					2032.69	1358.92	1566.3					
PBRM1	17	17	3258.09	2731.25	2914.43	3567.42	6918.16	6398.13	6829.72	5609.59	3405.69	3266.56	2962.33	3662.37	2740.74	2859.59	2986.2	2998.38
PBX1	1	1			256.697													
PBXIP1	17	17	16349.5	14276.9	15674.8	16979.2	12605.6	11562.3	11253.2	10785.8	6431.67	6493.11	6094.39	6575.06	5620.45	4443.93	4344.22	5669.41
PC	32	32	37340.8	40439.4	46534.9	44069.7	53360.7	58387	51519.2	50479.9	139811	161209	132641	127909	142262	108098	131232	131161
PCBD1	2	2	18726.2	25411.3	22263.6	30564.1	51326.7	52654.6	57584.5	60898.7	32117.1	69902.7	42040.3	43737.6	14814.8	36559	34992.5	22779.4
PCBD2	1	1								6006.16	7785.25	8166.58	6735.37	8139.51	7277.01	7887.79	8453.79	8213.75
PCBP1	6	6	193887	200700	191843	224205	128186	116056	130939	126175	314053	390838	318741	356790	253337	258241	271240	243509
PCBP2	6	6	165804	116589	164403	177690	173781	168567	195723	210277	144638	132824	150137	137883	162356	135464	160555	165315
PCBP4	2	2	1634.44	969.127		985.345	2103.57	1531.83	1497.8	944.077								5025.69
PCCA	21	21	7497.67	6898.76	9147.37	9162.96	9480.37	9700.73	10007.4	8970.46	16973.6	18865.8	16802.3	17276.3	29614.2	25200.1	28690.8	29652.9
PCCB	16	16	8325.25	8124.57	8518.95	7268.6	12351.7	10704.1	11732.3	10659.6	16853.2	17705.3	15377.8	17307.7	29498.3	23724.1	27725.9	27064.2
PCDH1	3	3	1562.25	928.572	1707.83													
PCDH10	2	2	883.663	909.465	991.03	1428.7												
PCDH7	1	1	534.517		437.699	534.969												
PCDHB15	1	1	703.708	1510.56	1749.51	2093.71												
PCDHB5	1	1	1819.84	1555.85	2142.01	1585.55												
PCDHGB4	1	1			887.729	961.158												
PCF11	9	9	3919.28	2939.03	3719.7	3389.04	6177.6	4573.23	6169.83	4438.17	5718.97	3901.25	5174.66	4792.2	4807.08	5005.07	4540.33	5296.07
PCID2	3	3	1127.37	1652.95	2059.83	2213.4	1310	1568.8	1078.16	987.52	1888.57	2509.04	2218.09	1929.02	1122.87	2634.69	2837.77	2001.76
PCIF1	3	3	688.123		1438.39	936.454		1005.97		524.117	738.969	1328.3		870.779	587.735	877.436	1193.08	1190.81
PCK2	17	17	24656.7	27484.4	23287.4	26221.9	6779.68	5171.75	5736.68	4858.82	64372	69568.8	59159	69590.6	87947.5	89102.3	87970.1	97375
PCLAF	2	2	707.404		1088.88	734.942	1239.71	2195.79	1757.44	1734.59	1133.8	1545.95	779.838	1274.13				
PCM1	20	20	3001.81	2568.22	3479.81	3999.23	4307.98	4386.19	3461.48	4378.27	7778.36	8036.38	7172.72	7646.76	4458.33	4242.24	4772.43	4493.59
PCMT1	6	6	16808.9	29361.7	17539.4	28719.6	23234.3	21508.2	24437.6	24156.1	23443.7	19923.8	16300.1	18801.1	20374.2	23424.5	26911	18903.7
PCMTD1	2	2	1911.51	1917.31	2070.95	1542.96	1756.51	1342.44	1412.65	1569.24		2108.88	2279.71	1864.81	2804.1	2229.72	2723.64	3373.88
PCNA	8	8	21237.7	17808.2	26935	22889.1	34774.6	43122.4	29215.2	42330.1	37164.5	39829	32608	34497.6	20090.3	22889.5	29035.4	24168.7
PCNP	8	8	32551	27919.1	29929.5	34847.4	69353.9	70780.1	56279.1	59989.8	30602.9	25198.6	23292.2	27253.6	28328.3	26124.9	27712.2	25890.3
PCNT	14	14	1238.88	1259.09	1411.06	1420.47	602.975	941.619			1483.99	1837.16	1375.49	1629.92	2085.45	2093.6	1689.47	1877.08
PCNX3	2	2	1000.26	1180.36	948.391	1317.76	700.059	962.522	1203.89	1039.65	1210.46	1109.14	869.992	1530.85	616.675	400.077	819.617	824.132
PCOLCE	4	4	6773.5	6687.05	10102.9	9576.03												
PCSK5	2	2	2863.87	2460.15	3196.7	2374.53		2189.89	1605.07					2749.81				
PCYOX1	8	8	15989.2	14525.2	24261.7	16092.5	6554.84	4359.6	4594.11	4580.39	25075.3	33652.3	28967.7	26002.9	13428.2	14035.1	13129.4	12730.4
PCYOX1L	7	7	2933.61	3330	5312.56	4154.35	2373.57	1068.27	1316.49	722.536	6556.37	9298.73	7767.53	7101.27	4475.8	5140.53	5623.5	5493.88
PCYT1A	7	7	9229.99	10125.9	10193.3	9902.81	10367.9	6163.11	5554.1	5955.58	10659.6	8928.38	10624.2	9621.42	13367.6	13713.7	11181	15015.2
PCYT2	16	16	16398.7	16117.3	15879.1	16716.7	32873.4	36083	33196.8	26092.2	17113.1	16966.5	15029.7	15611.9	7345.98	7710.83	6867.61	7736.49
PDAP1	8	8	70714.5	65961.4	75388.3	69258.4	59597	65581.6	58748.1	51503.1	41170.7	36544.7	36858.4	37120.8	34951.3	34275.8	33494	37041.9
PDCD10	7	7	13273.7	13205.4	13236.1	18445.7	13183.2	18811.4	11161.6	11109.6	13739.7	16880.2	17754.5	14205	12430	14556.1	14186.9	12272.4
PDCD11	39	39	9551.45	9040.76	9846.81	9522.55	9017.75	7792.88	8583.66	7818.95	8173.58	7601.44	7082.28	7255.33	9260.09	8466.67	9984.89	9537.28
PDCD1LG2	2	2	3948.27	2831.02	3047.88	3615.8						1651.62		3809.63				
PDCD2	1	1	2880.63	2764.53	2308.26	3360	2675.43	2966.91	3464.79	3792.18	1356.27	1720.99	1545.92	2130.16	1837.82	1478.91	1733.66	1464.75
PDCD4	6	6	8522.54	9571.91	9728.91	8779.62	15727.5	13445	12149.2	13219.3	19267.8	17502.1	18108.5	21644.4	15273.9	14743.7	15837.4	17157.7
PDCD5	5	5	22950.2	28032.1	28473.3	31316.3	13690.6	14319.5	13516.4	16012.7	17653.3	17950.4	18386.3	19317.1	13945.8	14342.8	15859.6	15579.9
PDCD6	3	3	12533.1	13186.2	21304.9	14819.8	3443.36	6630.74	2701.68	2635.35	18141.1	26249.6	22861.8	20146.1	17600.1	21495	21181.5	17207.3
PDCD6IP	42	42	51897.9	51689	54743.3	58152.1	50386.2	45720.8	46524.3	43828.4	77804.4	82141.7	79048.6	76752.4	51504.7	51968.7	60924.6	57440.9
PDCL	4	4	3231.43	3138.67	3421.87	2756.82	3429.62	4216.36	3479.95	3035.88	3279.23	3827.96	3681.54	3241.18	2987.83	3397.61	4240.86	3435.97
PDCL3	6	6	7168.49	6021.82	5241.48	6267.04	5709.93	5107.53	4692.66	4559.56	7720.04	6696.55	6653.57	7923.76	6323.92	5567.56	6862.69	6351.58
PDE12	11	11	6785.81	5982.39	6250.27	6274.42	11478.2	9983.53	9875.54	8454.89	8058.66	8778.68	6866.28	8146.02	6620.52	7486.36	8736.8	8380.3
PDE1B	3	3									1417.86	1814.51	1525.67	1396.98	1283.74	1804.42	2212.19	1437.04
PDE1C	9	9	7726.42	5913.02	6412.95	8041.09	8600.57	7567.36	7066.78	6887.87								
PDE3A	2	2	371.548		490.842						683.995	710.595		752.022	768.091	1262.55	794.314	1334.59
PDE3B	2	2									1336.63	1236.83	1070.01	1160.77		1418.96	815.854	
PDE4D	3	3	2069.91	1999.24	1807.54	1451.43	3308.6	2803.06	2932.89	2777.15	1883.15	1833.13	2660.42	2766.48				
PDE4DIP	8	8	3591.23	3209.66	3267.5	4184.28	2518.42	2338.17	2461.44	2657.22	2284.68	2192.79	2294.24	2521.02	2922.31	2320.94	2181.65	3024.37
PDE5A	1	1	1151.93															
PDE6D	1	1	7960.76	6278.24	6860.93	8378.43	7826.54	5528.1	6180.7	6569.66	5316.04	5614	4788.02	4719.51	4778.78	3369.18	3876.84	3909.21
PDGFRA	2	2	2104.62	2253.93	2887.68	2469.6												
PDGFRB	14	14	6671.58	8200.47	9618.74	7872.88		942.139										
PDHA1	12	12	33962.5	33769.9	39112	27781	64122.6	48379.5	40412.6	38291.9	64885.2	48564	63511.1	66470.2	74571.2	46873.5	58444.4	61122
PDHB	8	8	25740.7	26122.8	26921.8	31926.4	51517.5	47516.1	39571.8	46996.2	50222.6	54121.5	46589.9	49484.9	54405.4	45846.3	56259	53969.4
PDHX	12	12	3472.11	3284.91	3824.28	3076.76	13289.3	12858.1	10741.2	10771.7	6557.49	6772.29	6057.6	6978.05	7187.55	6204.79	6735.69	6840.93
PDIA3	35	35	413149	435427	573532	457398	136413	152415	127633	135473	325102	375006	314581	311103	261430	296944	292257	281326
PDIA4	33	33	88279.1	96348.3	125939	118170	51784.2	51073	47919.1	49314.6	116713	162101	129629	114425	71065.6	81397.6	87646.7	73088.5
PDIA5	12	12	17794	18133.8	22315.9	23385	3332.79	3501.57	3579.59	2615.6	3172.99	3453.94	3797.96	2794.61	3794.65	3527.76	4072.8	3534.61
PDIA6	15	15	201805	212269	185071	237150	77175.1	74731.3	69540.7	72953.3	223311	243029	213936	228744	108741	129440	161365	133557
PDK1	3	3	2812.29	2956.47	2466.84	3207.57	2825.28	2072.2	2129.09			928.226	1841.05		1660.61	1038.42	1798.49	1661.16
PDK2	2	2	1369.77	1206.07	1271.92	1191.28	1355.49				2085.91	1937.24		1442.32	1919.41	1845.91	1479.5	1652.55
PDK3	7	7	3250.64	2078.06	1337.03	1718.72	5025.4	3417.25	3624.08	3561.3	5871.66	5845.74	6060.8	6312.03	3862.39	3161.86	3187.6	3522.03
PDLIM1	13	13	88592.5	81830.1	72920.9	79636.9	51865.5	53006.2	34563.3	29875.5			15306.7	5217.77	2813.68	1011.49	4143.54	5074.75
PDLIM2	6	6	30816.8	30513.3	22786.1	54368.9	7005.21	4695.7	4976.06	4747.91	12836.4	15595.9	12656.5	13940.3	7169.69	5014.01	7745.03	7497.64
PDLIM3	2	2	16550.9	23503.6	26333	23831.5	6235.16	7585.01	6067.77	5840.68			1481.39					
PDLIM4	7	7	54021.8	60185.6	41728.8	45492.9	42734	33478.2	46079.3	31294.8	6165.56	1654.46	7280.14	1979.73	21773.9	13043.3	26924.4	21621.2
PDLIM5	14	14	48754.7	51492	55543.9	57590.3	14373.3	14035.5	12318.8	10175	12686.1	10553.1	17321.6	11829.4	20628.7	16476.4	17085	21962.1
PDLIM7	9	9	245563	296581	257970	324022	75226	59266.6	64253.5	60043.9	6117.3	5621.44	22522.2	5163.69	52531.8	47999	57489.9	59605.9
PDP1	6	6	5280.88	7273.44	9678.43	5377.41	9546.37	9243.25	7174.77	7863.75	5872.34	8592.65	7969.37	6212.84	8821.72	9701.41	8458.74	8222.39
PDPK1	1	1									1218.66	1303.4	1264.21			633.984	626.231	1368.1
PDPN	1	1	684.415															
PDPR	12	12	8560.17	8421.45	9291.72	7865.07	6997.46	6899.03	5888.28	5047.12	9802.25	8274.24	9334.54	9490.7	10463.9	10302.2	9140.11	10571.6
PDRG1	5	5	5161.84	4953.37	6690.63	5290.17	2934.56	3281.72	3623.62	3769.79	3075.92	4080.87	5509.85	4365.35	2359.2	3114.01	2682.53	2771.17
PDS5A	25	25	4756.79	4470.38	5285.17	4972.94	9956.04	9550.71	8959.55	8585.75	7742.78	7551.88	6844.93	8003.28	6802.19	6168.77	6975.82	6599.76
PDS5B	28	28	3948.6	3382.46	3933.61	4240.21	6394.22	7138.68	6785.94	6393.9	3792.1	4606.7	4492.68	4585.9	3865.3	3995.76	4217.81	3696.16
PDSS1	2	2			688.643	823.701						1270.03	930.449			1074.54	817.137	1055.42
PDSS2	4	4	1577.27	1797.26	1796.87	1608.36	2582.71	2442.46	2516.44	2083.7	2304.75	2289.43	2270.69	1859.79	2446.56	2267.95	2117.79	2695.68
PDXDC1	13	13	17688	19917.2	20885.2	23671.1	11768.3	11892.8	12197.8	8521.08	16627.9	15426.2	16089.1	13490.7	12767.9	13496.9	13726.3	15640
PDXK	11	11	12277.6	13379.8	14668.6	14308.1	8526.91	7806.47	8942.85	9314.6	32416.6	41106.4	33800.4	38663.7	28083.1	24776.2	30702.8	32415.1
PDXP	5	5	3582.3	3829.49	3001.4	3986.81	4706.9	5588.31	4527.58	4709.4	5059.75	4692.39	4703.14	5601.71	2861.46	3261.44	3966.06	3677.02
PDZD11	2	2	2911.06	3969.58	3351.07	4046.9	5354.69	5689.49	4742.21	4306.34	1048.53	2112.69		1047.93		1154.24		1085.87
PDZD8	10	10	2850.21	2813.03	3151.28	3151.21	3006.07	2866.12	3081.64	2611.28		940.178	3554.25			1450.55	1700.04	2564.94
PEA15	8	8	62982.6	60507	112506	70165.4	21434.1	22507.7	26134.5	19443.1	38500.1	64040.7	48360.4	40761.6	60675.6	82977.1	66932.3	63054.6
PEAK1	11	11	3577.39	3889.8	3807.63	3350.97	2315.18	1526.27			1866.14	2430.77	2658.84					
PEBP1	8	8	59382.1	70086.3	74445.4	55474.4	56723.4	57756.1	58836.5	47332.7	170258	222308	216877	194514	84845.2	107754	97832	82949.1
PECAM1	9	9									12636.9	10803.2	11217.6	9648.41	8324.98	7159.05	7972.55	8499.7
PECR	3	3		668.631					1350.55		1204.66	1775.51	1866.28	1997.74	1600.08	1371.51	1432.91	1280.32
PEF1	4	4	3207.1	3829.45	3003.64	4577.52	8216.84	10066.8	8956.04	6915.24	6708.9	8784.49	4381.01	7227.92	6470	5416.58	7064.08	6940.97
PEG10	3	3	934.018	1014.3	998.732	365.32				2197.32						1163.24		
PELO	4	4	2064.58	1480.06	2782.18	2593.65	2451.12	1958.7	2346.12	1649.93	1451.05	1726.2	1140	1666.32	1537.83	1297.1	1379.07	1518.64
PELP1	9	9	11659.9	10603.5	15080.6	14327.6	9736.75	9747.84	10642.8	9091.76	8810.47	9346.62	8259.36	8501.78	9647.41	10188.8	10590.9	9374.69
PEPD	10	10	22123.3	24804	16676.8	25450.1	10322.5	10756.1	9677.55	8892.38	62078.9	53090.6	48498.3	66413.4	24039.9	22620.6	30751.2	27365.3
PES1	11	11	10526.9	9574.87	10857.9	9793.08	10375.5	10151	10835.1	8407.5	8693.35	8507.25	7775.8	8080.18	8863.11	9311	10169.1	10017.1
PET100	2	2	1347.18	1624.91	2737.12	1777.58	3248.2	2725.66	2505.57	2518.88	2584.07	6012.22	4909.3	4953.82	3209.66	4223.17	4340.59	4082.85
PET117	2	2						1129.19	1296.54	1090.27	1703.74	1211.78	1645.38	1639.9	1648.22	1232.76	1389.57	1331.37
PEX1	6	6	1930.76	1919.63	1947.28	1925.62	2716.96	2587.08	2927.04	2555.47	2854.61	2559.94	2109.15	2928.11	2793.12	2299.49	2746.01	2889.26
PEX11B	8	8	11372.4	11366	14566.6	13173.8	4096.58	4849.2	4718.75	4121.44	16825.7	18642	15801.9	16679.7	15195.2	14542.4	15284.9	12763
PEX12	1	1	563.846	549.835	785.319	500.91		658.762				443.05		581.101	492.786	469.183	615.092	344.403
PEX13	4	4	2360.35	2252.67	2542.51	2632.77		380.238	433.793	676.558	1327.13	1360.77	1566.76	1335.54	1518.02	1559.85	1376.74	1548.13
PEX14	4	4	3328.86	4695.78	3996.12	4807.54	5310.92	3882.49	4645.97	5219.32	5712	5781.34	5856.32	5302.1	6848.64	7965.44	7680.56	6907.13
PEX16	7	7	2429.53	2768.93	3617.34	2480.52	2824.41	2255.31	2703.6	2215.8	3206.31	3581.85	3692.09	3884.1	4595.99	4692.47	5315.56	4421.58
PEX19	7	7	3735.58	3332.95	2829.16	3432.92	3032.77	3290.77	2761.43	2813.43	3926.77	4174.63	3689.33	4357.08	4198.61	4584.82	4892.26	4840.48
PEX2	1	1	899.435	1107.67	958.759	1358.33		347.674				849.223		786.75	827.151	703.8	544.048	527.322
PEX26	1	1	860.865	1462.96	1907.41	1746.66		1293.53			1989.27	2413.53	1688.49	2141.03	1755.43	2290.72	2670.91	1726.4
PEX3	2	2		14355.6	23107.6	6100.65					16484.8	29169.6			38039.2	17736.7	29942.7	57122.7
PEX6	3	3				925.634	2036.72	2081.47	2478.93	2301.69		1180.72	1214.45	1287.09	1163.37	1068.57	1187.05	1473.42
PFAS	22	22	16902.5	18555.9	23354.5	20286.8	26984.6	25691.6	27788.4	24544.3	18480.1	22545.2	17037.4	18772.5	21174.2	23814.4	24237.7	22566
PFDN1	4	4	29019.5	33844.6	28648	38897.4	29115.6	28634.4	28506.9	28592.2	20983.9	21701.7	19069.8	18537.6	18570.3	17698.5	20072.2	20152.9
PFDN2	7	7	42673.5	48930.2	41337.3	56780.5	49977.9	55007.8	50328.2	46762.8	30222.4	33163.2	28530.3	31213	23481.4	29925.7	29039.1	28665.4
PFDN4	6	6	12133	14511.6	14912.7	14378.1	13235.3	14647.5	13071.3	14004.1	7551.16	8902.85	8219.17	9290.73	7438.05	7772.38	8761	8245.77
PFDN5	6	6	25739.5	24849.5	22239	22781.2	34664.6	28960.3	25180.6	23848.3	15086.7	13727.8	12457.1	14983.5	14694.7	15599.9	14910	15189.9
PFDN6	7	7	38320.2	34567.3	32091	35689.9	37379.7	34058.2	32778.4	29989.8	20181.6	20816.9	19096.4	20842	21140.3	18490.3	20729.7	19311.9
PFKFB2	12	12	2567.46	2805.34	3713.72	2392.63		1133.53			5074.3	6834.52	6508.73	6578.54	5637.7	5526.34	5291.38	5246.8
PFKFB3	3	3	1623.49	999.236	1890.84	1463.26	2373.59	2796.67	2220.21	2238.33	2145.29	1533.71	2495.69	1579.61	2415.3	1533.26	1571.52	2253.28
PFKFB4	7	7	3555.13	2252.19	2665.11	2526.7	3700.76	2693.4	1921.8	2501.73	3659.28	5297.94	5219.05	3782.17	7162.93	7369.79	7838.23	6609.62
PFKL	15	15	39762.6	41029.1	46462.2	41148.4	22241.1	18623.3	18532.8	16985.4	54031	68248.4	60073.1	63692.4	67492.9	64869.7	72820	65847.3
PFKM	14	14	14902.7	15233	15617.8	17889.2	13057.9	13994.9	12012.5	9587.92	12071.5	12666.2	12281.8	11973.6	8037.84	9156.53	9405.34	9451.16
PFKP	23	23	55250.3	65415	82682.1	73293.7	57528.5	69887.5	60901.6	48146.8	31958.3	37823.3	40655.8	39395.7	70586.9	74897.2	85764.8	88612.8
PFN1	8	8	720110	702757	676357	779632	604222	663219	451469	400950	853968	900934	928025	1.00604e+06	869943	763099	868750	960147
PFN2	4	4	86748.6	88535.6	80574.8	88192.3	44544.9	47982.1	38148.1	42299.9			1671.25			741.558		
PFN3	1	1	8086.21	8934.79	9864.4	8994.58	1450.49	2868.08	1814.82		17423.7	13143.8	16912.7	17213.2	16007.8	15505.6	14536.2	18984.1
PGAM1	2	2	3704.61	3871.38	9889.95	5813.33		1781.79		1153.72	7199.79	13185.6	11539.2	6985.49	7079.22	15673.1	17105.8	11365.5
PGAM5	11	11	45607.5	41859.2	44792.3	42074.5	91753.7	84906.5	92121.6	73587.6	65963.4	57802	56544.8	56550.2	72837	59974.4	66059.1	68330.5
PGAP1	4	4	2124.62	1774.99	1877.82	2536.34						432.875	747.788					
PGAP6	2	2				779.296					2690.67	3013.48	3332.96	2786.12		768.325	980.819	1108.38
PGBD5	4	4									3199.29	3151.68	2839.61	3193.95	2332.71	2589.75	2749.25	2602.6
PGD	17	17	88976.8	79186.5	69427.6	71581.6	215075	216767	182782	176471	221075	230257	196626	221813	234041	226447	273735	248254
PGGHG	4	4	9269.6	9026.77	6107.74	8432.96	2017.9	1963.6	1226.61	1418.24	2328.67	2267.47	2611.36		1277.69	992.908		1372.2
PGGT1B	7	7	1997.09	3671.31	4602.4	3437.4	2906.34	2481.99	2584.94	2654.77	3535.51	5952.68	5095.9	4267.44	5211.83	4938.25	4812.74	3837.1
PGK1	13	13	587058	606025	576427	661717	392956	554456	531319	464503	929783	1.18549e+06	1.02262e+06	1.03265e+06	782355	780189	877965	901904
PGLS	8	8	114745	120116	122324	127836	45607.7	52108.1	48601.5	46972.7	170028	194453	173818	166700	108230	103383	118612	112882
PGM1	24	24	50722.8	47066	44780.4	48473.2	24162.6	25132.5	17391.7	16733.4	10353.9	10040.9	14394.8	12031.8	11203	8502.71	9697.87	12031.7
PGM2	26	26	23346.7	22259.5	19817.3	21761.4	24358.1	22769.3	23915.4	17964.4	49048.9	52416.3	48496.9	51724.9	74783.7	78468.3	100022	91099.1
PGM2L1	10	10	37873.5	37182.6	42556.2	37240.3	30099.2	18935.9	15635.1	24167.2	15068.5	12530.6	17143.9	13843.6	17924	10852.8	12665.4	15111.5
PGM3	12	12	35834	39721.9	28491.4	41083.9	16781.2	15070.5	15474.3	13657.1	7263.94	6703.88	7031.91	7298.29	5741.57	5159.68	5381.47	5716.37
PGP	5	5	6938.56	6681.6	5427.13	7686.76	7348.43	7689.23	6960.03	6268.18	11879.2	11816.5	10422.7	12213.9	8691.11	8833.81	10115.5	9087.21
PGPEP1	2	2									1442.69	1785.2	2991.94		1623.81	989.248	1185.71	1777.08
PGRMC1	5	5	32847.5	37398.1	36872.2	42458.9	32860.8	27033.4	25457.3	28912.5	24505.8	21965.2	20665.7	22927.8	20006.7	16155.6	20552.8	20223
PGRMC2	6	6	44150.5	43163.3	47303.5	47480.1	25841.9	23109	24739	19073.5	24215	19019.6	23352.2	22255	13374.9	12032.9	15569.6	15613.7
PGS1	5	5	1486.93	1472.01	1475.09	1483.29	2222.65	1839.47	2041.69	1913.12	1475.62	1863.37	1458.54	1996.61	1304.81	1519.85	1471.54	1244.71
PHACTR2	4	4	647.135	504.486	671.946		427.991	430.663	601.998		955.154	665.148	911.527		729.68	790.872	870.45	1050.2
PHACTR4	5	5	2148.97	1468.93	1802.63	1627.77	1557.26	1086.48	1121.59	1293.98	1742.27	1714.73	2011.03	2290.85	1184.14	941.919	1067.52	1286.8
PHAX	4	4	5478.96	5482.69	4389.29	5533.66	6828.49	6933.36	7186.98	5637.44	4179.91	4380.49	4120.93	5117.59	4092.18	2911.45	3957.21	3805.01
PHB1	22	22	184900	198135	232012	233143	216565	241233	222867	228729	260915	313600	273845	264070	342418	341061	399760	346562
PHB2	16	16	108769	119672	131139	142893	100983	129747	122457	109980	161598	206581	174721	170657	194787	205860	231734	211862
PHC1	1	1		1733.41	1455.69							1309.8			2063.98	1751.68		1771.89
PHC2	2	2	2229.6	2021.06	2442.22	2266.92	4241.18	2942.29	3122.33	2947.09	2030.26	1903.8	2128.64	1849.96	1708.45	2075.17	2110.92	2015.07
PHC3	4	4	618.987	687.792	1038.2	1061.51	1304.75	1428.24	1075.67	1325	780.395	951.756		1554.79		812.228	617.093	447.227
PHF10	1	1					4257.18	2068.2	2244.86	1679.95								
PHF14	3	3	5966.89	4271.51	4773.87	4067.04	7935.89	7583.84	7281.9	7668.38	2406.75	3687.23	2347.43	3401.75	2682.3	2340.42	2320.46	2086.97
PHF2	5	5	2075.8	1839.82	2554.47	2052.05	3092.2	3188.4	3168.99	3379.51	1819.5	2088.01	2348.26	1811.39		1804.51		1023.99
PHF21A	4	4	2157.06	2181.23	2330.62	3095.87	2489.41	2430.54	2250.76	2053.86	1498.63	1078.84	1504.89	1148.11	1905.46	1136.75	1031.37	1669.72
PHF23	4	4	3559.95	3609.67	3434.62	4123.4	3664.64	3607.37	4113.25	3772.51	2117.31	2484.89	3199.45	3387.91	2631.31	2527.24	2484.35	2600
PHF3	8	8	2063.97	1592.31	1968.7	2166.85	2841.35	3162.74	3279.7	2460.35	2506.58	2421.91	2480.93	2057.89	2482.74	2479.13	2588.7	2747.84
PHF5A	2	2	3213.84	3688.37	2894.69	3647.08	7525.19	6682.89	5773.47	10403.6	8651.56	9069.5	4528.11	6386.79	10423.7	9657.23	12727.4	9987.16
PHF6	3	3	8659.34	5845.29	10239.8	6477.89	10782.2	15763.8	13201.1	12426.4	7417.45	6557.92	6208.49	7277.57	6129.74	6855.2	7102.67	6941.62
PHF8	5	5	1228.8	1518.77	1131.18	1223.47	3038.42	1994.64	2192.33	2289.94	1298.33	1205.5	1497.36	1550.21	1394.27	1199.74	1289.53	1256.59
PHGDH	11	11	342733	361384	384734	375147	159325	158211	137629	128513	22786.8	23845.9	20919.9	21090.7	55416.7	61899.9	69956.2	64668.2
PHIP	10	10	2637.02	2537.3	2839.01	3071.05	5203.19	5267.18	5088.91	5109.81	1894.56	2271.93	1954.13	2402.76	2144.68	1816.49	1976.21	1923.93
PHKA2	7	7	1246.84	1406.68	1773.21	1495.65	4085.56	1653.19	1782.17		3070.28	2331.81	3042.41	2870.23	1760.78	1200.07	1688.54	2171.79
PHKB	6	6	1768.07	1720.84	1692.4	1684.48	2273.01	1919.22	1910.7	1524.37	3376.87	3150.68	2862.44	3150.37	2418.6	1938.15	1857.22	2761.22
PHKG2	3	3	1234	1224.06	1302.32	1191.25	2147.18	1980.68	2270.64	2050.49	3319.14	3213.51	4106.43	2660.23	2461.63	2205.72	1915.49	2609.31
PHLDA2	1	1	5287.67	4861.65	6038.04	7079.53	5531.97	3955.18	4000.06	4752.93								
PHLDA3	2	2	5850.24	7623.17	4629.27	8494.42		1579.88								1391.93	1173.93	1467.03
PHLDB1	24	24	7414.19	7893.88	7647.2	9966.49	6214.65	6322.05	5221.02	4858.14		2585.34	1602.21	3538.58	1832.08	1817.55	1747.56	1792.18
PHLDB2	17	17	9632.14	10537.1	9888.21	11252.3	4509.32	3788.35	3905.91	3627.54			2452.29					
PHLPP2	1	1	1968.83				2690.44	2693.08	2697.27	2068.58								
PHPT1	2	2		4189.74	1541.24	10461		565.818	824.072	920.466		2054.71		774.643		1122.76	512.715	1192.94
PHRF1	3	3	3101.71	3276.29	4002.48	3661.34	4719.37	4015.19	3163.07	3554.55	2827.52	2110.94	2089.97	2272.72	3149.38	3341.17	2757.26	2641.81
PHYH	1	1									1118.33	1488.1	1016.46	1170.25			545.589	
PHYKPL	3	3	3371.01	2020.8				1535.52	5443.23	1159.78	4112.1	2794.03	2290.92	3670.25	2703.94	2123.47	2898.85	3069.2
PI4K2A	24	24	7001.36	7106.05	8130.44	7541.69	7829.99	7993.53	8112.91	8255.93	45692.7	46208.1	44019.9	48239.8	24098.7	17048.7	23699	20032.6
PI4K2B	2	2	1103.74	954.052	1775.84	975.617					3309.42	2751.46	1853.31	2645.62	1199.02	1111.69	1149.94	1238.4
PI4KA	22	22	5877.76	6803.09	6055.19	5871.28	6065.68	4817.37	4600.91	4429.12	9877.35	11332	10117.5	11473	7886.5	7656.96	8122.29	8040.12
PI4KB	9	9	3844.64	4082.21	3728.46	3734.02		2798.78	3766.9	3854.16	3975.46	4637.45	3335.1	3869.95	3306.53	3179.58	3961.71	3778.57
PIAS1	2	2	1512.86	1549.17	992.064	970.3	1828.32		1598.2	1021.06	951.918	1089.26	913.383	943.875	914.924	903.519	491.398	1031.04
PIAS2	1	1	1255.92	1123.58	1676.9	1450.63	1697.69	1593.83	1664.86	1912.44	1250.47	1253.63	1252.41	1773.82	942.705	973.496	814.939	1454.88
PIBF1	1	1		976.506		1086.61	1808.12	1111.91										
PICALM	10	10	16199.8	15187.4	15325.9	16017.4	14572.5	10539	11678.6	10233.8	18622.1	17041.5	18492.2	20118.9	14641	10618.2	14751.8	13674.8
PICK1	2	2				978.507		997.494			3137.62	2101.25	2863.41	2924.61	2519.25	1833.87	2531.54	2829.59
PIEZO1	7	7	1505.92	1725.77	1849.2	2047.43	1655.77	1252.69	1252.63	1776.47	543.012	758.846		695.126	847.445	694.716	784.192	718.524
PIGBOS1	1	1	2897.37	3033.68	3446.44	3727.2		2310.56	2267.26	2123.97	3660.12	4141.9	3941.89	4876.78	4999.44	4848.56	5317.05	4620.52
PIGG	7	7	3933.93	3593.79	4198.88	4253.66	954.511			951.872	3397.57	3170.08	3283.4	3111.48	2041.95	2665.22	3032.42	2888.98
PIGK	7	7	9562.4	8810.67	10365.5	9837.08	7472.35	7140.46	6413.36	6860.85	8778.49	10955.5	9074.5	8405.24	6360.57	8280.67	8355.04	7794.89
PIGM	1	1				2024.2		1081.19				1428.72				1575.79	1478.15	
PIGN	3	3	2321.08	1880.97	2419	1893.22	1799.71	1260.7	1427.12	1354.27	2558.7	2346.61	2175.15	2434.9	1688.69	1111.13	1213.16	1787.88
PIGO	5	5	4870.58	4276.12	4611.92	3853.62	3378.34	3179.36	2839.99	2803.03	4198.03	5658.35	5097.84	6177.65	4134.74	4606.58	4773.85	4970.05
PIGQ	1	1	240.486	586.099	838.744	468.623					1305.59	1164.66	773.817	820.87	689.619	538.882	564.551	874.083
PIGR	14	14	372075	46330.3	53491.7	5998.74	8418.99	7399.24	9240.19	7191.66	21236	26618.5	32863.8	50948.4	22089.9	32426.7	23345.7	19455.2
PIGS	10	10	11582.5	14014.5	16475.9	15601.5	8756.18	9635.76	7081.13	7675.97	11900.2	14249.6	10919.4	11755	9511.74	11311.5	10666.5	9716.03
PIGT	9	9	6962.89	6628.39	8074.61	7715.81	7514.43	5923.27	5635.43	5497.9	6387.81	6619.4	5880.47	5408.75	5159.55	5243.12	5528.63	4802.55
PIGU	3	3	7152.86	10216.1	11872.5	10749.4	6327.15	7296.23	5811.55	6186.4	8650.05	9260.63	7316.57	6408.6	5583.26	8286.71	7103.5	8139.09
PIH1D1	4	4	4074.1	3661.08	3220.6	4476.57	4176.28	4477.56	4335.11	4199.16	5394.82	4472.47	4936.54	4588.95	4980.96	4516.4	4537.19	4795.02
PIK3AP1	9	9									4857.12	5046.12	4423.48	4424.81	3660.2	3350.62	3876.35	4282.98
PIK3C2A	21	21	5290.93	5717.32	5930.13	5711.96	6268.98	5945.82	5440.29	5332.63	3625.16	3700.58	4262.26	3990.12	2809.9	2392.99	2871.78	2664.55
PIK3C2B	13	13	2345.35	2119.08	1997.24	2093.11					4253.79	5227.87	4175.02	5307	2511.25	1908.74	2290.21	2955.41
PIK3C3	9	9	6802.45	7174.27	7725.05	8423.26	5561.85	6661.98	5782.99	5985.78	8188.2	7914.47	8483.66	8671.94	6231.14	6787.53	7199.19	7743.51
PIK3CA	6	6	1577.35	1524.83	1558.4	1766.55	1460.58	1477.7	1345.25	1807.02	1492.53	1731.79	1574.89	1615.16	1413.67	1077.17	733.602	1282.4
PIK3CB	6	6	1622.76	1083.45	2016.91		7419.03	1455.79	1907.49	1338.95	2253.62	2104.73	2010.34	2068.46	1860.08	1440.11	1853.77	1810.15
PIK3CD	16	16	1435.37	2159.13	1373.2	1854.31	3184.92	2833.86	3378.98	2948.75	10806.4	12189.4	10555	11172	9076.67	8671.59	8707.74	9914.68
PIK3CG	17	17									8207.3	8672.78	8754.61	9674.66	7512.8	7662.68	7639.01	8058.68
PIK3IP1	1	1		495.238		274.613					1090.77	990.49	1594.45	1584.13		164.277		
PIK3R1	16	16	2634.75	2392.04	3979.29	2271.66	3937.18	3177.41	2950.13	3440.61	10193.9	9087.83	8640.68	9567.25	7794.39	6215.83	6515.55	7640.75
PIK3R2	3	3	2061.53	1983.04	2252.48	2463.89	2282.88	2551.9	2187.41	1616.75		1250.88		1582.88	1747.85	1551.97	1487.81	1944.78
PIK3R4	20	20	4581.96	3773.1	4252.42	3950.01	4710.27	3937.82	4678.29	3938.94	5554.76	5545.22	5575.8	6124.51	4755.07	4576.21	4692.61	4497.08
PIK3R5	11	11									2683.79	2836.48	2708.68	2910.98	1566.22	1873.35	1628.49	1867.02
PIK3R6	1	1									2554.38						2279.3	2286.14
PIKFYVE	10	10	2074.02	1378.9	2166.77	1684.73	1703.36	1415.06	1645.88	2545.07	2590.44	2829.26	2500.81	3050.53	2228.85	1403.68	2085.86	2573.54
PIMREG	2	2				835.047	1540.05	1103.9	1197.79	1411.03								
PIN1	5	5	6465.61	6892.37	10220.8	6463.97	7143.3	7013.38	4596.42	4668.49	11411.3	11240.3	11450.3	10931.7	8604.43	11149.6	11385.1	12675.1
PIN4	1	1	2433.39	1316.4	3057.66	1163.98		818.92			3646.05	2915.52	3071.56	2972.27	2981.43	3700.52	4613.39	5741.38
PIP	6	6	299662	95781.7	111152	25819.5	135109	99862.8	106270	64713.2	301492	124111	240100	330685	209642	127951	104918	179647
PIP4K2A	12	12	6253.4	6661.7	8997	8273.33	5658.83	5100.41	4971.13	5192.04	11339.2	14768.6	12271.8	13134.3	10945.6	11750.1	11925.5	11157.3
PIP4K2B	5	5	3739.57	3121.75	4815.28	3271.13	2906.17	2162.47	2151.75	2552.97	4140	3162.28	3225.82	6037.85	3496.09	2091.83	2397.09	2891.7
PIP4K2C	11	11	7048.34	7985.1	10277.4	7795.43	4928.44	4644.04	5900.74	4724.04	7834.1	6925.8	6789	7410.68	6044.8	5941.34	7063.08	7224.91
PIP4P2	2	2	3294.74		2336.2	3001.55		2384.84			4764.38	4105.72	4679.78	4882.52			2775.79	
PIP5K1A	2	2	1405.63	2537.33	3249.69	2570.03	1054.83	1490.04	951.357	471.144	1892.42	2490.78	2219.66	1599.18	1108.68	1111.5	1259.4	923.118
PIP5K1C	4	4	1098.48	1038.02	2251.23	1546.78					3256.49	4054	3592.18	2595.91	1812.66	2348.52	2695.13	2725.34
PIPOX	6	6	738.308				17248.3	23491.5	19191.8	17404.4	1776.07	2129.77	3011.76	1646.7	2024.44	2104.9	2346.91	1928.95
PIR	10	10	4607.29	3950.93	4017.71	2077.04	36101.8	35913.6	37026.3	35297.6	7319.36	9515.98	8394.11	8407.84	5595.13	4967.61	5649.06	5179.63
PISD	2	2	2025.8	3187.04	2737.98			2241.88	2226.76		3365.09	2587.82	3167.33	2310.74	2948.87	2181.09	2882.34	3576.48
PITHD1	5	5	2232.99	1962.26	2222.19	2345.83	1374.01	2155	1155.38	777.789	4318.81	5052.27	3852.82	3445.46	4588.27	5713.78	5133.35	4481.19
PITPNA	7	7	3172.83	3529.7	5983.3	4243.99	1658.33	2479	1896.62	1961.48	6821.54	9683.87	11023.1	6847.37	5533.54	5870.25	5876.35	7351
PITPNB	7	7	26280.6	27149.2	31127.6	29571.4	15862.6	18216.1	16298.4	12899	25700.7	31191.9	25019.3	23515.6	32916.4	30849	37411.1	31728.8
PITPNM1	7	7	2175.63	1553.76	3045.26	2896.69	3085.12	4578.33	3016.3	3854.78	3122.05	3101.15	2878.82	3866.86	3907.93	3256.12	2707.74	3545.81
PITRM1	20	20	10987.3	11947.1	13934.4	13434.5	12422.3	11946.7	11291.7	9547.16	12500	11713.9	12662.8	12623	14304.8	13185.3	12742.3	14359.5
PJA1	2	2	2498.14	2326.56	2460.15	2401.79	701.448	361.277	748.109			415.732	360.733					
PJA2	3	3	1208.03	882.936	1019.89	1024.2	659.226	867.179	787.329		766.967	616.659	1286.9	1153.5	904.774	833.896	644.303	646.912
PKD2	8	8	5007.35	3430.05	4778.45	4276.15	2608.78	958.08	1382.85		1758	1646.95	2159.46		2712.55	2578.56	2452.66	2477.76
PKIB	1	1	1565.32	1880.75	2231.5	1957.37						622.23					738.03	590.219
PKIG	1	1	3225.26	2907.76	1727.27	2142.93	3026.67	1926		1247.68								
PKM	25	25	640386	815442	847720	915001	694340	770533	749777	765338	731152	848397	693125	727870	882174	940010	1.0394e+06	940559
PKN1	16	16	5495.69	4574.95	4594.29	5272.14	6069.49	5385.35	5032.59	6156.98	10576.8	10982.6	11575.4	11348.8	11454.4	10962.1	11794.3	11457.7
PKN2	16	16	10102.6	9550.48	9728.76	10044	10472.4	9684.9	9724.29	8152.98	4672.84	4282.8	4961.13	5112.01	4226.39	3122.16	3448.32	4475.47
PKP1	10	10	34795.7	20490.6	62477.8	17242.9	47713.3	24008.6	45932.7	37783.2	52835	60674.8	60368.3	31277.8	72185.4	17573.1	24254.8	45118.4
PKP2	3	3	1876.11	1539.8	2285.21	2051.01	2415.49	2082.43	1726.9	2101.01			1727.68					
PKP3	4	4	4366.59	3226.17	12800.1	2251.4	7433.63	6245.45	7739.98	6905.8	6045.31	4581.86	9163.96	7753.63	10285.2	3373.29	2725.18	4661.28
PKP4	3	3	5283.55	5082.77	8279.76	5214.86	3697.72	3434.5	3943.69	2893.4								
PLA2G15	6	6	5512.51	5050.99	4341.4	6590.76	1880.98	1703.82	1469.49	1967.84	13374.9	10796.8	10331	17489.3	5778.72	3468.14	3865.88	5009.84
PLA2G4A	6	6	1044.71	810.222		2511.21	4816.1	4580.01	5067.13	4704.36	3700.96	5822	4366.97	5237.59	3537.09	4275.64	3866.16	4111.38
PLA2G4B	3	3			3874.04	1513.95								1366.34	3884.8			
PLA2G4C	2	2	518.541	698.964	593.904	723.163					727.418	763.3	871.281	1289.66	469.643	1078.76	1004.11	731.254
PLA2G4E	1	1		1130.38	3295.31		2008.62			2113.3	1863.18	2533.33	2286.46		2055.79		899.581	1551.77
PLA2G7	11	11			3318.89	2640.32			3063.19		17376.3	24318.6	21642.7	22168.5	2011.75	2598.97	2737.07	3387.06
PLAA	17	17	8490.78	8771.68	9724.78	9696.05	4275.49	3939.16	4326.76	3679.07	7878.8	7489.64	6575.2	8223.59	8125.22	6690.03	7131.21	7879.41
PLAU	2	2	669.725	702.147	897.817	1219.84	2322.79	1835.01	1305.62	1440.81		485.988	630.327			711.188		
PLB1	2	2			474.037										1815.81			302.982
PLBD1	1	1									1347.95	2236.67	1791.62		2346.92	888.789	1521.79	
PLBD2	3	3	18647.6	18941.8	21333.3	25071.1	3640.35	3339.71	2838.15	3252.37	33319.4	27246.7	27798.9	39100.6	13425	5646.25	5171.64	6997.64
PLCB1	9	9	3365.45	3105.69	2504.94	2720.67												
PLCB2	35	35									11308	12755.6	10403.5	10973.4	15509.4	18530.6	20631.5	16255
PLCB3	22	22	6300.7	6371.03	6431.51	7303.76	10869.3	9036.25	8176.77	8112.59	5062.83	4639.07	4334.61	4880.54	4263.52	3273.14	3351.09	3901.99
PLCB4	7	7	3038.9	2897.46	3423.77	3534.91												
PLCD1	6	6	5940.19	5977.78	5804.67	6704.47	8663.55	7595.81	7119.33	6584.9	2623.67	1942.8	3024.75	1944.03	2209.83	1375.38	2026.05	1916.56
PLCD3	7	7	4003.94	3368.56	4759.29	4481.4				903.385								
PLCG1	16	16	9370.54	7680.18	8819.56	8157.8	9671.72	7434.43	7584.03	6261.94	8557.97	5799.26	8782.5	9392.77	6512.21	4028.87	4866.38	5184.53
PLCG2	27	27				3400.3					12963.6	15373.9	14150	13610.3	15008.1	16472.2	18561.1	18448.3
PLCL1	2	2	4174.59														4133.65	
PLCL2	3	3		1220.72		635.171	3102.75	953.566			2376.15	2383.71	2195.95	2629.43	1791.08	1653.48	1977.55	2439.68
PLD1	14	14	1538.83	2029.25	1958.81	1986.37	1574.04	2198.84	2163.61	1728.29	5614.33	5776.66	5055.61	6024.19	2343.76	2155.42	2465.89	3055.44
PLD2	7	7	1827.39	1604.41	1924.42	1566.47		2218.01	1903.7	1855.88	1800.51	2382.15	1717.52	1764.69	3866.23	2669.87	2628.05	2610.67
PLD3	10	10	221350	209943	215515	253409	18109.2	17243.7	18155.7	15706.7	300009	308462	282579	300867	201217	158309	200738	183421
PLD4	3	3									7862.12	10957.5	7744.04	8096.85	10052.7	12989.8	11748.9	12739.8
PLEC	280	280	271494	284393	307424	330378	165300	149232	141072	137219	46549.4	41003.8	47166.2	42219.1	103394	97586.1	109789	107169
PLEK	5	5									23705.2	64681.4	26498.3	24481.2	24977	35069	33076.5	26810.3
PLEK2	8	8													3954.04	3037.78	3172.77	3840.07
PLEKHA1	6	6	4941.6	4927.54	4292.51	6284.28	3005.97	3314.68	2685.82	3158.17	5098.72	6062.57	5393.43	5711.47	3912.88	2627.92	2698.69	3046.39
PLEKHA2	7	7	2892.83	2461.97	2478.11	2546.42	5315.97	5808.72	4470.45	4521.23	10005.2	9007.69	8872.35	10019.7	6097.41	6817.81	8432.98	7570.28
PLEKHA3	1	1	2344.23	1595.22	2813.8	2145.45	2728.16	2306.7	2585.85	2768.52		1074.43			1384.35	875.184	1060.17	
PLEKHA4	1	1	5097.74	4004.5		5137.83			2756.85									
PLEKHA5	4	4	5112.9	5798.85	4886.97	6195.12	6694.92	6102.63	6180.61	6596.3							374.662	
PLEKHA7	3	3			783.513	303.125	1348.36	1341.13	539.989	757.574	1658.25	2928.35	3166.73	1942.62	1436.55	2017.16	3071.8	1822.01
PLEKHF1	4	4	2578.77	3118.04	2830.3	2198.23				1348.7	2042.71	2532.58		3341.62	2997.2	2492.8	2960.41	2912.79
PLEKHF2	9	9	3406.29	3112.93	3779.24	3837.34	3418.48	2701.67	2925.76	2775.75	9211.77	8065.25	9385.47	9652.19	4086.18	5006.43	4368.9	5061.27
PLEKHG1	13	13	764.568				16058.7	15848.6	14387.1	13260.5								
PLEKHG2	8	8	4277.11	3617.76	4370.18	4213.13					783.775	1635.12	1189.02	1396.03	1025.85	513.835	836.653	807.468
PLEKHG3	7	7	3704.1	4130.07	4292.23	5295.91						982.526	1476.63					
PLEKHG4	3	3	11803.3	7903.7	6015.03	14339.2	17456.4	11018.3	5515.08	3760.93	34020	5050.08		39481.7	14429.8	6087.8	12394.9	27423.9
PLEKHG5	1	1	913.763	879.111	1255.72	949.705					1681.34	1457.27	1009.22	1091.6				
PLEKHJ1	2	2	1072.62	1334.15	1369.46	1524.39		1566.63				3026.39	2652.65		2023.46	2093.17	2199.94	1412.55
PLEKHM2	6	6	1778.4	2694.9	2244.81	2009.12		1716.6	1866.3	1826.6	4124.72	4012.67	4195.15	4703.21	2934.61	2286.06	3326.98	3076.8
PLEKHO1	1	1				804.6					1497.89	1192.59		1701.53		537.676		1029.03
PLEKHO2	9	9	8749.44	7854.54	6087.98	6766.16	2498.68	2287.24	2354.19	2038.38	43293	33588	33209.2	41157.6	31985.4	31107.6	34298.5	30653.3
PLGRKT	5	5	7073.26	6349.27	8492.25	9376.13	5366.27	5908.74	4878.94	4973.21	10867.4	11278.9	8920.64	10322.8	9383.2	8680.04	9370.45	9747.48
PLIN2	11	11		572.097	828.672	710.594					7093.32	5268.67	4676.12	4684.86	11842.5	7834.13	11243.6	10072.2
PLIN3	14	14	100523	104431	113633	122598	76034.4	81761.2	75005.7	79807.1	51397	57458.5	52002.3	56806.8	47924	46065.7	50655	50739.9
PLK1	4	4				2188.04	2745.93	2565.8		2814.36	1895.27	1310.42		2304.43				
PLOD1	25	25	30612	37419.6	53276.7	42014.3	13201.9	9998.18	11477.7	10660.1	14607.6	18576.2	18865.6	13954.8	15542.8	18694.2	19261.3	18084.6
PLOD2	21	21	66464.1	68539.5	79923.7	90347.1	18444.6	16112.1	17017.2	14819.2			9869.09		2267.21	2151.65	1389.3	1703.7
PLOD3	22	22	29107.4	28526.9	39816.5	33483.7	14305.5	11890.2	12255.6	10666.6	25849.2	32153.3	25194.2	25035.2	19162.6	20344.6	22975.7	23716
PLP2	1	1	9871.51	8823.17	13663.8	15997.7	7717.87	6383.54	4801.68	4017.99	3470.79	6703.02	3261.11	4453.54	6359.93	6632.54	6705.62	5281.21
PLPBP	7	7	9925.5	9858.7	10747.9	10046	9883.3	8631.69	8330.27	8219.07	27706.8	32335.3	29467.3	28048.5	16931.7	17782.4	21698.9	18609.5
PLPP3	2	2	4203.67	4198.36	3988.57	4574.35	4075.89	2966.37	3839.98	3410.32	3404.11		4466.88					
PLPP6	1	1	5805.61	6506.89	5493.74	6231.09	1930.72	1611.31	2518.32	2473.64	3148.97	2966.89	3257.69	3280.84	4694.75	4080.55	3704.82	4893.41
PLRG1	4	4	937.886	899.746	2238.46	1615.05	894.133	671.244	1505.71	1616.52	704.323	1562.07	1119.31	1484.84	979.969	1072.2	1034.74	843.161
PLS1	6	6	2022.98	2237.24	1861.45	2070.21	7482.7	6580.27	6695.32	5758.38	1591.08	1741	1573.98	1748.4	2690.52	1770.3	2014.03	1810.93
PLS3	16	16	34805.9	39800.2	52505.3	38972.7	10674.6	14900	10903.9	11353.7	2195.43	2530.27	8060.06	3481.84	4656.32	2007.1	2600.18	3525.54
PLSCR3	4	4	7426.38	9436.11	9022.57	10072.7	3274.13	2189.01	1438.7	2228.28	3879.93	3431.98	4411.26	4410.44		2207.66	1305.7	
PLTP	5	5	12672.3	2892.97	2953.16	2707.2	1648.49				3934.08	4184.34	4388.19	3943.37	2623.88	3555.88	4235.23	4057.52
PLXDC2	10	10	4789.04	6166.99	9555.78	11380.9		472.239			11869	16230.3	12895.8	11489.8	15682.5	13755.5	17648.3	19029.5
PLXNA1	8	8	15497.3	14599.1	15838.5	15643.7	12953.9	12764.2	10906.6	10250	11210	12207.1	11128.8	11544.4	8865.45	7887.64	7954.61	10291.4
PLXNA2	4	4	1589.99	1734.82	2023.74	1410.1					588.703						544.763	
PLXNA3	9	9	2802.74	2836.16	3006.08	2331.07												
PLXNA4	2	2	1621.12	1319.98	1051.53	1222.43												
PLXNB1	3	3	1519.63	1147.48	1297.89	1188.35												
PLXNB2	30	30	14026.7	14132.7	15289	15311.7	10285.4	8169.64	7747.82	7114.74	9385.98	10852.2	10750.2	9775.19	8947.26	9980.33	10677.9	9585.97
PLXNC1	2	2			677.57	1256.79	864.786				1522.77	1385.94	1569.74			1086.66		1453.88
PLXND1	19	19	4339.46	3946.61	4296.8	4375.49	3181.39	3086.02	2910.27	2584.62	7985.32	7777.6	8262.8	7512.63	2357.31	2026.03	2012.19	2163.2
PM20D1	2	2	1829.8															
PM20D2	3	3	1192.66	1435.54	1393.83	1596.92	11644.9	10269.4	9949.54	10387.9	1373.77	965.529	1548.56	1747.63	1708.53	650.988	723.297	1025.67
PMEPA1	2	2					1953.46	1770.47	1555.93	1394.29								
PMF1	3	3	1249.89	1604.61		1941.06	2067.21	2012.65	1722.74	2765.36	1779.51	1460.92	1451.72	1920.28	1323.88		1397.13	1442.96
PML	19	19	17443.8	14524.9	14784	16233.9	15733	12390	11472.8	11164.5	11313.1	10861.3	9189.51	11848.6	12306.8	10500.1	10363.1	11585.4
PMM1	5	5	6637.18	8167.62	7798.05	7594.18	3361.81	2665.79	3137.8	2404.57	1662.84	1065.28	1783.22	1464.71	1120.25	624.827	991.577	1173.21
PMM2	8	8	22798.3	22160.7	22356.4	19646.3	11869.6	10063.6	10206.4	9508.54	14522	13866	13847.7	13451.4	17158.2	14569.9	17232.2	19353.2
PMPCA	14	14	9650.47	9642.58	14133.2	10320.7	18420.8	15772.3	18090.5	17770.4	18634.1	21641.4	17613.6	16113.8	22290.1	21650	24880.8	22472.8
PMPCB	13	13	11309.9	12955.5	13742.9	11822.7	21316.2	16979.8	18385.2	15917.8	16008.7	16092.5	17014.5	15983.7	20112.1	16998.2	19522.4	20776.9
PMS2	5	5	2137.5	2268.57	1966.3	1973.25	2325.28	2288.16	2771.96	2545.57	2304.87	2326.42	2665.65	2326.01	2210.17	1775.61	1818.95	3330.74
PMS2P11	1	1											796.83	602.625	872.933	637.77	490.614	710.674
PMVK	7	7	31895.4	30929.1	33927.9	33958.5	17005.8	20094.3	19034.4	18181.2	32261.6	41172.7	30686.7	28297.3	18677.5	22039.9	23191.6	19149.8
PNISR	3	3	4094.11	3138.33	3257.88	3794.46	6821.76	5448.2	4685.9	4696.99	3863.89	2129.83	3227.69	3172.34	3181.82	2162.44	3056.08	3721.81
PNKD	3	3		1665.67							6958.91	6431.12	8384.01	7550.91	10563.7	5320.74	5722.26	8296.54
PNKP	10	10	4570.69	4256.95	4273.66	3671.82	4583.5	4183.09	4542.84	3675.74	4714.54	5588.21	4535.75	5603.02	5613.24	4906.43	4701.61	5787.14
PNMA8B	1	1														207.228	372.169	294.891
PNN	20	20	7952.03	7331.26	8137.05	7652.68	9785.5	9611.24	9180.89	7526.34	7573.24	6684.12	6379.59	7381.73	7716.96	6409.37	8106.35	7380.44
PNO1	7	7	13287.7	11386.9	13852.1	9697.62	13663.7	13265.9	13699.1	11085.5	14051.6	13224.7	14934.9	15623	13345.4	9095.01	10997.5	11254
PNP	13	13	84258.6	93013.5	87591.8	108669	43182.1	38084.4	45470.3	41504.9	204837	225967	210416	229559	334205	288205	359230	365193
PNPLA2	3	3		1673.23			5724.92	5572.42	5422.31	4530.23					3366.21	1881.39	2750.22	3007.77
PNPLA4	2	2	1459.57	1462.21	1248.4	1042.68					1569.1	1411.43	1230.16	1655.24	1876.56	1436.04	1557.84	1807.25
PNPLA6	18	18	6300.84	5856.3	6703.68	6635.62	4658.85	4094.01	4838.51	4862.28	5486.8	5150.36	5314.45	5427.7	8074.72	7802.93	7309.42	7864.81
PNPLA8	5	5	2518.53	2324.28	2938.59	2254.16	2691.3	2320.29	2591.39	2429.68	2378.22	2073.17	2392.67	2284.71	1911.18	2143.68	2447.48	2231.19
PNPO	6	6	4920.25	4494.73	5497.25	4872.7	3337.23	4120.27	4728.49	3111.07	20374.7	22153.3	25171.7	22643.4	29761.7	28773	34413.7	34066.7
PNPT1	27	27	4831.74	4954.92	5753.32	5053.17	6126.08	4420.05	4175.88	4301	9310.94	10044.2	8367.09	9321.35	8769.07	8665.5	9129.31	9244.21
PODXL	2	2	12992.5	13725.5	18365.4	21242.2	2336.76	3082.39	2501.62	2546.24	908.882	470.431	9810.89		881.021	459.492	2044.7	
PODXL2	1	1		686.76	586.292	699.048												
POF1B	8	8	12733.1	5938.93	11993.8	8399.52	13951.6	7472.85	11006.2	7284.07	18868.1	16476.8	33585.1	15049.2	55583.5	6320.28	11322.4	15046.6
POFUT1	5	5	8982.92	9625.78	15769.8	13277.8	2302.28	3205.5	2976.45	2248.47	8555.22	10336.4	8984.66	8944.74	6917.96	8065.02	7685.94	7868.07
POFUT2	8	8	11357.2	11002.3	12457.2	13703.8	7276.34	5710.05	7112.79	5186.18	4367.09	3277.28	5721.73	3333.77		2857.12	2655.6	3690.05
POFUT4	4	4	3143.39	2646.74	3436.18	3479.51	1329.59	927.816	1515.67	1296.08	1984.01	2256.59	2355.62	2212.09	1569.58	1742.32	1097.89	1939
POGK	2	2	665.851	407.191	435.256	672.995	524.506	836.991	585.069	665.401	490.262	416.637	422.822	503.531	901.254	748.652	694.016	589.746
POGLUT1	6	6	10500.5	7986.23	10099.9	11150	4294.94	3856.83	4002.08	3737.17	7390.28	7155.18	6129.38	8465.09	5164.97	5771.12	6305.01	6313.7
POGLUT2	10	10	6884.21	6695.94	10174.5	7254.24	2887.19	2379.38	2636.67	3370.15	1987.59	2131.1	2000.64	2140.41	2209.88	2072.62	1608.97	1494.75
POGLUT3	9	9	13730.4	14496.2	15206.5	18461.7	9391.41	7580.47	7831.81	8646.93	9498.86	11500	11048.8	10029.3	4815.04	5038.93	5827.2	5119.04
POGZ	9	9	6443.81	5163.66	6177.26	5144.16	8350.27	8970.02	8070.45	7111.53	5311.91	4646.48	4284.18	4674.59	4706.23	4501.76	4291.84	4662.71
POLA1	7	7	1294.49	680.181	1518.77	1562.47	3297.03	3364.04	3384.12	2835.42	1925.17	1920.13	1312.63	2201.07		1028.23	1249.3	1338.4
POLA2	3	3	973.354	892.843	1414.03	1304.99	1422.32	1729.91	1324.16	943.46	1843.53	2214.76	1976.94	2252.65	1384.88	597.43	1114.7	1567.74
POLB	5	5	2556.67	2251.32	2686.14	2454.97	2751.98	2382.5	2533.48	2180.84	2087.87	2038.9	2153.04	2722.36	2709.69	2890.53	3024.98	2707.02
POLD1	14	14	45111.2	48825.5	52756.2	52855.1	111826	115313	124371	103665	78837.8	94746.3	66956.1	76123.3	59685.8	61740.9	62226.6	63955.1
POLD2	7	7	2333.04	1755.51	2318.14	1915.77	3557.14	3598.03	3916.73	4426.29	2869.79	3706.74	3707.3	3682.85	2807.6	2701.44	2730.97	2406
POLD3	3	3	2197.86	1956.62	2051.11	1855.32	4715.27	5345.08	5289.21	5290.36	3073.71	3185.22	2821.13	3204.6	2422.16	2057.63	2394.22	2590.02
POLD4	2	2		1446.53		1076.9	2881.07	1912.6	1793.57	1745.9		1316.11	2136.44	1913.57	1613.4	1420.25	1675.09	1634.5
POLDIP2	10	10	6800.94	6977.63	8000.22	7799.64	10431.7	9652.34	8659.55	8280.73	11852.5	11158.6	10204.2	10890.2	11527.9	10878.4	12620.9	10751
POLDIP3	9	9	7715.05	7802.65	9721.05	8366.36	11169.4	10985.8	12385.7	12552.5	8181.13	7502.77	7721.28	8030.55	7144.66	6619.07	7326.9	7301.94
POLE	2	2					2382.04	1801.25	1809.89	1509.99	2152.17		1276.81					
POLE3	1	1	5013.71	3775.95	2455.47	6776.39	16111.5	13054.9	14408.6	10788.1	9834.92	7799.27	6420.58	7908.29	4570.77	3942.69	6997.52	5918.9
POLE4	2	2	1304.07	1405.31	1052.8	1095.68	1746.46	1986.28	1557.06	1915.25	1789.14	1333.56	765.317	1276.08	1010.54	996.229	821.166	1503.01
POLG	4	4	1740.54	1728.67	2142.53	1748.17	3888.71	2670.97	2744.5	2567.06	2111.65	2408.9	2508.65	1932.45	2591.94	1232.72	1342.57	1584.22
POLG2	2	2		2250.66	2197.63		2952.62	2217.94		2173.09						2092.59	2385.39	2640.65
POLR1A	11	11	3593.82	3608.97	3377.44	3342.71	4218.14	3720.31	3954.02	3595.94	3616.81	3346.47	3926.34	3520.07	3507.03	3490.99	3143.45	3554.44
POLR1B	8	8	2671.79	2508.61	2285.45	2694.07	3732.82	2543.3	3445.04	2797.05	3189.27	2975.18	3229.96	2621.9	2315.77	3159.85	2707.52	2657.21
POLR1C	4	4	11142.6	11425.6	13937.6	13243.7	13270.8	10302.6	13353	10874.9	11149.7	13397.9	10676.8	9826.34	12469.6	15092	15912.1	12620.5
POLR1D	1	1	7448.63	9948.23	10638.1	10277.8	6296.55	8506.77	6494.31	7175.85				8044.52				
POLR1E	2	2	3252.08	2843.02	3275.49	2671.8	3784.33	2676.25	2669.53	1762.68	4342.52	3681.7	3814.36		2988.7	3724.77	4503.09	9574.86
POLR1F	2	2	2527.19	2293.63	2095.81	2997.15	2709.59	2782.09	2877.3	2865.1	2136.19	2132.66			2895.49	2432.81	2735.73	2714.26
POLR2A	29	29	6423.76	5937.8	6973.74	6161.73	9917.19	7779.54	8203.69	6665.07	7274.2	6650.7	6760	8049.06	7268.56	6457.55	6639.58	7689.51
POLR2B	24	24	12063.7	12415.7	13738.4	13417.3	12036.3	11867.3	9336.56	8887.75	13028.5	14154.5	12262.8	12511.9	12605.6	14793.1	15173	13507.1
POLR2C	7	7	9503.01	8830.86	8470.91	9223.55	6489.93	7606.15	6371.11	7247.47	6644.38	8268.22	6271.12	7389.76	5408.73	6952.13	6865.02	6040.38
POLR2D	3	3	2534.96	1903.8	3191.43	2808.25	3859.25	3558.93	2748.13	3365.68	2641.91	2601.07	2397.75	2783.27	2272.38	2776.08	3792.88	2737.54
POLR2E	3	3	7456.53	10676.5	7746.55	10301.3	7499.94	11721.9	10190.6	10588.7	8470.2	8314.25	10064.8	11824.4	8197.26	7199.22	8229.84	8516.11
POLR2F	1	1	4890.72	4973.99	5544.36	5679.73	8728.94	8954.83	9101.61	6067.16	5392.31	5711.78	4851.11	5085.38	5886.96	4371.52	6037.8	4967.25
POLR2G	5	5	3112.52	2703.23	3667.63	2702.96	3313.43	3239.54	4173.8	2961.83	3290.13	3766.46	3688.52	3624.92	2758.71	4037.15	3482.55	3137.8
POLR2H	3	3	5245.89	4366.79	6704.44	5740.98	4029.72	7371.32	4552.86	3164.02	5004.62	5058.64	4909.03	5113.14	5636.17	5590.15	6015	5319.95
POLR2I	1	1	855.32	1337.64	1344.78	1272.76	780.403	1141.3			1187.39	1331.41	798.918		1248.08	1458.38	1277.62	1281.06
POLR2K	2	2	7841.86	7022.08	7153.51	9696.45	12345.8	7436.22	7878.51	7447.52	8366.15	6018.91	7921.75	7968.67	10307.1	7185.28	9119.35	8389.38
POLR2L	2	2	2494.21	3675.83	4716.19	4046.26		1836.24			4821.25	5640.54	6826.52	5600.89	4338.4	5909.25	5942.51	5782.25
POLR2M	8	8	6582.66	7252.59	6227.7	6888.85	4727.72	4670.08	4118.61	3656.23	5323.66	5029.78	4748.32	5314.86	4936.64	4900.15	5204.59	4947.63
POLR3A	15	15	4642.29	4255.48	4468.66	4139.16	5466.23	5344.81	7442.77	5932.33	4968.94	4694.99	4184.17	4492.53	5168.21	5478.05	5250.77	5273.51
POLR3B	5	5	1087.9	1263.65	1443.63	1394.39		1254.35	747.217	1009.52	1782.93	1709.42	1892.86	1553.15	1514.48	1917.14	1980.51	1944.22
POLR3C	5	5	3254.91	3128.47	4444.07	3708.69	3376.17	3877.43	2907.5	3223.19	4690.22	4152.42	3189.47	3735.18	3967.36	3579.95	3405.21	4222.52
POLR3D	4	4	3808.51	3708.35	4569.36	3416.1	5505.01	4540.41	5564.72	3604.81	2845.48	2885.57	2426.59	3949.9	3741.56	2780.89	3534.29	3968.84
POLR3E	3	3	2769.43	3396.64	2544.07	3527.11	4250.41	4533.48	3452.65	3045.56		5111.9	2785.61	5374.95	4506.96	4514.47	5354.81	3855.93
POLR3F	1	1	1987.94		1489.91	1347.11		1645.56			2560.43		2308.06	2260.48	1923.27	2676.92	2401.79	2473.45
POLRMT	9	9		1064.14	1278.98	1002.92	3426.65	2937.58	2645.22	2792.78		1518.84	1990.86	2627.49	2434.1	2331.42	2374.44	2288.3
POM121C	1	1	2285.49	2198.5	2327.89	2653.72					2753.23	2439.9	2382.3	2414.4	2801.63	2547.98	2532.78	3080.48
POMGNT2	2	2	4486.22	4514.01	4444.87	4058.27	4203.31					6535.69	5499.28			2484.13		
POMP	5	5	5008.91	4457.6	4434.39	4566.55	2557.96	2948.97	2371.76	2337.2	6790.51	5701.87	4613.68	6233.42	5410.52	4738.17	5495.13	6759.21
PON2	6	6	3911.13	3505.54	5063.08	4999.58	4532.42	3267.68	3565.41	2715.24	2725.58	3620.13	3584.06	3271.96	2595.9	2541.13	2432.07	2609.33
POP1	14	14	5095.36	5278.48	6813.03	6049.32	4809.72	5561.38	4984.27	5605.68	4282.6	4557.63	4280.15	4140.78	5337.54	6238.44	5975.67	5252.04
POP4	5	5	3388	3082.73	3271.09	3105.94	2821.23	2010.52	2277.8	1316.67	2817.68	2427.01	2386.63	2089.67	2992.33	2936.75	2649.37	2959.09
POP7	3	3	1256.55	1242.76	1856.41	1398.55					2462.88	2197.75	2727.09	2157.2	1631.46	2285.67	2767.58	2204.36
POPDC1	1	1								648.179								
POR	22	22	20731.3	21345.1	25876.2	20334.3	23546.2	22998.8	20501.8	19940.7	40106.6	48892.5	48885.4	42996.5	24127.3	27802.1	28080.9	25808.2
POSTN	26	26	15710.3	20444.5	26025.6	27367.1												
POTEKP	1	1	819.366	1154.55	1644.59	1896.33	943.957	886.829			930.113	1411.57	893.214	1838.48	1185.6	1439.82	1361.68	1268.06
POU2F1	1	1	605.623	448.362	752.464	474.329	826.027	668.552	568.445	704.488	428.798	905.207	563.391	702.685	705.573	418.03	382.223	642.953
POU3F3	1	1										655.475						
PPA1	7	7	31387.4	37389.4	45800.9	46650.3	53487.6	55719.8	38340.3	52590.5	18030.3	20359.9	23106.1	13674.4	25849.2	39014.8	38128.9	28509.3
PPA2	7	7	13705.2	13024.1	14465.2	14111.1	27583.4	23407.4	21977.8	22644.8	32091	28220	33596.3	33435.2	32510.4	24164.8	31426.7	33486.2
PPAN	6	6	3559.95	3730.71	3491.52	4006.62	4437.09	4728.77	4344.95	4238.64	2822.48	3071.06	2295.42	3322.89	3566.81	4572.33	4333.32	3907.45
PPAT	12	12	8413.93	7800.81	9861.54	10552.9	14878.8	15278.4	12953.4	11793.6	8981	9691.89	8299.83	9034.14	7672.07	8618.28	8879.72	8413.24
PPCDC	3	3	1861.84	2041.43	2640.47	2073.28	2089.52		1404.29	1068.88	6976.62	7464.6	5378.62	7720.96	3813.79	3691.87	3937.43	4336.11
PPCS	13	13	11453	11814.2	11571	13523.9	12569.7	12078.5	12690.7	11459.8	22764.4	22241.6	18329.4	21779.4	22621.9	19337	23022.9	23798.7
PPDPF	1	1	694.782	505.992	801.254	520.207	404.277	382.983	254.609	333.839	343.037	231.738			356.682	271.784	350.342	375.832
PPFIA1	11	11	7290.65	8141.73	7828.3	8898.46	4481.7	3436.34	3404.48	3451.07	7114.46	7377.87	6868.24	7738.89	4962.92	5050.02	4834.76	5344.21
PPFIBP1	16	16	8572.76	9236.24	9272.33	11447.3	7182.6	5092.77	5654.35	6450.21		2293.32	3040.64		2522.05	2528.95	3380	2096.28
PPFIBP2	7	7	3517.53	2866.82	3663.16	2666.99					3070.13	2511.18	3962.08	3179.77	3310.87	1812.43	1731.75	2842.47
PPHLN1	2	2	2988.74	2597.64		2833.36	4186.87	4105.95	2818.91	3658.9	2731.77	1367.74	4572.02	2759.38		1809.62	2932.79	2753.09
PPIB	10	10	492148	502986	520389	568062	160118	187906	138204	141530	296824	294699	254539	279147	185998	224942	238403	211108
PPIC	3	3	74979.7	70402.2	75625	85161.9	10647.2	10174.7	10492.3	9258.12	4356.02	3976.44	7129.39	5299.35	5011.52	4072.79	5087.72	5022.52
PPID	15	15	8870.74	9874.21	9719.94	10855.5	10630.1	10436.2	10594.5	10004.6	14077.9	12910	11960	10289.2	9412.66	11488.6	12159.5	10812.5
PPIE	5	5	5735.85	4830.34	4760.27	5566.54	6910.76	5698.91	5359.03	5864.73	5924.4	4892.39	4762.37	6597.12	6491.76	5493.42	5529.06	6243.06
PPIF	4	4					13083.6	14740.9	10631.5	20637.9	14679	21264.6	16314.6	16428.6	14560.1	16931.5	21754.8	17269.3
PPIG	4	4	4599.8	3150	4656.72	3647.25	4247.64	3259.83	4165.86	3966.93	3216.38	3663.32	3980.08	4362.3	4096.87	4046.73	3309.44	4010.99
PPIH	4	4	16710	15838.5	14411.5	18230.9	15415.6	17649.1	16730.1	14532.8	14202.3	14370.2	13668.5	13222.3	12586.6	11443.4	10689.9	11944.4
PPIL1	3	3	15326.8	15610.3	18905	15349.6	14692.8	14003.8	13079.7	13793	16970.5	16119.3	13938	15082.2	16507.7	18194.6	22699.4	18192.8
PPIL2	8	8	4869.48	4693.14	4751.26	4900.68	4228.31	3975.84	4811.58	4092.54	4415.55	4613	4961.06	5205.23	4010.06	4626.68	4029.52	4003.2
PPIL3	6	6	7168.48	7291.68	8151	7891.21	6768.38	6795.13	7526.27	5394.47	6599.15	7275.88	7400.88	7411.61	7508.84	6891.02	7835.63	7579.95
PPIL4	12	12	6673.35	6223.56	7545.6	8216.79	6895.82	6471.87	5694.14	6157.32	6635.59	6796.24	5415.9	6044.63	6188.1	7153.14	6202.03	6357.86
PPIP5K1	3	3	853.984	906.016	1163.58	766.075	1428.71	1408.7	863.094	922.359	1274.89	976.152	1489.3	1276.99	1148.49	1025.58	1284.72	1282.33
PPIP5K2	21	21	7277.77	5385.67	6374.27	6068.03	4287.58	4864.15	4792.49	4424.43	13241.7	15298.9	14527.6	11528.3	10139.3	11941.7	12263.1	11426.7
PPL	38	38	14087.9	12664.1	23491	13057.2	11695.7	10242.1	11241.2	11556.5	11338.1	9271.91	13293.5	13744	22908	9905.71	9715.28	8552.21
PPM1A	6	6	4243.62	4394.38	4588.74	4700.08	2371.24	3105.01	2978.65	2845.9	4722.53	5446.05	4748.35	4986.23	3733.11	4360.2	5143.35	4195
PPM1B	2	2	3697.84	4943.9	4234.83	5578.24	4113.58	3031.75	2812.05	2768.63	5327.27	5782.57	4459.48	5092.99	5877.2	6555.79	7065.06	6335.81
PPM1E	2	2					239.795	441.661	381.966	230.282								
PPM1F	12	12	4233.56	4944.7	4969.92	4973.73	7131.87	5181.61	5608.98	5268.94	8732.72	10863.6	8562.89	9274.11	6391.96	5722.01	6067.97	6673.99
PPM1G	13	13	22971.8	20594.7	21177.1	24195	26562.5	29665.4	26418.3	25834.7	22960.3	24500.5	19794.5	22533.5	24039.9	24772.3	22326.5	23647.9
PPM1H	3	3	2883.67	2535.23	3258.82	3805.85		706.299			1526.31	1211.73	1511.4	1648.2	1748.12	1886.28	2339.72	1727.75
PPM1L	2	2	1897.38					1686.46	998.756	1256.46	3137.04	3340.88	3572.02	3250.89	2237.01	1475.12	1893.77	2714.56
PPM1M	1	1									1187.85	1290.13	1646.91	1452.3	2462.7	1922.41	1382.53	1893.03
PPME1	7	7	16499.5	16564.5	15998.7	18371.2	19486.6	17513.2	16492.6	16926	6599.39	6653.09	5675.98	6846.41	5689.71	5444.71	6330.07	5295.71
PPOX	10	10	4905.71	4271.95	6263.22	5192.82	5424.11	5861.35	5288.73	5972.26	5180.21	5630.64	5195.54	5980.27	5268.97	4737.11	5466.54	5063.45
PPP1CA	4	4	97150.8	80487.2	89305.4	97176.1	61027.9	57213.2	55917.9	59465.7	100583	95678.5	95351.6	110421	83607.1	78595.2	76914.5	81999.2
PPP1CB	2	2	24340.7	30604.6	20753.2	36675.6	25405.2	29542.6	19575	26784.4	11603.2	15803.4	14716.5	14559.3	12038.4	19523.3	18452.5	15153.9
PPP1CC	2	2	33912.9	27786.8	27562.5	33479.7	27843.7	25369.8	19776.3	24216.3	26454.4	24934	27447.7	30670.3	21822.1	13946.9	18765	20212.7
PPP1R10	12	12	3682.7	4377.94	5115.91	4048.24	4318.73	4892.21	4451.6	4269.27	4587.53	5007.95	4463.57	4800.63	4316.01	4277.27	4324.16	4723.64
PPP1R12A	31	31	23188.1	23454.2	22209.2	25154.1	16680.9	14305.7	14891.6	12610.5	9369.53	9800.82	8393.68	10207.7	13323.6	11011.5	12259.7	12413.3
PPP1R12C	14	14	5430.02	4876.44	5137.8	4881.71	2282.1	2050.58	2135.62	1844.38	4965.4	4233.04	4926.27	4934.15	4038.99	3934.41	3682.95	3850.46
PPP1R13L	9	9	4602.96	4766.39	4027.82	4834.01		1670.19					3945.95		5968.2			
PPP1R14A	1	1	6060.76	6622.48	6560.82	6632												
PPP1R16A	1	1					3440.95	1664.23										
PPP1R18	16	16	40299.1	42994.7	45804.4	45687.3	16563.8	14929.3	14421	15398.3	38407.8	43596.6	35337.1	44507.1	42610.9	33099.6	41115.2	38344.5
PPP1R2	2	2	1312.11	1520.89	4413.91	2715.26	3696.66	2984.85	2826.85	2847.4	3397.97	2959.5	2141.58	3088.37	2974.37	2258.84	2604.69	3657.32
PPP1R21	25	25	23600.9	24439.6	26436.2	24461.8	15717.5	12360.6	10992.6	11968.7	40727.5	38185.3	39433	43152.7	28078.2	23391.5	24948.2	28295.7
PPP1R37	2	2	762.731	613.88	1246.75	1149.19	752.519	498.497			993.247	1067.22	1030.98			511.785	455.641	470.156
PPP1R3D	3	3	1414.73	1662.16	1443.43	1955.49	1643.49	2025.86	2069.34	1853.49	1907.99	2001.34	2399.42	2830.39	2274.57	1666.5	2130.06	1911.97
PPP1R3G	1	1	232.358		333.202	311.411	907.915	1189.35	1010.28	924.88	1076.89	1363.17	950.172	1128.18		182.376	366.437	
PPP1R7	16	16	32878.6	31268.7	33040.4	32667	29952.3	28622.6	28617.5	24421.5	38732.4	46507.8	34103	38616.1	31635.3	33083.8	32786.2	34538.3
PPP1R8	10	10	4505.15	4937.89	6135.33	5498.12	5258.72	4689.64	3935.52	4414.22	4603.92	4857.05	5228.56	5117.1	5251.91	5849.47	6115.6	5796.17
PPP1R9B	17	17	6777.7	7114.5	8232.96	7270.12	5697.84	4711.12	5238.34	4303.87	9260.28	10613.9	9581.81	9393.84	7547.43	8365.75	8064.05	7738.19
PPP2CA	1	1			7777.61	12707.8	9807.46	9206.06				6505.08				7577.51	8844.81	
PPP2CB	1	1	6363.99	5810.83	6160.63	6256.24	6263.73	5242.13	4282.13		4474.77	3183.72	3575.63	5320.5	2827.04	3377.43	3072.47	3282.94
PPP2R1A	14	14	85950.2	100241	111153	111415	76857.3	62223.5	86473.9	77074.9	90355.6	96098.5	78380.4	86875.2	75854.8	75223.8	99180.8	80110.6
PPP2R1B	5	5	8898.89	9284.99	9576.06	9524.74	23399	17962.8	20110.6	16736.1	4085.11	4201.45	4021.12	5663.69	3189.05	3980.76	2728.59	4963.22
PPP2R2A	6	6	26849.2	30531.5	28446	29105.8	28403	24877.8	24829.9	23000.2	19154.5	18936.7	18527.7	18227.7	17739.1	21117.1	19755.1	17599.7
PPP2R2D	1	1	2879.31	2782.03	2718.16	3285.04	1821.14	2659.09	1979.93	2048.32	2452.69	2228.82	3317.29	2982.26	2118.06	1951.35	2265.5	2513.25
PPP2R3A	2	2	1170.51	1054.05	1614.28	1662.77	1251.33	1800.02	1758.47	1437.49	236.031					192.354	263.304	
PPP2R5A	8	8	2308.49	2384.62	2336.85	2134.69		2050.07	1961.53	2501.59	4209.72	4601.21	3949.6	3951.37	3307.28	3877.92	3982.83	3437.18
PPP2R5B	3	3	1542.72	2436.08	2445.98	2225.87	2017.8				1293.45	1498.55	1818.75		1183.12	1120.06	1122.46	600.858
PPP2R5C	1	1			778.274	490.336												
PPP2R5D	9	9	6676.43	5963.1	7335.98	6388.67	6665.19	6432.7	6085.79	6352.78	4628.17	4969.72	4185.11	5286.03	4518.94	4768.95	4733.45	4421.32
PPP2R5E	10	10	11338.7	9714.04	10272.7	9752.24	7548.76	7037.3	6453.16	6411.79	9505.03	8753.27	8158.69	8434.28	8448.9	7981.31	9883.16	10732
PPP3CA	8	8	19688.6	21793.2	17530.4	28054.7	12298.2	11513.6	11162.9	11118	21023.1	16779.2	16248	20622	14390.7	11080.6	13072.6	13607.7
PPP3CB	7	7	7582.64	7336.42	7185.49	6293.45	5861.03	4408.7	4730.78	4450.53	7128.19	6071.38	7812.54	7607.17	5605.24	5289.91	5388.03	6519.4
PPP3CC	5	5	8580.83	8980.25	7465.22	8827.26	6499.55				6708.4	5449.42	6146.73		5679.07	3256.69	3904.58	5408.9
PPP3R1	1	1					1971.81					2567.13		3509.31	2135.87	2008.25	2576.17	
PPP4C	5	5	16855.1	18415.7	18839.6	18117.1	13477.5	11424.9	11231.7	10559.7	14617	13531.7	13074.4	12042.1	11466.6	13144.3	13408.6	12664.4
PPP4R1	11	11	7801.12	7329.21	7166.85	7280.25	4249.54	4426.02	3931.55	3873.07	5958.6	6316.97	4947.24	6490.02	4492.78	4445.94	4892.77	5093.78
PPP4R2	7	7	2560.67	2240.38	2458.36	2385.77	2771.26	2609.65	1977.98	1916.38	2683.99	2433.25	2400.28	2559.61	2509.25	2154.28	2222.64	2417.76
PPP4R3A	8	8	6230.66	6508.75	5733.26	6377.68	4506.46	4981.09	5585.94	4760.45	6510.43	8302.39	6592.85	6674.31	7443.35	6773.94	6998.17	6672.96
PPP4R3B	5	5	2469.45	1437.09	2478.3	2345.1	3187.41	2326.21	2686.35	2400.03	2019.65	1631.2	1670.52	3107.69	1680	1850.52	1325.66	1964.59
PPP4R4	2	2	1918.8	1555.96	1520.64	1471	3683.45	2252.34	3604.06		3123.06	3012.69	2764.21	2281.91	3757.66	2996.24	3149.5	4418.29
PPP5C	11	11	5173.93	6287.42	7096.28	9073.95	3615.7	3407.32	2549.01	2695.59	7037.65	9476.08	7945.11	8962.45	6036.97	7711.6	7598.12	7499.23
PPP6C	3	3	1798.18	1619.53	2539.14	2079.07	803.648	1337.59	1355.27	710.956	1356.29	2471.68	1584.18	1833.07	1676.02	1559.38	1827.25	1742.54
PPP6R1	7	7	13761.2	12510.9	13099.8	13377.7	8102.85	9617.04	9677.78	7968.31	14624.4	15508.6	15895.7	17771	19140.3	20987.2	23670.1	14745.3
PPP6R2	11	11	3390.31	3417.44	3246.15	3804	4181.26	3203.17	4109.64	2977.63	3956.12	4426.94	4152.84	4306.71	3660.73	2842.09	3905.32	3626.94
PPP6R3	15	15	6051.86	7129.98	7316.24	7043.01	8573.44	8314.1	7810.05	7176.29	8023.53	7742.71	8229.66	7861.14	5716.29	6560.68	6985.66	6627.49
PPT1	5	5	2343.31	2569.6	5376.72	2512.5			2230.04	1734.84	14096.9	16942.3	15847.1	11673.7	18088.4	23557.1	26984.9	21848.3
PPTC7	2	2			784.274	905.669		997.908	1839.49	1103.37	1611.05	1870.44	2409.3		2012.89	1713.41	2518.32	2367.2
PPWD1	7	7	2516.25	3383.73	3183.99	3063.06	4157.01	3491.98	3803.22	4929.8	3867.74	3938.13	4615.24	5100.64	4618.21	4929.89	4886.4	5126.43
PQBP1	2	2	9733.02	11372.4	12437.6	14669.1	8623.57	10160	7437.58	10648.7	10520.3	14394.6	11938.6	11145.9	10618.5	11760.4	13783.1	12167.3
PRADC1	1	1	2480.15	1017.23	908.461	927.051						706.465		722.169		691.727	363.245	
PRAF2	1	1	80114.9	82900.2	90846.8	108775	22737.3	28316.2	27604.1	24221.1	3150.03	3729.1	4017.13	4705.21	4300.36	4282.7	3929.1	4360.72
PRAG1	7	7	3504.42	3943.39	3640.1	3558.21			1058.48	1115.38	4213.57	4607.66	4306.89	4767.57	3592.55	3241.17	3497.19	3756.02
PRAM1	28	28									8585.1	8509.85	6942.59	7731.33	25376.8	22982.1	28123.7	26836.5
PRC1	8	8				4250.38	6939.55	6267.58	5238.85	7032.27		3913.38		5511.6				
PRCC	4	4	2107.94	3041.3	2327.35	2444.97	3387.27	3159.69	3517.07	3013.44	1649.84	2043.81	1958.14	1906.19	1988.5	1870.06	1568.4	1415.25
PRCP	8	8	6251.81	6173.74	12350.5	7828.16	9256.76	4864.9	5658.7	5989.33	34548.2	35332.9	36320.1	32844.8	7805.52	8012.48	6468.63	7302.28
PRDM10	1	1	949.415		811.285	779.322	1955.01	1800.96	1548.4	1390.7	1153.24	1485.24	1123.89	1127.92	1287.79	1002.35	720.674	1086.05
PRDX2	12	12	148390	189420	186512	189820	159228	162616	155799	169532	158518	172820	202630	197902	208608	127852	119197	143600
PRDX3	8	8	110479	126439	161163	151191	150340	191573	151164	146506	421336	546215	377988	387366	371323	447989	440501	376578
PRDX4	7	7	7526.08	5563.8	8796.56	6861.74	4313.48	4058.63	6342.83	4769.82	7255.39	8456.57	7541.66	7279.62	6421.41	4675.81	3998.74	4770.02
PRDX5	7	7	382318	379318	354453	423508	334255	309745	323686	309398	244303	220007	206072	236077	176570	137292	150172	163133
PRDX6	18	18	381735	405084	477339	452978	357719	393568	362121	395348	224072	296032	263830	235907	297413	308713	308905	305385
PREB	9	9	11660.2	15156.1	16679	15898.1	6180.32	4766.6	5630.43	3325.51	17202	20238.2	17393.8	17359	16947.9	19303.8	17646.2	17468.6
PRELID3B	1	1		258.274	459.342		538.641	469.782	573.713	391.166	673.995	376.59	1099.92	656.366	1497.68	325.747	366.316	499.313
PREP	23	23	21036.7	23569	29723.4	25322.5	21062.3	33870.7	19848.9	22503.9	31787	33508.6	34139.1	29223.6	34166.3	32518.8	41683.7	39988
PREPL	5	5	2814.35	3384.43	4390.62	3905.99	817.54	823.753		2418.85	1050.91	1193.69	1761.44	1353.1	1531.21	1447.5	1571.53	1444.23
PREX1	19	19						1679.1			5662.16	6309.97	5912.34	6568.73	5272.47	6518.9	5237.75	5341.51
PRG2	1	1									1613.48	1405.53	2037.37	1455.12		1723.2		
PRH1	2	2	543.887	539.094	2182.19	421.403		1250.92			3199.05	1806.1	3256.86	1132.92	1677.13	3175.79	2980.43	1568.2
PRIM1	4	4	1806.2			814.49	1841.9	1568.02	1749.84	1408.28	1798.25	1224.23	1258.27	1183.03	838.114	656.436	854.716	1183.76
PRIM2	7	7	2369.02	1280.18	2254.76	2261.97	5128.17	5504.45	5254.44	4834.96	3343.44	2446.67	2348.16	2536.01	1874.24	1212.58	1375.93	1593.35
PRKAA1	9	9	15014	16538.6	22338.9	24471.1	12193.7	12322.8	11122.8	12546.9	15901.4	19157.6	19213.7	17758.9	16587.6	17441	18574.3	20273
PRKAB1	3	3	1011.07	2254.54	2330.92	2088.15		1348.84			1597.61	2396.09	1756.98	1623.96	1674.07	2800.58	3074.58	1535.78
PRKAB2	2	2	9026.28	13797.4	7969.92	11876.6	4551.76	4357.52	4084.26	3843.1	3131.84	2788.16	3410.36	3006.04	2706.96	1696.19	2410.68	2278.77
PRKACA	2	2	16389.7	20249.6	17576.3	22933.1	6545.25	6691.93	5949.14	6738.18	36182.1	37433.2	30644.7	34100.4	16819.9	16799.7	14414.6	15092.1
PRKACB	3	3	6629.24	6084.93	8358.96	6436.26	3286.48	4620.6	3799.25	3266.37	2824.28	2419.61	2299.45	2554.59	1828.79	1216.65	1685.47	1516.15
PRKAG1	14	14	12425.5	13598.2	15453.2	13726.2	13442.7	11199.3	11219.1	11929.5	13453	14086.4	14126.4	12979.6	12931.3	13951.1	15948.8	14151.2
PRKAG2	4	4	4293.86	4538.75	3572.47	4395.56	4179.9	4340.06	3965.19	4145.56	4095.24					2211.04	1955.57	
PRKAR1A	13	13	38782.8	41441.1	37277.1	41471.3	28345.7	31082.6	26720.3	30361.6	75209.5	72670.8	64227.2	75340.1	31836.7	29782.3	32676.7	31730.4
PRKAR1B	3	3	1247.2	1745.35	1910.16	1413.94			1096.23	1026.49	1600.42	1610.54	1478.9	1835.82	1191.95	839.433	1003.45	1024.82
PRKAR2A	14	14	34950.7	28032.3	30030.8	27120.1	16720.7	14087.6	16628.8	15223.7	37196.5	38965.3	35261.9	34120	36862	40545.5	42312.7	39455.2
PRKCA	3	3	4361.73	2922.03	3568.29	2184.5		5883.59	7185.75	6126.04	5474.96	7067.71	4411.07	5308.54	3813.07	5808.57	4505.69	4229.91
PRKCB	6	6									3519.56	4624.68	3712.72	2791.2	1795.48	2924.07	2691.05	2947.72
PRKCD	16	16	2834.83	2784.24	2888.45	2766.35	4083.63	3179.01	3070.02	2635.89	14303.9	14871.2	13337.3	12209.3	12657.3	12756.8	13721.7	11702
PRKCI	3	3	4631.93	4841.53	7519.68	5846.06	5721.22	3984.32	4737.78	3022.58	3403.56	2373.86	4559.2	3978.27	2944.93	1646.83	2098.96	2697.42
PRKCSH	5	5	29656.6	22249	21762.2	35709.9	12744.2	12900.4	9357.53	8832.48	17575.2	12349.9	18834.3	15193.8	13301.5	11461.3	17712.7	15269.1
PRKD1	1	1	1691.92	1616.57	1742.36	1149.05	2050.07											
PRKD2	3	3	2015.51	3139.62	3180.3	3489.42	1679.59	1742.55	1862.39	1016.83	2127.85	2180.77	2223.21	2044.17	2044.38	2578.03	2241.69	2356.61
PRKDC	102	102	48497.3	45742.2	57288	49781.8	56295.4	59949.9	49537.5	47729.9	41125.2	44272.3	39634.2	39960	50874.2	56826.4	58124.7	54014.2
PRKG1	7	7	10576	6898.23	8503.09	8806.41												
PRKRA	5	5	5076.34	4880.76	5083.89	5462.37	4694.34	8754.96	4332.7	4250.37	2297.31	2733.91	2519.48	1973.19	1446.01	2417.99	2451.65	3098.29
PRMT1	10	10	24151.7	24576.4	30316.3	25122.1	17090.5	15921.3	12916.7	13492.5	14359.4	15224.6	15210.9	15272	18478	18566	23545.8	23956.7
PRMT2	1	1	4388.97	3182.74	3284.64													
PRMT3	6	6	2777.51	2968.86	2959.68	2884.55	5648.91	6549.59	6219.19	6140.49	3167.44	2709.84	2331.9	2967.25	2643.65	2547.32	2445.29	2607.78
PRMT5	11	11	34982.2	37504.5	37818	40694.2	18777.9	19166.3	19960.2	21024.8	23274.8	26678.1	24505.1	24288	27745.3	29079.8	31245.8	31966.6
PRMT6	1	1	3000.74	2666.44	2937.25	1932.88	2710.92	2300.33	2797.14	1906.9	3047.8		4419.31			1943.08		3570.95
PRMT9	1	1	527.58	371.254	702.651	472.671						443.608		579.519		667.83	442.057	834.325
PRNP	2	2	774.266	781.741	1390.38	1050.21					831.588	924.012		1686.88		437.236	2181.19	674.905
PROCR	2	2	4547.65	5217.89	4736.78	6530.3	6652.59	8034.18	5000.99	4204.34	1356.63	2655.33	3287.84	1161.13	3836.2	5482.9	4293.2	4188.71
PRORP	9	9	1704.06	2305.85	2393.9	2122.52	2145.3	2071.66	1934.25	1906.66	2466.6	2282.67	2544.46	2559.84	2393.3	3005.6	2742.53	2459.98
PROS1	2	2	1736.46			715.792		1344.16				906.852	1313.48	1039.02		1281.41	1037.18	1311.41
PRP4K	12	12	8350.48	6977.79	8478.96	7313.8	8616.65	7219.42	6943.88	6068.8	9632.28	7898.74	7962.48	9055.08	8628.28	7935.61	9258.3	9391.16
PRPF18	2	2	1445.28	1591.77	1622.63	1339.7	2042.39	1825.92		915.997		1328.55	1574.74	1380.71	1493.84	1009.35	1069.69	1708.55
PRPF19	8	8	29987.3	28454	26801	33052.9	41625.7	41469.3	41970.6	33236.7	29034.1	31018	18481.4	30020.9	27460.9	24943	30669.7	30264.2
PRPF3	13	13	14687.7	12679.6	15431.1	13787.6	18715.1	14096.2	15817.9	12743.6	13111.1	10879.6	14006.2	14155.8	12810.6	11339.8	11290	12683.4
PRPF31	12	12	12105.6	12095.6	16630.2	14073.1	9625.39	10971.5	9755.97	8646.44	11430.3	12940.5	10512.5	12405	12698.6	12714.4	12249.7	13836.5
PRPF38A	4	4	717.188		1505.09	1015.77					849.645	1699.92	1776.95		1181.9	1526.28	1677.17	1448.75
PRPF38B	4	4	1515.13	1837.16	2665.97	2940.29	4325.69	3134.31	2693.21	2234.1	3031.57	5123	5372.31	3078.46	2748.05	3556.43	3098.35	3575.92
PRPF39	8	8	3211.1	1891.05	2224.51	2371.92	2207.85	2095.33	2377.95	2483.12	2459.54	2161.14	2503.04	2623.14	2215.96	2029.31	2303	2259.85
PRPF4	11	11	11208	9157.29	8660.48	8833.85	10442.4	9954.88	9440.14	9123.87	8487.39	7266.91	8219.38	9168.51	8927.69	6869.45	7118.46	8079.35
PRPF40A	16	16	15072	14697.4	13882.9	14360.6	13669.4	14653.8	13491.7	12225.4	15165.6	17020.4	13075.9	15291.1	15706.9	15660.9	15336.7	14979.5
PRPF6	22	22	11262.3	11446.3	14607.7	12955	11422.9	10767.8	11167.2	10346.5	10463.6	10442.2	10945.6	9865.71	10871.5	11132.4	10742	11159.2
PRPF8	47	47	14607.6	15111.3	19212.2	16661.3	20159.6	18344.4	16858.3	16887.3	19608.9	19586.9	20215	18907.7	19167.1	20893.5	23446	20737.7
PRPH	2	2	8465.85	5545.33		4439.05	6313.86	2903.65	4513.45	3305.85	3275.63				7982.34		575.305	2840.99
PRPS1	2	2	1821.15	2595.24	3634.16	2621.86	1564	1983.47	2305.48	1460.67	3923.78	6079.97	5745.17	5424.98	4176.13	4577.22	3864.86	3816.25
PRPS2	6	6	3211.53	4073.7	5233.45	6135.33	7105.38	11371.3	6857.87	5830.77	9451.21	12594.3	9054.65	9120.67	7716.9	8640.11	8511.14	6554.28
PRPSAP1	10	10	5228.18	6593.72	6030.5	7390.39	10402.7	12241	10302	9667.88	9380.19	9845.51	7431.97	8992.92	6710.99	6038.26	6349.76	6382.81
PRPSAP2	11	11	9819.83	10918.8	10930	13055.5	12121.1	11049.9	10475.1	11374.3	15618	17448.2	13982.8	15910.5	14741.8	12059.7	16116.6	16169.8
PRR11	2	2				1748.34	3525.59	2730.1	1865.4	2995.22								
PRR14	3	3	2319.58	2018.02	1731.85	1867		1177.38	1549.15					1063.34				
PRR15	2	2													3794.07	3680.4	3158.83	5140.77
PRR16	1	1	479.195	569.244	383.696	173.659												
PRRC1	4	4	22083.2	26217.7	23348.4	33646.6	9025.2	9468.31	9328.92	9118.83	9504.71	8831.46	8721.99	12160.3	7528.39	8669.41	10609.3	9987.14
PRRC2A	22	22	6375.4	6025.47	6378.83	7002.43	6547.52	5323.94	6526.57	5511.36	5502.49	5578.7	4974.87	5314.08	5405.71	5155.28	5528.35	5480.77
PRRC2B	10	10	6085.95	6541.13	5035.05	4783.47	6070.89	5531.46	6131.63	4660.12	3853.68	3563.79	3607.75	3440.18	4003.6	2669.81	3004.59	3982.26
PRRC2C	37	37	16561.6	14067.6	15717.7	16338.4	13215.4	12378.6	10988.8	11528	11671.2	10831.4	10526	12123.3	11812	9877.75	11233.2	11407.6
PRRX1	3	3	11365.3	11371.7	17478.7	12316.5		1708.09	2951.14									
PRSS23	3	3	3452.18	3133.83	3107.84	2259.13	603.808	987.028		544.403						675.711		
PRSS3	1	1	2748.97	1487.52	3190.92	2333.97	1036.58	1784.47	1603.09	2166.29	2305.14	2404.48	3432.53	2096.8	1872.97	2749.42	2000.51	2506.68
PRSS35	2	2	2389.7	1335.99	1613.75	1658.26												
PRTFDC1	1	1	1976.77	2746.97	1893.35	2458.53	8825.86	15306	9651.18	13866.1	2788.77	3105.19	4276	3962.26				1405.27
PRTN3	2	2	3041.34	5409.84	6545.39	1207.48	4149	1960.8	2200.34	1662.61	7850.25	9787.64	15170.7	11192.2	6597.24	11238.6	8688.36	6257.69
PRUNE1	5	5	4140.85	3824.39	3955.55	4229	3276.96	2519.76	2826.92	3200.42	2689.25	2959.09	2905.51	2956.03	2377.91	2113.32	2313.21	2418.6
PRUNE2	16	16	2915.63	2889.15	2631.68	3885.05	2237.99	2224.98	2000.29	2361.58	2177.42	2077.62		1701.46				1244.71
PRXL2A	9	9	10937.8	13489.6	15824.8	13995.9	24097.4	27257.3	22281.5	21530.3	48873.6	50092.9	36642	39111.7	31371	19314.6	32924.4	29945.7
PRXL2B	3	3	734.927	842.176		1119.4					1704.55	1425.02	1649.15	1776.81	961.406	988.877	1102.5	934.305
PRXL2C	2	2	4651.07	5602.44	5236.85	6817.62	3601.27	3089.63	2817.7	3208.51	1971.55	1816.25		1538.45			3190.96	1288.48
PSAP	8	8	42061.2	30358.2	32825.9	33597.6	43541.1	32731.3	28251.7	35174	196244	152816	169443	172220	118911	136885	152697	158654
PSAPL1	2	2	3352.35	1428.77	2771.78			2017.1	2529.95		1957.93	2146.6	2541.3	2072.17	8054.54		1086.93	2424.53
PSAT1	13	13	144430	202455	208664	188276	16960.8	24917.5	13134.1	14687.3	10911.6	8637.68	7233.57	7229.69	21715.4	44069	41233.4	31731.1
PSCA	1	1	5748.29	1071.17	910.254		1955.87	793.975	1249.28	993.432	2348.54	1235.28	1541.14	2595.26	949.918	696.784	680.16	1653.2
PSD3	6	6		1175.37			3207.38	3529.89	2740.27	2567.06								
PSD4	3	3										1156.27	2640.01	2750.23	1975.99	1210.13	1728.89	1831.67
PSEN1	4	4	2319.6	3050.93	3298.95	2828.89		1476.57	1448.72	1463.79	4956	6066.46	5383.86	5794.45	3384.74	3473.76	3332.68	2887.16
PSIP1	12	12	10715.4	8318.31	13422.5	10828.6	17477.8	19518.2	15403.4	15234.5	5551.72	6129.93	6657.2	6117.6	5331.1	4666.56	5637.56	4892.89
PSMA1	12	12	104799	130769	116018	144901	107202	100445	107206	109905	114580	127946	95075.4	110584	108592	105771	114260	84842.8
PSMA2	8	8	21217.8	34429.3	42441.9	37416.4	13564.2	19928	14630.4	15806.1	57405.5	75967.9	46055.8	45865.9	40987.6	56515.8	57828.1	49941.8
PSMA3	12	12	31576.8	34261.3	45103.9	45852.2	29545	32774.3	29100.1	28778.2	40843.6	57106.4	43748.4	37962.6	35225.9	41593.1	40321.7	33486.6
PSMA4	9	9	96305.4	126529	111876	164100	110715	117287	109743	105024	80868.8	126922	87736.7	90494.4	71559.7	102426	108440	69395.3
PSMA5	8	8	36158.2	49048.9	52872.7	54873.7	36296.2	34354.4	37446.2	29515.1	59271	70141.5	49072.9	49155.5	58426.3	58884.1	69356.8	48433
PSMA6	8	8	48386.1	64648.5	88380.3	91086.4	27853.9	39769.6	28177.3	34805.2	83305.6	102967	80481.7	73518.5	85839.7	78483.9	74471.3	59224.4
PSMA7	8	8	70951.5	79807.8	82663	78457.5	66533.7	53439.3	60939.2	52120.8	76870.6	82342.8	60817.3	63075.5	62273	63872.3	65598.2	54402.1
PSMB1	11	11	31608.5	46219.9	64729.7	39385.4	33890.4	29859.8	22386.8	23708.2	63566.8	85907	68289.3	64015.9	69783	72832.6	71949.9	59973.4
PSMB10	5	5	6297.88	7312.86	4929.31	8502.12	14160.8	14481.7	11168.2	12608.5	20044.8	21964.6	14925.2	19558.1	19597.9	19818.9	22960.1	20392.5
PSMB2	9	9	40555.9	41342.2	45211.7	54203.6	30839	28654.3	25440.1	21232.8	48134.5	60893.6	52578.8	55932	57719.6	41704.4	47396.8	45345.8
PSMB3	5	5	13088.8	17056.8	29868.9	18769.7	6334.09	6880.26	7465.22	5150.02	42746	57611.8	48938.7	31747.7	36191.9	50719.5	49540.5	39059.8
PSMB4	6	6	51150.4	53663	68448.8	50420	43886.5	39154.8	38459.9	31340.3	46623.9	63205.1	49343.8	52172.3	46190.9	41343.8	43663.6	44035.4
PSMB5	12	12	8675.38	12825.2	19519.2	13543.5	2518.49	3703.19	2508.05	2261.34	11647.1	18840.9	14456.1	11248.3	11643	17053.6	15670	10523.1
PSMB6	6	6	71801.1	76623.2	83578.1	84533	52804.1	48306.1	48714	43611.9	73116.3	96483.7	67359.2	80518.9	92628.3	64091.5	72961.1	67634.7
PSMB7	4	4	40878	39025.9	35557.7	42521.8	41304.4	42509.6	35641.4	36695.3	51795.9	51597.3	38916.4	46548.8	44891.5	37846.2	42856	39308.1
PSMB8	6	6	5138.09	6402.87	5787.04	8032.81	7148.07	8234.77	8044.2	6508.19	17288.5	24195.3	19978.4	13163.5	14534	18144.5	18934.1	14719.2
PSMB9	4	4	7906.9	7352.28	7349.43	10030.8	19344.8	22503.5	15963.4	16322.1	21207.5	28631.7	19473.9	16995.6	16739.6	20575.4	18624.3	15948.2
PSMC1	17	17	91000.9	97311.9	97862	105161	79579.4	67831.9	68969.7	63183.9	93897.3	90452.1	88913	94336	94274.5	87319	96317	96845.9
PSMC2	24	24	92220.9	103574	97108.9	116241	58711.3	62517.8	61684.1	63253.1	67692.6	84740.9	71888.2	76782.4	65452.2	75708.3	80073.4	73529.4
PSMC3	13	13	92300.8	78596.9	82735.9	87720.5	49810.5	52658.3	42452.8	40080.4	76344.6	75665.9	79111	80567.6	71964	73823.4	92710.1	89033.3
PSMC3IP	3	3					1656.92	1882.17	1828.39	1880.79		967.013						
PSMC4	24	24	51369.8	52156.4	59590.6	54214.3	38318	32345.2	30938.9	27740.4	51837.1	53994.9	54577.3	51307.8	52885.6	51343.2	54735.7	55180.6
PSMC5	16	16	115619	120458	117439	124462	73638	73211.8	64312.2	63873.6	103707	110855	104683	111384	97491.3	96896.9	108802	108972
PSMC6	15	15	21028.9	19901.5	21722.8	28913.3	13035.3	15042.8	13363.3	12264.8	22783.2	27712.8	21126.4	22824.4	22951.3	27843.6	27833.6	27675.7
PSMD1	27	27	24627.2	29485	30091.1	32914.5	16836.3	18311.7	16501.1	14096.7	25868.4	29419.3	24097.1	24955.1	23761.7	27989.4	30617.6	28796.7
PSMD10	4	4	1770.98	2906.75	4221.68	3943.08	2934.22	2591.56	4101.36	3326.32	3169.81	3915.87	2785.94	2354.21	2828.57	2876.41	2094.03	2063.17
PSMD11	25	25	38236.6	42385.7	46326.6	42823.2	38175	39981.1	28736.9	28796.7	48917.7	52284.2	48162.9	45668.1	45238.4	49163.8	49472.1	50829.4
PSMD12	14	14	28173.1	27831.5	37714.5	28560.2	27819.1	26063.6	20823.3	19520.3	31559.6	33012.3	28102.2	27233.4	26036.6	29383.9	27188	29340.4
PSMD13	14	14	49765.1	44420.1	43962.5	53248.1	50168.9	43975.7	45544.6	44930	49880.9	48625.2	44624.8	51741.8	45229.2	48159.4	51800.3	54072
PSMD14	7	7	47540.8	48745.2	67363.3	70625.7	33578.8	46387.6	33614.8	32952.5	50408.2	62767.3	54422.6	41426.8	51474.7	56305.2	63536.1	57154.6
PSMD2	29	29	61240.5	56814.4	58535.8	66454.5	41161	41029.1	41400.7	39641.9	53835.7	59513.4	50096.6	50106.4	47005.9	52286.3	57113.4	51887.4
PSMD3	34	34	37671.1	44370.2	50945.4	47616.8	27155	32095.8	25000.8	26904.5	40382.4	53688.8	41545.4	40178.9	37276.9	48032.2	47738.8	43077.6
PSMD4	5	5	42858	39571	36975.6	45474.9	27296.7	25033.1	23508.5	26103.1	35442.7	24326.1	29473.5	27618.1	31734.9	30085	32889.6	32597
PSMD5	15	15	19589.4	21703.2	21750.1	21547.5	14256.2	14510.9	10066.7	9355.08	22963.7	20614.7	23702.2	24097.1	21465.5	19693.8	23160.1	21561.1
PSMD6	19	19	19540.9	21408.1	24951.2	22362.8	23758.6	18906.6	22715.8	20141	22861.5	24948.7	21859.3	21555	22198.7	24135.4	23661.5	24277.7
PSMD7	12	12	20939.4	29504.1	44286.8	30967.2	17572.4	15880.6	10442.9	12526	29247.4	45602.5	41091.3	28595.8	28326.4	43536.2	45009.7	35499.1
PSMD8	10	10	48131.2	48006.7	52670	43446.4	33213.5	31263.8	26223.6	28136.9	49268.2	43600.7	43790.9	44455.6	38347.1	42573.4	52464.9	52762.3
PSMD9	6	6	7118.93	6093.28	7368.69	8292.15	7018.85	6699.74	4886.09	4993.99	11270.4	11165.9	14985.8	13197.1	9394.43	11360.4	14508.1	12319.1
PSME1	16	16	50205.2	45550.1	41156.6	46241.2	57239.3	56866.9	42967.5	42434.7	113344	99709.4	106521	105880	93277.4	105193	124175	117382
PSME2	11	11	39894	43220.8	41171.7	42546.5	41710.7	33283.3	29992.5	34075.4	100119	114376	89821.7	96174	103653	151846	141118	126570
PSME3	9	9	8104.72	7923.86	8688.7	8099.35	9112.48	9600.16	9099.63	8780.08	9267.14	9014.21	9363.17	8744.17	10100.1	10020.4	10507.6	11276.4
PSME3IP1	4	4	10256.2	6640.79	5876.74	5092.35	13253.7	8470.22	9916.25	8680.44	15434.6	7706.6	17504.7	17937.7	15153.3	7276.98	7630.9	13285.9
PSME4	14	14	4424.59	4894.09	4271.88	3989.66	3676.63	3490.98	3744.73	3332.66	4493.8	4340.95	4377.01	4386.17	3872.38	3829.6	4831.92	4175.64
PSMF1	2	2	17578.4	10640.9	4886.82	6230.96	6671.82	7723.46	3586.9	4382.54	14460	5855.17	10869.5	11997.9	11872.1	8139.85	8879.55	13737
PSMG1	5	5	13612.4	12593.9	14801.9	14353.1	12938.8	11728.5	12724.3	10299.3	13491.3	13953.5	10652.9	11368.2	10952.5	9674.15	11606.4	10824.6
PSMG2	2	2	5093.55	4237.14	3244.79	4238.38		4028.18	4594.38	3047.03	2786.59	4702.22	3346.75	3334.32	2568.2	3549.68	3674.89	3946.13
PSMG3	3	3	5274.29	8277.58	8002.21	7633.15	3789.65	8147.6	6599.31	7322.18	11323	8562.56	8263.85	11004.2	6799.36	8451.18	8316.77	10921.3
PSMG4	1	1										1269.01	1323.64				869.642	
PSPC1	12	12	11265.9	10152.1	12894.1	12233.5	11856.7	9809.65	10719.2	10409	10512.4	12399.9	9932.88	10881.3	13283.2	12760.3	13264.5	13351.2
PSPH	7	7	15811.1	16879.1	21096.1	19353.5	16209.7	20069.5	14193.5	10307.5	9570.57	9475.87	9533.54	8590.02	12442	9842.38	11765.4	10996.8
PSRC1	3	3	1387.78	267.228	565.666	1046.12	1743.29	1214.86	1358.16	1455.2	740.402	492.708	355.894	647.369				
PSTPIP1	4	4									5332.85	3533.47	4466.45	4851.87	3973.35	2657.94	4018.66	3025.06
PSTPIP2	6	6	4864.34	3067.99	4760.08	3514					4959.03	3995.96	3863.43	3589.09	5166.79	6342.67	6827.19	4801.94
PTAFR	1	1									590.591	939.701	891.476	855.288	966.355	1066.39	1369.15	872.061
PTAR1	4	4	2728.83	2754.89	2473.99	2424.31	2061.14	2407.09	2089.33	1846.63	2108.13	1655.66	2171.11	2379.36	1723.03	1388.25	1233.22	1499.44
PTBP1	12	12	60860.4	81198.3	115753	84032.6	39457.2	45629.1	51562.8	71711.3	99997	133404	95100.9	92761.3	108209	139753	119840	116029
PTBP2	1	1	803.844	989.911	1097.02	1034.03	874.844	839.054	1174.82	838.61	379.643							
PTBP3	6	6	3953.55	4539.06	5321.63	4604.72	4974.11	5934.78		5682.22	9324.07	14175.1	12144.5	11124.6	8127.83	9798.45	10680.8	9625.29
PTCD1	3	3	1213.27	820.205	1226.03	1048.67	2082.53	1806.08	2015.89	1920.29	1570.12	1225.37		1457.98	1593.05	1278.75	1503.36	1985.99
PTCD3	14	14	7356.94	7538.74	7550.41	7883.62	10826.5	8846.12	8593.93	8222.58	9565.56	9968.44	9192.8	9776.39	13220.6	11622.8	11533.6	12818.5
PTDSS1	1	1	9772.33	8040.4	11211.7	8571.94	12884.3	10728.2	9956.37	7860.86	12822.1	12972.7	11037.6	10223.6	13790	12002.1	14962.8	16849.9
PTEN	4	4	1356.9	2357.25	2322.51	1653.1					2550.63	2533.21	2565.45	1975.27	2645.75	2375.48	2291.62	2328.34
PTER	3	3					974.817	1796.46	1174.9	1832.1	2058.87	2191.76	2784.82	2896.7	1275.53	1748.48	1751.09	1874.67
PTGES2	12	12	4466.08	4217.17	5769.45	4584.45	8474.94	5219.62	5225.34	5327.36	7053.26	8259.1	7859.75	7560.29	8443.44	9887.71	10285.7	10539.3
PTGES3	2	2	11050.7	12636	5026.57	15434.2	22443.3	20848.7	12987.9	18876.8	10551	6498.73	6480.79	11598	9559.55	8427.76	10287	10904
PTGFRN	13	13	7269.84	6963	7778.17	9635.7	7697.38	7222.28	5828.58	5255.99	5089.03	7156.46	6835.59	6267.31	5121.58	4893.04	4825.35	4902.17
PTGIS	7	7	9388.8	6655.77	8835.23	5161.79							2429.8					
PTGR1	8	8	10262.3	11537.2	10327.7	10350.7	8929.82	9445.84	8759.18	7525.21	12408.3	13641.1	16370.8	12851.3	11167.1	9370.54	13839.7	11552.5
PTGR2	4	4	1865.23	2282.32	2147.85	2325.19	4154.41	2828.54	4932.97	3649.39	5410.03	4224.85	4572.42	5092.29	5360.32	3667.98	4715.19	4570.08
PTGR3	6	6	2126.99	1504.9	1521.31	1937.08	1620.74	1941.79	1865.03	2031.97	9631.67	8765.91	8244.57	9420.34	6899.36	5117.1	5449.4	6838.81
PTGS1	8	8									15757.3	16410	18681.7	17387.1	21781.4	22455.9	24692.3	25840.3
PTK2	9	9	10750.2	12222.7	12942.7	13819.9	15948.9	13073.6	12698.1	12910.8	9403.86	10641.6	10035.6	9439.12	6806.27	7130.31	8094.96	8873.75
PTK2B	10	10					4006.3	2839.51	3197.55	2065.93	8302.93	5836.38	6119.45	5912.3	5681.89	4494.38	5002.78	6962.77
PTK6	2	2			1140.33	1577.34	1483.81						1106.36	744.451	3452.42			
PTK7	18	18	34594.2	38191	34046.8	37828.1	9885.28	9683.61	9200.38	10238.1			5487.71					
PTMA	5	5	33074.2	19098.6	26585.1	25436.8	77440.7	82866.6	62477.8	46071.3	58129.5	45784.2	36455.9	40832.2	44475.5	36888.7	59200.5	51231.6
PTMS	4	4	148234	137976	137598	156367	174150	167106	169153	132795	53650.2	53893.9	43330.7	49033.5	38839.8	34021.9	43024	40980.5
PTOV1	2	2	821.034	645.009	921.499	632.554	799.372	389.614	529.043	551.239				701.989		206.96	291.666	188.71
PTP4A1	1	1												4337.56	3475.29			5066.46
PTP4A2	1	1			2296.95						4385.27	5650.28	5468.79			5258.58	6386.53	
PTPA	8	8	20653.6	21129.6	26351.7	22818.1	21387.8	29237.4	19650.9	15756.2	37106.2	46440	32875.8	35086.7	23485.3	25835.5	29711.6	24365
PTPMT1	7	7	3439.7	3312.61	1925.08	3259.81	8526.24	8045.46	7554.99	6876.68	6580.22	4995.1	3729.15	6312.74	8248.19	6973.42	8593.39	8719.74
PTPN1	7	7	8004.58	7609.36	10837.2	8643.99	12207.6	9019.5	10322.8	9162.52	12372.6	10077.1	11324.1	10169.6	13090.2	11891.6	15829.4	12733.9
PTPN11	18	18	11379.8	12038.2	12537.2	13810.9	12492.6	10134.4	9798.85	11060.9	10143.2	12587	11302	11552.7	9220.99	10748.5	10947.5	10505.7
PTPN12	18	18	8513.15	9732.87	10024.7	10547.5	9883.63	9842.03	10196.9	9084.37	9673.87	10851.6	9415.75	10609.7	16126.3	15408.8	17412.1	15408.2
PTPN13	8	8	965.355	1417.23	1205.05	1464.56	1661.81	1254.56	767.877	408.985					829.185	1040.97	546.935	774.427
PTPN14	9	9	9415.17	7539.55	9082.25	7921.26	6219.96	5871.03	5907.55	5549.78								
PTPN18	2	2									1189.94	1519.17	1495.03	1153.3	819.762	1429.72	1114.54	1456.33
PTPN2	4	4	5465.83	9176.05	16637.2	10397.3		3584.18		2982.95	25119.9	25240.6	20152.6	26560.7	22354.9	22232.9	24408.2	28199.2
PTPN21	3	3	2715.89	2556.95	2216.5	2799.22		2003.66										
PTPN23	24	24	11118.8	10813.2	11752.6	11538.2	9829.44	9364.58	7424.05	8607.09	12698.4	13848.8	14124.8	14305.4	10054.2	8969.88	8382.08	10177.9
PTPN6	24	24									35897.8	43995.2	35028.5	35954	53270.4	67228.9	71749.4	64197.1
PTPN7	6	6									2864.43	3604.69	3266.09	3087.72	7478.87	7559.46	9347.94	8375.01
PTPN9	10	10	10080.8	10215.6	10251.7	12898.6	8395.77	9200.81	7425.81	9984.17	10166.7	11023.9	10563.9	9980.78	7509.22	10947.7	10520.9	9311.49
PTPRA	5	5	4292.75	2831	3569.7	3511.53	3856.83	3363.46	2803.94	2901.41	4631.35	4286.04	5172.23	5338.03	5136.63	3531.87	5328.45	5397.97
PTPRC	25	25									37080.2	49303.8	42730.6	31077.3	33819.4	52631.7	55201.4	41062
PTPRE	13	13	2861.05	2780.58	2818.04	3081.06	10016	9314.81	7631.06	7539.31	28866.5	33299.2	26980	30469.8	24623.1	18351.4	23468.1	22385.5
PTPRF	3	3	2753.7	3400.15	3128.56	4039.71	2507.33	1486	2747.87									
PTPRG	1	1	1589.9	1722.37	1538.36	1846.89	2681.29	2644.73	2042.15	2178.42	1318.43	1206.87	807.373	999.428	656.971	783.837	881.05	1495.57
PTPRJ	16	16	1248.98	1005.94	1989.12	1721.37	2195.86	764.698	496.222	2216.58	2220.61	2967.57	3033.3	2826.41	2379.68	2540.17	2360.36	2491.71
PTPRK	4	4	2752.89	3758.11	3060.45	3115.38	4939.53	4854.02	4665.22	4980.47								
PTPRO	4	4									3880.02	4225.5	3950.8	3451.46	4059.47	4447.19	4153.26	4783.33
PTPRS	1	1						4751.37	4616.93					2411.96				
PTRH1	2	2	496.766	831.501	815.044	980.867					1471.41	1671.35	968.07	1335.25	1990.23	2097.86	2230.03	1961.18
PTRH2	2	2	13623.8	12873.3	14273	16729.5	7795.71	8708.4	8883.23	8444.89	9180.85	11036.6	10382.5	10875.3	11436.2	12100.8	11480.7	12414.7
PTRHD1	5	5	14559.7	16813.8	19765.8	16935.8	8246.64	8092.55	4865.59	6736.75	19738.2	19988.7	17655.7	21060.5	16229.1	20838.9	19472.1	23855.8
PTX3	5	5	21381.4	19945.2	15915.1	23137.6												
PUDP	1	1	4705.46	4485.53	4698.71	4542.22	5175.4	3637.56	4223.48	3306.22	9822.34	11868.8	11285.9	14567.6	12285.7	10105	10233.6	11379
PUF60	12	12	22408.5	21746.2	26709.6	24837	29653.2	35778.1	27269	27490.7	23844.1	23342.7	23930.2	27086.3	20211.4	24586.4	29811.3	24439.2
PUM1	5	5	5874.41	5503.91	5795.68	6245.28	5275.78	4948.75	5039.42	4772.76	4259.31	3173.6	4114.1	4428.33	3962.31	3994.04	4661.88	4450.16
PUM2	2	2	5760.88	3899.04	4918.16	4566.25	7997.98	5043.43		6342.19	5956.37	5117.06	7279.35	14566.9	6933.39	4257.51	4486.54	5668.25
PUM3	11	11	4038.89	3996.32	4361.01	3795.55	4506.19	3768.39	4133.62	4104.9	3547.36	3521.15	3009.15	3697.82	4065.65	4689.57	4692.53	4313.15
PURA	6	6	8403.25	7816.21	7860.78	7818.99	7565.42	7185.27	7222.67	7648.44	10613.5	10249.7	9548.72	11508.1	10257	8828.64	8704.96	10370
PURB	5	5	5847.36	5398.49	5274.35	4854.67	5140.58	6618.29	6990.81	5874.09	6012.09	5546.45	5731.08	6736.88	6954.12	5801.66	7024.58	5741.03
PUS1	13	13	6242.36	5813.26	6259.52	5687.6	15489.6	16154	13473.6	13015.6	11178.3	9065.07	9104.58	10963.6	15803.6	15146.6	14954.7	14849.8
PUS10	2	2													1652.26	804.06	1510.95	
PUS3	2	2	878.715	948.389	795.706	990.365	1123.81		1026.59		775.89	685.331			539.88	425.112	555.015	
PUS7	9	9	2644.55	2367.78	3019.01	2810.47	3204.34	2850.65	2596.81	2579.44	1593.7	2083.46	1883.9	1585.51	2195.69	1713.25	1758.92	2002.75
PVALB	4	4	1931.73	1724.87	1978.93	637.502					5940.7	2088.68	8006.01	2848.25	889.864		624.532	652.429
PVR	4	4	4524.68	4482	3320.3	4649.56	2221.19	1607.7	1330.84	1217.69	821.465	724.721	845.778	870.344	1035.86	1309.52	1057.3	1358.65
PWP1	6	6	5363.5	5114.52	5988.11	6641.89	3382.95	2973.01	2190.91	2896.78	3532.43	4059.79	3961.13	3457.35	2916.49	4675.28	4685.54	3746.73
PWP2	8	8	5046.08	4498.22	5665.67	5000.86	5856.83	5380.36	5740.18	5292.05	5516.45	5310.15	4823.09	4887.08	5963.73	6874.09	6513.24	6105.14
PWWP2A	1	1		1530.4	1561.49	1090.6		995.74				1360.97	864.194	1627.88	1738.48	1615.2	1797.73	987.238
PXDC1	5	5	3901.7	3801.34	3425.26	4572.76	1645.72	1573.97	1372.5	1438.21	2376.18	2049.09	2558.06	2252.12	2307.12	2116.87	1980.85	1987.86
PXDN	20	20	12208	12528.6	15877.6	15288.8	2236.96	2006.14	1762.41	1746.83	3821.08	1413.83	2749.32			754.549	1359.65	
PXK	3	3	1490.23	1391.81	1644.55	1973.89	1624.79	2288.72	1602.29	1629.3	2282.81	2247.58	2530.78	2269.12	2099.01	2613.17	1932.14	2684.83
PXMP2	4	4	2391.5	2202.46	2031.35	1762.35	2432.28	2036.51	1622.99		6157.04	3853.14	3641.61	4567.02	2567.45	2775.86	2772.49	2910.58
PXMP4	3	3	1330.38	948.217	997.508	782.615	1492.89	2529.95	1438.71	1906.83	3775.88	3495.28	2868.25	3405.84	2583.25	1806.4	2310.72	2086.32
PXN	2	2	2428.03	1715.66	782.512	639.893	3247.5	3595.05	2202.69	1559.11	1714.54	1980.42	1150.54	1103.33	1174.14	630.752	855.078	1322.2
PYCARD	14	14	3869.02	4718.79	6062.75	3237.62	8862.18	9252.6	10456	8944.8	119368	160435	116787	124118	102411	129195	110538	110675
PYCR1	7	7	53524.7	69687.6	86411.6	83733.9	10433.2	9044.35	11966.9	10038.2	608.002		1709.28	858.109	941.936	1091.14	552.602	932.785
PYCR2	5	5	15011.8	11959.7	15882.6	13623.9	15952	14877	14490.1	13779.8	1870.72	2752.81	2066.15	2779.49	2073.8	1661.53	2192.37	2078.21
PYCR3	2	2	6030.35	5714.71	5471.62	7574.09	4673.41	3285.12	2829.39	3926.16	1501.01	1328.39	1834.06	1231.24	1873.5	1935.32	2177.53	2343.58
PYGB	25	25	96334.4	104621	130247	100397	62789.4	64272.1	50732.9	50977.9	37241.7	42144.3	41027.7	37817.7	35299.8	32406.4	38755.6	37487.1
PYGL	30	30	9060.51	7726.1	9975.83	7944.28	14435.9	13421.6	10598.9	10579.4	73878.7	107172	83860	95444.7	15460.3	16125.8	16781.2	16167.6
PYGM	1	1										2412.21						
PYGO2	2	2	3048.73	2605.9	4037.77	3391.84	1985.9	2020.97	1840.96	2087		1377.17	1350.96	931.839	1583.12	1798.78	1530.73	1617.7
PYM1	9	9	14814.7	16588	18211.2	16419	13231.8	13480.5	12625.3	11378.3	20672.2	24006.3	19056.5	23648.1	20043.4	17293.5	19272	18020.2
PYROXD1	1	1	707.265	745.092	744.174	465.317	645.933	543.732	457.046	893.437								
Peptidyl-prolyl	7	7	474711	561077	543775	637321	638768	563787	606581	641678	597622	686854	538606	667319	492510	502998	445415	536988
Peroxiredoxin-1	11	11	101834	127304	140657	128123	69246.7	77939.6	61540.1	61246.9	230153	251103	220363	252019	173309	191565	208210	192167
QARS1	23	23	30366.7	28359.4	32978.2	30100.5	32439.1	28164.8	28828.5	25745.9	38278.6	38379.7	35607.2	38290.6	41975.1	39292	46744.5	42664.9
QDPR	4	4	37949.2	34596.2	30528.9	34724.3	23841.3	23751.2	22509.1	18999.3	44783.9	45323.7	46804.4	48684.4	37013	40504.7	39373.5	36647.4
QKI	11	11	18364.2	19165.5	20229.1	17542.1	14974	12835.3	14341	13240.9	19370.2	21698.6	19194.5	20320.1	21650.6	20161.6	22273.1	19984.7
QNG1	7	7					13335.1	14073.6	10720.4	10923.8	4692.68	3588.55	3240.34	4840.44	3898.83	4050.18	4012.24	3384.53
QPCT	1	1	6011.83		5472.72	2801.41	4108.67		3150.28	2888.83	3210.65	3895.85	4948.31	3785.79	8356.32	2644.62	2142.73	3592.2
QPCTL	3	3	7781.35	6355.83	5958.23	6897.39	4632.37	5365.35	4125.88	3849.98	4620.73	4582.75	3627.85	4239.12	4125.17	2841.61	3569.51	3495.36
QPRT	4	4	5675.31	8518.91	6937.8	9948.57	1999.73	2215.01		2712.33	87529.2	111699	79856	92839.4	11757	17950.9	20588.6	16348.9
QRICH1	6	6	4191.6	3713	3120.06	3847.14	5657.25	5160.08	5624.07	5738.94	3789.06	2911.99	3522.77	4002.84	3722.71	3003.69	2915.98	3686.86
QRSL1	4	4	2415.83	1913.18	1752.59	2359.48		1455.19	1657.83	1460.17	2585.42	2801.44	2454.73	3163.86	2759.52	2385.73	2272.37	2767.06
QSER1	6	6	867.567	766.485	1100.57	947.872	2221.01	1724.56	1666.97	1682.52	964.896	742.211	653.555	889.405		478.806	469.159	527.785
QSOX1	10	10	16345.5	3096.92	5112.35	2927.36	3926.07	1564.48	3124.62	3353.75	3913.67	3597.06	5559.06	6739.16	5825.3	2871.46	2769.59	3797.55
QSOX2	5	5	5616.15	4521.88	5842.27	4840.02	4866.67	4039.57	4605.46	4427.7	3394.78	2604.2	2165.54	2259.49	2393.05	1809.81	1879.05	2168.65
QTMAN	1	1	913.901	865.357	605.935	1030.4					662.96				605.793	582.336	413.197	
QTRT1	5	5	10826	12167.5	10567.1	11318.2	10782.1	8557.83	9160.24	8657.95	10498.5	9692.1	9088.73	12382.9	9023.54	7233.74	7440.59	8436.11
QTRT2	4	4	1847.52	2461.82	2679.82	3526.77	4189.75	3371.23	3726.56	3139.63	3327.2	3619.73	4286.95	4367.95	2727.18	2897.29	3058.02	3314.88
R3HCC1	5	5	3846.82	3287.95	3245.92	3190.34	2939.59	2319.78	2447.27	2434.64	2296.5	1548.27	2138.84	2584.22	2163.47	1618.1	1480.8	2175.73
R3HCC1L	2	2	1674.45	1297.3	1501.69	1308.07	1905.73	1719.72	2024.84	1322.78	1202.87	1123.38	1648.73	1696.11	1335.56	1357.13	1340.06	1350.64
R3HDM1	4	4	2878.2	2567.78	2584.53	3053.47	2941.4	2036.32	3370.23	3076.74		1743.37	1829.7	2127.82	1915.17	1366.69	1823.11	1622.25
R3HDM2	2	2		971.546	1218.67	1367.8		776.048		1104.54		583.4				634.829		
RAB10	12	12	80491.7	69446.1	87457.1	76684.8	52480.9	46666.9	50282.7	45950.4	152407	153165	117406	131440	65544.3	74923.6	73037.8	66615.5
RAB11A	1	1	2331.4	1669.98	4171.64	3549.13		2586.43			3537.19	7548.91	4716.12	4251.46	2495.42	4108.71	4069.12	1878.03
RAB11B	3	3	3723.16	3987.05	5105.62	4378.08	2505.82	3609	4401.4	3589.63	6966.52	8748.85	8302.79	6855.06	6803.26	8391.84	7051.69	6749.05
RAB11FIP1	10	10	2451.72	2266.29	3177.34	2288.21	4520.4	3793.1	3789.44	3428.18	5065.95	4539.71	5340.57	4609.25	2886.48	2495.26	2720.04	2754.32
RAB11FIP5	10	10	4892.83	5250.96	5295.01	4923.03	1927.4	1708.75	1719.31	1564.45	1538.34		2391.62					
RAB12	7	7	8322.64	7414.07	9673.3	7597.02	6372.68	6011.87	7291.38	6029.43	6371.26	7412.44	8905.2	7626.6	6414.78	5608.32	5508.02	6129
RAB13	6	6	23698.2	20001	22993	19996	11819	12132.5	9569.34	11326.9	20766.5	19616.4	22274.1	20046.7	28627.8	25891	36415.3	29914.4
RAB14	11	11	31448	32872.9	30910.5	36295.1	32112.1	34657.1	36126.4	32499.2	58251.1	56375.7	51579.6	54980.7	42403.4	41373.9	49528.4	38731.9
RAB18	6	6	28745.1	35414.8	36678.2	32150.7	21873.7	23901.1	28993	20213	33980.1	38494.5	42717.2	39952.6	17908.2	26846.5	25897	20819.9
RAB1A	2	2	2319.58	3704.65	9837.38	5494.86	1834.26	2334.88			13728.5	23726.4	13744.7	10965	6196.56	15961.6	16558.2	8590.88
RAB1B	1	1	9049.8	4895.07	5555.67	6555.43	7273.8	8204.94	5868.51	4421.07	11715	7015.37	10762.8	10690.9	8956.06	8060.39	8697.09	7473.87
RAB20	5	5									3105.45	2353.23	3410.8	3316.68	2351.99	1869	2241.5	2629.3
RAB21	6	6	3708.55	4940.33	6601.33	5330.63	5414.52	3554.1	6296.89	3647.48	9604.77	12333.6	11537.2	8580.42	5594.81	8555.53	9105.42	6795.12
RAB22A	8	8	4168.94	4385.62	4499.47	3798.5	3249.03	2831.87	2903.7	3473.27	5854.05	5117.34	5491.32	5367.24	4222.05	3689.9	3537.21	3967.7
RAB23	10	10	76037.7	56168.1	61449.4	79204.1	7948.93	5468.67	6714.92	6154.91	4652.08	4632.05	6587.14	5232.79	2976.95	3298.95	3146.77	3361
RAB24	6	6	3340.94	3236.93	3756.87	3981.56	4907.36	3795.77	3432.74	3456.55	4903.01	5821.59	5701.59	5478.52	5052.22	4982.33	4285.08	5133.38
RAB25	2	2			4933.64							2525.13	5108.31	3348.27		2084.55	1696.03	3666.52
RAB27A	4	4	1365.64	2469.31	1557.92	2438.17	8272.22	9890.15	6555.36	7791.82	2410.66	2224.64	2595.05	1684.59	1897.67	2119.09	1982.59	2320.44
RAB28	4	4	1673.37	1597.17	1651.03	1707.64	2850.11	2173.06	2434.84	2018.57	1293.83	1647.8	1454.85	1545.27	1234.89	936.192	1020.14	1264.45
RAB29	3	3	5500.12	4831.73	4613.1	6508.19	4882.48	1378.51	2454.83	2480.3	13352.3	14632.9	9435.4	13038.3	7756.57	6950.78	7558.29	7616.18
RAB2A	4	4	42895.1	39246.4	46320.3	42580.1	23734.1	22251	22888.1	22976.5	32686.8	33238.3	36787.5	38377.5	20119.4	16683.4	18536.3	19201.7
RAB2B	2	2	3647.39	2847.75	3776.41	3087.22	819.579	684.923	500.219	1173.44	2553.66	1843.88	2472.43	2481.34	2116.52	1427.12	2003.59	2050.05
RAB30	3	3	8765.27	8856.49	7505.35	11421.4		2152.86		6090.76	1610.3		1290.67	1432.63			776.747	
RAB31	5	5	4518.53	3876.3	4789.33	3935.12	8795.91	8297.73	7850.57	7191.65	14247.3	17755.4	10790.2	14279.7	14755.2	15467.2	16445.4	16238
RAB32	11	11	48823.8	51266	49683.5	56969.1	39840.5	35654.1	32890.1	31070.6	138795	131688	126191	140267	48096.4	49231.7	46177	54230.5
RAB33A	2	2					5644.6	7078.21	4920.07	4737.73								
RAB33B	2	2	9113.56	9166.04	6356.17	10529.5	4472.37	4265.35	3739.11	3723.05	12075.1	13489.5	8790.95	12974.9	3935.89	3864.19	3544.44	5613.1
RAB34	7	7	14188.4	15227.1	15019.7	15530.8	24177.2	19807.1	27859.4	21128	6537.16	7867.23	7662.52	6966.84	8048.61	8453.1	7560.97	12516.5
RAB35	10	10	11082.4	16365.6	15811.4	16275.2	19202.1	19092.7	19310.9	15865.2	35172.5	38055.7	31963.6	31881.6	22882.2	28182.8	29189.1	27419.6
RAB38	3	3			4447.34		3630.62	4999.14	4806.11	3374.44	14088.9	9777.86	12163	11915.4	1594.26	1130.1	1043.44	1511.09
RAB39A	7	7				401.15					6215.42	7808.76	6544.52	7140.05	3552.48	3715.6	3411.74	3629.16
RAB39B	2	2	1561.05	1494.84	1130.69	1445.43	960.975	902.905	1036.83									
RAB3B	1	1	6517.75	7486.36	9764.78	9811.24												
RAB3D	2	2	28502.4				3220.89	3741.01	2966.44	3704.11	2961.2	2895.46	3351.74	2978.3		675.495		
RAB3GAP1	25	25	12795.2	12880	15195.4	14432.1	8002.85	7728.45	7201.17	6494.29	10535.5	11735.9	11248.8	11673.9	7948.55	9122.56	8740.88	9419.65
RAB3GAP2	29	29	10391.2	10431.5	11748.8	12458.1	7417.33	7131.19	6705.13	5881.18	9873.31	8544.45	8673.1	9307.11	7083.19	7451.86	7899.14	8016.82
RAB3IL1	6	6	1432.11	1492.87	1450.07	1299.22					14811	16630.5	11619.5	14244.2	1770.69	1421.28	1759.82	1868.95
RAB42	3	3				2323.88		1927.1	3849.28	3600.53	21622.6	22778.8	19168.7	19501.5	6627.37	5112.16	5567.99	8472.25
RAB43	3	3	885.661	585.833	1321.06	904.174	2771.87	1589.45	2246.97	1071.35	2812.01	2942.66	3514.55	2764.51	1822.72	1392.76	2230.34	1661.39
RAB4A	4	4	11173.4	12468.4	14232.5	16770.6	8110	8422.03	7706.68	7309.72	14375.8	15874	13991	13737.3	13132.1	10831.6	12064	11556.8
RAB4B	5	5	3920.98	3635.02	4085.99	3051.46		3111.42	3346.02	3260.99	6699.74	6800.23	7148.13	7304.8	5071.25	4661.16	5253.75	5087.18
RAB5A	6	6	35614.8	32738.7	38066	41604.2	28749.7	29042.3	30622.1	25933.1	37912.8	34278.9	36355.9	32532	20186.6	18522.5	21751.2	25149
RAB5B	6	6	17380.7	19251	16991.5	20409.9	15797.7	17306.1	16362.1	16084.7	19108.7	19480.9	15038.6	17276.8	12897.4	13242.1	15240.3	14338.3
RAB5C	6	6	33987.1	36008.2	44069.1	49532.3	26715.4	25349	27054.6	24632	108323	122744	104253	113307	51968	45329.9	58598.8	49785.3
RAB5IF	1	1	22820.1	21026.4	15807.3	19709.9	18911.1	16341.3	18898.8	16251.3	40681.2	30806.2	29711.7	38155.3	43710.1	29955.2	39896.2	47800.4
RAB6B	1	1	5799.17	3721.01		3722.18					3405.57							
RAB7A	10	10	61050.5	54739.7	60309.6	58765.6	71316	67780.2	53510.1	47397.2	434653	353976	365843	384484	144447	126908	149855	132696
RAB7B	6	6	6540.42	5211.31	5798.57	5423.96	1891.71				39480	46743.5	43098.2	43285.8	9566.18	7104.95	8585.84	8198.65
RAB8A	7	7	12383.2	11761.5	13475.2	13212.2	6704.8	6762.95	5319.84	5609.23	15502.1	19432.3	19102.7	16306.8	12033.5	13926.6	15739	13271.7
RAB8B	5	5	6503.75	6254.08	6399.68	7222.27	4515.31	5011.63	5100.75	3385.68	20394	21755	17813.4	19551.5	9435.57	8758.44	9941.73	10279.2
RAB9A	8	8	6335.72	7264.73	7460.9	8068.84	6094.81	4724	6543.05	4209.06	19095.3	18851.3	21114.2	19573.5	10467.7	9017.38	10237.6	9644.83
RABEP1	28	28	7454.98	7222.65	7987.11	7697.72	6749.26	5928.74	5589.45	5516.24	19062	19863.9	18688.9	19528.6	8267.37	7731.86	8183.56	8928.79
RABEP2	11	11	6201.27	6265.48	5852.74	6520.25	4018.2	3092.48	3370.6	3070.88	4435.19	3829.19	4375.87	4464.85	4783.56	3784.3	4055.14	4295.41
RABEPK	1	1	5314.97	5065.94	5258	5710.03	5113.25	3364.95	3817.55	3389.24	1533.05	2511.12	2143.91	1552.72	3090.24	2837.38	2922.3	2807.23
RABGAP1	19	19	9952.13	10442.5	10286.5	10729.1	8259.34	8035.21	7923.51	6558.56	8939.78	8911.96	7941.17	9747.5	7884.32	5853.38	6733.07	7851.63
RABGAP1L	9	9	5787.72	7481.86	7757.1	8313.88	5183.25	4942.73	4437.54	4768.88	3841	3915.66	4237.44	4126.92	3566.64	3338.05	3867.02	3737.16
RABGEF1	7	7	7386.03	6410.27	6194.5	6108.2	3173.68	4365.75	4114.93	3435.15	7384.19	8326.91	7982.99	7630.37	5372.31	5179.54	5217.73	4984.03
RABGGTA	12	12	10685.1	10608.4	9944.68	11891.1	4096.63	3465.01	3125.11	3538.8	14269.4	14271.2	12906.5	14488.3	16051.4	13866.9	15847.1	15820.2
RABGGTB	4	4	16530.4	12101.1	11492.9	11706.3	6814.71	7023.97	4390.88	5327.65	17752.5	14415.6	12578.4	15020.8	19318.1	16552.8	24338.2	20066.2
RABIF	2	2	25336.1	27458.4	23473.9	26950.8	7675.07	10570.3	8946.3	9073.1	19226.4	20433.1	18687.4	20472.7	14220.1	14391.5	16527	16632.5
RABL3	5	5	4115.3	3475.96	4775.98	3870.38	6574.33	4719.44	4755.25	4944.76	2810.41	8854.95	4984.27		5403.06	4273.91	4739.95	5489.23
RABL6	10	10	8623.5	7656.34	7502.5	9101.42	12188.3	13967.7	11025.6	9583.14	11867.7	12404.9	11484.7	12040.6	8693.36	7902.7	9005.63	9469.52
RAC2	2	2						627.238		306.328	54794.2	77301.7	71198.4	49535.5	38692.7	60787.2	72861.6	50623.7
RACGAP1	7	7	4089.13	3153.98	3077.73	4586.58	8813.06	12056.4	7351.52	10298.9	4405.27	4610.78	2603.31	3680.74				
RACK1	7	7	204084	204137	206422	241431	125170	134954	146129	118586	155375	173094	142972	145972	184933	176408	205281	195516
RAD1	1	1			1747.18	1226.56						1632.56	2274.39		1686.94	1109.71	1139.18	
RAD17	1	1											1328.46					
RAD21	12	12	10379.7	6176.48	6837.38	7003.25	12113.4	11094.1	9790.89	11417	11701.6	11011.4	11545.1	13557.4	9607.66	8385.77	9523.25	11446.9
RAD23A	4	4	7813.97	7811.98	7299.51	5754.72	8050.91	8226.46	5651.16	5569.36	14001.1	13117.3	12741.3	14615.3	10364.6	10943.9	13236	12394
RAD23B	7	7	91832.9	86911.1	98439.5	89578.6	64656.9	67184.1	52441.6	51942.5	65551.4	69398.7	48741.2	60141.3	57141.8	51363.1	57162.4	55502.5
RAD50	34	34	8724.74	7025.34	9097.13	7725.22	14469	13168	12294.8	12223.1	10012	9627.03	9575.19	10366.9	11168.9	10040.4	10519.5	11636.1
RAD51C	2	2					1634.08	2069.81	1698.93	2321.05		655.826						
RAD54L2	1	1					2372.91	1316.47	2072.16	1956.05						720.675	684.414	
RAD9A	2	2	2293.38	1233.7	1006.9	797.44	1083.68	918.596	1885.2	1641.28	1269.97	1742.07	1497.59	1181.85	1090.65	1246.91	730.605	969.699
RAE1	5	5	10077.2	10344.9	13551.8	12378.8	11840.6	8245.36	6524.3	5829.21	12092.5	19320	16003.9	12117.2	14264.2	21249.7	18597	15926.7
RAF1	5	5	6716.97	6270.49	7058.37	6900.32	5614.52	4747.43	3999.08	4795.98	4891.93	5743.93	5160.91	6199.06	3638.9	3840.72	4411.15	4167.54
RAI1	5	5	1995.32	2448.63	2541.9	2091.54	4298.89	2868.91	3347.24	3394.9		1718.42		2128.36			1310.28	1416.45
RAI14	27	27	11621	13840.9	13258	14749.3	12535	11352	11087.2	10346.9	1046.49	813.686	2271.34	6131.3	3059.38	1447.71	2352.37	2554.17
RALA	5	5	39799.8	46315.1	66139.9	63935	25127.4	29100	29604.4	29612.9	53306.2	56777.5	47619	41444.2	39920.3	45165.5	44013.6	35007.4
RALB	5	5	12541.3	11045.1	15548.2	17666.6	12254.6	14164.5	12705.9	10701.6	44341.5	42305.4	41337.5	39365	16425.2	12697.3	16670.6	15659.5
RALBP1	3	3	2196.67	998.125	3947.7	1820.3	2977.29	2208.45	1194.89	1581.7	2329.36	2844.14	1089.26	5190.13	2144.94	2038.02	1828.15	1917.85
RALGAPA1	2	2	1121.88	924.232	1159.23	1469.58					1103.73	1110.21	1382.48	1497.96	1556.67	1123	1214.22	1362.06
RALGAPA2	11	11	998.586	1067.48	2546.29	1574.18	2602.94	1914.2	2150.87	2023.05	4439.17	4573.8	4084.54	5443.08	3717.79	2794.73	2792.32	3284.21
RALGAPB	7	7	1203.59	1664.03	1609.2	1592.2	1033.83	957.099	917.237	1180.18	1932.42	2833.83	2356.9	2314.95	1703.53	1669.77	1703.07	1716.3
RALGPS2	1	1	1263.35	1430.37	1347.24	1671.25	896.287	1676.95	1130.15	733.845								
RALY	13	13	54809.1	51718.5	55077	59490.4	64121.7	83537.5	70610.5	69951.5	70440.1	67518.3	60092.9	74165.9	60365.1	69173.2	68242.8	60820.3
RALYL	1	1	130.877	606.868				450.296	1732.27	1918.17	275.767		162.831	590.77		215.766	202.645	
RAN	11	11	215924	250235	397219	284683	99160.1	175957	209259	133133	453027	651649	564584	342812	492587	936879	749507	603712
RANBP1	3	3	29268	54302.3	67635.1	75365.3	46582.3	64269.9	84523.1	103894	23920.1	74071.4	37638.2	32609.5	40870.5	52918.2	45805.7	35956
RANBP10	3	3	748.864	1103.24	1278.44	1012.8	712.093	738.654			1712.89	1519.51	2086.87	2689.34	1368.63	1436.78	1456.37	1326.93
RANBP17	1	1	738.884	838.799	769.957	797.362												
RANBP2	36	36	6862.66	5958.23	6809.66	6590.19	8298.21	8368.43	8363.3	7652.92	7533.04	7601.84	7428.58	8116.94	7743.32	7324.42	8063.51	8438.3
RANBP3	8	8	14267.1	11459.9	12570	13459	14818.2	15635.5	14985.2	13579.1	11925.9	11068.5	11002	10723.2	10991.5	10717.7	12722.4	10654.3
RANBP6	6	6	3443.12	3171.45	4046.74	3772.66		1654.01				2743.54			1432.38	1650.06	1771.45	2644.85
RANBP9	5	5	6748.76	7142.22	5006.77	6423.39	5573.18	5399.78	5088.75	5049.82	4384.03	4474.15	4262.09	4455.8	3396.71	3511.61	3871.79	4330.73
RANGAP1	14	14	21843.7	20741.2	22333.1	24448.9	32280	28053.5	27894.9	28372.8	19955.6	22568	19670.8	23724.9	18440.1	20600.3	19021.2	20110.6
RANGRF	3	3	1291.31	1537.96	2018.79	2429.26	1989.74	3041.2	1844.77	2224.08	2423.1	3047.14	2242.07		1633.23	1427.01	1568.61	1342.15
RAP1GAP2	2	2					1993.66				2326.36	3202.64	1932.79	3221.93	2425.69	1123.21	1232.92	2127.48
RAP1GDS1	16	16	15298.4	16872.6	16242.7	17733.9	9223.73	8472.89	8637.49	8545.7	12463.9	11600.6	10767.8	12270.3	11987.1	11507.8	13733	13185.2
RAP2A	3	3	1084.24	620.003	945.229	806.983	1053.17	557.827	399.786	651.551	8288.88	6715.33	8233.96	8207.59	3595.44	3309.95	3515.6	4422.69
RAP2B	6	6	3736.21	3616.56	4446.04	3903.94	2565.86	2907.67	2549.72	2592.76	39143.8	32031.1	32925.1	33635.5	10424.8	7960.12	11385.6	10009.9
RAP2C	2	2		1938.81			3966.63	2453.73		1789.2	5430.28	3045.05	2024.33	4904.45	4511.07		2762.04	2863.93
RAPGEF1	11	11	2239.63	1935.77	1590.29	2081.52	2936.29	3387.64	3891.22	2720.82	4346.62	4254.71	3798.43	3827.49	4503.97	3957.62	4751.02	4060.31
RAPGEF2	6	6	3203.76	2818.74	2826.09	2701.35	2183.1	2277.93	2445.47	1899.82		746.283						448.575
RAPGEF6	4	4			1632.74	1514.39	2933.86	2316.39	1875.28	2228.27	2114.75	3318.89	3241.21		2347.41	1961.87	2048.84	1850.46
RAPH1	7	7	11200.1	10880.3	8602.3	11905.8	6375.02	7075.45	5714.2	6532.36	7635.18	8600.7	7276.23	8672.89	4381.67	5113.67	4661.21	4759.2
RARRES1	1	1	2800.12															
RARS1	31	31	42555.9	51164.1	60616.8	56483.5	26947	27994.3	24114.6	24239.9	34570.8	35835.4	37540.1	35378.9	39252.3	37371.6	41193.8	42375.5
RARS2	16	16	4603.96	5006.63	5713.73	5035.89	5241.67	4489.79	4630.07	3991.26	3960.87	3906.92	3607.43	3791.11	4778.01	3993.81	4199.92	4128.15
RASA1	23	23	10080.3	9888.03	11063.6	11911.4	7290.78	5919.61	5517.91	5446.18	31357	39693.6	31530.7	30922.1	17722.6	18900.7	22717.9	19818.2
RASA2	4	4	1266.09	1170.66	1082.16	1054.03	2149.98	1962.53	1233.99	1106.26	2094.7	1291.26	1535.25	1670.58	1596.77	1120.39	1503.88	1640.49
RASA3	11	11	3971.33	4416.82	3914.73	5230.24	3851.97	2762.14	2551.26	2423.72	7419.6	8045.1	6352.66	6872.45	4984.22	5074.07	5206.74	5699.36
RASAL1	6	6									2640.98	2406.27	3030.44	3172.38	1863.45	1297.41	970.352	1022.34
RASAL2	8	8	2065.64	2075.3	2441.69	2460.96	2257.4	1931.33	2380.31	1893.85	2166.89	2380.99	2315.23	2539.68	2780.55	2631.21	2586.89	2516.89
RASAL3	18	18									11918.9	13465.6	11867.3	14263.1	13836.8	15246	13298.1	14279.7
RASSF2	6	6				562.202	334.529	651.975			4632.38	8536.68	6415.66	5141.52	3295.27	5639.31	4613.75	4087.83
RASSF4	5	5					2065.75	2582.19	2620	1855.32	3848.22	3969.52	3021.61	4026.17	3992.25	4036.88	3951.97	4147.96
RASSF5	7	7									3050.7	3192.69	2840.22	2266.41	4608.2	4612.7	5510.7	5478.57
RASSF8	2	2	654.099	815.769	1032.41	876.631	1188.68	1036.83	1158.64	1213.02		374.888	590.294				307.365	
RAVER1	5	5	5943.43	4752.14	6567.07	6713.77	7635.3	6248.23	8152.03	6041.65	5293.12	5382.7	6073.73	6439.8	6737.86	5046.66	6177.76	6440.43
RAVER2	1	1	1475	1353.71	1603.02	1119.81	1591.85	2136.81	1988.15	1886.23		822.686						
RB1	13	13	2443.45	2075.43	2601.83	2485.67	7001.7	6619.31	6397.94	5770.03	4402.92	4537.06	4000.09	4956.83	2591.23	2904.89	2690.04	3097.92
RB1CC1	13	13	3160.14	3089.6	3683.2	3738.57	2936.88	2547.2	2843.35	2519.06	6015.17	2856.97	4176.46	4174.46	3259.42	2552.48	2673.62	6386.75
RBBP4	3	3	13694.2	11727.8	14631	15998.8	27397.6	24973.7	20194.7	19795	14104.1	17349.1	11499	13034	13459.9	16223.9	17158	14421
RBBP5	5	5	4120.7	4202.38	3966.74	4276.41	4331.01	4827.87	4852.99	4393.27	4380.21	4284.62	4125.85	3767.97	3692.67	3796.06	3490.35	3020.91
RBBP6	12	12	4564.88	3852.21	4614.83	4472.71	5679.36	5701.31	5438.02	4827.75	4529.23	3169.79	3675.48	4606.76	3484.62	3122.7	3240.8	3999.46
RBBP7	4	4	4847.29	4171.02	8466.86	5847.17	11056.4	8396.13	8317.84	10785.6	6491.53	6508.92	7368.72	5121.06	4252.24	5543.77	4231.79	5118.09
RBBP9	2	2	890.47	1239.85	1118.38	1581.81		435.421	521.916	807.039		1271.56	826.443	665.68	1260.1	1340.4	734.743	831.695
RBCK1	9	9	4688.38	4063.04	5183.92	5296.54	3304.12	2308.45	1980.05	2306.74	4320.8	3156.81	4031.17	3260.78	3478.92	2837.26	2345.99	2560.28
RBIS	2	2	2171.76	2840.32		2254.34	3364.62	2949.31	2870.6	2909.4		2664.26				2526.55	2006.91	
RBM10	15	15	6802.61	6703.01	7120.64	8529.02	10331	9342.45	8720.32	7686.14	5700.9	6319.17	5111.3	6504.8	5770.75	5440.1	5763.16	6289.52
RBM12	13	13	9324.88	8290.03	7925.73	8429.29	12184.1	12588.3	11611.6	11606.4	7532.05	7266.22	7048.52	7575.95	8039.07	7437.25	7807.22	7655.17
RBM12B	11	11	7260.19	5591.6	5557.44	6420.69	10237.5	8708.54	7364.8	7207.22	3847.92	4102.68	4647.57	4729.35	4692.79	4541	4544.92	5102.51
RBM14	19	19	9457.2	8660.55	12827.9	9958.81	15947.6	12096.8	12984.7	13204.2	11807.9	17014.9	14676.2	10947.2	12691.4	16456.1	17544	14214.7
RBM15	20	20	6193.21	6016.11	6168.33	6395.12	7864.01	8340.37	7798.97	6830	6480.96	7027.84	5928.58	7172.92	6022.78	5810.92	5928.58	6701.34
RBM15B	5	5	3085.09	3206.82	3638.53	2969.17	2500.54	3045.03	2749.14	2932.81	2493.68	1512.45	2377.22	2706.46	2080.39	1644.7	1872.54	2191.63
RBM17	11	11	11904	9577.12	10269.8	10022.4	12479.3	12511.9	12179	10700.1	10519.2	10391.1	9084.7	10653.5	10322.6	9738.17	10099.5	11026.2
RBM19	8	8	2877.72	2533.05	2615.57	2810.5	3279.79	2536.19	2999.7	2788.5	2700.79	2541.82	2785.72	2977.59	2962.71	2662.97	2823.76	2346.61
RBM22	3	3			2800.54		6695.19	6938.71	5836.7	6565.19	3717.25	3962.8	4742.03	3305.66	5053.82	4423.87	4696.08	4022.46
RBM25	20	20	11263.4	11286.3	15350	13465.8	13567.6	11387.3	11862.4	10731.6	14605.7	16349.1	13098.1	13081.7	16751.3	14036.1	13881.4	15101.8
RBM26	18	18	3059.01	2518.34	3070.07	3051.2	4383.34	3936.58	3736.06	3563.35	3499.1	3020.58	3171.84	3415.63	3556	2989.65	3428.67	3431.01
RBM27	18	18	6190.22	5081.78	5987.11	5648.93	5747.05	5202.34	5018.51	4556.6	6471.69	5981.28	6507.35	6823.71	6915.23	6041.8	7141.78	7289.7
RBM28	16	16	5656.84	5470.51	5926.74	6201.87	5948.32	5727.38	5804.57	5196.57	5286.81	5040.26	5056.39	5109.17	4907.7	4533.49	4725.01	5202.11
RBM3	3	3	25474.5	19762.6	20178.4	26273.7	11166.9	14618.9	9589.37	6566.43	10641	9879.68	7884.71	8045.03	12328.5	18862.6	18246.7	13247.7
RBM33	3	3	3984.36	3186.68	3989.74	3331.61	3037.35	3001.92	3493.76	3579.38	3264.68	2995.35	3684.41	3570.86	4000.06	2090.86	2641.35	3789.73
RBM34	9	9	5373.06	4999.61	5499.34	4458.43	3867.83	3191.16	3565.1	2994.14	4094.35	3344.4	3139.83	3875.55	3918.46	2714.67	3628.81	3403.82
RBM38	1	1	663.513	1071.99	1050	715.417	1230.19	1124.05	1344.73	1335.07	1641.52	1908.04	1191.06	1174.22	1369.59	1670.23	2495.67	1541.77
RBM39	10	10	30772.5	31331.6	28901.7	28485.1	37397.4	35506.8	33061.2	32191.6	27244.7	25881.3	22892.8	27646.2	26372.1	28969.3	26734.6	25875.3
RBM42	5	5	8821.87	8149.63	8422.65	9364.88	5559.2	5577.81	5835.76	4875.48	7146.76	7172	7084.66	5678.6	9099.85	7965.66	7664.92	7550.01
RBM45	4	4	1410.81	1619.69	1891.16	1594.25	922.048	1006.41	1312.85	1070.29	1527.87	1536.78	1296.07	1910.37	1564.7	1424.76	1843.89	1442.34
RBM47	9	9					4787.33		3222.46		6481.37	7661.44	7636.99	6812.43	6360.37	6522.92	7339.15	6878.07
RBM5	5	5	5347.03	5201.01	5080.63	5699.37	7664.08	7357.59	7337.08	6908.08	7359.77	5095.44	6252.63	7812.52	6400.37	4869.11	5871.91	6988.41
RBM6	7	7	2832.27	2762.34		2711.5	6591.44	5967.55	6112.97	5764.32	4300.34	3487.45	2976.45	4445.44	3855.44	3710.1	3919.2	4230.31
RBM7	3	3	3140.53	3219.89	3148.91	3101.53	3319.96	3266.79	3032.16	2561.96	3294.75	3062.42	3968.54	4214.79	3826.25	3539.05	3579.51	3812.23
RBM8A	6	6	10983.4	13030.5	14069.1	11817.3	12342	12320.1	9292.81	8617.39	16737.5	17972.4	16730.7	15917.3	15713	15080.4	18396.9	18587.8
RBMS2	2	2	6414.7	8209.31	13486	9755.71	1350.82	1695.45	1897.76	1466.98	265.818	332.5		233.064	292.841	680.323	634.876	478.585
RBMS3	1	1	3416.79	3867.77	5805.27	5297.17												
RBMX	5	5	46532.3	54136	45086.1	64002.5	63373.9	71157	76339.2	69721.9	37608.7	51700.1	28982	41719.9	40982.3	51076.1	47854.4	41428.5
RBMX2	5	5	18001.5	11876.2		12016.4	32289.4	21009.5	30018.6	26456.2	23085	48580.1	39770.7	55391.2	9571.99	20501.6	15709.7	20294.1
RBMXL1	5	5	2621.51	1488.47	3621.24	2592.51	5258.17	5555.58	4915.31	5165.37	3177.89	3079.8	2988.92	2492.68	3043.57	3486.09	3519.44	2475.5
RBP1	6	6	8161.18	8322.18	9147.61	7011.01	240862	318740	192450	210939				9026.37	4371.41			
RBP7	3	3									6413.43	4224.96	4101.37	4406	1582.67	1645.07	1670.2	1288.96
RBPJ	6	6	4503.34	4298.46	6475.52	4970.07	3885.93	3899.21	4843.96	3941.55	6453.03	8046.42	6511.86	7621.06	6190.31	7619.25	6428.66	6111.58
RBPMS	6	6	15026.5	10886.5	9384.48	12583.9	18464.4	15844	14660.4	14195			2369.72					
RBPMS2	3	3		1032.02	568.296	561.573	5059.7	2951.63	4386.66	3819.18								
RBSN	4	4	3812.91	3744.15	4238.19	2992.42	2819.03	2873.07	3412.85	2980.35	2956.81	3474.36	4591.57	3901.81	2083.93	2003.05	1884.37	2887.78
RC3H1	1	1	1440.46	1503.23	1105.16	1583.56	964.088	1051.24	922.565	926.402	915.536	882.029	908.333	863.552	1093.79	766.779	1079.43	771.729
RC3H2	2	2	988.947	1177.33	880.078	1175.51	1010.31	1259.05		1206.39								
RCAN1	1	1	5926.29	8459.69	4479.68	7637.15					3581.67	3028.97	3246.9	3489.77		1955.03	2014.65	2489.53
RCC1	6	6	31544.6	26186.1	42575.2	32041.3	37498.1	48011.6	33404.2	29644.6	28686.1	37691.1	23677.3	30102.9	37938.6	51156.8	39538.1	40236.4
RCC1L	3	3			1299.52			1078.74			2355.58	2874.63	2288.37	2150.77	2531.41	2660.24	2804.25	2088.08
RCC2	9	9	25037.1	25649.2	30755	28193.4	58416.9	55007.6	49688.7	43606.5	62396.4	65381.9	48641.2	52587	68641.2	78382.9	74391.5	77311.6
RCCD1	1	1	659.498	658.587		635.799	415.007	431.663	378.83	396.449	622.309	437.64	723.624				220.828	
RCL1	7	7	4352.29	4741.6	5132.99	5478.1	5110.51	4681.89	5142.84	4032.26	4246.09	4337.42	3885.06	3945.86	4512.9	4823.77	5198.69	4954.44
RCN1	15	15	125830	131364	145517	132017	79119	69683.5	54519.6	55481.8	24828.4	24603.4	28880.9	24279.4	31072.7	23697.8	32489	34154.7
RCN2	9	9	14515.5	17943.5	31378.8	19381.3	9545.66	9268.38	15587.5	8767.19	11799	18131.1	15293.3	14724.3	13362.4	18403.7	22146.5	18789.5
RCN3	5	5	40013	37114.9	46703.4	44541.5		839.486	856.819	1149.73	4858.69	5074.53	4023.97	5643.32			1001.46	
RCOR1	3	3	2391.5	2557.57	2266.64	2746.65	3815.64	4291.25	4061.55	3401.65	3568.43	4130.43	3514.13	3926.75	3329.38	4436.93	4269.89	4302.5
RCOR3	4	4	2839.56	2079.28	2144.33	1857.74	3526.74	2985.96	2168.52	2007.43	3544.11	1392.95	1060.23	2015.64	1780.12	1304.22	1309.74	2403.28
RCSD1	14	14									10841.2	9683.23	9747.77	11668.6	8156.93	6306.05	6972.81	8587.89
RDH10	2	2	2787.55	1900.8	2635.41	2749.11	2859.13	2633.59	2870.79	4095.53	7235.3	7797.78	8310.65	7022.35	6362.47	6933.72	7655.76	6248.14
RDH11	8	8	42885.9	42224.9	47438.1	44147.8	23418.5	19278.2	18033.8	19463.2	41990.8	45098.3	38938.9	41578.7	42939.7	42735.4	43911.3	50254.5
RDH13	13	13	4896.03	4359.07	4561.33	5478.81	3179.73	2750.95	3371.09	3437.75	7516.3	8711.74	7185.99	8427.13	9045.25	7575.16	8000.4	8357.72
RDH14	7	7	8570.12	7796.5	8658.94	8648.57	6567.55	5257.52	5969.8	4731.58	10698.2	9342.33	8734.55	10427.8	9321.65	6422.04	7521.13	8214.42
RDX	22	22	37092.2	39314.6	41295.7	40447.7	53965.8	50829.9	48013.6	49097.3	27568.4	25620.8	24228	22386.2	16507.3	18631.7	18359.9	19770.1
RECK	3	3	4378.61	5515.84	4559.44	6956.63						273.476	608.764			390.511		499.313
RECQL	15	15	28926.8	24190.9	28776.5	25744.9	20855.7	20716.2	21422.7	20812.1	22525.2	26204.4	22565.4	25172.6	28901.7	25130.7	28299.5	28845.2
RECQL4	2	2					804.627	741.716	865.889	765.077	768.974	737.225						
RECQL5	3	3	857.434	647.365	855.995	1110.03	1322.7	1286.06	933.866	1001.31	1055.42	988.394	1488.11		1001.21	1146.49	1102.91	1266.41
REEP3	2	2	881.287	1004.82	741.393	895.892		784.021	1050.82	1144.8	530.397	989.785				615.263	1254.81	718.058
REEP4	2	2	1469.4	1748.63	1650.26	1804.09	3243.19	2125.05	2630.59	2767.32	1611.7	3216.84	2443.86	2164.32	1823.28	1915.07	1982.85	2704.56
REEP5	5	5	27756.5	32021.6	30293.9	45888.2	21580	21826.8	24391.3	18454.1	34946.8	37611.9	32812.9	33764.6	29258.4	25365.3	30388.7	34791.5
REEP6	2	2	2226.03	2118.45	1939.45	1840.04		1541.55		1492.76	2272.73	1446.49	1947.53		1755.47	1529.49	1029.39	2093.52
REL	10	10	2386.8	2176.15	2403.86	2425.17	2262.6	1917.95	2799.45	1956.05	4920.88	5279.87	5210.88	5486.73	9257.2	7091.2	8731.53	8432.28
RELA	10	10	9380.91	8364.28	7548.3	7379.22	9687.11	9932.7	9498.33	7958.28	8869.49	8468.09	8320.71	8117.92	8345.39	8084.94	7635.87	8146.04
RELB	5	5	1637.93	1549.22	1909.09	1575.58		865.087	579.115	963.015	1446.68	1740.78	1333.33	1625.75	1503.93	1324.29	1596.8	1328.35
RELCH	18	18	7102.41	7330.04	7101.53	7888.62	3726.84	3024.15	3538.28	2650.1	6002.62	5739.96	5428.14	5022.99	5195.9	3522.55	4133.26	4454.78
RELL1	1	1	2142.3	1959	2175.95	1949.71						2526.05						
RENBP	6	6									62873.2	68331.4	58477.1	52534.2	17072.5	18601.6	22212.3	19052.6
REPIN1	3	3	699.004	519.93		546.138	1759.9	1742.39	1811.24	1576.34	1425.68	1216.86	1039.86	815.866	1080.6	1621.05	1188.5	1104.53
REPS1	11	11	6196.92	6185.73	6681.2	6741.73	5490.82	5176.64	5245.2	5172.39	5711.8	6065.62	5639.57	5833.55	5108.18	4498.81	5078.54	4612.62
REPS2	2	2							608.909	444.971	920.114	1391.33	901.086	1024.94	1039.6	480.962	383.041	584.975
RER1	5	5	16590.6	20584.6	26651.3	20645.7	16118.3	12066.3	13503	11867.3	20002.8	24664.5	20313.3	20645.1	15270	20274.9	20868.9	17030.6
RETN	1	1	910.345	1213.19	3381.59					1419.1	1405.25	1696.13	2856.35	3423.07		2085.78	1417.47	1434.25
RETREG2	1	1		164.866	264.579	223.835						239.571						138.967
RETREG3	3	3	5762.75	4495.94	4611.6	4795.8	2790.33	2410.1	1849.05	1823.44	6106.57	3895.77	4560.35	4319.23	4563.95	3513.95	4023.33	4196.29
RETSAT	11	11	5362.76	4888.89	5052.89	4939.39	3602.02	2879.37	3491.93	2884.81	8151.17	9636.74	9346.14	8345.64	5409.96	5912.79	5562.8	5251.71
REXO2	6	6	9796.69	12757.5	8998.67	12912.3	10256.8	8519.8	7169.02	7047.25	3778.56	3584.48	3519.28	3252.04	6528.11	3205.22	2588.59	2642.87
REXO4	3	3	670.301	555.376	1050.88	961.338	1746.26	1351.76	1216.73	1682.88	1014.87	680.244	987.592	971.45	1073.02	935.982	1039.11	1276.03
RFC1	9	9	2840.89	2311.44	3000.02	2796.4	7368.97	6930.85	6975.38	5435.86	2754.79	2488.21	2505.88	2894.64	1294.02	1458.47	1501.31	1984.67
RFC2	4	4	6494	4672.05	5941.21	6464.93	11451	10228.6	10424.2	9108.51	7039.28	5311.2	5787.74	6421.21	4408.52	3686.25	3607.25	4835.55
RFC3	6	6	5232.35	4285.8	5015.65	5186.18	8201.84	8600.83	8283.12	8650.9	6730.77	6472.01	5747.19	7479.72	3925.04	3677.73	3429.75	4134.4
RFC4	12	12	5280.15	4732.46	5463.96	6100.79	15115.8	15792.3	14524.4	13164.6	7668.68	7851.71	5930.13	6680.3	4741.17	4641.61	5311.21	5012.39
RFC5	6	6	2808.95	2036.55	2884.9	2835.36	7611.49	6022.64	6760.91	5498.65	2875.43	3598.18	2275.75	3947.59	2342.43	1766.15	1670.61	2147.76
RFFL	1	1					1313.56	1583.93	1318.14	1266.79			1049.01	1701.21	1356.65	845.787	946.001	
RFK	5	5	2130.64	2190.73	2147.83	1840.96	4063.96	2438.74	4366.99	3446.42	1892.03	2191.75	1894.87	3816.83	2287.97	2012.92	1716.87	3029.16
RFLNB	3	3	1364.16				7476.47	7164.17	5844.54	6761	2466.34	2491.39		1773.67	3130.43		1885.71	2083.97
RFT1	5	5	10929.8	12953.6	10912.4	14618.3	17711.1	13962.8	15890.4	17839.4	11229.4	11339.2	10505.6	11004.8	11907.8	11455	13304.7	11191.6
RFTN1	11	11	9258.64	8407.27	8727.21	9388.71					9008.7	7839.28	8715.82	8312.48	6107.33	5003.64	6272.88	6731.15
RFTN2	1	1	1351.35	2280.68	2047.26	2129.03												
RFX1	7	7	2807.57	2614.72	3242.43	3332.64	3534.09	3118.53	3255.39	3211.66	2977.98	3267.98	2868.28	2592.68	2870.32	3223	3606.67	2856.37
RFX2	1	1	429.618															
RFX5	5	5	2420.66	1489.79	1775.03	1782.19	3295.46	2695.94	3034.76	2719.45	1963.79	1664.78	2003.51	2303.84	2102.6	2034.09	1389.74	1817.44
RFXANK	1	1		192.293		342.566						252.095	330.981	309.471	177.667	324.731	301.434	269.641
RFXAP	2	2	4506.85	2057.33	2263.14	3830.11	3545.35	3786.78	3503.37	3363.74	4466.67	2933.38	4181.59	2535.81		4260.64	3234.98	3352.98
RGCC	3	3		1191.44							6343.29	9375.85	5044.32	6933.49	8145.69	7632.45	8379.91	9222.99
RGL1	1	1									1579.02	908.159	1840.09	1232.68				
RGL2	5	5	3231.03	2725.83	2897.18	4443.36	3976.8	3119.72	3252.69	4431.9	4473.66	5411.77	3514.34	3550.1	4112.52	2621.47	2431.88	3025.25
RGP1	3	3	4510.99	4646.41	4807.67	5565.91	2882.75	2602.24	3844.47	2801.07	4126.84	2758.8	2692.83	5150.33	3568.33	2797.02	2911.35	4148.94
RGPD5	1	1	417.267		485.419	339.591												203.799
RGS10	6	6	6094.09	5228.73	4653.94	5405.91	2843.42	2859.08	2508.45	2064.67	24159.9	22942.1	19078.7	22758.6	18371.1	16205.9	17492.1	19078.7
RGS12	9	9	3826.08	3829.03	3465.37	3679.03	3256.66	2538.33	2740.96	2272.05	2427.54	3333.88	2440.33	2969.91	6329.53	5467.64	5672.68	5572.89
RGS14	3	3					2443.65	1832.99	2758.8	1915.76	2258.86	2236.15	3228.2	3404.97	2068.95	1601.61	1477.85	2034.15
RGS19	3	3				2348.61					3307.96	3981.72	3815.55	2975.29	3688.6	4574.17	3880.87	4996.46
RHAG	1	1												5241.57				
RHBDD2	2	2	3134.11	3015.4	3383.3	3089.85	6554.02	6671.47	6133.12	5106.71	3772.26	3373.74	3863.92	3555.01	4857.89	6289.81	6205.49	6228.24
RHBDF2	4	4	1741.89	1936.99	2850.76	3638.72	2015.98	2637.68	2308.27	2053.21	7758.67	8495.55	6702.75	8519.13	4531.48	4502.97	4713.47	4280.88
RHEB	5	5	5568.46	12256.1	7125.56	18989	30449	36085.6	27935.2	27004.8	18940.2	23286.8	10257.6	17302.2	9015.27	10026.8	12849.9	9014.08
RHOA	1	1	7686.87	4300.94		2563.12	7377.93	5613.68	4038.82	2608.57	6833.75	3313.12	5080.91	7122.72	4356.03	2043.81	3969.77	5714.39
RHOB	2	2	3489.73	3829.61	2339.04	4663								2432.6				
RHOF	3	3									1519.88	2839.57	2317.92	1518.71	1444.74	1754.11	1860.35	1838
RHOG	7	7	12977.4	14603.8	12429.1	15861.2	12025.1	12827.9	11555.6	10625	52883.8	53606.2	43316.9	54269	33540.4	37794.6	36833.1	33446.2
RHOJ	1	1	1585.5	1907.15	2891.3	2366.04												
RHOT1	8	8	9599.23	9251.2	9162.03	8616.07	9111.34	7575.73	7022.35	7908.85	13494.6	11245.2	11903.7	10455	11788.5	10332.6	10765.7	11357.7
RHOT2	8	8	12246.2	11770.1	12343.6	10922.4	13153.8	13816.4	11951.7	12787.7	12479.7	10939.7	11415.2	13082.1	12957.4	12829.1	13912.9	13652.9
RIC1	6	6	2965.36	3214.95	2953.92	3597.31	964.299	712.119		705.183	1521.75	1855.58	1424.93	1634.28	1598.35	1512.52	1505.36	1625.88
RIC8A	12	12	16727.6	17324.2	16032.8	18927	15874.4	17596.1	10482.3	11253	12150.5	10463.5	10208.8	10366.5	6889.19	7482.11	8601.33	8924.95
RICTOR	12	12	2704.79	1886.01	2406.73	2275.12	2418.69	2313.64	2096.97	2192.63	1922.29	1817.65	1709.71	2216.81	1618.01	1932.54	1865.95	1797.04
RIDA	3	3	2829.68	2841.9	3337.51	3094.76	4124.12	3263.48	3132.65	3530.16	5085.31	3096.52	3904.08	4718.12	2719.04	3651.79	4174.07	3957.48
RIF1	23	23	2790.01	2019.02	3315.2	2607.1	5828.67	6176.61	6344.26	6053.5	2551.68	2272.82	2252.57	3514.44	1558.91	1499.53	1669.45	2116.28
RIGI	20	20	6669.01	6840.76	7473.42	7635.27	5661.84	2278.24	2190.15	1730.48	7784.23	8104.45	8647.92	8999.82	7111.11	6379.65	5723.67	8089.26
RILP	2	2									1578.78	1531.91	1596.13	1974.72	1370.54	892.555	923.917	1370.18
RILPL1	12	12	3534.81	4091.64	3279.02	4842.31	4048.58	4096.52	3866.02	3319.38	2223.21	2136.54	2341.25	2244.08	1555.96	1175.06	1510.06	1452.77
RILPL2	3	3					1462.74	1205.61	1458.71	1282.13	2768.81	2282.47	1883.04	3219.16	1812.36	2189.41	1040.56	2209.6
RIMOC1	5	5	3317.64	3229.87	2979.48	3161.07	2866.84	2969.08	2598.77	1970.9	4045.05	3533.36	3474.25	3572.48	2426.71	2401.14	2535.47	2967.33
RIN1	4	4	3231.83	4365.07	4109.09	3873.16	3938.03	3416.89	2824.35	2602.72	1284.77	1428.01	1693.81	1350.74	1758.94	1775.51	1590.64	1990.58
RIN3	5	5	607.415	1199.05		1405.94					3212.55	2358.63	2872.86	3077.61	1764.24	2737.85	2459.03	2290.88
RING1	1	1	1195.28	877.499		1065.83		564.238	1135.34							1295.13	1106.61	549.895
RINL	2	2									1359.8	935.912			1545.91	819.35	862.333	865.589
RINT1	6	6	9688.69	8529.65	10107.7	9049.66	2937.93	2523.29	2727.26	2522.18	4926.7	4446.37	4042.59	4854.74	3862.65	3888.21	3909.96	4172.23
RIOK1	2	2	1632.77	1221.34	1578.39	1459.39	1075.82	998.357	839.89	582.065		1209.81	1060.43	1208.82	1475.81	1597.07	1788.65	1662.88
RIOK2	5	5	3499.36	2381.88	2336.64	2746.09	2458.8	2214.32	1713.62	1325.96	1985.34	1505.54	1756.44	1696.38	1400.34	1304.35	1582.55	1932.74
RIOX1	8	8	2967.2	2697.93	1692.36	2554.66	2252.71	1648.04	2698.98	2245.51	3593.93	2132.89	2569.92	4089.72	3494.77	2701.46	3461.24	3195.51
RIOX2	1	1	803.202	659.34		1015.06	1436.21	1676.09	1302.05	1093.52	657.623	787.23	1071.12		1253.08	659.494	1023.31	763.424
RIPK1	12	12	6695.52	6751.46	6851.77	7066.03	6073.74	6142.41	5992.3	6133.47	8103.4	8121.75	8064.76	8013.14	5836.07	6253.05	6067.15	6484.24
RIPK2	7	7	10023.3	9330.21	8769.7	10247.3	9412.56	5057.89	8267.44	5495.84	8384.51	7644.31	7050.53	8022.69	7850.76	7428.1	7133.75	7829.66
RIPK3	6	6									8878.66	9729.1	8026.85	8720.25	9204.03	9006.78	9632.7	9058.27
RIPOR1	13	13	7479.37	6333.91	6858.67	7953.3	9516.5	7881.45	8734.31	7735.44	7262.81	6750.72	8095.59	7201.38	6435.02	5106.72	5701	6204.21
RIT1	3	3	978.988	796.234	755.292	717.77	1692.99	1756.5	1708.6	1567.74	907.215	1024.44	1281.2			955.961	951.116	1156.39
RLIG1	1	1		1408.71	1115.95	2082.57												
RLIM	2	2		1369.51	1684.59	1437.99	1836.46	873.012	1823.93	1555.03						1604.42		
RMC1	12	12	3849.2	4178.75	3679.79	4052.48	2986.51	2906.3	3774.96	3779.23	5535.28	5639.31	4764.72	5685.87	4613.98	4389.48	4984.88	4527.67
RMDN1	10	10	4597.45	3084.2	4236.02	3404.64	5828.59	5140.52	4022.1	4644.65	8126.93	7659.53	8348.33	7022.99	9115.1	9044.37	9543.57	9931.38
RMDN2	5	5	2516.76	2945.85	3133.75	2344.08					3855.54	3650.32	4053.89	3820.91	6377.52	3341.09	4722.52	5383.47
RMDN3	11	11	19105.9	18868.9	19552.7	18287.4	22154.7	19117.9	19035.4	17871.3	18465.7	17372.1	15517.4	17973.6	30875.5	18175.6	24361.5	25245.9
RMI2	1	1	1030.74	817.032	1342.97	1722.93	1373.94	1219.87	1358.08	1418.73		1685.54	1359.51	1244.53		923.028		1325.96
RMND1	5	5	6084.58	5677.77	6285.09	6175.61	6276.13	6327.54	4835.46	5571.27	8074.74	8329.43	8292.16	9496.48	10793	9598.55	10688.8	9801.21
RMND5A	3	3		1756.6	2363.68	1248.92		1440.15			2325.31	2361.31	3145.26	2903.14	1669.95	2043.66	1952.26	2758.22
RMP24	1	1		1231.83	1291.23			1249.92	1170.89	1499.02	938.222	1298.52					994.846	928.862
RMP64	5	5	2648.66	2495.7	2689.94	2447.49	4376.48	2992.96	3082.14	2865.61	2353.51	2267.73	1809.1		2326.42	2568.56	2074.3	2474.66
RNASE6	2	2									9758.49	17569.5	12662.2	8625.32		1259.08		
RNASE7	1	1			1610.19	1415.2						860.814	1775.04	961.915	2684.46	789.174		1257.87
RNASEH2A	5	5	3339.6	3593.49	2761.72	3436	6897.89	7500.29	6272.29	7404.89	6821.12	7612.73	8871.83	7432.74	4878.76	5800.77	5075.91	4928.15
RNASEH2B	8	8	2165.42		1856.59	3077.89	5676.71	4990.03	5211.12	4221.51	3623.36	3457.42	3178.55	3150.61	2635.31	2038.73	2015.68	2973.56
RNASEH2C	3	3	2796.12	1811.69	2199.64	2290.1	7772.1	6055.99	5483.02	5762.71	3968.96	3946.75	5430.83	4581.47	3502.88	3012.44	2629.86	2709.74
RNASEL	5	5	2534.44	2848.54	2533.92	2880.41	3815.83	3777.63	3160.24	3356.62	4454.92	3736.95	3231.22	4117.24	4894.1	4174.07	5107.96	4985.35
RNASET2	4	4	4510.41	2409.57	2019.41	4050.95	1733.9	2187.62		1004.94	31969.1	36567.7	33799.4	48976.5	10752.3	9741.51	10619.1	11015.3
RND3	1	1	2142.46	1804.53	3282.21	2177.7								934.483				
RNF11	1	1	1804.32	2146.33	1680.17	1758.71	1831.91		1537.98	1323.6	1657.28	1261.92	2117.89	2394.71	1344.74	768.024	1057.58	1311.69
RNF113A	2	2	2554.61	3290.34	2217.02	2412.33	4522.06	3225.96	2911.85	2749.38	3870.6	3301.47	2927.97	3232.33	3091.78	3766.75	3245.18	3159.79
RNF123	10	10	4089.29	4877.33	4333.88	5040.55	3730.63	3655.04	3874.75	3881.17	4401.18	4025.01	4625.44	4977.45	4680.9	4400.05	4247.18	4867.91
RNF126	1	1		1719.31		1805.87		1663.27	2029.12	1382.83	2452.68	2888.61			4065.14	3302.35	3198.09	2298.45
RNF13	1	1				1291.75					8967.13	4458.27	5580.77	4982.47	3690.47	2959.55	1655.32	2255.99
RNF130	3	3							994.105		3875.27	3592.16	4289.9	4348.07	1152.71	1329.83	1046.67	1291.35
RNF135	1	1		556.742	687.64	738.847					962.263	1123.01	1186.15	1012.66	944.319	1359.72	908.531	966.494
RNF14	6	6	6075.24	5847.9	4297.16	5649.7	5618.14	3973.53	4129.35	3626.95	4981.04	5235.69	5668.54	5875.17	4819.25	4971.94	4659.09	5811.65
RNF146	3	3	3092.23	2420.79	2782.25	2607.37	1509.79	1169.72	2128.8	1342.72	1342.77	1377.27	1719.6	1595.15		1146.53	1187.17	1265.62
RNF149	3	3	2053.45	2061.52		1441.05		1503.12	1573.93		3277.58	3459.25	3523.52	3905.89	2440.6	1685.39	1746.15	2506.08
RNF166	1	1			422.8							494.843	797.927	478.521		1342.83		
RNF169	2	2	784.711				1900.99	1306.13	1170.6	1048.88								
RNF170	4	4	2126.21	1656.65	1862.6	2191.78	642.596	616.567	415.591	486.164	2080.1	2764.56	2649.16	3795.33	2096.08	1455.15	1532.08	1880.45
RNF181	3	3	6762.49	7073.37	5241.14	6428.85	8328.25	7088.86	5322.37	6440.66	6520.11	8054.29	5377.38	5591.79	6351.75	6197.07	6183.36	6085.69
RNF2	1	1	1958.21	1728.88	1992.92	2374.16	3893.32	3162.19	3424.21	4799.85	1978.27	2138.05		1582.28		1750.66	1089.94	1242.71
RNF20	22	22	4779.83	3939.83	4669.94	4549.1	6365.49	5404.61	5986.98	5306.23	5188.38	4864.12	4699.2	5301.72	4878.04	3941.98	4335.32	4572.61
RNF213	116	116	10045.2	9667.61	10577.3	10573.9	13929.6	13990.3	12796.6	11683.5	33281	34554.5	31803.7	34170.1	27333.4	28020	30711.9	29632.4
RNF214	12	12	5616.53	5857.06	5440.5	6173.77	4639.48	4693.15	4155.74	4198	4255.09	3812.19	4111.72	4282.69	3810.83	3334.43	3784.32	3870.06
RNF220	3	3	2552.15	2581.27	2430.98	2874.7	2843.91	2648.35	2785.44	3250.39	2784.94	2888.31	2727.38	2641.41	3071.43	2489.39	2642.67	2814.5
RNF25	4	4	2930.85	4391.93	3865.16	3295.64		2948.83			4955.46	4765.53	5194.38	3940.25	3481.74	4167.85	4287.04	5179.44
RNF31	10	10	4929.66	4849.45	5043.85	5157.92	2033.27	2020.85	1847.44	1908.88	4307.82	5083.58	4723.73	4755.84	3796.18	3649.08	3283.84	4107.82
RNF40	17	17	3899.63	3425.85	4475.13	4090.07	6398.51	5530.42	5457.07	5010.65	4287.8	3973.57	4042.68	4556.46	4183.47	3680.55	3844.43	4017.13
RNGTT	5	5	2844.84	3134.73	2675.8	3089.83	4595.78	3186.45	3992.5	4033.28	2856.05	2592.38	2582.47	3235.82	3052.94	3650.16	3556.2	3481.92
RNH1	7	7	178369	186252	198732	219200	110561	130853	113448	110165	154388	157818	167646	161328	100574	97707.3	98916.6	110794
RNMT	8	8	18106.2	17554.6	17774.7	17810	13938.8	14296	12970.8	12009.7	20571.2	17717.7	17709.4	19413.7	18593.5	20018.5	18887	20700.3
RNPEP	21	21	28385	28909.3	34303.2	30962.8	18699.3	17472.1	15318.8	14490.4	73036.7	88178.3	75215.4	73807.5	61733	64394.9	71724.4	66857.7
RNPS1	1	1	633.625	742.559	2900.05	574.712					1271.43	2542.68	3625.12	1714.73	1934.06	3943.57	2235.36	2975.37
RO60	14	14	19621.5	25307.1	42743.3	29541.1	7706.75	12579	5263.61	10584.4	12861.4	16222	15398.2	11077.7	11850.2	17382.2	17886.8	16579.2
ROBO1	11	11	2730.88	2147.7	2543.91	2438.86	1708.34	1451.31	1358.57	1403.72								
ROCK1	33	33	9134.03	8244.34	7797.4	8302.64	6165.31	4355.91	4829.94	4276.95	9912.49	8665.94	9333.87	9783.48	9482.98	7837.18	9372.87	9932.03
ROCK2	33	33	29107.5	28929.7	27301.2	25413.5	17762.8	14144.4	13720.5	14518.1	20122.2	17053.6	20655.4	20766.4	12231.6	10314.3	12655.4	14177.5
ROGDI	8	8	1492.19	1399.05	1641.14	1342.76				1279.44	2930.09	2366.07	2662.69	2732.31	3211.61	3074.75	3234.1	3224.99
ROR1	5	5	4981.53	5846.92	5699.24	7018.77												
ROR2	2	2	1660.28	1655.59	1697.28	1386.52												
RP2	3	3	11470.9	9355.95	10089.9	11468.5	4410.01	4241.15	3673.07	4132.71	35730.4	29226.3	34126.4	36319.7	18146.8	21728.6	28913.7	24408.2
RPA1	9	9	8315.36	7996.14	8833.05	9110.51	29662.1	31472.8	27062	29051.8	16657.5	15333	12060.4	15109.6	13405.6	11503.4	12868	12896.6
RPA2	4	4	3685.02	2231.98	3432.64	2876.87	7632.61	4864.78	3962.3	4133.15	6042.74	6697.07	5359.02	4795.05	5312.81	6120.39	5784.08	5997.15
RPA3	2	2	4063.8	4022.04	5323.29	4422.73	4976.48	5238.43	10824	10535.5	10196.5	12569	9078.37	8663.08	7506.14	9289.96	8732.93	8626.4
RPAP1	11	11	3024.35	3318.86	4000.73	3601.35	2683.36	2340.78	2042.54	3744.01	3179.86	3434.43	3437.07	2782.54	2560.47	3186.81	3102.64	2538.77
RPAP2	1	1	722.937	532.721	530.084	752.944	423.548	518.542	385.503	466.873	416.38	395.34	233.346	423.38	271.642	382.731	383.057	423.278
RPAP3	11	11	5734.45	5043.55	4968.41	6022.73	5135.32	5124.94	5757.01	5751.79	5115.17	5277.72	5516.74	5262.57	4160.02	4981.47	5019.15	5016.15
RPE	1	1	4965.23	7062	9966.93	9598.8	2412.36	4258.62		1784.91	10902.6	13420.4	12079	14118.7	8368.94	11021.6	12412.9	8316.77
RPF1	4	4	2400.67	2097.03	2351.31	2623.47		2271.67	3123.12	2424.75	2480.95	1891.49	2404.91		2432.29	2013.36	2305.1	
RPF2	8	8	8974.46	7889.23	12254.2	8992.6	4854.14	7071.23	7054.22	3820.99	10056.3	11353.2	8881.72	9374.07	10342.2	11876.8	17819.3	13320
RPIA	4	4	2679.71	2319.98	2306.13	2006.83	3506.52	2963.31	2861.97	2559.08	5076.04	5279.28	4862.35	5787.16	8441.05	4102.17	4635.49	3814.97
RPL10	2	2	36205.5	31236	34358	45311.4	9799.42	8632.38	8908.65	6224.18	17046.4	21740.3	20739	22219.6	50916.8	36303.3	33593.7	31522.8
RPL10A	11	11	86461.2	137334	192265	133980	66432.1	65445.3	62219.8	72651.7	99244.6	166954	112244	106593	89713	134528	130628	122664
RPL11	8	8	114876	114626	119087	142856	72767	71207.1	80013.3	78345.3	99452.7	107457	94552.4	96999.9	104789	105871	140388	103880
RPL12	5	5	256594	338912	307272	335813	155213	161940	168304	164266	200934	217287	198338	195697	209281	215991	216376	219482
RPL13	11	11	273455	300036	296062	357312	197794	186322	211219	184145	198069	220711	151612	191647	222101	217274	255586	251690
RPL13A	6	6	7928.67	10034.5	10432.8	11223.7	5818.05	7343.33	6492.07	5484.2	8817.27	10576.6	9034.16	11873.2	8805.55	7333.26	8701.57	8577.96
RPL14	6	6	260762	382339	314494	382739	185971	190465	199460	223731	184478	277236	184980	206030	214158	285041	251281	244752
RPL15	7	7	101671	139616	171229	152073	34140.8	67726.2	37729.9	38323.5	123312	146210	123118	100628	117915	183153	181962	145076
RPL17	8	8	120506	147709	199153	179193	41592.6	65614.3	49810.7	63668.3	90651	128709	101824	97701.8	102302	118565	135937	108797
RPL18	10	10	287205	308523	328341	319865	192753	164325	182190	170369	186663	226674	179818	203149	204235	204511	208807	229487
RPL18A	6	6	13492.2	16059.1	23673.7	27454.8	9451.66	13177.8	10044.8	9279.4	17274.1	22676.7	18280.1	14734.6	18271.3	20380.2	23558.6	19762.8
RPL19	5	5	162011	219358	273548	263835	117260	104191	173723	144922	95805.8	162555	98938.2	129650	115613	122173	111278	157379
RPL21	4	4	23716.6	26659.3	31618.2	33499.5	14587.6	15163.1	18992.4	18613.7	17419.9	26520.2	13985.1	21712.9	17725.2	32852.8	27112.6	21491
RPL22	2	2	211406	211255	206569	247070	184511	157611	175553	144588	186957	193150	159765	179417	193013	203051	231392	218413
RPL22L1	2	2	3306.89	4230.99	5834.71	6098.33					740.081	891.676	785.176	484.938	1053.46	2080.12	1630.75	1648.36
RPL23	5	5	29112.2	35540.4	40901.8	40823.8	16579.4	18472.5	20283	20647.7	40306.1	48814.1	32387.1	34830.3	49357.8	61863.5	59564.3	58682.7
RPL23A	8	8	129283	128171	131913	140064	69020	69955.2	65969.5	69266	90513.9	93342.1	78763.3	84564.4	89278.5	99759	106520	105130
RPL24	3	3	275054	224798	198684	231038	162072	167888	175789	149396	202400	165213	110060	195495	193041	143831	207672	253500
RPL26	3	3	3275.35	1603.09	2890.15	3921.8					939.308	2782.55	2979.76		2259.99	3491.35	3723.31	2157.92
RPL27	6	6	142410	131085	145695	120060	95134.6	95509.9	75989.3	84658	119795	103494	118142	103420	103132	139198	129635	118236
RPL27A	2	2	287264	598592	412666	254688	389438	382167	373818	310261	397812	461905	353836	388181	482677	547499	590976	479293
RPL28	7	7	38270.8	37108.6	73676.8	33817.3	52066.5	51708.2	62098.1	90255.4	64242.3	116246	79841.2	78690.1	86521.6	130882	133516	114818
RPL29	3	3	39167.5	77009.3	52764.7	101368	62155.4	72806.7	60390.1	75315.2	48038.5	87888.2	56246.2	60798.1	74742.2	97468.3	96011	60431.7
RPL3	8	8	35922.3	38857.6	91563.6	36014.3	13949.4	14764	15566.7	11794.3	85874.7	112261	89524.6	72993.6	98858.7	139079	156788	142471
RPL30	3	3	4139.51	6814.05	7759.43	10254.8	2825.81	3133.98	4120.06	4245.38	3590.76	3885.45	4347.06	5244.33	3222.6	2111.81	3142.31	3769.82
RPL31	6	6	81698	90471.4	193215	95254.5	98001.7	90489.2	64763.6	77456.8	115811	139370	175170	101728	128291	192785	224072	171886
RPL32	2	2	7986.03	10397.7	15486.6	16718.7	3331.1	5412.48	2664.96	2960.84	8275.19	11373.5	8248.13	9685.63	10128.3	10841.8	11356.9	10743.3
RPL34	5	5	66025.9	97853.4	77661.1	73740	89237.4	63437.5	63079.5	52423.5	69722	73756.1	66269.4	62852.6	87245.8	109592	122107	109466
RPL35	4	4	215819	210207	221710	250837	130940	128533	121507	115905	141579	143314	119430	145643	152650	174838	159501	154528
RPL35A	9	9	25245.1	34176.3	35485.8	32488.3	13452.4	16147.3	18454.2	15776.4	23413.1	32079.1	20295.6	25456.5	24450.2	39251.2	36456.9	31171.4
RPL36A	1	1									2773.04	5112.78		1698.5		9413.5	9147.08	3958.46
RPL36AL	1	1									6690.63	7053.28	3519.6	5101.04	7925.21	14631.8	17978.8	11191.1
RPL37A	2	2	22142.9	25957.2	39140.3	40052.4	5853.19	14874.9	8107.33	6769.98	27611.2	25465	27744.9	23241.7	23840	24667.5	27181.1	29457
RPL38	5	5	196603	205722	232502	355312	217966	243435	224251	226964	205783	218122	195535	193983	236651	269996	306385	267265
RPL4	11	11	344650	393491	415412	496755	221118	236798	232963	189646	273909	305935	269767	257041	326373	352558	374851	326080
RPL5	12	12	33829.4	52319.6	63272.5	59258.4	14853.5	24858.1	14001.4	11931.8	41646.6	59649.1	47891.9	35566.5	35235.7	76494.1	78685	41276.2
RPL6	20	20	166280	205939	222435	240376	129531	133066	123911	120047	153691	177295	131187	134403	149663	194039	211819	158802
RPL7	15	15	178458	221835	237148	285178	130284	141777	138041	121150	147307	179576	136712	152892	142002	215836	248671	151757
RPL7A	10	10	108185	123823	116955	128895	55584.5	62759.9	63653.9	63245.8	62460	71289.2	64132.5	65925	68244.2	76503.6	86937.2	76049.7
RPL7L1	5	5	8736.51	6661.42	6852.51	6850.37	8012.8	7763.9	8450.87	5373.96	5297.41	5643.8	4367.82	5378.03	6632.33	6331.85	8621.86	6441.09
RPL8	11	11	157578	161494	180073	208234	126773	157145	141972	139058	137487	167374	129974	114755	143859	202880	192135	156437
RPL9	9	9	116822	171114	235609	266725	36460.1	61776.3	30783.1	39683.8	125041	174603	134759	116263	129074	219031	184173	160748
RPLP0	4	4	170392	233099	266034	285457	76444.7	101433	92402.5	71949.3	175120	184676	210982	182572	160845	219294	244984	240982
RPLP1	1	1	44541	38810.7	26946.2	47119.4	31003.3	26849.1	22399.9	25224	25897.8	20658.4	20649.9	25353.2	21328.5	21348.3	22929.1	13158.2
RPLP2	7	7	383193	428495	306572	395992	301416	287344	319482	307800	340661	329391	257596	310806	323159	327956	449786	379470
RPN1	34	34	112367	139073	194499	175232	45422.4	61321.3	52580.6	53028.8	106510	137751	104630	110329	83964.5	99129.6	103836	84861.3
RPN2	19	19	85062.6	87789.5	100240	87855.1	30610.8	38705.4	30475.2	26925.2	83148.6	94763.3	78785.2	77673.6	66787	74802	88382.5	73553.7
RPP14	2	2	3100.61	2911.91	3489.6	2952.96	3098.14	3164.52	2967.04	2898.33	2068.02	1921.78		2786.12	2646.94	2142.34	2286.08	2794.61
RPP25	3	3	4587.58	1700.73	880.757	1198.11		859.832			3429.94	4378.16	3221.07	3535.5	1749.7	2740.1	2714.4	2007.72
RPP25L	1	1	5171.41	6076.44	5236.8	7198.27	5285.5	6748.72	5333.07	5708.64	2040.72	2727.28	2273.65	2208.5	2744.53	4300.17	3058.99	3028.95
RPP30	7	7	5510.49	6200.14	7027.45	6390.44	7217.66	7036.97	5313.2	5376.91	7284.08	8255.97	6369.86	7031.13	7722.14	8407.15	8930.52	8044.39
RPP38	6	6	3214.88	3039.59	2780.61	3435.89	4208.6	3519.28	3786.55	2970.81	2152.23	2338.44	2025.72	2693.09	2734.15	2808.48	3292.78	3467.73
RPP40	2	2	2175.04	2803.57	2174.44	2335.56	2538.59	1855.6	1789.43	2137.2	2104.23	1563.6	1505.57	1207.2	1631.06	1984.86	1977.39	1414.83
RPRD1A	5	5	8129.65	7740.72	7745.25	8783.14	10261.2	8654.35	7363.31	6749.14	3894.76	4245.81	3186.55	4338.84	4566.25	3227.5	3837.23	4671.21
RPRD1B	6	6	7175.17	8022.57	8626.55	8144.2	11772.9	10291.5	12736.1	9817.57	10159.8	12332.5	11684.3	10711.4	13319.2	10199.7	10725.2	11174.4
RPRD2	20	20	3687.7	3234.25	3877.53	3030.21	4474.19	3545.37	3942.32	3505.41	3558.27	3545.22	3461.07	3695.95	3358.66	2798.35	3055.52	3323.42
RPS10	4	4	31442.6	52606.7	78892.9	39192.8	36769.5	52387.3	44945	38126	66683.9	57323.1	45840.3	47741.4	59674.6	58229.2	64975	68400.1
RPS11	12	12	93740.5	83807.3	88087.7	100761	106638	84230.5	73898.8	69003.3	121679	92334.9	93238.1	103892	113452	133742	167194	127139
RPS12	3	3	42793	53926.9	69116.8	57873.1	11838.1	13182	12523	8946.3	43019.4	51343.6	40329.3	45419.3	56201.8	46389.1	55530.1	62548.2
RPS13	10	10	173239	227983	297991	252695	128445	90174.9	101703	94019.6	199804	354609	239429	184902	212520	359517	349623	239762
RPS14	7	7	185382	312085	318242	396779	127784	152679	178979	183494	129675	256105	176136	150563	121365	253513	235198	120724
RPS15	2	2	1729.51	2953.45	3504.61	2709.85					2445.01	3072.45	2475.41	2055.48	1912.01	2171.87	3620.16	2731.34
RPS15A	7	7	122252	196898	245102	281473	79990.9	89931	88234.7	98945	100806	206434	119641	96649.4	73062.6	160358	164996	114070
RPS16	10	10	192760	334161	279693	262244	186374	170514	182113	180447	225354	271573	196363	232168	234632	233045	274905	304086
RPS17	3	3	3903.67	3661.28	4747.3	4402.14	2198.73	2802.18	1863.81	1713.02	2800.93	4363.39	3965.9	2849.41	3636.95	3586.47	5281.4	3845.48
RPS18	10	10	176337	184989	173960	180619	104690	103840	96876.8	110885	121966	151406	150542	140737	140674	157112	182860	147889
RPS19	9	9	186019	229619	173429	262949	120254	125556	141498	133547	135030	146004	114316	154175	144488	123479	165716	175509
RPS19BP1	2	2	2833.71	2517.03	1881.22	1780.81	2705.15	2259.2	2417.61	2381.47	2625.64	1890.45	2235.12	2873.49	2286.73	2646.83	2412.67	2984.25
RPS2	11	11	62947.5	72638.6	80599.9	67251.4	52958.4	47036.6	46572.8	39894.2	66019.5	82151	70357.2	65658.9	71731.5	99046.1	118143	84592.1
RPS20	5	5	67848.8	95945.1	165724	110523	22802	34304.1	19915.7	16904.9	79430.2	88544.3	94037.5	67778	71758.2	96151.5	94976.4	75634.1
RPS21	2	2	62622.8	57137	58609.4	61573.9	38254	29584.2	31879.8	28779.6	43319.2	32449.9	34658.6	42255.9	66019.4	37790.4	42326.8	54746.6
RPS23	6	6	45983.3	39926.8	37264.3	62492.7	16306.5	19679.5	20328.4	11110.7	39114.2	37900.8	36176.7	35695.7	45867.4	56589.8	49521.2	51586.7
RPS24	4	4	109884	126795	147779	115232	71488.7	71926.5	59942.5	74913.5	91599.3	108945	79484.5	85874.4	79804	103521	108241	104103
RPS25	7	7	271479	372244	263711	366874	240442	203912	259281	218933	251435	252514	191067	251111	242291	257064	262985	276948
RPS26	1	1	2405.11	2224.48	4118.35	2344.76	1912.75	1875.25	1866	960.6	7110.76	8825.64	5595.25	4870.19	8293.1	11613.7	12266.3	9208.61
RPS27	2	2	15546.5	24511.3	35454.6	34007.3	7815.24	11964.1	2707.79	3376.34	19502.2	29350.9	24907.2	18153.3	17611.5	28323.4	29457.9	27985.2
RPS27L	2	2	12089.3	16041.2	26437.8	17920.3	3158.18	4938.57		2755.6	12023.5	12650.9	15005	11503.2	12646.8	18336.9	20528.7	22844.6
RPS28	4	4	149498	352421	409196	594198	128881	165991	361144	349478	80903.1	334293	105569	111929	117581	170044	147661	72907.3
RPS29	1	1		7764.32	1033.98	6973.09		1065.5	6933.58	4789.7		1635.83		2137.85			902.5	
RPS3	14	14	350410	391257	419795	455264	226057	226123	248636	222969	229801	282887	215729	244604	281242	318149	341976	280782
RPS3A	15	15	76796	132428	175883	159346	63485.2	69353.6	76863.5	77406.1	68367.9	119851	90481.6	75457.2	86632.4	120638	119883	80121
RPS4X	3	3	145153	149335	164864	180359	98653	94413.4	76684.8	88404.3	88037.9	83759	86059.5	89219.3	105847	104699	121617	112583
RPS4Y1	4	4	3929.03	5983.45	5771.89	4620.8					8975.17	9219.13	6225.49	8573.46	9073.82	12656.9	11520.7	8128.1
RPS5	7	7	28283.7	37604.1	40198	39586.8	34256.6	31635.4	22672.4	34145.8	45963.5	54998.6	52010.6	42398.3	52168.6	57022.7	66235.8	66618.2
RPS6	10	10	210006	248267	287074	352040	160477	140038	167316	172964	177057	256045	154655	175823	210695	206442	218181	208186
RPS6KA1	12	12			1562.57		1183.68	1701.98	1752.87	2254.24	5969.06	6877.02	6598.81	5659.49	5885.86	6922.56	7131.56	6042.52
RPS6KA3	13	13	6997.57	7674.88	7864.22	7904.5	9641.02	9673.41	10229.7	8613.26	12886.1	14643.7	13519.8	11155.9	17343.1	22854.7	22847.3	20697
RPS6KA4	10	10	3033.26	2542.66	2703.17	3055.07	3108.48	2666.35	2943.2	2527.91	3980.78	3353.7	3742.92	4175.24	5040.38	4625.86	4767.27	5024.83
RPS6KA5	2	2													572.47	842.428	936.723	
RPS6KB1	2	2	1645.38	2275.53	2871.14	2439.79	1263.54	956.628	1344.99	1135.97	2041.29	2337.59	1953.89	2188.43	1797.35	1567.87	1617.12	1689.09
RPS6KB2	2	2	1143.49	1058.25	1665.21	1276.21		1419.3	1430.22	1234.49		1368.09	1591.42	1381.1	1512.21	1247.75	1141.32	1131.22
RPS6KC1	4	4	2172.64	2036.58	2376.16	2019.18		1846.88		968.655	1913.69	1593.63	1430.81	2071.98		1178.48	1140.23	956.323
RPS7	11	11	125888	186174	224526	171398	89890.5	82841.8	99154.6	102931	91113.4	160725	101797	103369	93393.2	137193	127539	106512
RPS8	9	9	123689	190021	196911	176935	132278	125454	116765	114521	183064	229037	192121	186540	221072	308209	324786	283400
RPS9	17	17	452071	457571	436412	521545	278346	275557	271252	256507	305144	338662	282425	324543	329728	337418	363983	380833
RPSA	1	1	330401	211584	136242	196454	149086	142276	97348.9	91160.7	191274	115063	158003	215170	247147	156424	196977	272048
RPTOR	18	18	3612.47	3476.86	4096.46	3274.13	3126.6	2402.48	2032.39	2405.28	4624.77	4421.57	3895.91	4086.36	5052.37	4116.93	4726.54	5132.57
RPUSD2	2	2	2198.65	1598.06	1458.75	2585.61	1993.38	3281.24	2146.73	2737	1476.31	1332.98	1763.41	2608.71	2362.73	1558.19	1666.71	1864.05
RPUSD3	4	4	8079.24	5276.76	2910.57	4400.15	13195.3	6168.14	6101.48	4914.06	7279.24	4800.4	5914.46	6380.98	8051.68	4213.26	5981.56	7216.9
RRAD	3	3	2091.93	1650.16	1339.75	1320.43	7440.37	2583.4	5109.21	4504.01							641.613	
RRAGA	3	3	5266.62	4851.45	5574.58	6268.23	3649.19	3032.07	2717.74	2392.72	11831.9	16446.8	14094.1	13715.6	7070.52	9422.46	9242.08	8012.93
RRAGB	1	1				1803.59						6480.14		5550.31		2623.07	1971.16	2544.71
RRAGC	2	2	2068.65	2791.17	4451.11	3120.29		1805.13			6062.88	10289.1	9496.93	7559.43	3429.98	4331.13	4991.82	4874.25
RRAGD	2	2			1017.66	454.961		745.785			2422.74	3894.59	3138.8	2030.74	1102.69	1923.73	1198.24	1486.01
RRAS	10	10	60157.2	58071.6	60907.7	67909.1	29329.8	27200.4	23118.7	21390	22419.3	18601.5	21712.5	22033.6	14259.7	10772.5	12307.1	13487.4
RRAS2	4	4	37383.7	40121.2	44101.2	38198.2	6633.91	6421.25	5827.73	6092.64	2440.71	2926.31	3803.9	2906.92	2282.89	1268.28	1772.44	2615.82
RRBP1	59	59	148054	148283	150067	164330	21696.5	19503.6	21369.9	18001.3	51551.6	52761.1	43343.4	50142.2	45156.7	37742.8	44209.8	47424.9
RREB1	4	4	2816.04		1691			2823.88			2995.75	2422.01	2359.35	5039.01	2717.52	2758.51	2533.05	2845.63
RRM1	14	14	4487.91	4516.42	6081.73	6621.61	8265.74	8392.66	7331.92	6410.25	4997.34	4912.99	3521.58	4078.46	2609.58	2951.61	2723.28	2692.2
RRM2	7	7	7805.42		4999.65	8496.41	9777.23	11485.9	13770.4	11707.8	9360.54	16302.7	6797.58	11166.8				
RRM2B	5	5	3876.44	4373.6	4401.54	5041.85	2888.59	3261.51	2303	2769.16	3236.9	2803	3395.5	3451.72	3091.13	3705.41	3157.57	3260.82
RRN3	1	1	865.737	768.322	548.093	1028.81		368.26	311.747							443.347	506.734	
RRP1	10	10	9182.47	7896.52	7894.53	8115.49	9015.27	9634.36	8620.12	7892.14	8386.77	8033.81	7610.74	8610.63	9991.26	7678.24	10361.1	10413.1
RRP12	21	21	7602.07	7278.44	8496.29	7124.19	9558.18	8393.92	8787.68	8138.81	7510.14	8111.62	8298.36	7911.81	10040.9	10033.2	11606.4	10415.4
RRP15	2	2	7296.31	7715.33	7316.67	9891.58	4244.77	6227.63	7206.55	7225.38	5712.02	5681.03	5863.76	5601.65	5768.81	7759.98	5271.14	7214.33
RRP1B	16	16	5658.57	5771.33	7061.98	6642.1	5598.87	5664.07	4705.9	4694.98	6072.29	6728.22	5438.93	5277.44	6707.12	7292.42	7251.1	6871.91
RRP36	1	1			995.719							923.276	1152.75			516.961	881.971	615.818
RRP7A	2	2	678.55	909.852	1784.12	1447.74		652.271	459.33	320.33	949.195	968.112	1068.97	709.432	950.425	1112.78	1086.21	1328.29
RRP8	9	9	2456.53	2410.38	3464.46	2713.17	3833.95	3447.7	3681.62	3215.95	2813.5	3264.15	3014.96	3086.14	3869.41	3737.6	3752.97	3961.84
RRP9	7	7	5901.73	6406.5	7928.36	8281.52	8196.38	8271.34	7400.1	8020.42	6176.59	6826.07	6329.62	7154.5	6591.98	7875	6960.57	7457.6
RRS1	9	9	13125.6	11816.5	12952.3	13444.9	10901.3	10336.2	11511.3	10093.4	11998.3	8986.77	9279.36	11239.8	13305.5	11761.4	11896.3	14029.5
RSAD2	1	1									378.653	1060.01						
RSBN1	1	1	469.768	378.956	573.203	656.63		434.106		420.318		269.997	695.293			384.761	642.143	429.46
RSBN1L	1	1	966.977	1085.21		809.565	1722.57	1092.6	1619.72	1189.33	1293.14	1099.95	1124.1			1132.47	1317.13	832.283
RSF1	17	17	3983.05	3853.68	4776.67	4616.5	5463.12	4963.42	5019.21	4927.4	3290.5	2769.36	3385.28	3412.04	3017.4	2724.34	2880.98	2699.1
RSL1D1	16	16	32577.8	33981.1	32632.4	33020.8	24125	25620.2	24493.9	22113	24440.4	22042.7	21203.3	23857.2	26944.7	28548.5	31266.4	31931
RSL24D1	1	1	4784.47	3881.94	3967.55	3327.32	3926.97	4687.71	5243.88	4187.71	3303.25	2975.58	2562.97	3479.74	3669.82	2538.28	3169.89	3039.49
RSPRY1	2	2	2009.04	2115.7	1671.04	2096.06	1660.09	1976.04	1875.99			1837.14	1714.97	1415.48		904.74	1121.3	
RSRC1	3	3	2618.78	2894.36	2542.56	3118.8	3047.37	4772.06	3343.65	2960.95	2893.64	2667.27	2035.93	2578.41	2356.07	2448.17	3006.13	2589.2
RSU1	10	10	122309	128122	95400.3	140017	49718.2	52916.5	43432.2	41756.2	74598.3	76115.4	70580	78293.2	67781	72219.8	82976.9	76708.4
RTCA	5	5	17966.7	20628.5	20530.3	19576	7842.79	8485.59	7472.34	6612.7	24328.6	26707.5	23169	21702.5	22186.1	24235.7	24678.9	23875.1
RTCB	9	9	40558.2	53020.6	79537.4	55742.6	11198.8	15096.7	8431.37	12608.1	39617.4	46464.3	44675.6	34628.9	38571.1	45301.1	52069	44963.6
RTF1	12	12	6085.57	5291.88	5681.95	6630.16	9230.38	10063.8	9076.25	9003.05	5656.4	5454.6	5554.89	6387.76	5843.01	5610.88	5221.77	5774.1
RTF2	3	3	5311.47	4724.62	5976.03	7302.98	7448.63	6945.4	6441.86	5414.7	4619	5167.92	5203.52	5577.44	2905.97	4819.71	3729.37	4092.49
RTL8C	1	1	28380.6	30388.8	32431.8	39046	6057.99	5454.79	4237.82	4591.55	2301.34	2606.83	2652.78	2598.76	1705.66	1373.18	1493.58	1155.96
RTN1	24	24	2439.04		5430.49		1058.31	1497.41	1238.48	1125.39	6230.04	7699.74	6719.98	8041.91	29329.6	28726.7	33937.1	28625.5
RTN2	5	5	5046.62	3180.17	3686.01	3321.51					5313.8	5215.44	4889.65	6195.96	4697.46	4676.93	4793.39	4996.53
RTN3	5	5	9418.74	10498.7	12023.7	14331.7	34033.6	18782.6	27052.1	14200.3	32454.9	23785.1	19681.2	22165.6	14778.4	23475.3	35482.9	26255.2
RTN4	8	8	227402	275729	360258	311843	47739.8	52960.9	44751.2	50702.6	200259	189552	170318	156949	121934	145570	202544	144316
RTN4IP1	5	5	2402.57	2377.44	3841.71	3027.09	2684.35	2549.5	6738.04	2444.98	6151.22	7530.37	6306.45	6877.88	6218.71	5801.22	6482.65	6592.14
RTRAF	9	9	15703.1	16448.4	16588.8	18532.3	10656.4	10980.2	8531.08	7543.12	11406.7	10746.5	9450.12	11690.1	9464.16	10276.5	14841.9	12218.5
RTTN	3	3										809.498		580.562		777.119	834.101	1197.71
RUFY1	16	16	8344.63	8210.53	8770.34	9575.29	7739.8	7247.85	6941.74	6322.3	16568.3	18357.2	16051.9	18475.4	11246.8	8555.59	10730.3	10424.4
RUFY2	7	7	3881.2	4585.43	4234.37	4602.4	4137.17	3745.69	2858.81	3297.69	3591.76	3367.28	4063.41	3526.25	3276.86	2211.27	2154.91	7058.48
RUFY3	6	6	3430.45	2745.78	3117.22	3600.76	4228.42	3197.85	3502.65	3038.08	2500.72	2953.3	3145.4	4116.93	3113.71	2624.35	2432.23	2825.55
RUNDC1	1	1	1168.94	1175.14	918.155	1038.74			1554.92			593.475				667.404		
RUNX1	3	3	1942.85	2045.6	3067.39	2400.56	3097.74	3348.02	3911.39	3775.99	2493.23	3999.23	2081.96	3372.54	2525.85	3253.33	3211.31	3009.71
RUNX2	6	6					6275.01	6123.09	6654.27	5853								
RUNX3	3	3									3111.22	2700.87		4809.28	2363.75	3951.11	3017.45	3064.11
RUSF1	2	2	4804.98	4392.65	5927.1	4473.62	3671.12	3638.06	3963.23	3192.62	4528.11	3853.19	4217.02	3472.59	4233.52	3412.12	3391.41	3710.71
RUVBL1	15	15	64641.5	65938.3	70050.1	70307.4	73536.2	73398.3	54266.2	53517.6	50406.2	53864.8	44569.4	44853.9	64076.9	70009.7	80840.7	73522.9
RUVBL2	19	19	26146.7	30206.1	35494.9	32819.3	29715.9	25008.2	27709.6	24809.3	18734	25697.1	18969	17667.4	22526.8	32041.1	31089.2	26770.8
RWDD1	3	3	10246.5	8897.47	8519.61	11377.9	10154.2	9543.66	8847.84	7105.6	7635.84	8141.25	7435.17	8091.05	7225.68	6628.83	7643.56	7003.22
RWDD2A	2	2	1339	1283.14	1167.46	1049.84		944.466	943.621			930.813	1395.93				1135.42	
RWDD4	2	2	1275.03		1818.43			1377.89			3777.4	2811.92	2773.68	2808.8	2559.94	3480.75	3502.53	3533.63
RXRA	4	4	2251.33	2340.18	2174.53	2235.76	3527.86	3334.05	3954.6	3929.92		2726.76	5078.29	3008.06	3515.19	2917.67	2092.78	3320.42
RXRB	4	4	2984.96	3469.53	3030.88	3486.93	4113.94	3030.63	3273.73	2924.05	2172.59	2021.49	2380.58	1711.72	2468.63	1803.02	1567.58	2786.3
RYBP	1	1	1060.56		1187.53	612.037		1378.12	1594.3							595.575		
Ribosyldihydronicotinamide	6	6	7808.6	8130.87	5331.95	8550.05	13290.5	12728.2	14146.4	13126.7	13268.5	11047.5	11258.8	13526.4	8423.95	9280.07	8118.35	10158.5
Rubber	8	8	36196.5	18694.3	44390.4	24417.2	19044.7	37943.3	36607.2	57309.7	46836.7	46761.9	66497.4	41939.8	46185.4	82363.5	56222.5	41023.3
S100A1	1	1									2232.09	3262.24	2348.9	1737.74		2270.56	945.687	1430.27
S100A10	3	3	474657	420108	469017	460734	239647	276256	232775	286090	23857.6	23171.1	59270.7	25743.4	54046.1	44258.1	49335.8	72780.8
S100A11	5	5	88714.4	97943.4	106859	104332	34002.8	56034.5	44077.7	46671.9	107817	122056	106523	74385.8	127687	161313	151545	116026
S100A12	2	2			839.67						637.047	1295.6	2231.04	1265.31	1403.02	2350.63	878.816	681.322
S100A13	6	6	24925	31993.6	46751.5	41865.5	22816	44839.9	20991.3	23644.1	6925.37	9980.42	9893.64	4265.32	3595.67	7679.52	7226.63	4060.61
S100A14	3	3	12747.2	7119.39	24418.7	3336.12	16457.5	7808.23	10393.6	12151.8	14484.3	15611.1	13430.7	7618.94	20678.7	4103.91	3912.85	10785.7
S100A16	4	4	3648.98	3874.86	8841.26	5312.45	4644.07	7510.71	3162.01	3257.12	3010.81	2799.14	2588.04	1500.3	3869.79	1066.54	1842.05	1813.31
S100A2	2	2	6799.18	8642.66	9702.16	12159.7		3292.92	8679.9		11136.3	5567.8	5933.11	11052.5	19972.2	5261.44	4925.08	4013.36
S100A4	8	8	163816	137329	115809	203131	4038.85	2688.52	3440.05		522871	538638	430234	526352	531251	701304	725934	686490
S100A6	5	5	69281.4	43130.2	54328.9	58520	555102	598238	604510	639796	71578.7	59482.1	69072.6	57902.6	114909	106932	154615	102857
S100A7	5	5	13920.8	18856.3	57529.2	5678.08	5971.67	8294.91	7869.24	4226.28	37613.7	36750.6	105326	46572.5	248053	29727.8	43969.1	42117.1
S100A7A	3	3		3815.12	9360.29					765.041	4196.55	4169	11874.5	5882.74	21692.1	2994.79	3887.98	5915.28
S100A8	7	7	6915.57	5693.14	40743.6	2031.14	2756.2	3213.78	3249.79	2415.05	15052.6	20169.3	83403.3	22582.8	105199	25218.1	17106.7	19542.7
S100A9	7	7	42755.2	36404.2	149261	12628.8	18651.8	26709.8	32558.6	20250.8	54558	52802	220583	111947	434770	51651.9	39202.4	72538.9
S100B	3	3	5326.92	1427.36	3637.49						21914.2	39773.1	27320.7	29495.8	52204	84649.4	85157.8	70828.8
S100P	3	3					207.054				527.008	1009.32	1541.49	1037.84	508.499	1845.94	577.773	
S1PR2	2	2	927.578	1047.85	1097.49	927.602		635.43			904.798	594.409	1355.63	1049.4	1722.32	1962.81	1911.71	1881.47
SAAL1	3	3	2002.82	1982.34	2182.34	2447.07	5271.26	4003.53	3704.83	3330.52	2377.43	2357.53	1892.79	2508.8	1970.44	1869.9	2094.91	1954.88
SAC3D1	1	1	1451.62	1625.77	1920.79	2287.59			1184.71			1370.18				647.744		
SACM1L	20	20	26628.9	27736	31767.8	30364.8	26727.8	22765.2	20341.9	17394.6	44444.4	48525.1	42534.3	44452.5	43148.9	49232.6	49352.7	46607.4
SACS	58	58	7823.66	7706.64	8004.05	8438.8	4683.27	4184.06	4645.46	4826.04						1272.23	2627.93	2786.94
SAE1	9	9	12613.1	12893.9	18463.7	14344.6	17285.5	13541.6	17954.3	13849.1	23218.2	23232.8	22373.9	23837.8	22194.2	20390.4	22996	26281.8
SAFB	6	6	5118.98	4338	4473.91	4302.16	6515.92	7203.64	5300.11	4280.76	6258.34	5330.15	6605.13	5502.3	4727.23	3961.74	5584.21	4871.65
SAFB2	9	9	10235.3	10717.7	11458.6	11852.8	12994	12684.6	16203.8	13449.4	9811.51	10291.8	11670.2	11626.6	11728.5	11358	12205.7	11424.7
SAMD1	3	3	4321.94	3959.59	4759.96	4539.66	3824.29	3786.73	3456.73	3259.65	4854.45	4300.8	3705.4	4879.8	4013.26	3986.56	3283.29	3707.04
SAMD4A	6	6	2870.28	3339.32	2610.09	3371.68	1314.03	1093.96		1813.14	1639.15	1925.04	1349.91	1469.36		3195.61		1172.72
SAMD4B	1	1	1387.39	1170.09	890.995	1655.94	1110.87	883.057	918.286	531.111	1156.06	517.662	432.918	945.536	519.437	369.468	636.457	492.138
SAMD9	14	14	9541.83	8162.94	8523.79	9048.48	4327.36	4515.15	4080.78	4096.38	2274.23	2526.48	2944.35	4228.07	3400.82	4162.25	2819.21	4336.31
SAMD9L	11	11	3054.95	2550.36	2894.74	2262.53		580.458	1074.89		2643.64	2773.24	2812.03	2736.46	2229.41	1944.47	1921.71	2337.03
SAMHD1	24	24	12333.6	12418.7	14472.9	15032.2	9366.52	8163.25	8236.4	6949.6	143742	164408	146647	138222	211183	224652	244797	215236
SAMM50	10	10	6676.46	7243.11	11546.2	7679.76	4711.48	5390.03	4923.03	4051.29	23361.5	25465	28453.1	20387.3	22772.1	29985.8	31595.1	27481.8
SAMSN1	9	9									4039.48	4957.11	4004.61	4284.22	2883.49	3758.3	3577.71	3013.3
SAMTOR	2	2	2127.46	2159.43	1893.88	1983.72	1952.79	1589.68		1277.45	2476.18	2674.13	2080.13	2319.49	2436.11	2288.43	1903.06	2239.15
SAP130	1	1	1465.41	916.478	1225.85	994.841	1535.38	1436.33	1674.48	1495.61	1208.97	899.55	713.301	770.561	934.179	705.312	659.122	690.484
SAP18	6	6	12510.1	10119.9	14870.6	10641.2	13841.6	14063.6	15336	10994.7	17540.7	14554	12151.2	15559.5	14128.6	16787	16812.5	16223
SAP30	1	1										1248.93			1187.46	916.164	4315.65	742.882
SAP30BP	4	4	6219.24	6946.48	4527.63	8051.08	11986.9	14102.9	10913.7	13733.1	6800.95	6864.67	5668.65	6487.53	5727.01	6156.23	6006.64	5929.23
SAR1A	5	5	81165.9	79520.5	73592	81252.5	34247.1	56158.8	40586.7	41115.2	68805.4	89848.4	52957.6	68036.4	58070.8	70446.5	68544	56177.4
SAR1B	3	3	11227.4	12684.6	8385.88	11910.2	9898.16	10228.2	8993.66	9472.32	16864.5	17684	18822.4	12718.2	13687.6	16730.2	17372.9	15484.9
SARAF	3	3	1513.46	1781.85	1941.3	2184.34	2342.15	1565.02	1988.28	1774.52	809.161	1795.86	1710.84	1760.38	1941.47	1338.4	1670.41	1642.81
SARM1	12	12	4354.85	4139.03	3469.42	4536.13	1210.07	1559.7	548.125	683.146			1818.96					
SARNP	10	10	35866.5	34149.7	38737	45107.3	44056.3	46846.2	55346.2	54019.1	27677.6	33195.7	25574.9	29235	25826.1	26152.3	28416.6	26854.1
SARS1	17	17	80471.8	93862.6	106795	89204.3	78246.3	67303.4	71745.4	69782.7	56632.6	59700.1	53638.6	58980.5	67975.6	78183.6	90124.4	78684.2
SARS2	11	11	2039.32	1796.73	2464.13	1983.29	1762.47	1391.14	1777.94	1948.79	3597.67	4431.55	3908.46	3723.2	3909.82	5086.13	5028.47	4773.38
SART1	21	21	8079.96	8082.15	8282.98	8568.1	7909.28	8021.81	7831.15	7563.27	7449.7	7146.51	7333.36	7721.96	8446.97	7186.31	7930.27	7513.48
SART3	14	14	20373.4	18789.2	17461.6	15450.4	22295.9	22526	22165.5	22167.4	15191.9	14906.1	13563.7	17158.1	17780.6	17277.7	17976.1	18304.3
SASH1	6	6	3223.63	3466.43	5006.24	4196.88	3042.15	2583.52	2422.51	2108.93	2761.46	1908.42	2864.13	2523.49	2196.15	2824.5	2301.32	2572.65
SASH3	5	5									11261.4	12627.7	11313.9	9888.03	8628.74	10871.8	8838.08	10168.9
SBDS	10	10	47983.1	60286	52335.3	60939.6	25588	23054.8	23732.4	24195.1	28046.7	33755	27287.4	28320.5	20547.1	23255.2	28524.5	22537.2
SBF1	12	12	3540.55	3412.01	3950.22	3288.45	3407.57	3831.55	3569.47	3341.83	2279.62	2444.11	3042.42	2915.07	3413.53	2918.74	2466.49	3251.15
SBF2	10	10	4045.82	4277.74	3705.78	3596.21	2747.05	3184.33	3169.85	2874.46	2097.89	2196.2	2839.28	1601.44	2353.44	2418.62	1953.56	1815.97
SBNO1	13	13	5461.71	4797.77	5401.37	4355.75	5530.14	5846.28	5873.06	6474.61	4515.18	3831.27	5305.01	4517.33	4220.17	4061.25	3840.82	4546.08
SBSN	5	5	7611.38	4044.11	9159.48	4148.93	9960.8	6435.46	7352.03	8657.77	10794.4	7235.5	11786.2	10985.8	18019.3	7459.84	7775.68	12837.4
SC5D	2	2	7030.48	4060.33		5061.04	12056.9	6052.34	7772.03	8294.83		24720.2	7360.4	9346.92				
SCAF1	3	3	1925.08	1280.7	2103.02	1562.74	1321.8	1843.43	1065.48	1078.59	1365.6	2118.97	2031.87	2517.6	1730.88	1890.38	1409.28	1948
SCAF11	9	9	2809.26	2314.1	2490.36	2558.89	3268.21	2470.33	2883.6	2878.54	2876.28	2769.32	2967.75	3345.85	2657.39	1960.45	2013.8	2608.16
SCAF4	6	6	5550.15	3713.75	4265.21	4931.68	6796.7	5297.66	6996.63	5321.71	6501.79	6022.27	5770.54	6971.06	5136.69	4700.18	5416.61	5947.56
SCAF8	10	10	2762.89	2542.34	3653.63	3053.59	2498.26	2445.82	2792.18	2654.53	2371.94	1933.02	1971.87	2311.21	2685.09	2158.08	2129.6	2289.94
SCAMP1	3	3	4704.69	5563.61	6944.69	5619.3	4624.94	4384.88	6108.61	4306.84	7635.82	7091.94	8546.69	8000.68	3943.56	4061.99	4926.91	3481.35
SCAMP2	5	5	13264	14135	18797.4	20461.6	6922.28	10958.4	8278.85	9007	87603.8	104726	78696.1	80820.6	33771.1	35953	42963.4	29772
SCAMP3	7	7	13846.5	15219.3	12592.3	15264.6	16354.6	12773.2	17293.2	13566.7	20305	18171.3	16186.6	18020.9	15187.3	11906.6	12374.9	13673.2
SCAP	1	1										918.017	901.449				390.781	
SCARB1	4	4					6386.72	5084.47	4976.75	5453.11	19098.5	17858	13752.8	19625.1	2447.8	2555.47	2902.65	3234.69
SCARB2	11	11	21933	18600	34171.9	22862.5	22457.4	12645.9	20226.5	19284	78988.6	89842	76859.8	71403.1	54492.7	54259.2	55963	46503.2
SCARF2	1	1	2055.93	1962.76	2279.61	2462.18		1892.49	1651.76	1410.73								
SCCPDH	6	6	23259.9	26353.9	38301.3	31068.4	15035.6	15959.7	16239	15987.3	34650.9	34138.8	33696.8	30319.7	32083.5	32285.4	35445.9	32313.3
SCD	4	4	3364.42	2023.37	5470.73	2867.96	10442.2	13954.5	13445.1	9593.71	11248.5	13435	16520.3	12949	4097.31	4644.65	4951.94	
SCD5	3	3	7410.55	6832.06	6254.5	8364.3	5219.05	5794.7	6462.74	6843.75								
SCEL	3	3			2399.31			1876.33			2598.96	2120.74	2447.88	3150.15	1835.79	1512.49	1711.99	
SCFD1	19	19	23250.5	23071.6	23763.4	24706.2	6190.92	6449.17	5558.64	5308.51	17856.9	15632.7	17057.4	16316	17237.4	17723.5	20035	17697.3
SCFD2	8	8	6053.56	4691.89	5837.37	5545.37	2929.03	1941.91	3414.49	1721.67	3504.69	3958.79	3715.61	3996.67	3681.55	3256.92	3332.96	3714.9
SCGB1A1	1	1	9275.6	326.182	555.183						306.69		369.095				275.338	233.282
SCGB1D1	2	2	35958.2	1344.09	1787.17			1144.79	2094.29		2551.55	1303.41	1750.72	2213.94	3180.55	2717.83	1970.66	2666.76
SCGB1D2	4	4	1.06264e+06	41755.1	31911.9	5048.73	38757.7	26981.6	38808.6	18233.1	59231	14984.4	39226.9	49455.6	31045	15306.7	9452.07	31064.7
SCGB2A1	1	1	2268.55		1921.5						3012.02	4339.95	4252.09		3440.23	8139.07	6444.01	3456.51
SCGB2A2	2	2	128039	4409.36		1369.6	14976.9	11934.8	17668.4	7626.76	25766.4	10643.2	6851.44	16180.9	19946.4	17597.7	11802.6	13601.2
SCIN	21	21	3463.02								5646.41	10820.9	8188.26	6577.14	28977.1	38136.1	58692.3	36925.1
SCLT1	1	1	259.935	418.884	274.741	313.586	430.122	328.905	344.243	267.307		301.392	196.733	305.52	184.152			
SCLY	7	7	3342.52	3735.56	4191.15	4091.48	3057.21	4102.24	4695.43	2845.59	5867	7356.76	5339.78	6156.3	4619.33	5520.42	5347.24	4831.68
SCO1	6	6	4167.55	7537.99	12152.5	7743.05	7362.85	7281.97	7584.57	7350	10565.6	21300.3	13709.5	13906	10810.1	16856.3	19027.4	12459.9
SCO2	5	5	4110.98	3983.52	3394.82	4579.34	2302.22	2550.21	1985.04	2128.23	7683.96	9226.06	6701.23	7836	7646.33	6377.51	7776.97	5813.53
SCOC	3	3	4672.23	6666.8	8190.29	6407.29	4904.78	5069.85	2465.66	3214.35	3608.09	3843.22	5111.49	4074.1	2935.89	3167.69	2978.45	3132.19
SCP2	15	15	61632.3	90313	111432	102092	50306.1	44599.8	48274.7	53552.7	101092	120057	98280.5	105389	111257	109568	130481	94380.4
SCPEP1	6	6	9152.59	9532.42	7058.65	6349.73	3926.83	4183.34	3211.78	3261.74	19870.2	23147	19345.9	19525	59586.8	49309.7	53416.3	51765.4
SCRIB	33	33	12442.9	11458.4	12864.6	12115.3	20189.8	17424.9	15169.8	14649.5	11051.2	10211.5	10205.8	11014.5	10161.3	8215.53	9494.32	10286.6
SCRN1	5	5	58671.1	54561.1	57558.6	62405.6	24396.5	24834.5	26982.8	22929.9	19844.1	21068.2	19017.4	19220.6	14484.9	14572.7	14097.3	17925.3
SCRN2	4	4	2786.35	3186.7	4500.37	3065.15	2693.54	3564.74	1123	1611.07	3915	2721.48	4076.22	3648.92	3218.69	3530.2	3455.48	2997.68
SCRN3	4	4	3640.18	3559.24	3919.77	4503.18	3797.24	3971.88	3377.2	2553.72	4194.01	3264.18	2753.56	3383.02	2813.02	2641.58	3083.24	2844.87
SCYL1	9	9	9630.38	9594.69	8010.69	10294.1	6853.7	5447.76	6128.38	4377.91	7983.26	8434.45	7755.77	7433.4	4708	5718.48	5711.84	5680.85
SCYL2	12	12	10148.2	8870.84	9811.83	8760.45	6834.58	6051.15	6438.68	5906.7	8226.03	7127.29	7409.89	8122.59	6948.86	6854.26	7631.6	8102.64
SCYL3	4	4			630.248	751.589					725.875	670.825	1149.87	1173.72	1434.43	1242.51	1155.84	1189.21
SDAD1	6	6	3287.91	2807.85	3574.28	3629.38	4055.58	3501.73	3197.5	2869.45	3209.77	2418.91	3583.6	5453.29	2891.25	3077.73	3145.49	3058.88
SDC1	2	2	4893.69	5174.37	5397.64	6131.01		1698.71	1192.35	1333.41								
SDC2	4	4	9999.73	8584.63	9834.47	9070.24	3900.47	4987.02		4426.94							3505.98	
SDCBP	5	5	6079.74	6423.06	6563.48	7339.25	4742.14	3758.43	4243.59	4169.95	172341	144719	152240	168118	13034.8	13722.3	14739.1	11796
SDCCAG8	4	4	1018.91		776.128	1006.86	1362.06	1100.26	1305.87	1263.74	1364.03	1178.73	1410.83	1622.88	1395.02	1177.28	1420.74	1602.16
SDE2	5	5	5751.44	4855.56	8567.8	5045.53	3967.69	3505.37	3165.46	2864.43	4673.12	6188.58	5153.57	5422.01	4000.06	3861.7	4157.97	4991.85
SDF2	3	3	2002.85	1910.4	2446.69	3418.09					2529.08	3701.1	2930.46	2352.95	1742.93	2701.48	2707.58	2478.81
SDF2L1	2	2	2075.68	2058.73	2791.89	2313.28		1812.8			3819.7	2785.64	4599	3559.74	3492.78	2395.87	4213.04	3275.27
SDF4	10	10	16231.1	12033.9	16001.8	13483.4	5948.39	5326.22	5504.68	4690.19	5457.63	3764.31	4794.98	3628.83	4638.38	3680.1	3711.39	5341.29
SDHA	14	14	13060.1	10969.9	19727.1	12882.5	14180.4	13359.6	13414.4	13782.9	55571.9	66329.2	59925.4	52373	48499.1	71041	74523.2	59591.4
SDHAF4	1	1	478.336	570.949	376.38	724.432		758.596		315.134	1299.86	600.567	853.515	1200.96	1668.63	873.804	961.799	980.896
SDHB	12	12	8327.86	11232.6	14896.3	8577.05	10124.2	9288.62	13623.9	11629.8	43418	52826	38760	45638.2	45329.7	47629.6	56047.5	45542.8
SDK1	4	4	1683.17	1532.49	773.675	1084.38	3189.49	3327.26	3386.08	3854.98								
SDR16C5	4	4			4050.68	2376.32				4019.44	2550.31	2660.69	8243.15	3133.91	11236.1			2351.15
SDR39U1	5	5	4357.1	5145.24	5301.17	4912.52	4802.75	3266.04	4592.66	4030.29	6437.77	7391.1	6094.85	7590.96	6680.47	5994.69	5940.84	6543.51
SDR9C7	4	4	6493.02	5148.62	8997.04	3499.61	8861.27	4224.66	8795.21	8776.35	9246.44	9070.27	9470.49	7516.91	11141.6	3110.51	4030.09	7259.07
SDS	2	2									4474.8	1479.73	1782.04	1273.03		678.657		1102.9
SDSL	4	4	7243.06	8284.73	7838.89	8070.91	6692.48	6314.48	6951.85	6505.62	22960.9	16413.2	17246.4	15384	38196.9	32956.8	41743.9	39454.8
SEC11A	8	8	66280.7	67303.9	75544.3	80145.2	47678.8	44365.4	33549.1	33013.5	61612.2	75046.5	49974.3	63274.5	54299	52716.2	51869	52642.3
SEC11C	5	5	2163.9	2500.77	2750.63	2686.11					5439.81	7070.64	5443.06	4838.37	3999.54	4711.91	4458.71	4029.53
SEC13	3	3	129064	130952	131758	126227	43280.2	44720.6	52521.4	45177.5	32927.7	36932.8	36557.8	33933.1	38003	39283.3	35412.9	29996
SEC14L1	3	3	1952.37	2243.71		1837.6	4775.5	4587.59	4157.23	3891.35	2144.57	2495.8	2699.9		2583.35	2070.23	2191.39	2214.2
SEC14L2	3	3	2056.22	2606.33	2934.02	2078.21	10984.7	10211.6	9581.82	9879.86					1299.38		1595.27	
SEC16A	29	29	10253.6	9445.25	11577.4	11769.5	5679.33	5461.35	5589.89	5657.35	6299.61	7180.44	7189.73	6310.09	6464.43	6881.94	6869.53	6578.87
SEC22B	10	10	42990.2	46603.3	53492.7	57719.6	17440.7	17366.2	16424.9	15065.6	24988.2	23387.4	24636.7	19574.3	23151.8	23664.6	26427.4	24445.4
SEC23A	10	10	44464.8	52513.9	59350.3	53665.9	10883.7	11496.1	9630.47	9481.74	12365.5	14959.6	15647.7	11492	11089.8	12397.7	11860.1	11141.3
SEC23B	8	8	6034.54	7551.58	8337.51	7067.56	16039.2	15378.4	14156.8	13432	19834.4	25560.6	22910.1	17975.5	16401.9	20326.3	20983.5	17570.9
SEC23IP	18	18	23804.1	20169.4	21753.8	22358	13618.7	11335.8	11305	10176.9	15576.3	17669.3	15203.1	16446.7	14284.4	15187.4	16772.2	15349
SEC24A	18	18	13442.8	14199.8	15237.1	16458.5	8706.91	7646.16	7776.35	7112.88	9620.58	10908.3	9986.17	9026.49	8586.34	8854.84	8987.33	9314.17
SEC24B	12	12	5994.26	6190.2	7668.7	7450.81	5539.49	5638.99	4670.17	4058.22	7932.17	7688.42	7864.45	6775.08	5996.16	7312.31	7456.92	5899.93
SEC24C	18	18	27426.2	27565.7	30021.7	28830.2	28754.9	26809.6	22644.9	21715.8	32058.2	31622.8	32658	33019.6	28203.2	28037.4	31404.3	30366.2
SEC24D	14	14	19191.5	22983.3	25646.4	25068.2	6613.61	5784.88	5346.6	4164.43	7620.07	9479.34	8561.75	7859.21	5826.33	6500.34	6956.92	6920.96
SEC31A	21	21	77950.5	88353.5	100010	102619	37466.2	31514.9	32680.6	28385.6	29788.6	31953.5	32406	28427.3	31515.8	32942.1	29618.7	32530.6
SEC61A1	7	7	47795.6	56118.1	80194	39378.3	6380.39	6680.96	6064.44	3795.13	29188.5	34048.8	29057.6	24785.3	33932	42463.4	39902.3	37016
SEC61A2	3	3			1867.72						868.454	1957.28	2060.4		1169.41	2189.18	1411.87	
SEC61B	2	2	19373.6	17887.4	25028.8	21981.1	4292.99	5790.16	3967.66	3412.16	11118.1	11969.1	15822	12662.5	13679.2	14743.5	17553.9	16654.5
SEC61G	1	1	10772.1	17363.4	30531	27565.3	2899.9	5538.88	2190.83	2338.56	5301.96	13380.9	9256.93	5673.84	2534.48	8480.36	7566.05	6763.69
SEC62	6	6	4811.67	4538.86	5783.67	4907.82	5027.42	3670.35	3166.96	3181.11	5619.45	4493.35	3917.27	4523.32	5245.53	4238.93	3927.44	4365.1
SEC63	21	21	15455.3	14976	17697.3	17856.1	7501.72	8287.53	6568.25	7359.05	9804.29	10926.9	9521.61	9092.35	10821.9	10946.8	13905.7	12559.9
SECISBP2L	2	2	1662.75	1454.58	1651.1	1812.08	2083.78	2674.57	1910.04	1854.63	1159.13	1478.61	2789.46	1719.3	2393.89	1290.82	1169.93	2050.21
SEH1L	8	8	3198.69	3159.75	4921.76	3728.45	4284.75	4544.3	5212.8	3537.37	5750.28	6460.45	5854.33	5784.79	5975.53	5198.8	6290.51	5003.05
SEL1L	9	9	2884.69	3409.95	4315.27	3790.56	1305.85	1197.58			3738.63	4209.05	4199.2	3621.05	3549.28	5029.83	4800.97	3632.46
SELENBP1	11	11	9694.02	7209.07	22529.1	6633.51	8379.23	7899.84	9554.48	9025.83	6750.89	5065.76	9356.37	7590.68	5848.66	1336.05	1426.28	2442.12
SELENOF	3	3	29249.6	23252.7	26711.5	28055.4	15031.9	18180.2	13372.2	10995.6	22614.7	23572.4	21715.4	23140.7	25390.4	20774.6	21357.3	25865.8
SELENOH	6	6	6952.41	6934.76	7479.72	9371.88	11752.3	10710.3	11048	10319.1	12547.8	13349.9	10555.6	9659.89	15204	11136.4	12443.9	14255.2
SELENOK	1	1		892.438	1428.33						1544.85	1191.05	1707.36			1316.61	1757.12	1826.04
SELENOM	3	3	7919.92	11544.2	18165.3	13388.9		678.138					2217.81					
SELENON	3	3		1076.56	1316.69	813.972	965.782	1013.37	855.229	995.855		1860.7	1114.15		2757.5	1666.08	3006.81	4287.63
SELENOO	4	4	4367.91	4902.85	4084.73	3534.73	4772.76	3587.27	4723.85	4838.3	5005.39	6222.7	5624.44	6145.9	4889.45	5021.37	3900.73	4961.92
SELENOP	3	3									2479.04	2340.25	2535.66	3136.9				
SELENOS	6	6	4011.19	4022.77	3598.57	4150.92	2436.63	1995.69	2345.78	2759.19	2020.95	2260.55	2019.29	2450.24	2707.57	2240.38	2642.67	1936.53
SELENOT	2	2			890.371						2269.87	3450.37	2872.9	1805.8	1590.1	2643.87	3586.42	2751.85
SELPLG	2	2									4144.96	4184.94	4249.76	4882.42	3234.3	2097.08	2295.73	1971.4
SEMA3C	3	3	2708.15	3087.2	3789.77	4362.78												
SEMG2	2	2														417.425		
SENP1	4	4	1316.33	1171.86	1376.66	1394.23	2344.03	2132.81	1717.38	1799	1914.8	1250.58	1053.56	1141.43	1157.13	933.208	922.774	1362.31
SENP2	1	1	649.137	597.043	932.143	846.143		823.804			693.433	677.145	480.394	586.285	694.997	708.711	555.077	1120.96
SENP3	6	6	2241.65	1834.07	3000.63	2002.79	3176.72	2322.01	2206.13	2324.8	2545.27	2494.78	2390.65	2749.19	2040.08	2168.22	2410.06	2437.34
SENP6	2	2	640.587	601.376	790.164	745.54	739.4	578.096		871.885					793.087	154.209		870.331
SENP7	2	2	1391.63	1231.45	1141.35	1263.36	1397.34	1156.23		1127.42	1488.38	1739.94	2462.7	1848.79	1675.18	1572.72	1126.55	
SENP8	1	1		1611.94														
SEPHS1	4	4	5510.1	7203.31	9242.52	7798.64	3323.7	4738.74	3752.82	3319.91	6439	9251.1	6668.51	6568.42	7232.63	6843.48	7737.58	8390.46
SEPHS2	3	3		1187.23	1667.91	1903.46	1419.6	1069.22	1594.12		3165.48	3061.7	2916.7	3177.19	2933.57	3885.14	3699.54	3375.4
SEPSECS	5	5						1254.45			1976.72	2573.62	1833.49	2261.33	2116.34	2079.13	2017.9	2428.51
SEPTIN10	7	7	3966.02	5168.54	4940.23	5588.76	9021.6	8122.33	9318.18	7360.57	8921.95	9121.32	8277.72	8964.2	4940.29	4288.31	4454.07	4689.05
SEPTIN11	11	11	48492	54517.9	59044.3	62402	14069.2	15856.7	14722	13677.7	15844.1	20135.1	16801	17090.7	14125.1	16484.1	18365.6	15024.3
SEPTIN2	17	17	103976	149387	178697	184500	53062.5	62623.9	65637.4	55524.4	87773.9	125549	89823.4	83428.5	59910.6	73510.5	81005.2	67454.1
SEPTIN3	5	5	1306.63	1173.1	1030.18	701.739					4060.92	3728.16	3905.56	4318.91	1674.99	647.34	1403.7	1374.39
SEPTIN5	9	9	21001.6	22236	23518.8	21600	8627.55	7267.24	6336.45	6852.94								
SEPTIN6	5	5	3598.11	4426.42	3811.95	5393.65	3812.02	3282.71	3435.02	1712.83	7602.6	6698.12	8452.82	8833.46	6793.73	7063.45	8041.83	9066.78
SEPTIN7	18	18	36431	46821.8	59619.1	51037.9	23726.1	21035.7	22722.3	22176.3	24665	32134.4	28614.5	25600.8	20824.1	23542	24580.3	23683.2
SEPTIN8	8	8	12331.6	14359.4	12834.1	15765.3	12667.8	13092.5	9602.61	8939.7	7624.87	6903.09	10433.4	7754.58	7322.88	6351.04	7606.07	7348.77
SEPTIN9	30	30	100744	130330	120909	132213	87598.8	87790.7	78568.1	83729.1	102380	107764	100275	100998	58973	56478.9	62396.8	60011.9
SERAC1	3	3				913.024	1477.02	803.108	862.957	1240.59	1549.8	1293.82	1118.07	1236.99	896.899	1305.69	1073.56	1627.06
SERBP1	18	18	37593.5	36010	36619	41620.2	38552.6	39193.7	33815.5	30755	38293.5	34341	28204.9	34708.1	39358.2	32651.9	40801.5	42454.6
SERF2	2	2	3717.2	3920.25	4522.84	4833.69	2579.24	2626.47	2123.36	2016.89	3760.48	1547.8	2892.98	2732.45	2764.29	2644.79	2837.4	2651.33
SERINC1	3	3	2456.29	2090.94	2814.67	2090.77	1787.04	1823.98	1791.58	1953.73	5253.93	4857.39	5111.74	6031.97	1939.1	1740.77	1358.02	1532.44
SERPINA1	10	10	22858.2	10457.3	14385	3219.68	4877.83	4785.9	5957.99	7019.23	14861.7	16116.3	19444.9	21920.9	12694.3	18550.8	14645.9	12027.1
SERPINA12	7	7	21716	10029.7	14957.1	6230.6	20927.3	9246.35	19892.4	14359.9	20497.7	13581.2	18227.8	21682.6	44071.4	7960.95	8808.06	16298.6
SERPINA3	7	7	34131.4	4537.48	4953.17	921.163	2410.43	1413.78	2306.49	2530.43	4329.51	3371.77	4935.49	6300.67	5105.17	3244.25	3185.24	3223.8
SERPINA7	1	1	402.726								330.037	387.304		298.574				
SERPINB1	18	18	6198.43	6992.29	7779.44	5253.51	50457.2	63567.6	50984.5	36920.6	64096.6	69116.4	63542.4	62019.2	70053.4	94364.2	89238.6	74692
SERPINB11	1	1	1101.07	808.839	1428.86		1462.69		811.711	1416.61	2013.89	1351.01	2694.11	2020.78	2542.05			1037.95
SERPINB12	12	12	76923	55440.3	152508	41702.1	96189.2	47639.8	82358	85804.7	149484	167032	239142	161002	193681	66242.6	92914.1	147828
SERPINB13	8	8	5868.61	2768.21	7280.91	672.338	6446.24	3016.59	6672.77	4887.66	6786.96	6009	14159.4	10786.2	17333.5	3258.93	2445.36	7737.51
SERPINB2	2	2	1616.83		2102.28					1920.28	1545.74	2117.22	4467.91	2038.35	2311.31	962.72	1459.45	1460.11
SERPINB3	11	11	22809.9	14465	36737	10171.2	11972	16371.8	10780.6	8380.81	52032	40660.5	91574.3	65100.4	302328	24088	37097.5	46468.6
SERPINB4	6	6	1619.24	1437.71	2116.68			1303.66	2159.28		1779.62	1957.7	3160.11	2182.78	6132.67	1244.8	1667.08	1956.94
SERPINB5	10	10	5210.56	1948.62	8585.2	2534.97	3095.49	2135.62	4386.24	2720.44	4474.89	2754.32	5618.98	5898.97	8985.39	1900.44	1977.72	3231.07
SERPINB6	2	2	5966.25	4865.85	5862.91	4145.02	6600.53	2896.34	6389	4462.46	9069.53	6927.21	9671.7	10115	13518.3	4171.21	3606.41	4803.53
SERPINB7	7	7	7616.31	4554.41	10406.3	11385.6	6879.27	4109.99	4639.35	5021.26	7158.47	6793.96	9652.98	9226.87	12086.7	3069.48	4554.19	6616.07
SERPINB8	5	5	8060.78	6019.84	7563.14	6578.83	8016.24	4968.57	9621.1	5628.21	8411.98	8847.46	11539.3	12254.3	27046.1	8040.3	6828.34	9919.71
SERPINB9	10	10	2066.95	2127.71	3767.08						35499.3	48522.8	51465	39336.4	41952.4	61387.8	60597.7	50212.6
SERPIND1	1	1	1458.81		582.843							821.295	750.146	997.798			510.851	590.956
SERPINE1	2	2	2574.98	2185.41	1844.11	2029.99	1338.52			1099.36								
SERPINE2	3	3	4719.36	3366.7	5567.93	1190.19	5743.39	4346.7	5695.41	5602.41	10776.9	6661.63	10290.3	10398.2	25283.2	2100.4	2482.97	7445.33
SERPINF1	4	4	1778.92	1526.5	2202.01	1430.71	952.025					1179.37	1825.73		1355.66	1303.95	950.314	
SERPING1	4	4	6312.51	1520.88						2072.64	6088.85	7848.03	5609.66	10071.6		1754.04	2188.73	1323.01
SERPINH1	19	19	565777	645820	873141	619492	25149.2	30774.6	23643.4	21318	50936.1	65530.7	122174	51506.4	31388.6	34922.6	41126.6	40153.8
SERPINI1	2	2	3622.94								535.471	706.554		742.255				
SESN1	1	1									767.046	1611.79	746.404	1326.88	886.563	1180.84	771.665	
SESN2	3	3	3823.46	4544.64	3018.41	4181.91		996.677			2340.1	2326.66	2765.18	3867.11	3692.01	2857.76	2942.28	3273.11
SESN3	4	4	2313.08	1816.02	2254.44	1898.61	1754.06											
SESTD1	4	4	1896.25	1864.57	2011.73	1812.61	2198.43		1590.55		1650.9	1291.33		3521.03		1585.11	1291.01	
SET	3	3	68174	48014.1	45684.1	55525	84317.6	104423	65937.9	57826.5	114099	81857.4	75126.3	92532.1	106849	74064.8	108796	84527.3
SETD1A	7	7	1651.86	1852.08	2410.05	1950.13	2378.37	2141.44	3239.57	2087.77	2531.92	2020.11	1949.87	2630.99	2896.76	2408.63	2112.35	2118.75
SETD1B	1	1	325.385	343.272	433.965	676.03	521.146	671.968	276.782		425.554	445.62	401.794			322.233	307.096	422.932
SETD2	3	3			788.915	518.213	759.103	771.317	1041.29	944.853	908.618		1081.67	1112.59				
SETD3	15	15	5363.89	4680.31	5347.09	5718.22	2328.67	2767.41	2953.97	3246.74	7365.01	7615.11	7690.44	7609.96	6310.85	7039.66	7276.66	6971.25
SETD7	3	3	1038.1	1101.88	2118.07	1867.11	1000.45	1020.13	671.135	1006.08	1050.6	1580.08	1143.79	1051.35	1259.17	1474.26	1284.91	1573.03
SETDB1	2	2	1557.4	1436.64	1743.77	1384.74					1657.69	1208.25	1294.36	1164.01	1424.18	1127.87	1058.19	1376.36
SETMAR	2	2	1253.39	1121.87	1599.84	1202.14		1727.18	1275.97	1446.1	1104.95	1001.83	1309.41		1211.64	477.322	759.943	
SETX	6	6		1212.46	2278.84	1035.14		1505.42	1660.77	1616.82		1085.22	1169.98	1607.93	1258.57	1143.99	1338.53	1143.47
SF1	7	7	17300.2	12671.9	17383.1	11350.1	14285.5	13596.2	15274.5	16530.8	16081.2	22330.3	15352.2	14538.2	18327.3	23900	19120.2	17887
SF3A1	26	26	33585.4	33155	36189	36597.6	38453.3	33877.2	37803.8	33020	32445.4	32370.4	27898.4	30946.8	30160.6	33602.2	31988.7	31188
SF3A2	8	8	9701.77	8924.41	14052.1	12632.6	11443.6	14668.7	13086	10388.6	10848.9	10998.4	8297.02	9395.11	10525.5	10150.3	12010.3	11202.2
SF3A3	9	9	12630.5	14392.3	16839.6	14436.7	14200.8	13291.4	12157.5	11785.5	13725.8	16930.3	13174.5	15812.4	14205.2	19037.3	17633.8	15757.8
SF3B1	27	27	31395.3	28372.3	35648.7	33625.4	28934.3	31128.2	29055.6	29185.5	30118.2	32558.1	28893.4	31609.3	30293.7	35493.5	36612.9	33850.7
SF3B2	23	23	33225.9	24977.5	24905.4	25101.9	37781.2	30589.1	28420.4	29082	29612.3	26589	23621.1	26558.8	28852.1	24289.5	27252.7	30741.6
SF3B3	36	36	34984.8	37660	50581.6	43913.3	40464.5	42543.1	33666.3	33904.4	42832.7	48049.9	42890.6	39949	36544.8	46413.9	46957.5	43958.4
SF3B4	3	3	1895.23	2132.51	3434.44	1948.37	1998.01	1510.83	1781.84	1281.53	4103.57	4375.23	4114.75	4621.43	4038.1	6448.91	5754.68	5564.91
SF3B5	1	1		448.202	1629.77						1432.51	2461.31	2008.25	1332.18	1662.39	2994.54	2940.65	2094.37
SF3B6	4	4	3772.73	5171.24	7840.91	4448.56	9134.3	4377.5	3603.61	2881.74	11028.4	13160.6	10892.8	9803.32	8648.23	13559.5	11103.7	10367.2
SFN	5	5	7360.86	4072.27	16879.1	10075.1		4791.88	6367.39	4747.62	6795.77	8844.45	14326	8472.6	13893.7	6160.69	4750.97	5264.2
SFPQ	18	18	81411.3	84273.8	108615	104436	87415.7	96584.2	82695.5	75371.1	90518.3	113380	84132.4	84800.1	85876.9	116520	102009	101270
SFRP2	1	1	1489.06	1555	1828.44	1600.86												
SFSWAP	8	8	2630.5	2260.28	2780.47	2281.4	3487.85	3668.74	2984.98	2909.68	2529.36	2426.42	2457.6	2759.2	2134.74	2440.04	2274.54	2321.05
SFT2D1	1	1	2041.48	1322.95	1520.78	1920.76	2266.2	2104.65	2658.29	2029.42	4120.94	4033.18	4172.11	5479.71	2659.1	2736.14	2528.66	3525.24
SFT2D2	1	1	3659.16	2258.04	3231.45	3043.73	3053.15	4428.93	2967.88	2650.37	9318.25	3954.5	5979.35	6382.35	7754.51	3660.52	5519.46	6460.25
SFT2D3	1	1	2856.2	2636.89	2425.25	3406.39	2048.25	2565.9		1863.42	943.969		1196.89		1281.27	964.255		1365.49
SFXN1	11	11	59317.4	70936.2	68144.9	77188.8	55486.7	57640.3	59043	55702.4	40722	46816.4	38861.2	45936.7	44864.2	45387.4	43480.3	49335.3
SFXN2	7	7	2137.06	1707.63	1510.21	1889.31	1197.65	1647.76	1817.96	1619.54	2867.2	3856.15	3429.31	3510.66	2692.07	2937.38	2800.98	2963.06
SFXN3	15	15	40729.6	49907.5	56426.4	52369	20561	20046.5	21101.7	21215.6	66856.2	76713.1	70170	67892.1	78739.6	72069.9	80496.1	81453.3
SFXN4	5	5	3038.99	2736.12	3129.28	3141.16	4284.38	4403.57	5695.21	5200.59	3988.05	5650.14	4310.07	5274.08	5904.17	4489.91	4844.28	5202.38
SFXN5	3	3		1168.88							2257.99	2985.83	2442.9	1991.15	1901.3	1773.43	2437.33	1514.72
SGCB	2	2		772.079	1206.54	1099.66												
SGCD	4	4	6601.92	7558.71	7210.4	8881.7												
SGF29	2	2	2218.6	2262.59	3390.17	3301.15	3370.61	2194.76	2707.06	2328.41	2989.23	3432.33	4592.63	3095.07	3526.65	2483.1	2817.42	3142.01
SGK3	9	9		1118.69	1354.15	1308.68					4195	4511.5	4354.97	3904.63	4466.37	3484.8	4232.9	4157.6
SGMS2	1	1		949.371	1028.55	964.268												
SGPL1	13	13	24567.7	22387.5	30764.7	26021	14700.3	16044.2	13422.8	14602.6	44926.4	52209.8	47850.8	41603.3	33141	34301.6	36634	32888.5
SGPP1	5	5	4193.69	3858.11	4273.61	4741.23	2658.88	2625.38	2307.91	1950.34	10259.3	12845.6	7401.61	9544.06	11683.6	10022.2	12254.8	12949.3
SGSH	1	1	2661.58	2716.89	2273.26	2560.09	2329.63	1360.89	2124.9	2016.95	2891.19	2884.12	2404.89	3869.34	3612.1	2716.4	2038.86	3406.25
SGTA	7	7	8528.87	7838.69	11829.2	8025.93	9641.83	6527.75	7201.56	6662.25	9653.18	11799.7	11857.4	10357.6	9864.94	9843.9	12661.4	11903.6
SGTB	5	5	8118.14	6742.58	7552.11	7461.68	5414.88	3241.07	3124.19	2576.12	10793.3	10811.7	11178.3	10063.3	6576.34	5979.34	6328.78	6327.15
SH2B1	3	3	2330.96	2195.39	2000.13	1823.18	2449.58	1808.36	1942.29	1729.46		1247.41						
SH2B2	4	4									1366.6	1094.68	1148.16	1141.27	2055.09	1511.91	1623.22	2136.74
SH2D4A	5	5		2049.14		2413.17	4700.31	4426.74	4281.7	3964.18			5440.22			7013.74		
SH3BGRL	10	10	56680.3	56594.4	67491.1	55033.8	16177.2	18347.1	13609.2	12726.4	139755	139983	114879	120216	133315	118756	154606	142775
SH3BGRL2	1	1	3498.11	1519.33	1653.08	1545.34	4545.71	2278.04	3112.9	3651.85								
SH3BGRL3	5	5	32454.3	33349.6	22835.2	22448	5482.96	7839.2	5937.75	7671.98	209595	90860.6	130736	137974	214999	107822	206885	210906
SH3BP1	3	3	4439.25	4386.67	3621.1	3846.15	5066.88	5003.28	4897.9	5185.78	24385.2	28512.6	23061.8	27480.7	30210.8	25859.9	26548.9	33257.4
SH3BP2	1	1	3229.31	3257.38	2263.32	2808.15	2741.89	3077.36	2783.73	2633.37	2483.75	3051.45	2940.58	3100.6	2872.57	2028.74	2212	2732.18
SH3BP4	14	14	7521.08	7417.81	8972.82	9349.29	42259.2	42785.7	34141.4	31116.2								
SH3BP5L	4	4	2051.44	2338.85	3610.08	2355.82	1049.03	667.2	860.926	899.892	1513.75	1843.6	1648.13	1669.69	1061.09	1296.31	1575.49	1466.18
SH3D19	11	11	3296.5	4155.23	4935.79	4489.27	2284.97	1899.15	1992.98	1772.69								
SH3GL1	6	6	27589.9	30873.6	36170.8	27484.2	50442.2	56885.7	56763.2	51161.2	49932	45113.8	33064.9	43277.2	29103.8	23864.4	22135.2	25590.8
SH3GLB1	12	12	14514.2	17677	18555.7	18781.5	11392.7	11301.9	10129.2	11469.3	15299.6	16522	13642.5	13932.2	13573.9	11500.7	14819.7	13397.4
SH3GLB2	11	11	6445.95	7861.09	9138.05	9437.71	14112.1	11227.1	8958.62	12077	6550.8	7197.56	7003.65	6995.94	6919.33	5937.03	5061.64	5860
SH3KBP1	19	19	16392.9	17759.9	15097.1	19057.8	6917.79	7327.3	7496.86	7569.13	11071.1	13518.3	12465.2	13687.8	15657.8	13760	13895.5	16163.9
SH3PXD2A	6	6	1330.67			1363.41	1676	1886.61	1521.95	1626.38	1679.43	1613.41	1699.07	1923.08	1065.39			1060.03
SH3PXD2B	12	12	16541.2	16119.8	11041.3	13989.1	8390.27	8724.72	8025.08	7438.99	7578.58	6394.29	7850.85	8109.51	12292.7	10904.4	11234.1	12171.8
SH3RF1	4	4	1319.51	1345.45	1397.36	1162.52	1571.29	1490.49	1623.56	1355.04	745.901	965.473		1069.24		643.668	1072.76	1270.44
SH3RF3	4	4	750.679	650.057	996.51	576.505						680.492	805.688		663.74			
SH3TC1	12	12									7455.32	7977.54	7744	8601.15	6157.03	4915.35	5298.57	6333.56
SHANK3	2	2			796.581		3978.47	2458.07		2697.71					2365.48			3101.39
SHARPIN	3	3	2060.19	2320.92	2533.39	2768.63	1588.33	787.568	1402.65	1307.62	1880.88	2500.46	2050.26	1834.55	1332.93	1443.62	1519.68	1291.11
SHC1	8	8	7633.85	7125.05	7392.25	8720.02	6313.79	6409.13	5109.77	6523.71	3998.26	3525.82	4547.38	3252.1	3490.05	3039.08	3069.67	3675.72
SHCBP1	3	3	2272.88		2043.71	2940.12	4478.88	6005.28	5671.13	5345.89	2864.1	2981.51	3794.55	2860.39				
SHFL	3	3	5848.66	5143.36	3791.52	5220.1	2775.83	2414.18	2699.36		5213.72	3785.25	3812.82	4645.92	4732.18	3120.78	3946.07	4255.12
SHISA2	1	1		80.9249		119.502												
SHKBP1	4	4	1843.55	2338.44	1269.3	2831.11	2327.32	2827.64	2565.65	2256.85	2269.85	1987.01	2157.82	2374.39	2150.03	2457.63	1562.35	1825.43
SHMT1	8	8	2782.24	2038.12	2911.92	2369.44	16814.2	20227.5	16120.2	12552.1	23812.2	30000.4	22405.3	26107.4	7656.54	7629.74	8401.77	7532.31
SHMT2	18	18	31666.1	38520.6	44645.1	36388.4	33138.3	33732.3	31779.9	35723.5	55840.9	56928.8	48945.3	47930.8	65116.4	69032.3	94576.6	81859.6
SHOC2	10	10	13103.4	11385.9	10829.1	12124.2	5800.44	4911.07	5084.98	5214.77	5977.23	7272.04	6203.28	6693.57	5919.05	6722.02	6250.52	7165.91
SHPK	5	5	2293.82	2394.82	2380.18	2193.67	3145.14	3453.24	3583.86	1816.8	3643.61	4318.93	4419.22	3873.31	8691.64	7242.41	7823.71	7276.19
SHROOM2	1	1	2645.7	2013.19	2256.24			846.666										
SHROOM3	1	1		1113.41	1353.42	1322.86			1834.67	2177.05								
SHROOM4	2	2		1418.33	1138.11	2018.94		1615.45	1322.05	1722.78								
SHTN1	27	27	3935.68	3457.86	4176.8	3502.26	11612.6	14032.1	10906.5	11103.9	14286.6	12301.8	12545.7	13408.2	14453.3	13869.8	15824.5	16549.6
SIAE	4	4	2962.97	2692.41	2718.13	3383.05		2306.05	1623.55		5945.28	5410.08	4117.82	8446.68	5251.79	4005.24	3467.34	3965.56
SIDT2	4	4	2977.94	2785.16	2439.72	2731.88	1288.57	871.392	1893.04	1201.63	5045.83	4975.79	5049.87	5607.7	5666.71	3598.77	3063.77	2982.92
SIGLEC1	22	22									6599.46	7279.37	7656.05	7487.36	853.595	1041.12	699.775	1209.45
SIGLEC5	1	1									564.645	1324.12	961.94	531.794				
SIGLEC7	1	1									616.903	1296.36				782.101	1011.62	
SIGLEC9	2	2									1095.21	1027.42	1201.86	835.143	938.456	1012.49	1136.78	787.832
SIGMAR1	4	4	3295.36	4350.41	3647.74	5805.88	3924.15	5424.39	3396.85	3546.8	5220.31	4856.63	5701.56	5293.09	1918.93	4176.61	4276.86	2909.38
SIK2	2	2	1516.48	1162.36		1183.36	2351	1336.42	1489.15	1417.63	1215	1800.5					534.506	
SIK3	3	3	798.836	1196.86	1469.86	1305.75	1502.96	1250.73	1300.88	1304.19	1136.31	603.972		855.975		911.732	600.531	1309.33
SIKE1	2	2	5625.12	2749.53	4984.76	5428.83		3667.77	1006.36	4267.05	7737.41	8104.85		6980.23		5577.72	9525.69	8904.85
SIL1	7	7	10767.6	9346.98	10541.5	11660.1	6836.61	4787.04	5365.54	4113.25	6741.59	6196.06	5869.57	5874.81	5807.49	4402.52	5582.73	5309.5
SIN3A	13	13	3909.99	3549.64	3852.45	3844.7	6858.14	6430.24	6415.85	6300.78	4300.84	4134.46	4336.4	4405.92	3512.13	3848.49	3755.18	4530.88
SIN3B	4	4	2092.99	1883.48	1941.31	1711.07	1504.6	1203.62	1325.76	1707.45	1941.59	1333.25	1362.2	1444.61	1547.93	961.643	1417.34	2145.71
SIPA1	23	23	3546.1	3881.7	4060.83	4662.41	7485.17	6396.72	6829.11	5966.52	15525.4	16836.2	15766	16674.1	18586.6	18969.7	19397.1	19066.3
SIPA1L1	2	2	2837.18	2882.02	3158.92	3027.01		1620.3			1976.83	1899.32	2366.87	2055.43	2935.07		2608.75	1979.29
SIPA1L2	4	4	1702.57	1300.9	1527.72	1476.64	3234.61	3403.29	3291.67	2300.64	1861.46	1201.88		1610.6	2341.95	1333.52	1591.77	1405.58
SIPA1L3	4	4	1672.35	1204.06	1636.89	1874.23	1762.44	1430.7		1050.77						572.869		
SIRPA	3	3	2164.32	838.021	1465.64	1347.74					2500.67	3142.43	2831.86	2293.77	2858.79	3177.46	4350.03	3363.61
SIRT1	4	4	1979.78	1789.05	2131.56	1833.22	2409.85	2158.43	1643.09	2351.9	2786.01	2872.45	2402.53	2435.87	2841.94	2272.97	1769.24	2080.21
SIRT2	6	6	8185.98	7196.33	7175.69	6318.78	3608.07	1832.48		3399.27	12226.4	14321.7	13754.4	15385.9	8777.08	7262.17	8013.14	8517
SIRT3	2	2	3595.64	2880.05	3916.71	3020.79	4379.91	4252.41	4516.97	4061.55	5270.4	5196.6	4447.26	4933.88	5664.42	3795.36	4434.67	4758.29
SIRT5	7	7	2652.07	2988.76	4314.69	3516.27	4176.92	4199.13	4041.94	3665.2	2795.63	3267.13	3426.53	3435.29	4163.43	3215.55	3375.18	4436.92
SIRT6	3	3	3531.97	2309.38	3042.65	2646.74	3888.98	2394.33	2187.74	2774.86	2661.11	3040.9	2583.42	3080.11	2667.09	3360.48	3597.51	2952.47
SIX4	1	1	487.447	685.644	1069.08	518.768												
SKAP2	7	7									8427.91	10277.3	13348.4	7392.33	15625.5	22197.2	25581.2	20755.1
SKIC2	21	21	14590.7	12064.2	12464.9	12944.7	8887.3	8030.11	7939.11	7604.99	8320.5	7863.16	8379.93	9024.31	9357.15	5877.35	7524.23	8413.14
SKIC3	24	24	14007.8	15186.3	18732.9	17042.7	8660.73	9331.85	7525.29	7865.55	10870.6	11938	10469.9	10182.3	9619.38	9753.85	9930.92	11520.9
SKIC8	8	8	18633.7	16598.2	14548.4	14659.3	14858.5	12825.2	14857.5	10933.6	15705.1	13518.5	18951.5	17858.4	15162.3	13405.8	14659.4	16676.6
SKP1	8	8	36737.2	35428.7	38016.4	37658.3	27425.8	25556	26900	24925.9	20422.5	26839.6	25007.1	25560.2	21401.8	21929.2	24295.4	25985.4
SKP2	2	2	1325.96			1304.19	1377.55	1564.04	1425.62	1531.16		1435.7		1697.59				
SLAIN2	12	12	9663.16	8606.59	9405.7	9539.46	6617.74	6080.8	6416.84	6689.94	4794.7	5341.63	4484.91	5035.32	4493.03	4281.28	4518.54	5004.45
SLAMF8	2	2									4539.19	3343.68	2928.77		5226.91	6692.05	6401.65	5543.56
SLBP	1	1	1434.6	884.03	1262.63	1141.66	5770.96	10530.2	10189.6	11370.4	2707.82	4582.39	2533.88	1729.99	553.108	968.198	878.062	868.294
SLC11A1	1	1									6419.34	4551.59	7561.21	9167.72	9321.71	4716.12	7248.91	8691.02
SLC12A2	10	10	8772.15	8788	10829.5	9683.45	6172.75	6570.69	6960.86	5978.74	3948.37	4349.81	4256.57	4158.8	2339.88	1431.59	2874.56	2581.72
SLC12A4	9	9	3940.89	5115.77	5240.68	3801.56	2966.45	1853.29	2572.92	2112.95	2524.67	2752.48	2316.42	3538.15	2242.21	1612.05	1573.04	2250.41
SLC12A6	8	8	1362.72	492.704	1240.06	1281.11					2090.3	2820.67	2422.43	2525.57	1664.81	1567.59	1751.48	1842.43
SLC12A7	7	7	1543.51	1605.72	1524.58	1845.89	3713.05	4722.78	3948.13	4065.66	6358.14	5777.07	4487.84	5114.45	2732.01	2230.66	3068.49	3315.13
SLC12A9	7	7	5448.31	5424.59	5062.23	5935.02	3333.37	3131.35	3985.01	3815.64	13041.2	14270.8	11723.9	14072.4	6823.91	6433.77	7101.23	7271.3
SLC15A3	4	4	249.986	286.2		1056.91					10544	8594.78	9881.3	9183.62	4975.01	5450.13	5704	4857.95
SLC16A1	6	6	8830.21	6732.78	8268.7	6013.97	5033.49	4268.51	2286.45	3369.05	6330.76	4476.74	5331.05	5109.84	4135.4	3600.84	3941.7	3061.68
SLC16A10	1	1													1593.75	1103.38	1307.98	1332.87
SLC16A2	1	1	1212.33	1300.99	1708.93	1522.34				825.362								
SLC16A3	11	11	2100.84	2427.57	2005.56	2312.35	2878.55	1794.58	2352.73	2035.19	15622.5	14148.5	15504.5	15264.6	24846.3	20408.1	28973.9	23791.6
SLC16A7	2	2	1809.55	1752.61	1110.86	1022.89		1854.56	1580.12	1479.16	1624.72	1029.52	630.631	2088.95				
SLC17A5	3	3	4543.72	3243.66	3553	3309.26	2841.77	1641.75		929.372	31008.7	25936.9	29943.7	36624.3	7467.08	4040.54	5730.94	7658.12
SLC18B1	1	1							7587.94		7972.69	6215.22	7051.64	8477.33	2679.34	1190.25	1218.5	2058.24
SLC19A1	2	2									2520.44	2260.38	2606.15	2355.82		1363.36		
SLC1A3	2	2			654.283	751.902	1310.89	1570.35	2635.17	3145.08	7233.85	6572.93	5122.86	5365.24	1783.92	2279	2302.05	2363.68
SLC1A4	6	6	12017.1	14684.2	13234.2	12481.6	2820.16	2971.04	2399.52	2326.48	8260.8	9717.47	6647.27	7925.37	10410.4	10778.6	14435.3	12258.1
SLC1A5	6	6	31345.2	29829.1	24809.3	26524.9	23507	25483.8	12831.9	11647.6	15155	11072.8	10169.3	10835.3	15159.2	11379.4	17992.7	17212.6
SLC20A1	1	1	2204.84	1337.74		1487.16										2198.31	3898.93	3103.86
SLC20A2	3	3	3449	2578.61	2939.47	3158.03		934.909				1099.36	2213.84	1856.5	2408.81	1441.93	1411.36	1666.66
SLC22A17	1	1		2236.35	2584.27													
SLC23A2	2	2			277.731						639.817	590.312	645.075				300.774	
SLC25A1	7	7	18356.3	21725.2	32810.7	26859.1	11950.9	22941.1	11976.3	14152.5	26881.8	40133.3	37388	25020.5	20368.5	21802.9	21191.9	17464.4
SLC25A10	9	9	3038.77	3141.8	5822.02	3621.93	4846.34	6705.96	5384.5	4119.8	6322.23	8673.61	7476.78	6460.95	4902.42	6435.08	6992.33	6487.81
SLC25A11	12	12	43343.2	38274	56547	44355.2	38927.9	34087.5	27645.1	39394.1	77057.3	94335.1	77213.5	77866.5	129863	114710	140538	124641
SLC25A12	17	17	14215.1	15052.9	17666	15372.7	9757.81	8931.39	8019.29	8392.56	7907.14	9238.96	8785.55	7869.96	13279	11072.5	11795.3	12968.7
SLC25A13	21	21	9930.23	9816.36	11988.6	10670	16892.7	15052.9	16862.3	14424.7	29210.7	31761.4	28839	27951.3	27071.5	23465	27292.8	27570.5
SLC25A16	2	2	3908.3	3073.67	2873.64	3870.07					4076.04	4094.75	4031.75		2452.84	2465.07	3641.54	3618.39
SLC25A17	2	2	1162.78	1470.49	1919.7	1785.88	1316.07	1376.56	715.099	919.665	1211.77	955.747	629.578	880.341		803.506	1249.29	544.859
SLC25A18	2	2					923.406	795.387	939.766	1048.75								
SLC25A19	10	10	1716.63	1740.13	2564.93	2066.23	3740.5	3793.45	3216.25	3551.75	15883.9	20275.6	16546	20441.4	22502.7	22362	22580.1	23676.5
SLC25A20	7	7	3510.07	3701.09	4737.48	3396.5	1464.61	2416.1		4597.95	6822.57	9166.56	7279.78	7752.06	11257.3	12491.2	11131	10438.5
SLC25A22	3	3	1684.83	1546.01	3100.68	1930.24	3055.26	2106.2	1391.29	1518.74	1010.99		2153.33	1087.07	1745.73	1543.26	1587.12	1734.48
SLC25A23	2	2	1182.74	1504.82	1738.1	1579.07	915.038	763.152	893.567	860.701	1022.79	729.72	1153.59	1306	1888.33		629.048	704.95
SLC25A24	14	14	32583.4	34698.5	46405.7	44157.5	36625.6	37402.5	36192.1	33096	87764.4	97290.8	83559.4	91065	84125.4	102024	112072	90751.6
SLC25A25	2	2					25466.3	6478.15	11403.1	7307.06				8482.91		1851.11	1554.27	
SLC25A29	4	4					2108.16	1670.88	1831.65		2434.31	1907.76	3248.57	1997.81	3651.18	3326.35	2920.97	3186.26
SLC25A3	8	8	38130.2	78546.9	81918.8	107957	47962	70952	100076	99963.3	76520	129898	83491.6	84483.9	82320.1	102089	97059.8	70857.9
SLC25A30	1	1					1888.85	1252.33	1921.43	1296.38	2000.87	1559.61			2291.38	1269.76	1617.58	1984.09
SLC25A32	1	1	1240.08	913.158	1401.03	884.876	828.205	649.834	776.86	940.912	787.665	1445.21	941.104	745.053	662.847	833.308	970.618	763.556
SLC25A35	1	1		1037.39	1111.92	615.631	2472.93	1638.86	1913.19	2715.3	2840.09	2975.06	2438.81	2208.12	5826.74	2784.07	2834.01	4187.29
SLC25A36	1	1										1268.72				1326.2	914.804	
SLC25A4	2	2	33785.1	28831.8	47687.9	32414.2	17734.6	23070.3	18818.3	19906.2	29928.8	27384.8	35268.2	32454.3	23670.6	16888.4	21151.6	18655.1
SLC25A40	4	4	867.063	765.474	794.904	943.587	3305.54	2543.33	2653.87	2623.3	2625.43	2487.96	2213.71	2566.84	3255.21	3137.48	3852.82	3492.3
SLC25A42	1	1	790.975		722.807	473.051					535.525		512.021					
SLC25A43	1	1	652.194				936.409	810.561		562.664	531.331			609.266	871.17		504.163	
SLC25A44	5	5	1573.09	1680.93	1845.72	1604.72	2180.43	2565.36	1774.08	1855.13	2200.62	1999.27	2127.81	2493.01	2734.97	2324.41	2388.07	2092.19
SLC25A46	4	4	2062.08	2029.87	2581.72	2541.15		960.232	2604.16		2143.87	2379.11	1207.21	2216.25	2327.01	2276.59	2683.47	2939.84
SLC25A5	4	4	27792.4	33693.2	53355.2	40278.1	46421.2	60431.1	57821.4	51473.2	96559.7	139534	84282.5	91479.6	114470	135911	115375	79358.5
SLC25A6	7	7	34609.9	30953.5	44267.4	37062.5	22083.3	32086.5	22769.4	20969.6	59874.7	71710.6	98419.4	76005.3	65378.1	65894.4	90108.8	112580
SLC26A11	6	6	1162.31	1098.81	945.597	795.789					5556.15	3433.98	4092.66	3892.38	1495.64	1114.77	1510.76	1585.13
SLC26A2	3	3	2037.8	2031.44	1816.28	2120.52	1456.42	1883.77	903.538	1183.13	1593.34	1650.31	1382.24	1417.92	780.362	1000.42	1012.92	1051.14
SLC27A1	13	13	5334.43	4770.26	6152.21	4799.08	4583.09	4527.96	4148.95	4058.55	17602.4	18230.2	16392	17053.4	16103.1	13794.3	14543.1	19008.8
SLC27A3	10	10	3450.26	2988.38	3188.07	2806.49	2578.37	2462.35	3193.42	2583.73	10875.4	10716.2	8180.41	10004.5	10648.4	8509.01	10687	10920.8
SLC27A4	14	14	6960.43	8762.74	8487.96	8752.53	4772.51	4118.33	4209.39	4614.33	11774.8	12980.2	11514.2	11607	10312.2	11194.6	10849	11573
SLC28A3	1	1													1162.01		2097.57	
SLC29A1	4	4	2882.51	3344.19	3817.83	6617.29			1293.51		3116.87	4002.69	3124.5	2941.92	3566.53	4098.83	4047.73	3106.15
SLC29A2	2	2	751.615		763.718		2135.06	1900.1	2290.01	1736.39	1145.35	1312.47	1083.06	1275.24		323.294	491.775	
SLC29A3	3	3		618.737	1000.54	998.285					13101.1	11282.2	15953.3	10126.6	6251.48	5892.82	8614.36	6059.37
SLC2A1	6	6	65844.6	63444.3	69475.6	68639.8	164855	148292	120968	112811	2348.47	1626.05	4434.52	2884.96	1755.86	779.675	1454.81	1111.91
SLC2A10	4	4	79160.7	124533	520608	229437	8883.06	19256.9	68484.4	8056.05	23448.4	22759	29454.9	17385.6	27039.8	35302.2	45956	35465.7
SLC2A12	2	2					1142.87	938.401	1211.27	1241.86								
SLC2A13	2	2		1117.51							2389.86	3795.53	3471.04	2766.59		1178.38	1078.84	1294.37
SLC2A5	7	7									2269.57	1633.94	1335.55	1218.15	13785.9	16517.5	14250.1	16406.4
SLC2A6	2	2	2406.74	1989.4	1656.93	1392.26	3366.06	2285.88	2984.33	2473.92	5326.78	5062.34	5398.74	4900.39	1985.41	1891.02	2356.64	2671.58
SLC2A8	2	2									4351.77	5073.47	5591.63	4019.29	991.228	1267.26	1108.53	1203.62
SLC2A9	3	3									3786.53	3708.94	2764.52	2847.5	1320.56	1623.55	892.803	
SLC30A1	6	6	4686.45	4610.05	4653.4	5503.38	2069.75	1920.53	2037.84	1602.72	8028.14	8071.34	7248.99	8016.17	7513.63	6126.38	7700.01	7252.21
SLC30A5	3	3	2830.43	2431.54	1910.18	3107.86	1661.03	1050.61	1718.24	1377.35	1825.55	1572.67	1562.82	2118.17	1806.79	1814.93	1410.36	1862.89
SLC30A6	3	3	3916.98	3212.82	4033.47	3396.77		2275.86			3924.6	3207.84	4931.28	3637.51	3232.24	3089.09	3498.69	3601.21
SLC30A7	2	2	17640.7	17211.6	17161	17788	7274.42	8002.81	6515.92	5970.07	17602.1	16329.1	14049.7	14032.6	12780.4	12827.7	15218.8	13383.5
SLC30A9	8	8	3186.63	3205.32	4078.32	4310.03	3826.44	3120.53	3058.44	3353.29	2837.06	2756.18	2995.58	3192.75	4174.83	3205.16	3545.15	3613.47
SLC33A1	5	5	3979.97	4409.4	4538.29	4784.01	3934.7	2929.09	3157.91	2147.95	4935.39	4808.25	4431.8	4777.43	4801.95	5033.71	6774.24	5602.12
SLC35A1	1	1	306.247				228.245	188.863		73.0316	283.867	62.5304	158.852	292.116	171.274	110.874	194.606	
SLC35A2	2	2	8792.83	10302.2	8271.31	6736.03	3934.31	3223.41	3955.1	3485.39	3833.74	2892.99	3980.33	4328.39	3218.34	2689.33	2855.22	3316.29
SLC35A4	5	5	12559.1	12259	14843.3	12350.5	6706.47	4635.2	9000.22	7863.04	36006.6	34525.3	31406.3	37506.6	35373.3	27563.8	28617.7	35845.9
SLC35A5	2	2	954.36	765.617	910.971	792.688						910.777	1276.06	1224.45		1081.4	556.675	850.614
SLC35B1	1	1		797.25	1017.97	1412.28					1571.09	1642.53	1180.36			1769.76	975.139	
SLC35B2	5	5	14754.7	12728.9	10478.6	16907.6	17222.7	17327.2	16737.4	14910.3	13134.4	8670.56	6063.22	8447.45	6184.76	4699.46	5221.42	5575.44
SLC35B3	2	2			1464.61						1315.86	1309.15	837.026			1159.34	1220.77	1262.75
SLC35C1	2	2	834.12	1524.61	2031.38	2083.77				715.551	1278.77							
SLC35E1	3	3	5699.97	6237.84	7083.48	5569.35					7696.06	7828.99	8418.43	6759.62	7782.59	10879.6	9297.19	9292.48
SLC35F6	4	4	3998.01	2621.62	4588.71	3757.29	4491.75	5214.37	4106.97	3690.83	15277.8	11756.8	5950.64	6978.27	4559.36	5686.08	6312.5	4069.5
SLC36A1	1	1		148.198	420.636	140.14					1698.12	3126.46	1697.16	1331.45		300.519	196.683	369.302
SLC37A2	1	1									37879.6	37456	15275.7	33222.7	8269.93	7991.33	10595.1	8201.48
SLC37A4	3	3	2922.22	2734.93	2197.67	2575.63	5579.34	4478.07	3654.98	3500.39	8685.47	6954.85	8295.36	9686.99	5437.68	5904.72	6648.19	7567.42
SLC38A1	1	1	3844.58	5162.46	4594.18	5220.94		1439.44										
SLC38A10	12	12	6249.93	5046.85	5758.86	4742.35	4913.35	3533.79	3811.76	3406.78	4717.27	3345.61	4693.37	4967.73	3325	2103.55	2496.84	3480.9
SLC38A12	3	3	3658.78	2389.31	2739.63	2900.71			10365.3		8428.7	7092.02	10694.8	11113.9	4754.11	2051.25	1905.82	3838.03
SLC38A2	2	2	947.508	1091.6	1653.09						2592.76	3695.45	5045.8	4139.31			1563.79	1789.99
SLC38A7	3	3	668.792								6048.38	6385.73	7266.91	5503.85		1623.24	1848.84	1711.06
SLC38A9	1	1									3295.6	1461.29	2018.3		2687.31		2506.97	
SLC39A1	1	1	3096.42	1754.61	1679.92	2218.96	1363.32	1436.76	860.291	1240.54	4087.52	2714.48	4021.13	5117.13	1714.12	703.303	1378.1	1716.91
SLC39A10	3	3	4992.47	4943.19	4992.1	4519.83	2151.6	2492.47	2177.14	1594.83	4004.43	3153.56	3445.44	3432.01		3132.77	3101.35	2244.18
SLC39A11	3	3	3913.74	3765.25	5062.32	3218.81	2000.46	849.318	2971.01	1390.71	7925.42	9809.17	9076.78	8550.56	4664.69	6233.04	5511.91	6069.79
SLC39A14	2	2	1924.8	1900.48	2264.21	2108.89		828.64										
SLC39A7	2	2	19521.8	12835.7	12259.7	14073.7	6900.1	9669.95	9123.07	8114.07	10593.8	5820.42	4106.92	5470.7	9574.14	7959.06	9504.69	7984.75
SLC3A2	25	25	83278.5	94294.1	87638.8	100592	83030.1	78066.4	64854.1	53850.5	51294.8	51213.8	41809.9	49504.8	72540.2	71302.4	82351.9	83196.6
SLC41A3	1	1	421.854	480.412	672.788	557.462	168.309	174.943			300.462	464.513	584.1	453.55		195.361	280.732	
SLC43A2	1	1									7311.81	5723.09	6916.58	8442.13			7203.02	
SLC43A3	1	1										957.543						
SLC44A1	2	2	732.887		789.974	738.013	808.497	1575.54		428.185	3982.92	4524.17	4731.24	4113.22	1404.39	1376.62	1701.12	1658.22
SLC44A2	2	2	1268.27	1239.98	2039.54	1509.25		853.44					2297.99	1044.94		1707.01	1842.36	2107.27
SLC46A1	2	2									6600.05	7864.92	8088.67	7044.35	3100.73	3047.52	3190.47	4500.85
SLC46A3	1	1			431.441	362.565		334.842			1698.08	2101	1922.62	2265	639.472	467.556	494.859	590.102
SLC48A1	2	2		815.909	624.043	533.684	1488.64	506.348	688.952		4578.28	5110.42	3028.53	3518.17	1359.75	1002.11	1156.13	861.795
SLC49A4	1	1	1726.7	1645.38	1959.3	1461.74	1564.68	1112.8	1032.23	1080.04	8462.52	12397.2	10124.7	12318.5	4602.45	3536.91	3716.8	3177.44
SLC4A1AP	12	12	4472.04	3757.79	3992.06	3816.56	5983.82	4315.92	4747.61	4258.68	5990.03	4892.45	6305.37	6001.19	6665.98	4551.91	4961.19	6652.37
SLC4A2	8	8	3267.74	3318.15	3230.75	4184.49	1834.59	1197.94		1784	4939.45	3114.05	4285.92	4603.89	5153.69	4688.42	6445.4	5460.46
SLC4A7	8	8	5079.53	4302.74	3842.31	4262.92	13546.4	13218.3	11543.7	9822.39	2618.7	2577.67	2641.81	2701.51	2057.72	2413.11	2809.24	2419.88
SLC52A2	1	1									4859.62	6343.83	4691.55	4042.41				
SLC5A3	1	1									5048.7	4393.58	5314.91	4252.81	3695.66	3005.21	4651.81	4258.44
SLC5A6	2	2									2301.24	1682.38	2113.79			1161.87	1915.06	
SLC61A1	2	2		1925.04	1523.42	1063.21						1974.94	2349.76	2988.51		1221.25	2063.63	2712.51
SLC66A1	1	1									3460.74	1626.43		3381.74		2014.15		
SLC66A2	2	2									1764.77	2420.59	2402.04	2046.06	2004.66	1828.84	2374.82	2172.87
SLC66A3	1	1	2113.3	1759.5	3093.2	2352.15					2215.16	1823.11	2691.66	3372.9	1434.95	936.28		
SLC67A1	3	3	3632	2649.27	2657.42	3596.32	4701.5	4342.47	5094.98	5512.14	10350	10432.8	8777.85	9866.81	5680.2	5299.21	5156.73	5275.17
SLC6A1	1	1			673.083													
SLC6A6	3	3						2859.02	3701.75	4525.3	7834.24	6790.26	9218.46	7790.87	4587.55	4918.46	5464.95	5024.05
SLC6A8	1	1	1400.95	1392.5	1578.31	1586.09	1488.07		1707.1	1369.8								
SLC75A1	8	8	17503.9	15997.6	18649	15734.6	18278.2	14773	13137	11682.9	14486.3	13715.2	14165.6	18237	12654.5	10859.1	11492.2	14838.4
SLC7A1	1	1	9239.67	8123.55	9769.56	8697.5	15482.1	10904.2	10514.1	10011.3	2633.27	2737.58	1613.04	3102.07	3056.49	2534.06	2238.18	2799.4
SLC7A11	2	2	4192.84	4755.47	3809.28	4559.2	4964.97	5420.93	6636	5121.04							1033.46	
SLC7A5	4	4	18774.8	16843.5	23472.7	19401.6	16579.5	12504.3	14468.3	11668.2	1681.72	2907.03	2871.32	8751.25	16092.8	11835.9	14285.9	13563.4
SLC7A6OS	1	1	3450.99	1452.66	2460.99	1593.27		2285.71	2391.04	1886.51	3239.89	3008.02	2185.24		2885.05	1819.57	1748.47	2777.35
SLC8A1	3	3	1149.16		1880.11	1294.28						1366.21	1094.49		2472.2	3021.39	2920.74	2878.26
SLC8B1	1	1									2318.08	2812.29	2307.08	3279.31	2439.68	1644.1	1559.56	1929.54
SLC9A1	3	3	448.582	455.564	790.016						1219.55	1199.75	1722.23	1267.46	814.806	908.188	1426.39	917.021
SLC9A6	4	4	1592.92	3248.82	1866.48	2265.16		1181.33			5104.18	3002.11	5011.04	3770.17	2516.53	4095.2	3925.83	3329.95
SLC9A7	4	4							1456.79	1024.42		1454.77	1147.14	3409.71	2671.32	2059.36	2125.16	1931.83
SLC9A9	9	9	1377.73								11738.1	8554.08	10597.9	9431.1	2423.97	1105.16	1895.12	1922.58
SLC9D1	2	2	2967.19	3736.23	4243.89	3086.1	4476.12	1509.85	2503.17	1755.48	2275.49	1326.53	1840.88	1538.39	1069.05	866.016	1280.98	979.389
SLCO2B1	7	7									10437.8	9850.87	11110	11158.9	7085.03	5173.71	5393.16	6171.75
SLCO4C1	1	1					915.685	969.738	1022.38	802.769								398.115
SLFN11	4	4					3297.98	3271.08	3239.1	2706.51	6965.57	7834.19	4839.24	6538.7	3188.19	4748.2	6017.97	4164.15
SLFN5	8	8	7620.85	9215.8	10345.9	9128.03	5155.32	4536.77	4430.21	3237.82	3014.26	3179.18	3720.1	3189.52	5403.02	7072.81	7600.22	6288.13
SLIRP	4	4	18434.8	18011.9	22788.8	26240	11026.7	22211.5	10646.4	10962.8	24884.5	26637.6	25466	21716.5	34853.2	34451	37582.8	33843.1
SLIT3	6	6	3639.02	3216.53	4037.6	4045.14												
SLK	29	29	9817.43	8828.62	8093.62	9798.28	12527.5	10664.7	10487.1	10278.5	11602.4	9063.05	10003.7	11411.2	8197.81	7407.11	8183.8	8747.46
SLMAP	19	19	8226.64	7191.51	9959.66	7052.48	3576.27	3129.17	2469.99	2713.57	3118.32	2742.14	3339.18	3038.38	2313.46	2141.95	2241.72	2292.39
SLTM	18	18	5941.81	5798.5	6428.9	6388.34	6902.32	7016.61	6795.61	6525.99	5890.96	6274.02	6084.12	6258.94	7617.1	7049.88	7790.76	7601.16
SLU7	1	1		1237.32							1514.1	722.212		1231.88	1489.95		1387.93	1680.53
SLURP2	1	1	1822.86	994.728	2218.11	852.561	1705.42	1183.2	2204.93	1567.86	3144.94	1548.21	2965.74	2818.34	1967.92	1042.23	1406.84	2034.1
SLX9	4	4	2452.72	2000.61	2402.08	2182.05	2643.43	1995.1	2167.43		2807.42	3268.07	2960.76	2523.83	1800.31	2447.36	2791.12	3298.87
SMAD3	3	3		2072.89	3033.4		7996.57	5787.48	5942.82	5376.11			2721.37					
SMAD4	4	4	4086.83	5271.62	5370.43	5469.76	4013.43	3340.41	3621.82	2513.12	2855.23	4126.9	4465.29	3404.01	2366.33	2816.41	1898.05	2037.06
SMAD5	1	1		1363.63		1097.08	1902.4	2730.7		2108.72								
SMAP	1	1	1046.28		1395.09	1424.09		960.62			793.091	824.568	1199.24	917.154	752.084	2747.14	2293.58	1304.62
SMAP1	3	3	4226.36	5256.46	6630.05	5560.79	6877.29	5099.05	7555.57	6218.17	6434.76	6020.63	5300.34	6046.39	4951.1	5415.26	4668.17	4698.33
SMAP2	9	9	8084.37	10512.1	7834.19	8129.11	4600.52	4024.37	3440.74	3329.73	21150.7	20979.3	20854.6	22965.1	12679.3	14508.3	13115.5	14283.9
SMARCA1	12	12	5631.84	4601.52	4325.01	4409.92	5312.17	5736.65	5607.86	4982.1	2898.97	3428.75	2469.19	2683.66	1851.24	2455.53	1455.56	1830.29
SMARCA2	16	16	3741.93	4269.93	3875.54	4196.75	7015.29	5596	5466.91	5529.82	4640.7	4944.36	4358.23	4922.14	4971.92	5146.94	5976.62	5516.24
SMARCA4	18	18	7969.68	7735.64	9104.79	8028.56	10896.2	9390.4	9191.01	9445.94	6573.84	7078.93	6264.96	7024.33	5902.1	6126.35	6378.76	5884.49
SMARCA5	16	16	8386.15	7630.14	9559.25	9178.62	16808.5	16182.5	16529.6	16719.5	8539.5	9083.85	8131.24	8552.66	9776.96	9466.09	8889.08	9720.83
SMARCAD1	1	1	1238.03	1034.33	1355.18	1174.7					2214.53	1671.76			1793.9	2021.13	2296.49	2316.84
SMARCAL1	9	9	2539	2228.37	2482.62	2709.95	2911.9	2482.89	2854.94	2405.18	2911.63	3046.34	3015.32	3127.96	2746.33	2445.69	2408.9	3015.82
SMARCB1	5	5	4182.7	2620.59	4500.31	2445.45	3433.51	2833.93	2712.98	2132.13	4396.99	5519.5	4859.79	4259.77	5681.16	5429.33	5151.54	5373.7
SMARCC1	11	11	4446.27	4568.62	5242.91	4769.88	5911.48	4234.83	4610.7	4166.13	3721.83	4026.2	3834.62	4192.28	3658.86	4174.67	4205.21	3923.31
SMARCC2	18	18	5317.25	4555.52	6338.55	5555.78	9714.75	9603.76	7649.37	6975.33	6374.98	5534.35	5214.63	6131.27	6373.9	5328.58	5572.16	6285.81
SMARCD1	6	6	1671.68	1256.67	1426.11	1320.34	2174.69	1856.87	2014.78	1793.7	2312.62	1702.73	1371.36	1717.82	1651.8	1385.84	1502.17	1982.78
SMARCD2	8	8	3021.89	3115.29	6613.66	5829.4	11345.2	7928.24	8534.16	8140.8	5024.25	6462.86	6307.14	4852.06	5750.86	5564.5	5571.35	6488.81
SMARCD3	3	3	1630.62	1317.56	1672.84	1798.19	1109.94	705.707	483.349									
SMARCE1	13	13	7164.84	5740.54	7631.27	7210.14	10153.6	8537.75	9406.38	8838.19	6090.56	5933.1	5412.81	5345.92	5642.51	5006.84	5135.77	5694.49
SMC1A	40	40	8170.27	7347.98	9780.33	9310.28	19751.3	20110.3	19406	19297.3	12681.4	13514.7	10819	13415.6	10975.1	10598.5	11204.1	10315.2
SMC2	34	34	6468.07	5469.08	6588.25	6988.22	17950.2	16765.3	16057.7	16399.7	8444.87	8223.77	7383.32	8609.22	5380.94	5301.82	5843.29	5561.35
SMC3	52	52	7622.74	6181.72	7565.66	7495.9	18087	17439.8	15690.6	15463.1	9012.97	9856.64	8666.54	10056.9	9186.21	7553.16	8176.55	8638.82
SMC4	36	36	4586.21	3718.65	4937.9	5239.98	14210.1	12895.8	11734.4	11789.8	6122.67	6060.25	4930.45	6365.89	3557.79	3714.83	3642.72	4159.12
SMC5	8	8	1578.49	1801.36	1713.97	1749.73	3215.56	2900.69	2809.6	2975.73	1560.05	1773.67	1573.08	1588.31	1338.03	1430.08	1180.04	1487.96
SMC6	8	8	1515.04	1635.44	1946.29	1573.1	2314.59	1609.2	2145.91	1920.56	1356.91	1748.56	764.56	1656.32	1296.79	1153.55	1160.58	1550.08
SMCHD1	33	33	5264.07	5094.76	5737.98	5541.15	8140.82	7196.37	7075.04	6613.44	6353.46	6347.99	5789.29	6009.84	5649.88	5743.22	5134.65	5555.15
SMCR8	10	10		14855.7	4862.32	7142.92		4200.88	3685.52	2551.34	10294	9164.53	7278.11	9335.52	8437.92	7858.43	8056.45	9499.7
SMDT1	2	2	2580.18	2968.46	4246.65	3708.17	1729.81	1445.95	1763.58	1939.5	1067.93	1456.65	1000.04	1344.69	1087.74	2601.95	1884.14	1452.33
SMG1	13	13	3447.68	3397.06	3466.93	3159.96	2814.12	2530.71	2395.93	2648.46	2928.35	2439.56	2677.55	2599.99	2454.93	1800.09	2442.96	2101.04
SMG5	3	3	2349.6	1678.03	682.093	2873.2	2382.62	1999.34	3204.16	2473.2	1332.99	1837.81	1621.08	1785.53	1217.33	1433.31	1311.88	1698.59
SMG6	7	7	3685.19	4263.68	3430.01	3859.44	2713.39	3215.63	3031.26	2662.39	3415.89	2321.06	2358.04	3472.86	2830.38	2371.99	2604.4	2553.16
SMG7	3	3	1487.21	1716.69	1420.89	1919.21	1692.89	1117.53		1119.38	1914.31	1412.4		1955.66				1442.94
SMG8	11	11	4848.09	4300.49	4427.62	4356.24	3541.92	3530.08	3025.23	3422.34	4563.32	4153.92	3989.35	4880.16	3921.36	3819.51	3806.63	3933.91
SMG9	4	4	1976.52	2547.84	2485.14	1949.79		1181.33	1400.18	1729.37	2652.76	3083.75	2674.21	2410.1	2505.01	1834.07	2316.46	2152.54
SMIM1	1	1					2134.44	1601.24	1567.35	973.818		1057.39						
SMIM11	1	1			1038.28	455.327					466.987	559.901	407.118	554.544		754.337	275.565	388.219
SMIM12	2	2			559.286			550.775			2504.76	1804.32	1319.03	2177.76	1614.37	1132.63	1024.21	1680.74
SMIM20	1	1	3769.96	4001.77	3851.7	4545.44	9693.43	7994.38	7637.36	6271.93	5952.64	6530.06	4929.82	5807.81	6245.58	4757.31	4588.78	5130.27
SMIM26	1	1			427.152			409.931			874.949	1011.18		1156.86		670.424	1107.77	957.033
SMIM7	2	2	6012.09	6087.77	5959.26	5728.33		2481.78	2591.99	2220.26	4300.12	4323.52	2723.77	3514.54	4217.2	3780.77	4669.74	4751.87
SMNDC1	5	5	6139.56	5137.54	4886.51	5848.83	9925.74	10267.4	10404.3	8983.01	6430.54	7045.71	5894.55	6180.82	4929.29	5194.8	5312.87	5756.63
SMPD1	4	4	4866.47	3519.17	6492.51	5292.59	2386.45	1471.54	1653.12	2058.74	1466.79	1302.27	1418.77	1361.75	1932.22	867.98	814.808	1309.11
SMPD2	2	2			1411.39						1308.05	899.163		1219.41	1786.86	1134.27	1878.88	1501.97
SMPD4	8	8	9503.89	7931.86	9318.27	9046.91	9053.15	9338.33	8350	7581.02	9585.26	8358.48	9495.31	9620.59	9956.57	10476.5	9340	10415.3
SMPDL3A	2	2	1256.83	1921.43	2089.52	1225.52					1517.96	1001.03		2040.89	1987.17	1466.31	880.054	
SMS	6	6	18422.3	21804.3	15129	19940.2	57915.2	60149.9	54150.5	56855.2	53322.6	53753.4	39383.8	52367.4	24236.6	21813.7	27431.4	29237.2
SMTN	10	10	1639.93	1797.17	2163.77	2508.78	736.62	842.629	184.559	1159.95			658.573					
SMU1	9	9	7578.37	7971.05	8238.19	8551.49	12772.2	10888.2	10469.7	10717.3	7535.52	8153.56	7536.11	7078.74	6936.01	9042.19	8155.6	7264.07
SMUG1	2	2	1972.18	1775.45	1357.39	1609.5	1325.71	848.627	1137.98	1253.64	1228.76	1448.77	675.581	1425.01	853.657	698.667	766.86	828.473
SMURF1	1	1				10209.2											2138.62	2444.13
SMURF2	8	8	3638.76	4188.75	3943.13	5264.77					1062.52	778.352				917.013	1031	1366.43
SMYD3	1	1	9433.89	8995.57	10679.1	12264.7	4366.46	3743.96	3626.22	5600.63	2349.75		3125.35	3098.16		1301.99	2888.55	
SMYD5	2	2	8834.09	7597.66	5937.98	9745.33	3720.9	4826.74	3271.91	3614.88	7060.34	7509.5	3268.45	5277.39	4651.24	7239.45	7634.17	4237.04
SNAP23	10	10	18529.1	14478.6	13932.2	16958.8	9919.54	9588.3	7038.38	7246.21	18314.2	12973.1	15347.2	17607.7	17244.6	12809.7	15381.5	17157.4
SNAP25	1	1					1775.92	1003.51	748.479	1033.5								
SNAP29	4	4	9823.28	7250.12	8212.38	7309.68	10914	7360.41	7115.08	8319.78	20600.2	18058.3	16507.8	18479.7	12599.6	10798.5	10477.7	13463.5
SNAP47	1	1	1896.84		1954.37	2270.13		1474.49	1445.95	1468.91	1271.45	906.73	1213.68		1251.69			
SNAPIN	5	5	8226.23	9095.28	10869.3	8900.81	7209.86	5965.23	9175.6	8533.44	12705.6	18462.8	14887.7	15437.8	11497.4	14601.7	13320.2	11337.1
SNCA	6	6	7995.25	6286.71	8611.89	9906.31	35204.7	40309.3	40959.5	38929.7	26329.8	28009.2	27524.9	23309.2	12659.8	14844	16089.9	14360.1
SNCG	5	5					2937.88	2378.3	3182.96	2256.38	1635.71	2204.36	2011.48	2269.29		1171.95	843.188	1178
SND1	37	37	97213.2	96632.5	101718	107836	56718.7	60950.4	61014	53926	77071.5	78673.8	77141.7	73035.1	88706	98350.5	105739	103367
SNF8	6	6	6832.11	7467.66	8205.62	8356.88	5293.97	7225.69	3136.81	5247.25	9448.71	10711.7	9298.44	9131.63	7573.22	8061.09	9939.29	7262.8
SNIP1	3	3	1640.4	1210.41	1558	1435.53	2314.85	1649.25	1968.08	1437.28	1997.96	1415.77	1490.71	2008.38	1845.17	1425.53	1511.45	1872.56
SNRK	1	1			713.738	578.837					1577.59	1542.74	1298.79	1502.69		687.306	1223.76	1300.57
SNRNP200	66	66	22855.7	22473	23997.5	23583.5	28338.1	29069	24715.7	25604.5	25431.9	25838.4	24083.4	25627.1	26356.7	25166.7	26534.9	26980.5
SNRNP27	4	4	7224.87	7111.58	9205.85	7581.41	6502.48	6151.59	6133.45	5734.98	6775.5	6376.21	6454.34	7399.15	5594.36	6133.25	5577.88	6485.58
SNRNP40	7	7	7108.29	8223.05	11988.8	9992.78	7637.28	8586.57	7473.85	6909.01	9081.08	11506	9000.85	8740.59	8872.52	11393.2	9192.16	9464.9
SNRNP70	16	16	16336.9	19345.3	29777.3	22108.9	26628	22407.4	25276.1	25058.5	29831.1	35002.4	30738.5	25168.5	27181.9	39612.4	38494.1	28162.6
SNRPA	8	8	13289.4	15403.9	11198.1	15952.5	14358.5	18189.8	20840.7	16170.7	15481.4	14805.6	10407.5	15054.8	13880.4	17639.3	17841.6	15103.2
SNRPA1	15	15	18616.8	18078.5	21050.4	20791.9	32737.4	28362.6	28977.2	25694.5	24513	24556.1	25294.5	25996.6	21646.4	22166	20284.7	23029.1
SNRPB	1	1					1205.17	1273.61	1602.76	1061.52								
SNRPB2	8	8	4641.16	6597.8	6580.98	7800.91	11235.7	8835.66	9627.33	7203.3	7395.62	7171.23	6416.25	7290.7	5974.15	6954.85	6488.05	5199.01
SNRPC	1	1	5718.52	4416.16	3388.12	5381.51	12480.8	13767.5	12530.6	12176.6	6489.77	7568.35	4227.95	6746.79	7359.1	9689.83	8992.35	8072.68
SNRPD1	5	5	17115.4	26380.2	28178.1	33433	22977.6	36080.4	27182	24959.7	20057.5	25356	21462.2	22382.7	23960.7	23106.8	21733.4	16509.1
SNRPD2	4	4	9068.9	18419.7	20026.5	33116.5	22805.5	25800.6	27499.2	28950.9	10265.8	18162.7	11462.3	14051.1	9193.74	12630	11069.6	9333.37
SNRPD3	2	2	4920.92	10683.7	15215.3	15288.3	3725.85	10627.3	6308.13	8682.66	10209.6	16827	15220.1	15430.9	5984.32	18374.8	14287.1	9947.13
SNRPE	2	2	39224.1	56649.5	72376.6	101102	70681.1	96030.2	85765.9	89709.4	36981.6	59317.2	37223	45481.7	26064.3	40816.8	35552.8	30631.3
SNTB1	11	11	8403.57	9522.81	9304.39	8479.37	1576.04				11208.8	11019.6	12568.3	11500.4	12574.3	12103.4	14308.3	13928.8
SNTB2	7	7	19724.6	20670	20305.4	24423.2	12533.6	11969.6	11052.3	12652	8212.11	8478.43	7847.75	8451.2	3131.01	2501.6	2988.87	3266.48
SNU13	3	3	12008.4	11465.6	22064.1	11408.6	8038.08	12822	7517.2	18452.8	18546.8	23485	19937	17932.7	19919.5	32170	33409.7	25986.4
SNUPN	1	1	2849.77	2132.08	2054.21	2946.42	2697.54	2443.22	1735.64	2111.45	2742.17	2145.83		2546.25	2103.3	2761.82	2178.06	2631.74
SNW1	12	12	3870.53	4624.99	5911.11	3872.06	5858.89	5049.26	6180.71	4734.81	5942.07	5538.61	5209.21	5178.38	5307.57	6259.16	5337.78	5564.48
SNX1	15	15	26872.7	28824.1	28569.4	27228.6	21873	19086.6	18711.4	19163.6	46694.3	45404.9	41637.6	44270.1	26651.8	25188.6	25666.5	25418
SNX10	1	1									337.564	387.276	445.349		849.019	914.996	940.379	1438.46
SNX11	2	2	3639.57	3516.06	3362.5	4565.46	3286.44	3028.14	2659.39	2836.82	6768.72	7665.36	6473.76	7359.07	4959.48	4846.3	4165.47	4295.97
SNX12	6	6	25019.9	21048.5	17717.8	21608.6	17675	17670.9	14808.2	15357.2	32718.5	30701.8	36768.2	33421.2	23360	20915.4	27363.9	23510.3
SNX13	7	7	1403.84	1308.03	1042.74	1515.15	1386.5	1236.11			2196.92	2125.86	2259.14	1836.34	1567.13	1513.25	1432.95	1766.15
SNX14	6	6	3217.28	2951.25	2758.88	3079.29	3993.65	2268.43	3478.51	3129.61	4778.43	4292.17	3456.3	4863.16	3472.09	3233.14	2809.85	3438.04
SNX15	8	8	5228.67	5823.01	4297.93	6805.98	5478.38	4689.23	4356.14	4930.32	5800.57	5789.59	5514.88	6128.66	4955.76	5705.03	5473.17	5084.28
SNX17	17	17	17342.7	14688.8	17197.9	16433.6	6986.34	5966.63	5962.71	5502.6	35984	38311.6	39116.8	38167.1	18174.7	16601.6	18340.5	20381
SNX18	13	13	6976.76	6600.95	5949.96	5491.26	7177.58	6423.76	6728.37	5514.74	13701.1	15028.3	12837.3	15066.5	12375.6	12725.9	12609.3	12319.3
SNX19	4	4	1832.68	1999.87	2095.37	2064.92	1265.99	1043.41	2154.06	1691.75		1322.72			1681.8	952.874	1258.28	1522.55
SNX2	21	21	21928.6	24265.2	30020.4	27974.2	15322.3	12655.4	12506.7	12369.8	136352	189980	154822	149607	67007.7	76449.5	87822.5	72025.3
SNX21	3	3	817.348	783.761	1088.7	964.995	619.893	661.157	962.056				370.979					
SNX24	3	3	3913.74	3424.77	4161.53	2999.12	7031.96	5632.04	5486.62	5935.22	7739.93	10031.2	6854.65	6957.46	5057.65	5412.15	5828.31	6204.61
SNX27	14	14	10408.9	11009.4	11591.8	13937	7123.02	5098.49	5016.12	4806.41	28991.4	37391.3	30924.1	30726.2	17971.3	18111	20427.6	19290.8
SNX29	4	4	2168.2	1894.08	1674.09	2431.17					4166.73	3571.2	4102.28	3907.8	2459.13	1973.71	1872.54	1836.9
SNX3	5	5	19368.5	19223.7	11728.5	26758.4	12532.8	10085.9	8942.77	10489	59609.9	70885.1	52133.5	59513.6	18761.7	16457.2	22086.5	21334.1
SNX30	12	12	2488.41	2714.87	3048.31	3079.9	2438.94	2837.21	2754.94	2178.4	8956.18	9816.57	8666.61	9668.97	7251.58	6837.99	7169.96	7900.95
SNX33	1	1	930.823	1968.56	2744.36	2031.93	396.66	1140.76	764.092		993.306	1182.58	1991.52	3908.72	1077.82	997.981	1799.6	997.923
SNX4	12	12	8421.23	8888.04	8144.93	9432.81	8039.35	7755.97	7292.85	7338.57	12247.7	11733.7	11307.7	13175.3	10063.9	8860.46	10473.3	10528.8
SNX5	16	16	12041.9	12670.5	15106.7	15034.3	21464.8	21786.2	20863	19759.7	104536	115203	92127.6	100193	65307.4	71253.1	77483.5	68943.6
SNX6	18	18	14183.7	16884.5	15781.4	17738.1	9395.74	8982	8468.49	7484.9	63952.4	67674.6	47476	56599.7	22441.6	25118.9	26957.2	22768.7
SNX7	8	8	3939.82	3844.16	4462.02	4397.51	3750.52	3590.39	2945.04	2885.34					2187.81	2285.07	1976.63	1704.52
SNX8	15	15	4239.2	4272.35	4882.14	4820.39	4195.32	3562.04	3559	3359.13	14385.8	17921.6	14617.9	17273.1	9536.72	8916.67	9670.84	10282
SNX9	12	12	15280.6	17479.3	17267.8	17046.8	26119.4	31770.7	29933	32515.8	32665.3	32026.1	26598	31397.8	32091.6	23647.2	33432.6	35812.1
SOAT1	8	8	6784.88	7112.53	10019.4	8158.97	7780.81	5457.97	5807.38	5549.2	11123.7	9869.26	8646.54	7673.01	13892.3	17940.4	17883	18409.5
SOCS6	5	5				1363.7					5176.43	5069.01	4740.08	4220.93	5795.46	5635.9	5295.63	6234.39
SOD2	7	7	11946.8	13817.9	6889.97	14241.4	25642.2	18437.3	16214.6	27361.5	22603.9	17057.6	16925.8	35449.6	15171.2	8883.57	12407.1	15972.3
SOD3	1	1	4239.95	1403.18	1157.18		3145	3564.01	4137.8	4211.72	2079.12		1414.9	2203.7				1459.75
SON	22	22	9310.28	8972.68	9201.53	9582.71	11793.1	11573.8	11309.1	9943.74	9151.14	7939.84	7320.12	7749.3	8222.02	7673.22	7816.22	8146.61
SORBS1	9	9	1539.16	1258.24	1290.32		8408.78	7820.52	7657.96	7705.65								
SORBS2	12	12	17456.3	17011.1	19207.2	19634.2	4106.08	5870.86	4352.87	3429.57								
SORBS3	14	14	10666.5	11611.1	10915.5	11774.4	5904.59	5602.87	4675.77	4938.45	5444.39	5084.31	5496.12	5583.31	3237.75	3397.17	3073.3	4350.55
SORCS2	7	7	2187.99	1750.83	2218.64	1606.38												
SORD	9	9	9269.99	9887.37	8194.64	8835.08	15386.7	15771.3	15258.3	13723.3	14515.8	15558.2	14689.4	16747.1	11001.5	10400.3	10124.5	9258.39
SORL1	28	28	1552.84		1464.01	3773.24						814.35		1352.62	4932.39	5948.23	6030.05	5425.47
SORT1	7	7	3266.07	2616.64	3340.58	4275.32	5727.53	4170.26	4496.68	5422.56	5259.49	4541.88	4404.17	4762.47	10943.8	9001.88	10165.4	7646.36
SOS1	4	4	1764.86	1973.06	1276.38	1853.41	1084.03		977.891	836.723	1852.59	1773.62	2824.3	1417.5		1119.38	826.527	1139.71
SOWAHC	3	3		1312.37	1600.31	471.674		1514.35	1778.97	1826.64	717.577	1410.77	1088.29	987.51	1065.99	951.672	1314.75	1071.92
SOWAHD	6	6									2876.94	2022.34	2755.25	2783.85	2225.88	1586.1	1819.57	2952.49
SOX13	1	1						328.708	203.12	307.222								
SOX3	1	1					613.45	535.327		520.875								
SOX6	1	1		23594.8			3894.18	4601.04	4804.12		2892.85		4009.07	2805.63	1507.53	964.599		1692.85
SP100	7	7	4785.7	4078.56	4871.23	5208.6	4189.06	2942.93	4154.06	4008.21	4064.58	3983	3896.82	4022.06	4114.19	3526.56	3801.41	3264.42
SP110	3	3	627.434	569.711		855.299					1329.51	930.853	706.659	1002.18	774.711	916.8	771.679	721.722
SP2	3	3	1149.89	593.212	885.28	878.879	1011.89	1004.79	931.939	1340	839.373	1094.27	995.165	942.17	742.25	592.733	589.674	666.211
SP3	2	2	1284.97	1269.07	2637.65	1986.95	1377.27	2694.31	1370.17	1327.84	1817.57	2106.34	2258.1	1327.57	2237.28	2081.5	2090.45	2173.49
SPAG1	2	2	984.134	541.526	638.136	588.037	2587.27	1524.95	1711.35	1623.85								
SPAG5	6	6	568.502	949.382	461.35	715.532	1633.56	1353.24	1309.82	1762.25	786.59	896.184	1283.79	942.966				
SPAG7	4	4	4075.75	3151.66	4237.52	2505.27	5082.69	3633.24	3301.67	3249.3	5253.29	4942.9	5136.66	5086.92	4499.95	4335.46	4987.91	5170.98
SPAG9	32	32	9400.89	9359.39	9118.26	9824.67	7838.42	6799.22	6609.64	6139.25	10379.5	10364.8	9713.31	10951.2	7881.15	5748.78	7035.89	6891.38
SPARC	6	6	110228	109161	104474	94499	6755.17	4683.07	4055.31	3345.36	5011.85	3981.04	12826	5271.44	5926.15	5331.94	6485.36	6862.36
SPART	12	12	7488.3	6789.48	5578.38	6841.35	11528.2	12049	11188.3	9374.66	11082.9	10287.2	9733.4	10939.3	4296.4	3492.41	4674.28	4944.66
SPAST	4	4	5577.3	6028.96	5696.38	8156.58	5242.55	3593.22	4365.76	3505.6	7293.69	8064.49	6703.18	7412.67	7047.47	6769.78	7326.64	6672.08
SPATA20	4	4	2420.2	2293.66	2421.84	1962.27	2073.9	1975.39	1990.89	1969.41	1423.03	1041.21	1240.22	761.895	1830.57	1167.08	1232.65	1299.15
SPATA33	1	1	1215.59	947.394	569.99	1139.18	539.948							557.633	385.456			
SPATS2	3	3	2365.41	1940.61	2988.24	1935.82	1570.56	1567.49	1379.92	1301.83	428.499	663.296	573.966	809.238		322.441	414.667	377.975
SPATS2L	12	12	9848.17	8961.73	9497.96	9898.58	8972.48	8285.79	8546.6	7993.27	3469.31	3780.09	3017.58	3864.88	2980.98	2355.42	3398.8	2885.86
SPC24	6	6	4380.54	3394.85	4751.4	3859.38	11360.6	8698.68	9312.2	8514.69	3977.02	5211.02	2876.31	4649.8	3604.6	1954.31	2561.2	1077.78
SPC25	5	5	2839.81	1876.11	2596.07	2948.1	5497.95	5155.5	4660.65	4542.5	2815.25	2527.79	2597.28	3250.96	1232.43	1196.49	1213.97	1621.56
SPCS1	1	1	4955.87	3165.87	1921.05	2156.26	2758.13	3085.03	1673.54	1528.83	5718.89	1544.89	4422.82	6353.98	4666.64	1915.1	4184.62	4939.81
SPCS2	7	7	24428	25779.8	47491.6	31351.4	16183.9	14564.9	18250.8	10633.8	34380.4	41943.1	38488.4	34952.3	23550.8	29735.9	31967.2	32937.7
SPCS3	6	6	29624.6	37779.5	40397.5	35620.6	15338.9	15929	18032.9	22437	29475	54615.9	28269.1	38675.7	27225.2	36095.9	32394.1	27159.8
SPDL1	2	2	3657.6	2421.7	2805.52	3735.08	2726.82	4039.32	3592.17	2995.28	2069.18	2207.89	1709.22	2097.68				
SPECC1	18	18	6310.66	5836.09	6911.56	7028.04	11015.2	9147.21	9689.1	9166.61	9429	11634.1	10411.7	10737.2	9601.34	10101.4	9769.86	10058.4
SPECC1L	25	25	8501.25	8799.64	9797.7	10509.4	3910.06	3237.22	3214.02	2850.61	3064.39	3013.97	3091.47	2707.55	2781.98	2679.1	2646.01	3040.03
SPEG	3	3	1063.36	760.639	726.715	1165.97												
SPEN	9	9	1523.26	1574.86	1440.58	1651.72	2402	2361.1	2520.04	2881.23	1939.87	1676.03	1642.89	1680.24	1857.97	1721.16	1711.91	1567.07
SPG11	21	21	3627.4	4030.07	4241.82	3959.47	4440.78	4014.85	3676.24	2831.54	7782.77	8007.47	8402.91	8342.96	6263.02	5053.5	5926.69	6535.71
SPG21	6	6	2394.52	2233.31	1533.63	1782.25	2475.53	2373.77	1855.12	2015.52	10725.2	8723.92	10617	11868.1	6507.47	5333.71	7048.32	6521.21
SPG7	14	14	2960.33	2882.63	3807.22	3273.4	2434.35	1847.66	2150.74	2880.91	3901.29	5139.45	4996.75	4315.86	4770.16	4746.66	5106.71	4773.44
SPHK2	4	4	3564.97	2110.68	2219.29	2137.02					1815.52	1431.2	1142.71		2193.43	1606.96	1625.66	2041.47
SPI1	3	3									8245.48	9624.83	6426.29	7241.39	9260.95	14053.4	11681.3	11499.2
SPICE1	1	1						1886.47										
SPIN1	4	4	3964.04	3646.97	1733.65	2322.3	8397.84	8183.32	7483.91	7160.72	3972.15	3315.01	4016.19	3918.81	4197.31	3436.46	4335.63	3466.88
SPINT1	2	2					2710.89	1919.1	1801.56	2017.93			1202.3		1376.42	784.852		989.041
SPIRE1	5	5	2902.74	2974.59	3133.36	3146.53		1370.89	2642.64	924.681	4206.66	4036.11	4222.59	3828.95	2932.29	2114.14	2001.27	2768.29
SPN	3	3									8631.52	7749.03	5710.89	7358.67	18308.9	19633.2	19802.1	19500.5
SPNS1	8	8	8417.72	9490.39	11546.5	8754.95	4629.62	3009.25	2473.87	3605.43	28625.6	34363.5	34511.6	30266.6	11106.6	12353.7	14316	12357.5
SPOUT1	2	2	1556.53	1703.15		1750.34	2218.52	3089.41	2255.5	2219.33	1713.69	2591.85		1001.62	1926.79	1525.88	1921.23	1674.86
SPP1	5	5						973.441			3168.3	3131.82	2051.98	2482.94	9493.47	8938.92	11919.2	7062.73
SPPL2A	2	2	473.252		392.727	699.946					1977	1846.25	1979.54	2985.98	1313.13	541.85	759.56	1084.7
SPR	11	11	6753.21	6665.07	6373.97	7279.46	10301.4	9783.29	9316.62	8803.8	19251.1	17712.5	16441.9	17048.3	28073.4	26956.4	28888.4	31441.6
SPRR3	8	8	1006.22	1757.77	12706.6						1611.44	2162.6	3163.05	1842.78	1954.89	2142.75	1706.36	1390.92
SPRY1	1	1	680.223	450.525	548.725	719.016			518.311									
SPRY2	1	1						3474.1			1437.63	4597.58	1636.5	2143.16				1765.11
SPRYD3	3	3	1629.68	1723.33	1513.54	1610.08	1248.73	1844.01	2163.26	2483.36	1465.22	1415.69	1558.59		1974.08	2121.53	1763.91	1557.82
SPRYD4	7	7	4318.07	3002.63	4106.95	3216.99	3188.15	2060.2	2417.15		6954.87	6977.92	8081.9	6598.59	9976.29	8966.46	10720.7	8806.68
SPRYD7	3	3	5132.76	3714.45	4749.11	5396.96		3960.05	2982.68		3449.3	3568.92	2989.59			2409.71	2740.44	3732.39
SPTAN1	142	142	77790	93842.3	105601	109052	19593.7	18408.7	18719.8	17238	14739.8	15377	16851.2	12963	8652.76	8319.66	9244	9948.05
SPTBN1	85	85	71980	86709.2	95309.7	97907.8	16198.6	15452.5	14878.2	13509	12370.8	13357.2	15894.9	10584.8	7564.54	7117.79	8143.38	8732.25
SPTBN2	8	8	1152.22	1555.77	1955.6	1488.92	2722.67	1938.98	2657.55	2162.38	1128.68	1920.6	21360				339.956	
SPTLC1	13	13	8851.58	11011.6	12544.2	13325.4	5835.94	5025.26	5831.52	5519.98	7661.32	8457.99	8170.64	7916.81	6536.86	5321.53	5812.62	5956.69
SPTLC2	10	10	3079.26	2759.06	3215.88	2797.34	2404.01	2486	1991.75	1384.67	4724.01	4814.87	4470.11	3638.76	2556.88	3157.08	2844.44	3209.89
SPTY2D1	1	1	805.185	902.138	1098.17	1297.31	1098.38	1493.25	1412.03	1567.12	1090.31	769.413	903.362		777.234	1014.31	1226.06	
SQLE	7	7	6045.91	5725.27	9322.92	6873.77	4807.07	9056.49	5355.35	6319.54	18539.7	25017	18958.8	16994.6	3389.75	5909.33	5378.99	4643.77
SQOR	19	19	13938.1	13950.9	14828.3	17332.8	7059.21	5098.07	7668.29	6170.35	111208	125360	102217	109159	251591	195430	255504	242822
SQSTM1	5	5	8676.96	7235.42	11556.3	13123.1	15219.8	12211.2	13305.6	15362.1	21353.9	19502.8	23799.7	18520.6	10276.7	14167	11249.6	9603.6
SRA1	5	5	5819.73	4813.1	4964.55	5356.43	2859.14	2843.87	2520.26	2415.66	4186	2714.22	3715.56	3881.65	3688.38	2681.66	3709.65	3945.54
SRBD1	11	11	4485.85	3816.05	4205.71	4067.42	3279.95	2780.98	3357.98	3023.18	4035.07	4192.31	4041.46	4038.47	4764.8	3592.06	3430.87	5104.4
SRC	8	8	3981.72	4728.3	5416.56	4601.73	5112.32	5006.29	3972.6	4344.93	5062.08	4729.79	6158.25	5658.53	3849.04	3871.91	3430.31	4195.57
SRCAP	10	10	3880.19	3987.91	3628.18	3111.62	4889.58	4438.04	4892.1	4149.29	4636.32	4184.49	3648.51	4480.18	3843.69	3791.54	3555.98	4039.11
SREBF2	1	1	928.359	867.118	725.89	797.337		1515.92	1478.37	1530.33								
SREK1	3	3	7930.35	7272.4	7120.5	6491.29	7667.96	8738.85	8465.16	8739.41	6686.92	6241.49	5126.39	5730.02	5106.59	6178.3	5686.52	6403.6
SRFBP1	5	5	2170.11	1946.34	2356.98	1953.1	2408.42	2097.1	1772.12	1826.33	1948.97	1926.04	2087.06	2866.14	2099.69	1762.38	2110.08	2018.97
SRGAP1	4	4	2772.56	2217.67	3476.85	2580.49						1970.39	1610.58	1385.5	1164.42	1706.42	1677.18	1658.14
SRGAP2	8	8	2497.54	2714.03	3843.67	3766.48	3236	2802.66	2434.82	2017.08	4876.47	5133.5	4770.12	4860.09	3891.09	3801.87	3720.32	4178.6
SRGAP3	1	1									1264.42	1288.33	1152.11	1423.94			874.772	
SRI	4	4	40633.3	40291.6	26614.7	52099.6	75300.1	59915.5	66937.9	48590.3	27226.1	30837.2	16359.3	24092.6	26774.1	33246.6	38943.4	23354.9
SRM	3	3	190369	192391	146745	190743	27521.4	30561.3	27698.3	26291.4	48288.2	52850.5	50677.5	50425	63670.2	55199.3	60745.6	59406.8
SRP14	9	9	43438.7	35957.8	49144.5	43451.9	55740.9	64284.1	74258.8	65089.3	46162.3	48208.2	39577.9	43729.6	36086.7	52020.6	47176.5	48557.2
SRP19	1	1	6376.7	4949.87	6114.11	5728.63	3068.98	2729.54	2933.56	2243.03	3990.45	3174.95	2815.92	3760.96	2910.89	2303.06	3318.71	3089.88
SRP54	15	15	17218.9	19830.2	19214.3	23389.8	12741	11469.7	10746	10881.3	14231.4	16787.1	13258.8	14542.8	11650.5	12953.2	15273.5	12487.9
SRP68	20	20	33442	38309.9	33438	35434.7	29625.9	29023.7	26913	24864.2	26693.3	32160.4	23790.7	28671.8	22853.8	25005.8	24959	27741.7
SRP72	24	24	14084	13940	17830.3	17008.6	12217.1	11815.9	11674.5	9588.7	15311	14946	13260	13572.5	12706.6	12564.5	13647.4	14528.5
SRPK1	5	5	4618.18	5108.87	4183.43	5785.61	6081.37	4608.28	4594.1	4794.1	3965.35	2421.31	3608.24	4098.43	4594.61	2141.51	3072.96	4195.69
SRPK2	6	6	7751.57	6815.23	8000.5	9069.97	5495.19	4806.87	4355.92	4449	4698.98	5434.75	4470.56	4980.52	6776.68	4133.55	4043.71	2304.91
SRPRA	15	15	35771.4	36492.5	40130.3	39766.9	29428.6	25318.5	28578.2	23298.2	20601.3	20419.5	20088.9	18761.7	24106.3	25975.2	26007.4	27959.1
SRPRB	8	8	54959.1	57065.8	62953.2	61764.6	19567.8	17816.1	17957	16771.7	26725.6	26146.3	35002.4	30102.7	29919	28772.4	31052.1	35141.5
SRPX	1	1					1494.81	1162.3	787.273	941.403								
SRR	2	2	8883.09	7577.85	5437.26	6685.18	6539.74	5733.69	7900.51	6235.99	7802.07	7011.48	6627.27	9660.86	6067.84	4517.36	4735.03	8332.88
SRRM1	7	7	9291.06	7206.86	7612.75	6957.76	9684.51	8395.47	8256.56	7813.92	8105.71	7160.67	7055.94	8269.65	6279.12	6541.95	7847.17	7414.71
SRRM2	26	26	34380	29615.1	42981.9	35208.3	28566.9	27531.8	23805.1	25478.8	25173	24694.9	23730.2	23340.4	22299	24844.1	25104.2	21883.4
SRRT	24	24	18204.1	16501.1	18133.6	19175.7	20561.4	21490	20352.5	20009.5	19337.6	18289.5	16356.6	18004.1	20372.8	19056.9	20664.8	19980.7
SRSF1	10	10	23856.3	25128.9	32836.7	24355.1	18635.2	22880.4	20713.1	18217.6	33391.6	38906.8	33954.5	36085.2	45245.7	46648.2	56777.4	53534.6
SRSF10	5	5	2342.26	3311.12	4521.14	2533.53	2494.15	3880.69	1899.24	1947.55	5158.21	5140.14	6470.43	4446.37	4849.71	5976.24	6739.86	6481.4
SRSF11	5	5	19092.3	22040.1	28203.8	27124	10192.7	17785.3	12908.3	12512.8	21096.5	21794.9	20783.9	20665.2	18715.7	23106.4	27318.5	22048.7
SRSF2	2	2	1434.55	2087.32	3184.04	3140.07	1071.28	1764.58	2315.37	1917.38		2517.01	1328.31	1088.21		1466.15	1611.61	711.404
SRSF3	5	5	49327.8	47199.5	53183	51129.7	60777.3	87145.9	96540.4	93191.7	58245.7	88536.1	56487.6	64507.9	69508.3	89394.3	78614.5	76412.1
SRSF4	8	8	13710.8	11319.1	11162.9	13433.8	18308	20334	14776.4	16697	13747.8	13492.5	11724.9	14573	11983.4	11715.4	14208.7	12673
SRSF5	7	7	3951.61	4344.5	6075.42	5210.4	3134	4505.97	2793.33	3675.01	6846.86	5948.85	5810.1	6359.32	6383.37	5972.58	7357.9	7105.02
SRSF6	8	8	14102.2	14869.1	15784.2	17368.1	14989.6	18443.7	16008.2	15770.5	18173.4	19055.6	14021.1	17730.8	18500.5	21104.3	23456.2	17997.9
SRSF7	4	4	21075.5	21835.1	31918.8	22349.9	32434.9	25406	29021.1	24639.7	26187.4	43238.8	44421.7	28833.9	32241.6	48591	42499.9	37592.7
SRSF9	11	11	7715.91	9142.79	15637.7	10545.8	8372.13	10174.6	9470	8294.55	11866.6	17882.8	14482.1	12879.6	10931.9	16193.7	14677.9	16921.2
SRXN1	2	2	3827.59	4031.74	4320.34	5101.39	5937.48	4602.6	4479.69	2579.39	3979.22	3357.23	3011.73	3454.85	2666.41	2428.93	1711.8	2421.48
SS18	1	1	2597.65	2997.15	2096.84	3098.29	4394.48	4178.23	5048.5	4611.81	2964.08	4182.87	2670.48	3794.67	2800.06	3648.63	3937.8	3095.73
SSB	20	20	40530.1	41258.4	43921.5	42951.3	37253.8	37892.6	38558	40121.6	34762.9	38444.3	35735.3	34446.8	34983.4	38979.9	36286.1	37614.2
SSBP1	5	5	7451.42	10739.6	11325.7	11924.4	11358.7	12684.1	10053.5	10429.4	7285.76	10083.5	10415.4	7796.36	7733.65	10240.5	10979.1	9282.71
SSBP2	1	1	1552.84	812.31	1407.18	1320.68		788.838			1452.96	1010.38	962.753	1332.39	473.737			
SSBP4	3	3	2109.4	1151.15	1129.13	1303.88					860.87	1130.24	953.319	1016.67	1028.19	1239.11	1464.62	1052.41
SSH1	9	9	3532.56	3023.95	3333.74	3051.9					2657.54	2768.51	3245.7	3210.78	3010.68	3372.39	2458.74	3279.47
SSH3	8	8	2730.24	2693.19	3053.48	2727.88	8508.09	7508.77	7530.93	7024.46	3559.84	3504.64	3416.63	2670.35	4038.73	3460.55	3697.49	3930.84
SSNA1	2	2	1412.67	1057.15	956.025	1332.73	2531.62	2146.85	2882.46	2886.52	2985.53	3986.38	3067.77	3433.2	1916.8	2058.72	1794.11	2520.01
SSR1	4	4	188558	154964	204690	177448	35264	48116.4	25351	24138.9	122789	145922	131950	115123	141014	136549	168323	146464
SSR3	3	3	75616.8	76767.7	65156.6	61767.5	16632.5	19798.8	18463.6	15994.5	27499.9	30042.8	25977.8	34778.6	32259.4	30288.9	32255	30619.7
SSR4	5	5	68020.5	93661.2	159478	91297.4	12159.2	11622	13141.1	10980	67913.9	91406.1	75932.1	70279.8	61382.1	89240.7	82137.1	80055.1
SSRP1	14	14	19062.4	19505.8	28062.8	23339.9	29129	27138.9	27711.5	17585.4	30035.5	35010.2	26862.7	27725.1	29456.4	32194.4	31517.1	29832.4
SSU72	2	2	3466.99	2650.37	3894.53	3458.78	1321.53	2880.75			3452.2	4247.22	4242.58	3857.29	3453.44	3317.86	4127.77	3510.49
ST14	1	1											1208.02	1428.79	1512.75	1220.86	1823.12	2272.7
ST3GAL1	1	1										443.752					548.465	
ST3GAL5	1	1	625.16	571.118	1191.41	627.273						1078.61				867.42	1019.95	
ST3GAL6	1	1	3150.09								2171.66	1304.68	2193.8	1777.8	1828.59	1327.17	1418.24	1629.42
ST6GAL1	3	3									1238.08	1568.41		1391.49	3179.3	3006.19	3331.18	3556.89
ST7	1	1	540.624	691.98	963.538	944.242												
STAB1	29	29									54145.7	67784.9	59496.4	63122.6	3736.24	5298.79	5350.38	4979.17
STAG1	11	11	5926.38	4443.27	4271.51	5242.04	8698.53	10396	6927.06	8193.26	6307.97	5743.87	5484.19	6082.65	7488.09	5730.91	5359.62	7115.61
STAG2	7	7	1407.56	1011.98	1034.05	1521.86	4220.16	4178.74	3697.82	3175.45	2650.44	2451.17	1872.56	2732.29	2041.97	2322.2	2064.22	2183.63
STAM	6	6	10628.9	13102.1	13342.1	14208.5	5582.91	5965.32	6511.83	6379.52	9202.69	9839.46	8899.61	9486.59	6154.9	5004.9	6818.94	6677.46
STAM2	11	11	9674.04	10561.3	9325.24	10164.6	7886.05	6428.78	5639.44	5915.42	7688.9	6546.77	7289.26	7576.98	6268.15	6783.48	6694.35	7188.69
STAMBP	8	8	4188.92	4681.12	5758.84	5710.11	11207.1	8964.01	7979.98	7691.71	5805.93	6471.1	5777.17	5983.44	5162.67	5003.19	5311.33	5134.1
STAMBPL1	4	4				576.343	2392.45	3027.95	2588.32	2332.22		1785.3		2340.23		1047	1890.77	1082.52
STARD10	1	1	2680.59	3788.96	3289.61	3351.94			2361.51		2079.21	1514.86	3433.45	2675.07	3106.01	1895.18	2185.98	2358.48
STARD13	9	9	4913.27	6407.52	5854.98	7510.83	3383.19	3462.06	3664.15	3348.02	2453	2437.38	2026.08	3102.01				
STARD3	4	4	1267.68	967.644	1274.83	1621.03					3810.81	3512.01	4411.75	4312.96	3134.13	2791	2884.04	3511.28
STARD3NL	2	2	5638.09	5210.84	4620.03	4627.98	5052.04	3203.42	3574.18	3170.78	15894.3	14680.7	12709	19862.8	9373.06	5287.57	7160.16	6943.52
STARD5	1	1	2595.97	2080.7	2690.75	2994.73	523.106		563.312	583.133	2541.11	2771.46	2439.98	1899.05	2081.74	1378.64	1147.66	1164.01
STARD7	1	1											2057.15			1213.35	1489.93	1515.58
STAT1	26	26	121398	148040	151371	143603	19348.5	20461	19742.8	15956.6	83943.7	101246	79199.8	86433.4	52692.4	55987.6	60418.3	63387.9
STAT2	15	15	16187.7	15742.7	14929.2	16489.3	7914.26	6906.83	4963.86	6855.13	13211.8	14356.3	15279.6	14693.9	8685.48	7846.88	9891.93	11265.7
STAT3	17	17	22780.6	25148.3	26055.7	29341.5	24165.4	25096.7	20583.6	24025.4	24579.9	28971.2	26140.3	26928	19410.7	21402.4	20693.8	24162.4
STAT4	1	1	1636.9	1234.04	1366.19							863.503	566.501	768.73				
STAT5A	5	5									9209.1	7846.54	7397.91	9547.77	6164.69	5037.25	5478.28	7310.73
STAT5B	4	4	1562.23	1707.33	1893.51	1778.93	4589.09	3523.98	2798.86	2699.8	2702.51	3207.3	3150.97	3255.19	1991.31	1551.63	1712.23	2231.3
STAT6	14	14	5126.82	5536.71	7508.33	6903.39					8492.87	10422.6	8906.11	7907.76	6938.47	6276.25	6868.49	7662.06
STAU1	18	18	15923	15542.2	15640.4	18643.3	13872.8	13533.8	12031.3	12469	9181.18	9773.38	8816.04	8891.35	7010.19	6577.16	6694.75	6756.34
STAU2	12	12	2983.95	2482.4	3636.3	2692.23	4696.2	4090.85	4279.69	4064.36	2788.61	2571.54	2649.82	3363.95	2813.1	1970.45	2317.06	2570.97
STBD1	2	2	8880.88	7694.87	8898.07		6148.03	4053.2	3831.4	4299.91					3742.71	5472.79	4598.83	6328.7
STEAP3	4	4	5221.8	5080.35	9895.02	5386.35	7415.46	5796.09	8372.31	7634.38	3057.21	1956.6	2225.78	2074.93	3599.98	3246.8	3644.05	3783.94
STEEP1	3	3	3437.22	2605.86	2143.65	2602.73	4896.42	4553.6	5394.62	4905.58	3110.82	2599.29	1660.35	2871.5	2921.09	2420.84	2510.02	3418.52
STIM1	13	13	10455.5	9838.99	13914.9	9819.22	12807.5	13857.7	11923.1	14351.9	22820.5	23011.9	20351.6	18105.8	17874.2	14243	16146.3	18723.2
STING1	5	5	9325.36	9494.82	9253.93	12107.7					12538.8	15896.4	13873.9	14249.6	14488.7	18181.8	17323.3	17784
STIP1	27	27	77201	77746.4	88462.8	77633.7	118297	140996	110026	93931.4	151546	161204	144631	152563	176806	167540	259808	214371
STK10	23	23	12406.6	12295.3	12870.5	15737.8	5278.61	4838.86	4683.55	4582.3	24330.5	27438.9	22678.6	25706.3	18119.6	16365.1	19049.4	16136.6
STK11IP	14	14	2111.09	1897.13	2476.43	1938.61	1978.99	2023.53	2377.97	1809.23	4547.19	4109.45	4415.89	4212.96	4085.61	3132.06	3469.81	3850.07
STK17B	2	2	2927.23	2798.46	3032.44	3807.99		676.754		1007.27	904.257	911.324	670.74	935.272	732.88	498.135	464.892	703.867
STK24	5	5	8965.53	11499.6	10098.9	14032	10498.2	12719.2	8584.55	13704.2	9885.11	13351.7	13098.7	10248	9966.84	10951.8	12598	11425.5
STK25	3	3	7905.68	6746.21	6685.05	8495.38	3854.1	3841.68	3326.59	3608.51	4149.79	3605.61	4108.04	3905.85	3745.9	3632.79	3926.18	3928.03
STK26	3	3	12824.6	8759.88	10699.1	6696.34	26070.7	22747.1	20446.3	22472.1	15827.9	12761.4	15593.9	13395.5	11607.8	8495.68	8127.67	
STK3	4	4	3311.57	3894.11	4233.37	3510.36	7162.37	7903.82	5272.27	5947.39	5197.43	5923.76	4272.9	4880.38	3607.52	3698.03	3165.18	3693.92
STK32C	2	2	1222.74	1215.37	983.804	1200.88	948.276			770.461	1093.93	780.236	1293.64	902.52	1282.07	769.706	485.873	703.617
STK38	6	6	6364.4	5865.15	7090.61	5928.29	6651.49	6690.75	5529.89	5609.46	6818.82	5891.35	6534.54	6351.76	4983.01	3967.51	5306.69	4494.81
STK38L	9	9	8733.01	7626.89	6318.29	7569.71	2724.87	2075.47	2461.3	1887.24	2904.64	3161.56	3149	2931.02	6241.47	4972.75	6024.76	6232.44
STK39	3	3	3989.88	4620.69	2768.43	3503.75	3296.25	4225.29	3931.18	3064.38							2880.73	2617.52
STK4	8	8	2170.72	2184.57	2945.97	2390.68	3824.27	3013.12	2424.68	2899.56	11035.2	12951.4	10059	11463	9294.25	10568.8	11862.7	10574.3
STMN1	9	9	166059	178372	192054	215434	109280	120067	108024	106436	186212	176072	146162	184446	55272.5	57111.1	63250.1	60583.5
STMN2	1	1		42209.1	33087.4	41612.8		35586.5		36684.2	36928.1	30672.9		45434.7	13491.6			
STMP1	1	1	1448.47	2284.3	1960.3							2435.62	2150.43	2794.44	1812.98	2363.09	2112.58	2410.8
STN1	2	2	1322.9			875.789		860.245	1236.98	820.845		573.497				466.043		
STOM	11	11	4455.68	3826.36	5599.41	4234.95	1236.7	1373.16	906.353	779.163	46621.9	54002.7	40641.4	51465.5	13645.5	12053.4	12085.6	10532.2
STOML1	1	1	1685.68	1873.07	2356.68	1779.38			2002.16					3205.12			1303.97	
STOML2	10	10	68302.4	65328.9	71562.6	61506.7	65994.8	59303.6	53096	54545.3	63615.3	61746.6	57491.2	69236.1	64522.4	56549.3	60940	64188.5
STON1	2	2	1979.46	1783.35	2676.92	2126.21	1788.89	1685.29	1425.05	1356.1								
STRADA	4	4	1015.42	750.53	1096.8	1082.84		753.512	958.507	575.574	1232.19	1174.95	1690.58	1294.74	1646.43	1028.45	714.712	1452.73
STRAP	11	11	55696	63570	90791.4	72627.3	22888.3	39966.6	22758	21694.3	41797.7	52046.8	49324.1	41122.2	44414.7	47936.2	52550.3	45697.3
STRBP	2	2	1551.34	1287.23	1440.53	2126.4	2788.81	2301.66	3563.71	2242.65	791.496	1372.35	1441.33	1305	1142.23	1456.34	963.641	1573.45
STRIP1	6	6	5783.26	6049.72	4985.72	5024.46	3205.47	2981.19	3104.43	4370.67	4048.98	3757.85	4152	3912.21	4188.72	4472.87	3398.54	3905.56
STRN	21	21	7759.56	7059.13	6457.5	6740.32	5339.04	3829.09	4455.32	3856.4	9143.55	8515.77	8734.8	8917.26	7484.82	6762.3	7395.3	7479.13
STRN3	9	9	5093.99	4875.71	6832.43	5816.37	4190.97	2427.62	3081.6	2932.25	3080.99	2833.97	3677.19	2955.14	3471.92	2962.15	2625.24	2775.29
STRN4	10	10	11821.9	11914.5	10386.5	12550.7	7036.32	6565.94	6052.43	5561.32	9005.56	7730.35	8459.16	9558.9	8492.96	8156.58	9203.51	8397.65
STS	3	3	3154.95		3153.74	1892.27	3246.68		2555.83		3758.88	4897.25	5820.15		9855.29	2560.31	2265.43	3605.03
STT3A	11	11	44242.8	44007.7	86996.8	54532.4	24008.2	14098.4	28578.2	14639	75034.8	102814	86685.6	70462.7	55216.3	85995.4	93327.1	74855.5
STT3B	12	12	9272.63	8607.18	10158.9	9641.39	11274.1	7543.48	8355.5	7092.21	9470.63	9852.01	8833.5	8831.85	9210.57	8136.87	9779.62	9072.44
STUB1	8	8	16384.6	17485.9	17131.4	16808	11083.7	12660.1	11460.2	11445.7	14162.5	14276.8	12176.1	13812.8	8934.04	9670.75	8623.25	10220.5
STX10	3	3	7937.98	8043.12	9391.2	7513.83	7110.74	6141.65	7913.33	6340.66	6898.02	9909.54	8191.54	8660.38	4711.35	4664.97	5032.39	4666.42
STX11	6	6									3468.02	3066.29	2814.21	3638.33	3284.95	2275.23	2587.51	2802.32
STX12	7	7	25415.4	31222.2	40161.4	32188.4	9301.95	11011	9629.62	8881.51	50104.4	51808.2	46318.6	50721.7	25486.5	22635.5	26517.8	25061.7
STX16	5	5	1729.39	2087.89	1808.68	2091.45	2502.55	1989.58	2663.96	1939.27	2894.95	2334.8	2362.29	2870.24	2783.24	2095.1	2913.52	2822.59
STX17	6	6	5169.79	6258.76	7120.81	7452.98	6597.33	5503.7	6741.89	4723.26	4000.67	5629.12	4533.8	3890.6	3648.89	2723.75	3037.97	4169.52
STX18	9	9	5179.66	4166.25	5604.16	4570.75	2259.33	3804.06	1646.91		4939.47	4194.85	4013.39	3747.25	4439.76	3918.17	4178.44	3940.84
STX1B	3	3	2991.98	3789.83	4761.73	4619.19												
STX2	2	2	1308.92	991.449	957.689	1132.23	509.858	741.741	485.077	576.29	587.241	358.083	589.681	682.199	602.352	164.121	368.494	374.126
STX3	7	7	907.241	1383.75	938.27	796.91	518.789	561.706	750.37	941.773	6119.83	10161.8	8024.41	6976.17	2280.28	5053.43	4343.32	2644.26
STX4	9	9	3971	4012.21	7181.08	5907.52	3116.43	2529.99	2869.55	3071.42	7285.1	9643.91	8826.44	7214.6	6943.04	7861.97	7602.08	7899.32
STX5	10	10	7573.05	8268.06	11819.9	11427.8	5171.46	3586.37	6395.37	4543.46	6873.71	7859.83	7510.36	6546.15	7769.69	8077.02	7974.83	8539.66
STX6	4	4	3278.31	3661.76	3916.78	3606.68	4461.09	4412.07	4176.19	3559.31	4672.87	5757.79	4572.57	5686.74	5750.64	4682.79	4872.2	5466.72
STX7	6	6	17620.6	13228.3	19587.5	15907.1	16105.2	11717.6	12754.1	10583.1	79380.9	92400.3	63555.2	78344.7	31006.6	31966.9	34544.6	32514.2
STX8	5	5	8263.87	9199.99	8188.31	9151.37	6891.51	6449.45	6525.15	5459.8	14953.7	16577.7	14645.3	17231.7	10283.8	8344.32	10093.4	9485.3
STXBP1	6	6	16860.8	15016.7	18929.8	16032.4	12475.5	10710	13009.9	10995.1	10887.5	10882.9	10715.2	10221.2	4791.44	4385.57	4825.51	4518.35
STXBP2	15	15					17927.5				12852.3	19133.3	13105.4	11607.1	11783.4	14492.7	16021	12454.3
STXBP3	11	11	8283.07	8190.91	8340.51	10090.8	5570.1	5573.83	4526.3	5602.63	13400.2	12772.2	13353.6	12625.6	11015.6	10455.8	11363.9	11276.7
STXBP4	3	3	1848.03	1554.29	1043.11	1317.33	2404.83	1068.28	1816.12			1577.82	1293.93					
STXBP5	3	3	2413.94	2551.98	2000.34	3245.49	1360.23	1556.94	1826.8	1882.14	1668.92	1446.06	2711.26	1703.22	2234.61	1241.21	1153.03	1505.81
STYX	1	1									926.091	1038.84				1195.95		1053.17
STYXL2	3	3									1536.78	1783.4		1808.84				
SUB1	3	3	116916	93255.3	55910.1	69501	103117	110896	72296.5	62726.1	127632	68348.9	91398	112286	113261	54154.7	89953.9	130542
SUCLA2	13	13	10972	12904.8	10642.8	14097.9	14593.5	12538.6	12653	14453.3	17702.3	17150.7	15643	17260.9	17164.4	15969.7	19660.4	18273.4
SUCLG1	8	8	14446	19338.2	29125.8	19599.1	18192.6	20978.3	18944.2	15527.7	33881.6	40908	43016	35293.9	39790.8	48493.1	47696.1	45044
SUCLG2	15	15	10162.5	9881.9	10102.5	10278.3	19470.4	18307.7	18654.6	14797.4	29445.2	28339.1	26174.6	29973	28270.4	24348.1	28061	25571.7
SUDS3	2	2	4313.33	4822.54	4429.92	4569.39	6795.41	5176.83	5797.5	5819.1	5817.9	6283.69		8649.01	5271.83	4297.88	7257.87	6453.47
SUFU	2	2	1616.58	1522.52	2743.04	1464.89	1149.44	1103.36	826.07	1139.16		1014.48	1180.76	1225.03	914.65	522.15		
SUGP1	11	11	3506.48	3185.78	3483.97	3517.19	3357.95	3176.45	2819.72	2790.44	3570.82	3100.69	3476.54	3523.73	3319.87	3011.56	2931.92	3232.59
SUGP2	18	18	5894.66	5488.96	6220.02	6301.49	7307.17	7133.16	7005.05	7557.81	4183.29	3963.84	4951.75	4939.75	4782.48	4311.57	4374.84	4902.04
SUGT1	12	12	13034	15209.8	17249.4	16665.1	11727.8	12705.8	10434.8	10522	13685.2	16369.1	15345.3	12571.9	13163.4	15330.5	14644.5	14125.6
SULF1	5	5	8676.84	7591.79	9340.85	9323.08												
SULT1C2	3	3									2330.13	2081.32	3519.63	2330.09	2494.12	1350.81	1121.16	
SULT2B1	1	1													3030.97			
SUMF1	2	2	2005.75	2740.93	3426.34	2805.24	865.131	914.568	953.744	1119.06	3720.26	3302.48	3072.22	3289.18	2026.97	1971.11	1785.52	1925.67
SUMF2	4	4	21422.8	19425.2	20120.7	19550.7	14155.1	15984.9	13642.8	12337.5	15011.7	13900.1	11918.2	14776.7	11132.1	9556.28	9736.74	9959.31
SUMO-conjugating	2	2	25284.9	16937.3	13904.2	12695.2	24003.5	30317.7	20657.4	10461.7	28373.5	16992	21978.5	28177.3	30068.7	23941.7	32935.8	26801.9
SUMO2	1	1	1443.72	1778.47	2813.55	2693.29	928.285	2075.41	1267.52	823.473	1373.39	2550.27	1718.2	1851.79	1965.15	2414.03	2426.85	1788.77
SUMO3	1	1	1212.44	1282.5		1981.11					1017.33	1636.25	1075.5	1342.39	1272.01	1757.83	1716.43	1038.51
SUN1	14	14	10715.2	9316.96	10620.5	12053.6	12798.2	14625.2	13721.3	11573.2	2878.7	2656.99	3155.88	3571.45	2855.9	1960.55	1845.97	2367.3
SUN2	16	16	11140.4	11249.2	13116.6	10961.4	15641.5	14691.8	12876.5	10587	8899.35	9465.52	7266.01	9198.48	11556.9	16539.2	16256.9	11374.6
SUOX	2	2	1264.12	1325.87	1340.48	1462.26	918.684	1141.17	791.129	976.004	944.615	599.826	1052.59	972.976	841.569	1008.94	662.893	1032
SUPT16H	21	21	16784.1	14132.3	15983	15803.2	20585.7	19841.4	18033.8	17427.4	15748.2	17109.4	16465.3	17433.3	16356.5	17699.1	18983.6	18041
SUPT20H	2	2	1541.33	981.822	1596.5	1339.65	1607.85	1903.44	1628.3	1955.7	1530.86		1673.19		3405.42	918.745	1227.85	1004.51
SUPT4H1	2	2			937.808						1333.42	1698.01	2182.01		1674.28	1676.17	1400.02	1451.75
SUPT5H	14	14	3333.77	3560.67	3952.71	4023.2	4191.39	3540.03	3288.96	3892.3	3941.36	4389.35	4250.23	3644.38	4341.05	4612.1	5142.77	4641.06
SUPT6H	22	22	7196.8	6040.74	6701.37	6503.03	7951.99	7313.89	7165.97	6745.76	7760	7321.9	6516.82	7525.58	7686.44	7791.11	7684.06	8254.27
SUPV3L1	9	9	3508.63	3561.15	4061.78	3353.81	4819.39	4814	4251.15	5055.43	4524.94	4845.75	4883.71	4826.79	5969.68	5125.55	5692.87	5626.03
SURF1	3	3	11207.3	9696.31	11131.4	9768.04	10672.1	10220.6	11462.4	10737.4	15315.5	15717.4	17521.5	17756.4	17313.5	13960.9	12741.4	15056.9
SURF4	3	3	28981.6	30135.3	30234.2	26270.6	22582.1	22253.1	15306.6	11890.6	7384.27	10308.1	9032.48	11371.6	6383.27	9972.57	10316	10301.1
SURF6	6	6	1892.31	1762.74	1691.59	2102.79		1982.72	1666.4	1819.26	2070.83	1897.41	1469.42	1855.26	2059.16	2135.06	2618.17	2403.51
SUSD6	1	1	1261.11	1041.59		860.761					2067.64	2447.18	2089.51	2058.36	1320.4	1087.79	1053.82	1367.89
SUZ12	5	5	846.112	1122.92	1055.88	1055.98	963.843	702.765	998.63	1249.3	1220.24	1549.36	1368.43	1496.73	1128.14	872.187	1031.91	1180.33
SV2A	5	5	2921.99	2698.88	3117.11	3435.01	3775.44	2744.86	3195.17	2767.49		1397.06	1137.37					1295.11
SVIL	32	32	7775.88	7333.24	7987.43	8017.88	9466.02	7797.59	8610.58	7788.83		783.976	1080.58		942.225	606.962	529.573	848.916
SVIP	2	2	2968.95	2275.18	3312	3754.25	5487.98	3229.48	3820.03	3944.57	2705.63	2349.44	2651.75	2407.39		1491.99	1474.2	
SWAP70	23	23	8324.07	7128.73	7625.29	7793.48	14848.9	14531	12915.8	11644.8	21077.5	18982.9	18135	21687.6	15058.9	13127.4	15089.4	14949.5
SYAP1	9	9	4491.89	3771.44	3880.64	4606.43	5206.34	5466.17	4522.34	4415.02	3972.06	4181.06	3465.81	3933.67	3591.54	2414.52	3221.52	3796.99
SYDE1	3	3	3744.05	4505.83	4009.84	4381.75	3160.2	1813.17	1935.46	1774.35				4926.93				
SYF2	2	2	3172.03					2071.11	2188.76	2009.77	2732.26			1468.77	1809.43		3447.81	
SYK	16	16									12950.3	14844.1	13678	11550	9294.6	14094.1	14307.9	11978.1
SYMPK	19	19	7515.46	7404.92	8252.58	7485.58	8383.79	8449.22	7450.16	7551.8	8169.12	8044.26	7316.96	9308.78	9034.32	8242.74	9007.96	8991.39
SYNC	12	12	11844	12673.7	12030.2	12199.1												
SYNCRIP	16	16	61135.7	73064	108402	89359	61918	61444	54867.5	51634	85963.9	108416	75376.1	73053.4	75450.9	90758.5	95239	84390.1
SYNE1	76	76	15244	15536.4	15948	15375.1	7952.77	6798.74	7696.99	7169.14	6526.24	6319.94	7335.16	8834.07	6086.53	4996.56	4894.89	7119.59
SYNE2	25	25	2154.21	2445.91	2333.24	2240.16	4676.4	3991.69	4328.78	3356.18	1732.91	2316.54	1462.04	2269.14	2311.01			
SYNE3	21	21	7249.57	7718.98	9903.82	6863.96		907.566	1670.31		3595.01	3815.44	3023.73	4074.73	3179.44	3224.86	3035.91	3296.41
SYNGR1	2	2	4687.08	3414.55	3712.08	3358.89	3701.22	3593.35	2232.27	3069.31	5775.45	5202.99	5671.47	6208.31	2959.58	1745.23	2867.82	2400.17
SYNGR2	4	4	13276.2	12120.4	12588.8	12181.6	36233.8	34059.7	28992.3	24257.6	105364	115092	87449.6	106986	78696.8	76435.6	87523.1	79774.3
SYNJ1	10	10	1988.45	1972.78	2031.84	1657.77	3366.15	1837.95	2052.24	2199.12	2991.68	3006.15	2752.38	2804.56	2268.99	1856.71	1902.6	2295.03
SYNJ2	18	18	1971.89	2688.16	2806.98	2467.35	5393.16	5632.44	5958.54	4615.6	1166.01	1466.26	795.172		1545.77	1669.53	1621.89	1558.76
SYNJ2BP	7	7	5781.71	7069.81	7875.07	8303.25	4531.98	5073.33	3113.79	2504.73	9206.8	9071.45	7658.86	8383.72	9095.31	9543.08	9813.43	8569.49
SYNM	24	24	3198.62	2763.58	3889.69	2608.08	8272.3	8221.6	6024.73	5689.02			4881.37	2977.65				
SYNPO	10	10	25407.4	27855.5	29124.9	24229.5	13847	12976.8	13195.7	13620.5								
SYNPO2	4	4	1579.28	1573.92	1766.26	1275.46							1534.41					
SYNRG	13	13	6437.33	5242.14	5533.24	5874.48	7002.42	5087.33	5815.06	5457.72	7281.96	6412.25	7003.58	9123.25	8376.49	6690.32	7130.43	8862.37
SYPL1	1	1	4329.3	4903.57	7770.11	5463.15					24664.2	21801.7	27487.9	25856.1	10236.5	9640.79	12454.3	12541.2
SYS1	1	1					3264.75			3010.38	4131.01	3426.02	3579.86	4722.75	3168.68	2311.34	3502.07	3498.86
SYTL5	2	2					982.905	892.486	1366.58	1649.09								
SYVN1	1	1			1881.86							2183.29	2065.13	1643.64	1494.06	2336.09	2059.37	1956.28
SZRD1	4	4	4697.5	3915.71	6126.75	4377.23	5809.58	4289.66	3531.76	3763.55	2878.2	3861.21	4206.48	2902.37	4069.6	2818.67	2888.31	3092.18
SZT2	4	4			1004.9	864.226					1354.41	1282.06	1308.76	1244.03	1450.71	1098.9	1204.7	1399.57
Serotransferrin	9	9	3736.49	3263.29	3667.81	2337.13	2601.59	1719.14	1960.77	2143.07	5747.92	5057.94	6484.2	6467.66	2899.47	5139.41	3752.94	3485.97
Small	2	2	4537.85	1995.46	1779.55	1644.92	4086.32	5827.84	2658.18	2690.44	2251.98	1435.57	2828.08	2746.25	2920.96	1728.85	2886.77	2920.68
Superoxide	6	6	21023.1	22212.7	23029.3	30900.7	22341.5	23054.5	19223.6	19392.2	12822.6	15831.4	12999.4	20688.8	15767.1	10775.7	11999.6	13289.1
TAB1	11	11	8304.48	9145.29	8644	9074.11	11296.5	9158.73	8450.47	7418.24	8573.69	9044.15	8023.42	8920.61	8532.89	7041.94	7134.43	7903.04
TAB2	5	5	4295.47	3830.07	3642.84	4157.16	2816.59	2978.68	3079.09	2598.53	3103.62	2732.75	3549.38	4032.3	3383.37	2542.09	2977.34	3268.45
TAB3	2	2		538.832	878.57	733.185	1679.69	919.198	751.945	550.284		556.397	1466.93	2671.43	1162.69	679.602	707.638	1570.12
TACC1	17	17	7114.58	6380.98	6762.02	7482.83	8792.28	9419.2	7580.49	8024.05	12346	12318.4	10135.5	12550.9	6483.1	7189.78	7140.3	7438.69
TACC2	6	6	6655.98	6004.82	5886.5	5862.09	3342.82	3105.87	3155.81	2906.3	4917.53	4886.76	5829.33	5882.87	9212.89	1555.04	2495.2	2540.7
TACC3	6	6	1866.95			1364.85	3177.53	2725.3	2295.8	2898.62	2106.81	1904.27	1616.64	2502.01	1530.58	881.774	1191.34	1604.82
TACO1	4	4	3171.37	4515.07	6956.13	5091.33	3272.08	4041.16	2106.8	2418.8	5949.74	4940.37	6106.14	5920.68	6546.39	6641.43	6204.17	7457.93
TADA2B	1	1					3925.68					2649.94					2890.59	
TAF10	1	1	1118.97	1045.09		1294.72	1948.89	921.069	1124.09	1333.41		1584.07	1589.58	1299.55	917.227	1445.67	884.874	
TAF12	1	1	1914.79	1646.95	1549.38	2255.41		1768.04		1931.98	1404.21	1424.71	1736.76	2250.45		1319.86	1286.12	1871.18
TAF15	2	2									1973.77	1543.47	1275.38	1400.99	1862.94	1860.87	1972.76	2147.03
TAF2	2	2	1014.96	1109.45	1317.68	1148.53		1412.58	1550.54	1348.04		1238.67	1303.18	1231.47		1076.65	524.459	1125.61
TAF3	2	2	1111.33	1243.17	1358.09	1185.95	1857.25	1618.64	2035.83	2162.64	1431.97	987.84	1751.24	1521.39	1404.56	1024.01	1003.84	825.705
TAF4	7	7	2566.22	2011.25	2468.86	2415.51	3450.88	3538.85	3799.82	3336.57	2662.07	2807.11	2549.28	2436.9	2375.44	2256.1	2276.84	2152.06
TAF5	4	4	1717.34	1441.54	1880.65	1302.24	2380.04	2099.29	2072.32	2320.44	2205.87	1594.88	1575.03	2243.64	1789.68	1571.33	1187.9	1973.88
TAF6	7	7	1886.89	1816.28	1887.84	2614.44	2639.95	2497.89	2555.27	2499.91	2191.01	1922.75	2507.3	1768.02	2016.4	1499.19	1363.24	1614.48
TAF6L	4	4	1949.05	1974.8	2012.09	1632.36	3132.25	2987.4	2708.79	2488.79	2363.75	1896.34	2221.15	1919.25	2069.31	1811.07	1860.19	2344.88
TAF7	4	4	2882.74	2197.15	2397.06	3075.24	2143.35	2527.34	1704.35	2052.83	2176.61	1386.49	2526.77		1877.92	1610.77	1472.35	2143.53
TAF8	3	3	496.735		723.078	593.165	1142.94	844.889	792.935	703.715	896.139	680.888		827.471	525.32	601.993	507.121	
TAF9	1	1	2083.46	1778.67	1788.73	1628.01	1642.16	1776.01	1763.61	1443.64	1521.37	2094.22	1855.04	1776.08	1416.17	1541.96	1514.72	1742.75
TAFAZZIN	2	2			375.973	383.407		274.78		338.535	550.942	550.381	851.896	558.026			363.262	499.61
TAGLN	10	10	152371	152691	165902	121488							19048.4					
TAGLN2	7	7	233676	224138	230934	248299	123218	118495	101419	101731	30815.7	34532.1	41024.4	33592.6	69225.3	87605.2	81837.7	71561.6
TALDO1	12	12	80836.8	77826.1	75378.8	75845.4	172679	231233	206622	151419	174571	194625	152492	163523	181638	215645	207731	189036
TAMM41	3	3	7496.4	7170.83	8475.54	8078.08	8372.94	6164.5	6392.11	6425.62	7366.33	5338.75	6850.27	8555.39	7656.61	6404.78	6510.5	7053.82
TANC1	17	17	3343.13	2751.11	2839.69	2932.01	4789.63	4573.02	3637.55	3480.39	918.51	1055.04	1383.24	1230.13	1015.6		331.848	956.902
TANC2	8	8	3143.72	3378.77	3643	3924.37	2875.45	2674.74	2876.32	2628.13					2089.41	1538.88	1532.77	2068.04
TANGO2	6	6									9048.33	9773.28	10300.8	10162.1	5959.31	6198.6	6153.74	7150.78
TANGO6	2	2	2392.89	2235.94	2504.93	3359.57		1666.08				1815.31	1828.15	2598.26		1197.44	1748.1	1843.17
TANK	6	6	3990.93	4179	4719.77	3769.7	3665.89	2450.33	3129.22	3381.61	4688.43	3848.19	4392.89	4224.31	4542.16	3146.92	4144.96	4635.5
TAOK1	12	12	6260.42	5447.73	6042.6	5985.6	5042.69	4424.99	5153.87	4083.22	5169.28	5027.84	4640.33	5715.63	5057.34	3662.2	4477.22	4618.38
TAOK2	8	8	3420	3403.41	3919.82	4407.65	1250.75	1164.94	1530.65		2762.19	2808.45	2610.05	3377.68	2433.79	2086.63	2184.21	2483.19
TAOK3	18	18	3217.89	3829.42	3743.73	4155.3	5431.12	5265.33	5441.41	4926.35	11186.8	11190.3	10360.2	10617.7	12950.6	11810.8	13576.2	13981.1
TAP1	5	5	7326.03	6822.98	5514.89	7488.17	8951.92	9067.33	7537.98	6297.06	6879.43	8417.17	6025.25	7013.78	5411.28	5278.46	5419.47	5078
TAP2	8	8	8910.95	8477.02	7600.44	9699.58	10604	9370.53	10554.1	8681.45	9986.68	9156.4	9416.33	10382.9	7521.09	7098.11	6848.87	6766.28
TAPBP	4	4	5249.56	6193.72	9653.12	6280.03	20919.2	8832.57	20060.9	15630	7819.12	12330.4	9387.38	8897.98	5664.04	7339.03	8040.51	6412.19
TAPBPL	3	3	219.382			285.683	1340.69	1284.25	1178.93	923.418	2018.35	2155.7	2400.93	2959.59	3142.41	1936.5	2337.8	2354.77
TAPT1	4	4	4218.63	4613.14	5273.27	5593.04	5417.05	5668.93	6556.81	6771.95	3586.07	4104.49	4409.43	6455.77	5488.38	4816.14	7038.97	5519.54
TARBP1	5	5	2630.75	1752.72	2675.04	2431.88		1596.04			2493.21	2447.91	2056.46	1996.63	2462.22	2271.71	2099.54	2457.65
TARBP2	3	3	2685	2051.67	2502.3			1197.96			3502.12	3034.96	4078.4	4660.25	2960.18	2494.45	3078.39	3654.86
TARDBP	5	5	12652.2	11205.4	14838.4	13487.1	15369.6	14662.3	16794.6	13139.9	12402.5	14726.7	14973.3	13456.6	12945.3	12166.4	14406	13356.3
TARS1	23	23	47540.6	60054.8	61294.7	57024.8	31619.1	28433.9	26420.8	29968.3	25776.9	31358	27175.3	27986.8	32480	39366.9	42927.9	40090.5
TARS2	10	10	2461.25	2652.23	3392.71	3066.14	6420.86	5388.51	6023.67	5825.24	5794.07	6794.5	6215.58	6843.71	7421.71	7112.68	6982.29	7326.42
TASOR	13	13	1636.05	2457.28	2575.85	2011.47	3312.75	2473.31	3062.84	2663.45	2645.99	3153.13	3391.17	3712.32	2454.47	3095.72	2924.56	2905.08
TASOR2	2	2	816.924	1321.45	1176.71	1255.15	1273.99	1668.11	1460.57	1360.39		550.708			417.033	796.802	591.836	
TATDN1	6	6	6059.66	6345.48	5799.33	6209.71	8572.98	7173.08	6641.03	5567.32	6028.71	4196.99	5164.18	5029.72	5375.69	4831.53	5367.85	6130.5
TAX1BP1	4	4	1267.91	1238.92	1411.67	1648.76		1022.1			1263.66	1318.42	1599.3	1274.61	1081.55	1102.44	1132.09	939.35
TAX1BP3	2	2	31647.3	31658.8	27587.1	29285	24502.6	19923.7	21223.3	17062.2	8711.15	7876.96	7160.18	8839.47	16796.9	12174.5	13546.5	11820.2
TBC1D1	15	15	2424.22	1780.92	2410.38	2240.08	6042.26	5214.29	5356.82	5465.14	4881.08	4734.9	4107.12	4932.56	6688.36	5184.51	5161.11	6391.64
TBC1D10A	8	8	4843.89	5961.69	5627.23	5860.25	5774.19	5180.76	5417.6	4233.23	4538.87	4782.03	4136.68	4953.51	3800.04	3622.01	3358.69	3853.89
TBC1D10B	6	6	2411.24	2155.77	2250.48	1909.39	1934.62	1958.57	1935.31	1375.59	3189.4	2479.52	3610.17	3905.03	3210.09	2679.72	2745.39	3459.47
TBC1D10C	2	2									663.737	359.305	825.218	598.685	1562.7	744.383	1218.69	1313.96
TBC1D12	3	3	1742.5	1808.66	1402.02	1900.94	1943.83	1026.64	809.061		2284.6	1912.9	1597.98	2253.96	1474.8	2505.56	1636.68	1891.66
TBC1D13	11	11	3559.43	4492.83	4640.84	4403.35	1423.55	1888.9	2845.99	2187.04	5282.11	7949.2	7350.24	7091.08	4308.46	5450.58	4960.39	5395.19
TBC1D15	9	9	6947.97	7065.56	7489.15	7982.91	6184.43	5934.83	5675.46	5072.98	12354.2	11980.8	11419.5	11644.9	8433.32	8807.21	9309.63	9742.26
TBC1D17	6	6	7281.59	5301.03	6541.44	6083.6	2451.32	1892.55	2675.49	1781.81	6043.7	5824.03	6499.18	6888.79	5825.71	3995.85	5037.43	6085.47
TBC1D2	12	12	3982.88	4459.23	3921.23	4003.54	1064.92	1637.9		1140.03	4062.28	2989.43	3983.66	3281.62	4175.31	2977.41	3414.47	4533.32
TBC1D20	5	5	3725.68	3970.87	4360.31	4552.01	1214.8	1881.98	1802.03		1873.58	1980.36	2298.45	2219.91	1945.25	2347.88	1695.65	2190.03
TBC1D22A	8	8	4688.08	3947.48	4096.84	4555.75	2896.38	2855.1	2257.72	2509.09	5730.07	5749.32	5881.81	5556.26	4208.82	4618.51	4929.16	5373.15
TBC1D22B	2	2	1050.14	1472.53	1122.95	1181.87		743.732				1083.52	1193.79			751.769	851.675	
TBC1D23	6	6	8657.32	7117.16	8344.28	8689.85	9229.85	7528.04	9131.98	7716.82	7618.97	7399.26	7383.68	7099.36	5541.2	5090.66	6648.55	6892.22
TBC1D24	3	3	1410.88	1525.73	3096.6	1641.58	1317.69				2417.27	2475.19	3283.64	2566.84	2564.74	2365.05	1792.16	1592.23
TBC1D25	1	1		514.988	693.544	609.305					833.668	1073.15	512.011	544.385	658.074		464.942	
TBC1D2B	18	18	12446.4	12796.6	11612.6	14410.3	4024.34	2864.6	3085.27	2582.91	6587.24	5803.98	6375.62	6857.5	5975.33	4691.62	5370.48	5820.21
TBC1D4	16	16	5364.12	5412.22	5495.6	5674.6	5524.76	5274.32	6059.56	5014.9	9897.22	11502.8	10047	11299.1	7634.09	8859.29	8848.01	9020.08
TBC1D5	14	14	5851.76	6729.22	5631.87	6043.18	7071.4	7185.01	7055.56	7578.58	8597.76	8041.3	7993.14	8824.42	5148.5	5664.25	6306.05	6778.34
TBC1D7	3	3			1026.23	1612.68					1594.93	1878.6	2119.47	1203.61	620.583	1074.54	1394.39	1730.37
TBC1D8	1	1						914.638		903.537	2549.98	1046.22	1387.94	1171.99	1221.93	810.193	949.464	1125.34
TBC1D8B	5	5	8053.53	7884.78	5904.95	7039.72	1553.72	1382.94	1289.29	1096.74	2784.69	972.464	1044.03	1799.43	1345.17		809.848	
TBC1D9	2	2	503.948	732.882	650.258	746.941	856.293				407.902	797.271	3935.25	503.394	3591.48		522.114	4161.17
TBC1D9B	24	24	12644.9	11740	11669.2	13790	5978.13	4973.12	4901.9	5352.39	16273.1	17703.5	15450.6	18942.6	13798.1	10647.1	12493.2	13092.7
TBCA	9	9	26863.7	31678.1	42850.1	41409	30567.7	29836.6	28014	19262.5	47676.6	81060.2	55406.2	54050.7	37661.1	67468.9	56368.2	37694
TBCB	10	10	16332	16337.2	19736.6	14399.5	12020.4	9718.17	10798.3	14660.7	14235.9	17507.1	10822.8	13550.3	9589.84	12878.5	11795.3	11670.1
TBCC	6	6	10564.2	10251.2	11831	9024.89	9163.27	7420	7185.17	6577.79	8353.56	8624.16	7672.16	7594.53	6605.61	7169.21	6725.15	6192.69
TBCD	16	16	14109.4	12237.3	13473.2	12315.2	16862.1	17581.6	11354.1	12528.5	13306.4	15649.4	12416.2	13104	9240.84	10938.5	11236.7	10625.2
TBCE	14	14	8067.43	8060.37	8200.18	8458.69	6789.4	5444.05	5906.7	4405.31	8840.1	8621.18	7830.34	7559.54	4794.55	5863.16	6283.93	5629.69
TBCEL	6	6	6713.25	9109.17	9018.68	8271.79	3865.65	5717.68	4220.69	3964.93	5918.2	8460.44	6805.12	7000.62	4815.76	4941.63	4659.34	8364.18
TBCK	7	7	3116.11	3640.74	2755.48	3525.22	1603.5	1361.14	1663.6	1441.66	4710.95	4926.54	4019.77	5612.45	3265.09	3001.73	3550.49	2994
TBK1	14	14	4908.48	4154.03	5645.36	5065.44	6682.63	5506.36	5779.39	5786.3	5679.11	6023.49	5718.12	6043.1	4532.46	5488.94	4927.97	4629.75
TBL1XR1	8	8	11571.5	10305.3	12512	11028.4	18392	21393.5	16730.3	15447.8	10198.5	11228	10350.3	11767.2	10111.2	11562	12487	11802.7
TBL2	14	14	10237	10513.2	14892.5	12976.2	3386.67	4125.94	3539.95	3342.99	7024.42	8667.41	7510.41	7190.43	22429	22679.5	24386.1	24944.8
TBL3	15	15	5206.79	4837.35	6123.18	4882.96	6192.74	5065.16	5482.38	5357.45	5306.98	5168.33	5637.02	5385.59	6323.69	6205.93	6078.56	7341.93
TBPL1	4	4	3045.63	2745.73	3275.68	3044.49	3717.77	2787.25	2972.01	2867.96	2113.88	1662.66			2142.42	1691.04	2017.02	2434.45
TBRG4	8	8	4981.41	5811.5	6841.14	5038.18	5522.3	4833.17	9397.73	6677.9	9015.51	8364.57	8157.43	6520.88	9094.99	9685.76	12000.1	8564.04
TBXAS1	14	14	4353.44				1090.24			761.457	35884.1	42779.9	38340.4	43622	37795.3	41398.8	42005.2	38534.7
TCAF1	9	9	7425.56	7484.93	7702.4	8223.91	4044.14	4036.15	3990.67	4640.14	2514.73	1304.07	2183.24	2144.52		1796.02	1431.97	2157.35
TCAF2	1	1	839.772	952.449	1271.05	681.966									985.731			
TCEA1	12	12	14201.6	13590.2	15195.7	15873.8	15799.1	21611.7	20373.4	19493.8	12822.3	13527.6	10914.7	12389.6	11044.5	10473.9	12239	12914.1
TCEAL5	1	1				334.604												
TCERG1	18	18	6625.68	7975.99	10015.1	9415.9	12900.5	8455.36	10663.3	7055.65	9879.41	9828.08	9152.88	9001.56	10965.5	11020.7	10964	9078.86
TCF12	2	2	292.894	459.312	419.048	609.859	647.74	647.881	579.905	560.718	519.244	536.234	375.103	316.04		248.707	168.299	350.236
TCF20	1	1		1532	2765.34		1717.83	1244.89	1237.2	1581.39		1275.09		3056.28		764.441	1068.42	
TCF25	7	7	5189.17	5788.14	6907.34	6894.63	3049.13	1907.77	2222.56	1316.98	4268.82	6088.35	5966.52	5150.81	4584.83	5244.87	5090.96	5220.55
TCIRG1	20	20	5107.24	6833.54	10130.7	7441.2	12355.4	11538.1	11447.8	10933.8	64581	68050.4	62502.1	60763	68399	66805.3	71623.6	56775
TCN1	3	3	49069.1	3806.7	2448.45			1010.6	753.585	934.536	1582.91	2183.57	2964.64	4611.32	2166.17	2268.93	2003.87	1583.28
TCOF1	28	28	8704	8429.02	8913.68	8729.74	19310.4	19227.7	19082.3	17164.4	8695.3	9509.14	7659.76	9445.3	10659.4	10417.8	11730.4	9819.06
TCP1	23	23	156951	160904	158412	182065	133916	132594	118630	126544	152167	142293	133075	138628	121628	135155	144367	133179
TCP11L1	7	7	3881.13	3932.15	3860.73	4786.81	2394.28	2255.84	2284.14	1752.01	2980.81	4189.63	3566.61	3405.73	2753.35	2116.06	2318.41	2495.64
TCTN1	1	1	1445.04	1225.84	1324.36	1497.33												
TDG	1	1	686.22	1737.63	2178.22	2337.54	590.33	593.723	1204.32	935.947		896.725	1253.78	988.086	342.954	1691.47	1236.44	888.33
TDO2	3	3															3320.89	
TDP1	4	4	1262.28	895.12	824.174	1222.95	2126.28	2083.86	2415.49	1722.87	2058.65	1941.93	1756.43	2251.47		2036.42	1822.36	1826.46
TDP2	2	2	2112.47	2446.5	2971.29	3166.28	4118.35	4682.07	4638.77	4776.22	2878.19	2727.16	3461.89	2803.15	3339.37	2372.16	2680.35	3171
TDRD3	3	3	1600.81	2168.91	2984.48	1700.55	2275.61	1761.31	1456.26	1482.1	1575.54	1677.74	1406.33	1754.82	1868.01	1588.85	1325.55	1460.25
TDRD7	7	7	2112.12	1786.52	1368.36	2004.15	2092.1	2556	2263.56	2839.76	2704.29	2334.42	2865.46	3076.71	2534.77	2281.07	2357.8	2495.28
TDRKH	4	4		898.851	1371.05	891.702	2071.22	1273.71	1297.89	1280.56	2067.45	1978.77	2106.93	2288.33	1223.71	1210.33	1027.32	1427.39
TEAD1	2	2	1588.59	1708.31	1828.38	1987.32	2463.47	3048.55	1655.51	1718.17								
TECPR1	3	3	2687.2	1942.59				2465.58	1751.68		2779.28	3107.43	2614.2	3568.48	2716.64	2084.94	2360.33	2599.5
TECPR2	7	7	2579.78	2672.38	2807.06	2478.65		869.653	1218.67	1563.2	1617.9	1232.87	1771.87	1705.32	1233.24	1821	755.78	1093.22
TECR	8	8	4456.36	6192.57	12605.4	6196.6	1491.34	4288.49	1660.43	1889.53	11122.2	18022.1	16853.8	11679.1	10836.2	12728.9	15272.1	12247.9
TEFM	4	4	1686.18	1547.07	1990.12	1739.4	1419.8	981.948	1371.28	1329.95	2327.93	1919.35	1732.79	1811.03	2448.06	2157.16	2179.36	2311.08
TELO2	6	6	4214.35	4755.63	4279.43	4467	5714.67	4957.58	4542.86	6484.24	4284.41	4087.14	3596.01	3736.44	3538.07	3194.45	3950.25	3292.06
TENM3	5	5	2633.81	2919.34	2997.66	3397.5	2477.04	2259.36	2172.01	3182.84								
TENT2	3	3	1270.24	1313.7	2180.96	1865.49		1508.63	1988.29	1881.7	2324.98	2380.47	2242.81	2533.36	1371.71	1317.59	1256.01	1519.58
TENT4B	2	2	480.253	654.135	684.257	521.747			845.807			653.4		716.806	693.884	670.978	754.248	662.415
TENT5A	1	1	680.673	752.125	1000.81	837.749									528.976		335.671	833.916
TEP1	12	12	1240.54	1499.62	2221.85	1746.66					2131.64	2019.48	2264.45	2083.03	3025.43	2524.68	2651.38	3332.29
TERF2	8	8	4700.09	4597.19	4834.21	4923.26	5683.6	5512.99	5204.19	5657.94	6816.56	6537.14	5787.36	6581.74	6010.54	5301.95	5031.79	6567.78
TERF2IP	10	10	2910.52	2540.88	2675.8	2492.32	3072.61	3143.96	3004.64	3235.94	2924.01	2594.27	2638.81	3017.28	3258.11	2871.38	2904.55	2839.36
TES	6	6	20559.5	21840.9	31725.5	22148.2	5972.95	3288.92	3389.91	3781.07		3660.4	3840.88		7002.55	9554.53	10626.9	9580.33
TESC	7	7									4231.78	5619.51	4154.59	4404.61		771.909	754	556.067
TESK2	2	2									1909.08	1916.8	1379.42	1833.38		772.085		
TEX10	16	16	5542.44	4992.24	6576.59	5429.9	5874.34	5894.16	4629.69	4678.45	4986.14	4807.75	5299.85	5723.78	5840.05	4970.7	6111.41	5868.94
TEX2	6	6	1414.98	1314.39	1844.32	1615.33		1360.72	914.685	1187.91	2691.7	2171.95	3190.16	2306.87	1371.55	1281.88	1798.63	1739.38
TEX261	2	2	6342.43	4373.62	8490.58	4199.99		885.377	597.331	768.701	4242.03	7785.15	4259.04	3742.2	3852.2	5915.73	5703.22	4031.36
TEX264	2	2	10573.3	12439.9	12245	13555.7	7828.54	6697.74	6119.84	7110.1	24262.4	28162.6	17837.3	23537.1	15039.3	15351.4	14139.8	13999.8
TFAM	4	4									2342.48	2288.82	2627.44		3036.26	4684.85	4042.73	3038.86
TFB1M	5	5	3630.53	3073.98	3555.86	4196.14	11753.7	11699	13007.9	9961.35	7293.2	6362.41	6083.08	7087.59	7673.1	6975.09	7242.61	7187.18
TFB2M	3	3	1052.86	1239.14	2123.97	1267.87		697.53	3120.59	1256.18	1756.32	2601.06	2198.76	1298.06	1590.32	2185.11	2540.75	1966.45
TFCP2	4	4	6611.58	7587.18	5080.32	5827.83	6937.37	7210.92	7078.39	7234.36	5674.23	6947.75	5914.69	7701.37	6636.18	6324.09	6653.47	8613.73
TFDP1	4	4	2950.32	2829.28	3032.28	3133.93	3792.5	2996.3	3361.33	4218.91	3547.17	3170.6	3303.13	4070.75	3500.89	2727.31	3190.28	3783.71
TFDP2	1	1	600.166	656.983	592.386	512.48		535.883	1089.62	639.542						336.958	326.186	605.289
TFDP3	1	1	1319.1	1065.81	1567.09	1723.41	2162.79					1118.4						1196.23
TFE3	2	2	1870.8	1741.87		1402.98	4182.66	2049.2	2146.19	2673.15	3357.53	3190.34	3045.13	4592.33		2194.47	1833.89	1972.24
TFG	5	5	38981.3	47984.4	45686	65113.4	20242.6	39453.5	18174.1	27093.8	12420.7	17939.6	12036.2	13367.5	5323.7	13054	15202.1	8963.48
TFIP11	3	3	1411.41	2021.73	1719.96	2175.1	1957.93	1851.36		1593.86	1391.7	2095.1	1827.37	1758.84	1678.2	1887.11	1416.89	1863.85
TFPT	1	1	1110.3	789.823	954.551	747.146	680.707	836.901	783.817	997.532	998.702	1053.8	1080.73	1195.93	1497.02	963.168	1246.44	1344.92
TFRC	24	24	10526.7	10641	13541.7	15081	16764.6	14199.1	15090.4	15773	49907.1	34466.1	36721.6	41171.8	10704	16616.1	18398.4	18272.6
TGFB1	5	5	3720.63	3694.87	2359	3944.55	3404.39	4092.89	3711.72	3973.25	3985.23	4243.37	2909.51	4540.55	7073	5680.61	8015.17	9341.76
TGFB1I1	5	5	42488.1	45189.4	40004.5	41324.8	8586.08	6899.17	5519.51	6020.06			4290.47					
TGFB2	3	3	3473.65	4639.95	8963.19	4680.35	900.299											
TGFBI	4	4	4774.49	2894.42	3791.05	3368.35	9017.32	8352.8	6683.88	8430.44	2054.55	3181.3	2910.38	1905.93	2040.11	2348.67	2582.79	1542.28
TGFBR1	4	4	5612.26	4781.17	5338.16	4972.44					3484.81	3534.67	3052.71	3424.89	4315.07	3122.73	4202.34	3869.3
TGFBR2	3	3	1410.97		1853.62						2415.78	2435.91	3009.58	3162.01		2162.94	1801.78	1166.83
TGFBRAP1	9	9	3737.46	3372.23	3199.42	3121.33	9016.12	1693.85	3998.54	1841.74	6652.7	6127.49	5543.83	5829	5521.15	4862.92	4581.37	5303.21
TGM1	18	18	10432.9	6883.65	15752.1	7244.01	16704.9	6561.99	12747.4	9557.29	16544.9	18909.2	21520.8	20275.7	34309.6	9121.33	6433.61	16428.2
TGM2	15	15	40980.4	48087.4	59789.9	27616.4	110826	76552.3	55493.5	69061.3	39116	25091.7	25297.8	24814.4	322928	177236	316474	319312
TGM3	16	16	46224.9	25219.6	60604.6	15595	60942.9	23637.8	52283.2	38167.3	64192.5	46329.4	87859.7	84913.6	194500	36054.4	26136	67291.4
TGM5	5	5	2143.41	1771.02	2243.26		3889.98	2602.11	3309.11	3419.55	3313.47	2691.01	4042.97	3065.71	6167.24	1616.15	1546.91	2996.17
TGOLN2	9	9	9376.86	7961.5	9583.13	8750.58	8843.07	9628.83	9496	8148.59	11077.1	11481.9	10160.4	10275.7	8412.8	8484.37	7989.35	9505.4
THADA	5	5	2564.88	2484.66	2228.05	1949.45		818.537	1663.91	750.276	1802.2	1841.81	1396.53	2033.94	2220.8	1728.71	1460.35	2183.48
THAP11	1	1	1309.95	1235.75	1412.35	1550.93	2779.54	2390.95	2164.87	2636.2	2564.29	2906.72	1991.37	1942.31	2092.48	1642.58	1797.33	1500.17
THBD	3	3	5437.05	6464.88	6939.47	6999.93					2028.42	2412.57	1690.69	1866.75	1007.5			
THBS1	16	16	39441.9	19721.6	16139.7	26023.4	5098.15	5197.79	6643.29	5928.32		1419.73	3561.46	3070.56	3421.08	1680.79	2466.03	3502.57
THBS2	7	7	13772.7	14165.4	14796.5	15503.3												
THBS3	3	3	3487.99	3840.02	4690.85	4937.22	483.095											
THEM4	1	1	462.948		724.953						977.037	932.612	1030.63	1038.59	1307.39	1286.38	1267.63	1710.5
THEM6	3	3	3308.66	3220.78	4329.18	4292.96	5711.72	5306.56	4752.03	6424.34	5930.06	7508.48	5380.49	6248.29	8516.94	5982.12	8051.75	7985.73
THEMIS2	8	8		891.179							6313.49	6389.7	5501.62	5328	7067.37	8729.42	8236.68	7770.62
THG1L	2	2	1233.29	1084.59	1708.5	889.859	2696.42	814.138				1874.73			1318.76	2914.07	1805.65	2705.35
THNSL1	3	3	1941.7	2114.98	1856.4	2097.72	2834.54	2752.66	2579.75	2610.04	1854.25	2733.18	2343.84	2724.39	2955.5	1856.74	1992.65	2637.77
THOC1	11	11	4882.43	4785.87	4587.96	4232.79	4541.84	4594.95	4168.64	4976.86	5057.76	5459.19	4587.15	5879.1	4884.92	5223.41	5863.65	6158.2
THOC2	17	17	7534.54	6919.61	7839.58	8289.82	7592.48	7883.57	6460.09	6501.3	8556.97	8623.08	7928.62	8829.98	8893.34	8997.07	10172.2	8264.21
THOC3	4	4	8613.64	8938.86	9399.68	12437.3	14008.7	13855.8	17185.4	14088.8	8723.03	8904.83	7753.4	8923.62	8152.31	7982.51	8624.92	9995.18
THOC5	7	7	3885.3	2880.41	4251.02	2988.81	3510.52	2671.89	3765.32	2393.66	2934.86	3152.01	6935.32	4056.12	4049.32	3571.19	3114.6	3659.35
THOC6	10	10	4638.28	4602.64	4457.54	4084.04	4897.04	4920.52	4306.79	3664.19	5246.96	5646.09	4534.88	5380.65	5216.48	5400.02	5446.81	5623.55
THOC7	2	2	2662.13	1683.08	1460.93	1393	1627.54	1982.29	1659.08		2975.43	1444.62	3029.08	2991.68	2792.88	1988.62	3018.45	4534.04
THOP1	13	13	8704.46	8586.75	9357.08	9324.15	11787.9	10046.8	9654.1	8954.82	10233.4	10345.5	10301	10404.4	10557.2	9528.07	9576.06	10158.9
THRAP3	23	23	25663	21296.1	23742.5	25181.9	23603.5	24353.7	24061.7	21470.1	24500.6	24510.8	23934	26584	24457	25154.6	25642.3	25587.4
THSD1	1	1	1754.7	1462.65	1452.74	1356.17												
THTPA	6	6	4407.4	4053.87	4112.81	4617.08	1033.79	1982.75	1277.87	1731.81	4223.79	4399.77	4602.24	4657.01	4538.75	4504.83	4429.65	5065.22
THUMPD1	8	8	6349.48	5189.48	7047.58	5524.62	4626.65	4703.68	4302.32	4401.6	5737.13	5470.14	5176.65	5827.23	7614.31	6704.35	7128.69	8176.63
THUMPD3	8	8	5759.15	5581.31	5638.83	7174.96	5924.29	5811.32	5384.12	5643.59	6321.38	6665.13	5732.69	6427.69	5346.36	5131.2	5221.36	5620.52
THY1	3	3	9853.19	12407.8	25326.4	14086.8												
THYN1	7	7	6402.06	6469.84	5141.88	6411.56	7036.36	6622.6	6349.15	7105.28	6620.33	5378.58	5166.12	6694.31	8803.57	7130.01	7562.57	7145.71
TIA1	6	6	9035.64	8801.65	5556.2	8037.91	5415.67	4678.79	4302.93	4311.37	5796.03	5588.34	5699.56	6101.99	5365.15	6025.72	6012.17	5538
TIAL1	7	7	5253.81	4948.78	8663.25	5846.41	10078.8	4695.6	7672.87	7802.69	6372.62	6258.41	6663.29	5357.09	6161.21	6733.67	7789.92	7380.35
TIAM1	9	9	2242.6	2232	2822.31	2628.08	3112.31	3313.16		1981.83	1967.91	1584.37	2536.92	2680.2	3324.38	2862.3	3467.72	3315.32
TIFA	2	2					1427.22	1891.41	1399.83	1272.35	1538	1556.24	1532.52	1764.01	1928.57	1859.15	1952.75	2093.2
TIFAB	2	2										1334.52			1241.14	2390.99	2097.98	1134.53
TIGAR	5	5	24997.6	31321.7	24210.3	29452.4	5575.77	4876.43	7370.09	5121.27	40996.8	40010.5	42689.8	43829.8	50011.6	45565.2	46404.2	44724.9
TIMELESS	2	2						1536.7	1473.85	1340.68	1080.12	1142.29					687.553	880.314
TIMM10	1	1	1265.93	1487.03	2865.45	2136.85					3015.3	5051.5	4500.36	3195.78	4131.84	5049.04	4556.9	3617.07
TIMM10B	3	3	886.66	1420.47	1243.74	1184.14	1073.55	1645.13	1193.29	1029.06	2099.49	2118.48	1385.59	2520.4	1936.42	1676.99	2021.01	2097.08
TIMM13	1	1	11972.9	14416.6	13436	16836.3	26251.4	23923.2	21887.9	26365.2	21110	23175.5	23179.6	22493.7	26989.9	28237.6	21186.1	24378.4
TIMM17B	1	1	4148.95	3630.61	5199.86	4759.99	4731.35	4931.93	4747.53	6646.72	5055.7	4773.62		6525.39	7362.17	5816.17	5959.12	6263.73
TIMM21	6	6	2901.95	2320.93	3786.53	5019.97	3811.13	2533.56	2385.29	1900.62	5505.61	4613.83	3844.24	4072.04	4453.73	5256.81	5615.35	5525.73
TIMM22	1	1	7085.17	6481.97	9214.92	9317.71	6796.89	7142.65	8298.15	5497.16	10065.6	11415.6	10283.2	10949.5	8503.87	9240.81	12317.4	10784
TIMM29	4	4	3831.8	2751.83	3553.69	2721.53	4079.76	2334.12	2987.84	2859.75	4021.33	4242.06	3983.16	4379.68	4414.94	3997.22	3872.69	4055
TIMM44	18	18	14905	13762.3	14535.6	13931.5	16429.2	15614.5	14150.3	14922.6	15447.5	15066.4	14057.5	15720.5	16470.1	14772.7	15864.6	16543.8
TIMM50	8	8	27794	26167.2	25220.1	25296	20663.3	17926.1	17468.3	16285.8	37258.4	32091.8	29855.3	35356.7	42951.2	39499	42773.1	45949.3
TIMM8A	3	3	4220.98	4326.69	4371.06	5637.02	7368.91	8143.25	6920.6	6941.33	5928.73	6720.54	4875.47	7170.17	5065.05	6107.1	7007.14	5441.21
TIMM8B	3	3	4561.73	2894.92	3287.33	3377.85	6600.13	9156.06	7298.51	7104.07	10058	8027.88	8021.02	10304.1	9445.97	10232.5	11151.5	10000.2
TIMM9	2	2	6263.71	9540.25	5432.97	11446.7	10504.8	12434.3	9122.78	11139.3	16201	14534.6	11993.1	13518.9	13198.2	17304.7	17271.3	16008.4
TIMMDC1	9	9	5725.9	4961.42	6554.44	6219.4	10947.3	7075.36	8352.11	8022.64	11835.6	12643.1	13501.2	13771.7	15275.6	14465	14528.7	14503.3
TIMP1	2	2	17326	7436.78	8513.43	8157.95	4862.88	3738.61	3650.89	4194.4	3113.75	2484.13			3446.23	3737.78	3854.5	4209.65
TIMP2	1	1									1105.07	737.518	1348.17	1364.21		785.082	1673.99	1508.66
TIMP3	1	1									3467.36		2407.3		2963.09	1452.06	1692.08	2706.53
TIPRL	9	9	16400	17618.1	20469.6	21630.1	12513.9	12264.9	11164.4	11925.7	15034.2	14525.3	14103.8	12241.1	9879.2	13504	10744.9	10067.9
TJAP1	10	10	4333.08	4593.59	3675.46	4725.22	3833.53	3883.05	4113.65	3535.86	3282.99	3574.5	3990.21	3841.63	3660.36	3285.65	3464.75	3438.67
TJP1	34	34	10720.9	10618.3	10966.9	12233.8	7059.14	7664.6	7256.85	6286.03			2523.92		2451.32	2735.81	2468.53	2858.22
TJP2	15	15	3793.61	4119.27	4347.8	5136.2	4612.97	5610.27	5366.94	4996.66		638.559	1159.79	919.179	2384.72	1219.22	1239.49	1709.28
TK1	3	3	2489.38		1204.31	3706.49	8168.7	10298.2	9362.74	11210.7	5778.44	6912.47	2866.34	5469.3				
TK2	2	2	5183.75	3951.7	3931.53	3355.43	4320.9	2911.73	2953.19		9121.16	5156.65	6944.81	7347.46	7141.61	5738.48	8379.27	6677.12
TKFC	13	13	8260.05	8904	9265.92	8108.69	8215.02	8728.04	7429.45	7408.01	13325.4	14656.3	12654.6	14038.5	9845.43	9743.97	9482.36	8872.68
TKT	31	31	52860	74862.2	78605.7	98342.8	570561	771053	570202	540730	93875.7	175082	113791	116777	68152.6	118140	135238	102389
TLCD1	1	1	374.719	761.519	1469.27	813.949						263.661	344.38			299.142	124.026	197.057
TLCD2	2	2	1534.55	1458.1	1529.75	1432.54		2245.21	717.417	1068.46			667.297	807.428	1219.32	919.102	1182.28	1300.17
TLCD3A	2	2	2018.89	3231.61	6067.28	3277.22		920.341	1742.52	2270.22	3202.99	5064.22	4744.22	3614.1	1518.43	1178.23	4408.67	1737.31
TLE3	4	4	966.746	1043.12	1704.82	1229.14	2467.11	2583.69	2417.03	2730.52	4395.32	4178.08	3390.36	3987.41	4358.94	4058.43	4154.72	3195.64
TLE5	2	2	4304.69	4137.13	4336.16	4167.32	5899.98	6863.03	5642.9	5757.15	3234.68	3201.94	2700.15	3166.81	3895.79	3214.2	2855.16	3557.52
TLK1	1	1	1325.06	973.865	964.823	1284.67	1253.95	1025.94	1209.09	1092.4	948.997	1228.02	1342.2		975.876	602.339	875.669	871.042
TLK2	1	1	2181.2	1318.34	1356.18	1784.83	2481.97	1837.67	2021.29	1927.04		1499.95						
TLN1	79	79	222526	284893	262448	301767	84092	82397.1	85619	74844.9	178324	224012	191024	192650	225936	238335	275487	258685
TLN2	29	29	14193.7	13659.1	13748.1	15184.7			3313.03		2983.37	4033.36	4548.37	5428.39	7314.84	4226.6	5386.23	5653.79
TLR1	7	7									2676.32	2716.47	3163.68	3019.75	2797.1	3239.4	3969.7	3506.64
TLR2	17	17									7686.35	8851.97	7144.93	7175.1	6447.53	7640.31	6934.2	6622.22
TLR3	2	2	1936.67	3389.37	2550.6		5660.25	3285.28	2844.83	3822.65					2502.9	2118.28	1265.7	3135.44
TLR4	6	6									3869.21	3394.07	3881.55	4591.22		774.283	926.44	
TLR5	1	1											642.248	628.343			568.619	
TLR6	2	2									1505.69	1156.35	1360.47	1637.7	1031.43	817.121	823.489	1121.89
TLR7	15	15									4404.02	4348.92	4500.38	4946.2	3901.1	3826.25	3569.76	3679.4
TLR8	13	13									2661.16	2277.06	2796.23	2859.3	5705.09	4370.45	4976.99	4492.08
TM6SF1	2	2										728.8	863.559		664.729	1076.77	1539.95	1616.63
TM7SF2	3	3	449.181	1612.82	2142.97	2228.08	399.827	901.073	651.697	799.1		2065.11	921.034	535.574				
TM7SF3	3	3		1454.86						1221.57	7286.19	8833	5788.14	8014.28	2712.7	2247.18	2548.89	2050.31
TM9SF1	6	6	6286.57	7190.66	6007.73	5524.98	2878.37	2646.55	2492.04	2531.06	6847.22	5452.3	5268.83	7265.63	5453.68	6109.9	6386	6128.29
TM9SF2	6	6	29462.9	30811.3	39123.7	37449.9	18990.2	17122.9	14972	13562.3	26555	22782.4	27698	22952.3	21487	21837.2	23171.7	21008.6
TM9SF3	8	8	32953.1	33865.3	47362.8	44851.2	23626.3	20147.4	22581.8	20145.8	35052.7	35969.3	30630.2	25594.1	30811.9	36161.1	33104.6	34872.2
TM9SF4	10	10	19896.3	21253.2	29695.1	20548.2	17819.5	15076	16093.5	13666.9	27722.4	25615.5	22738.6	23603.6	22760.9	17484.7	20310.1	20960.8
TMA16	2	2	1453.5	1592.65	2906.33	2092.77	1176.05	1984.87	1186.41	1099.29	1565.87	1222.1	1647.69	1304.42	1604.49	1896.17	1860.37	1574.91
TMBIM6	2	2	4578.64	4744.4	4128.41	5026.54	6220.71	5715.89	4276.56	4440.45	4506.27	3134.15	3474.02	5329.22	2473.4	3044.79	3722.75	4794.22
TMC6	3	3									3048.91	2829.71	3327.01	3030.47	2389.65	1520.06	1447.31	
TMC8	2	2									976.908	1529.62	2155.32	1347.78		944.741	796.725	513.449
TMCC1	3	3	2000.97	1587.23	1923.47	1345.05	1320.25	918.846		1122.21	1355.29	1345.14	1365.88	2030.15		1058.33		1183.38
TMCO1	5	5	22512.4	20204.4	27595.1	20627.7	29212	16837.7	18905.4	17020.7	56620.4	48900.4	39667.2	45569.9	60180.3	46445.7	58738.5	62729.5
TMCO4	2	2					2860.18	2260.3	2878	2204.5	1327.57	998.039						
TMED1	2	2	1584.99	2636.99	6129.81	6714.29			1809.09		2893.03	3901.4	3676.27	2708.93	2650.17	3653.92	4746.2	3005.55
TMED10	6	6	41424.3	48398.6	89170	60856.8	16415.8	8479.97	14701.8	16404.8	41181.7	60549.4	51767.7	41501.2	34679.9	54542.9	53748.6	48425.6
TMED2	2	2	10090.6	7202.48	5381.03	7020.5	2991.76	2589.87	2246.08	1669.92	5560.12	5338.85	3591.36	6567.15	4501.48	3674.83	5011.26	5965.42
TMED3	1	1	785.528	800.402	2568.36	885.054						467.75				826.928	669.193	745.429
TMED4	3	3	16588.7	11093.4	11213.5	14994.3	9782.57	8852.36	9438.58	7308.59	18025	17598.5	14079.6	15551.5	13992.7	13595.7	13755.2	14858.6
TMED5	2	2	15305.5	14701	16136	15753.5	9050.49	9757.06	7515.19	6986.5	44947.5	38371.4	40924.5	43640.2	29981.9	24423	33668.6	34352.2
TMED7	5	5	3167.93	4197.14	3939.92	3534.95	3069.07	2446.28	854.513		4742.56	4961.88	6688.36	4013.95	3718.07	4145.27	5893.76	4445.22
TMED8	3	3	1766.79	1275.96	1370.29	1912.82	1659.63	1269.16	1224.07	1317.2	1643.48	2005.32	1983.87	1872.21	2361.68	1902.78	1791.14	2039.17
TMED9	8	8	174187	202721	181096	218826	47062.5	42130	51612.8	39465.4	110480	96309.1	96226.2	90781.9	85764.9	62106.1	78016.8	80179.7
TMEM101	2	2	2012.37	2029.97	3207.31	2097.75	2210.36	1219.27	1912.76	2169.3	1888.63	3123.79	2229.91	2629.35	1874.36	2437.92	1876.27	2700.85
TMEM102	1	1					1955	978.581	1219.07	1804.3								
TMEM106A	3	3	790.208		770.099						9030.96	14380	12296.4	12015.6	2597.7	2986.28	2491.81	2781.81
TMEM106B	5	5	2048.73	2429.66	2909.7	2457.75	1954.71	1998.62	1934.24	1952.76	5099.69	6299.42	5766.78	5150.84	2917.71	3213.69	3368.53	2466.81
TMEM109	5	5	148330	135377	91557.3	147642	107349	108828	104472	102878	144669	145848	82804.1	131687	73349.5	89746.7	81043.6	80651.1
TMEM11	5	5	3996.56	5987.58	7061.53	6060.57	1997.65	6166.04	3301.97	4090.52	10060.8	10850.9	10246.2	9862.07	11181.3	11218.2	11887.1	10761.8
TMEM115	4	4	10102.1	14072.8	14971.9	20016.9	6628.3	7417.74	6964.86	6919.78	8380.34	10771.9	8053.83	7457.27	8909.52	6483.9	8302.96	8351.39
TMEM119	1	1	1838.43	1721.12	1286.79	1144.41												891.88
TMEM121B	1	1	3256.28	3234.24	2911.01	3090.43	1971.86	1783.46	1677.26	1363.63	2042.57		1513.74	2016.61	1007.27	1620.88	1611.53	1431.02
TMEM123	1	1	3240.15	5185.53	4569.07	4994.1	2877.68	3819.33	1655.84	2272.57	19344.8	17601.4	18806.7	14737.8	3194.14	3696.92	3623.57	3967.8
TMEM126A	8	8	8506.74	11620	9943.12	11359.3	7235.27	7163.2	5929.42	5667.17	10766	11820.4	10241.6	10403	12029.2	12584.9	12087.2	11807.1
TMEM126B	2	2	3271.24	2109.41	1570.18	2426.38	1867.44	1672.39	1610.22	1655.05	1526.59	1719.93	2098.64		1424.68	1940.5	1737.78	1350.36
TMEM128	2	2	7383.49	5873.78	3482.66	4835.58	2456.01	2567.94		1869.14	5112.54	3155.73	5284.39	5116.29	5963.92	4892.02	6080.06	6908.31
TMEM131	7	7	4538.07	4075.45	4302.75	4250.85	3299.28	2618.5	3094.99	2931.26	2692.76	2387.41	2895.35	2691.53	2471.5	2046.24	2145.15	2216.06
TMEM131L	3	3	2168.05	1763.32	1272.9	1804.51		1773.01					1294.99		1641.84	934.748	1446.68	
TMEM135	1	1	1919.68	1165.66	2143.1	1413.19					5587.77	3321.94	4079.82	4768.46	4245.58	2719.62	3007.59	3586.65
TMEM143	2	2	666.009	716.685	518.471	711.793					1061.14	1491.42	1261.07	1383.98	784.973	1063.18	1247.21	1555.95
TMEM14C	1	1	3045.44	4208.34	7726.81	6111.27	1230.06	2384.99	2147.41	2714.27	13125.2	21194.9	17930.3	20134.1	13843.3	14277.7	12973.4	13837.5
TMEM160	2	2	2733.61	2778	3394.76	3003.9		2178.27		2073.68	4340.91	3903.69	4243.2	5232.52	2926.99	3348.2	4352.53	4648.47
TMEM161A	2	2	676.586	808.293	667.128	520.333									860.981	870.299	511.168	
TMEM165	7	7	15793.5	12112.2	12466.7	10952.4	9980.24	9259.38	7572.77	6309.89	13069.3	11256.8	10361.3	9581.42	15332.2	14213	14693.2	15357.9
TMEM167A	1	1	10784.6	14258.3	10045.9	14356.4	5502.03	4325.14	2808.25	3442.72	7980.7	7644.96	7215.18	8474.74	6811.9	4839.06	7047.11	5858.52
TMEM168	1	1		1398.64	1545.98	1182.29	1140.59				788.683	787.666	1096.77		1071.95		671.635	
TMEM175	1	1			833.617	644.51					1263.77	1295.93		1813.51	1344.54	1289.03	1297.45	1073.12
TMEM179B	1	1	806.71	731.414	1754.57						3114.67	6325.11	5425.8	3210.06	1558.08	2945.84	2586.36	1860.5
TMEM184C	1	1	9533.72	9245.12	11056.7	9310.94	6936.26	5440.66	5966.8	4776.72	13941.8	13369.5	14249.3	16190.7	8346.2	7743.57	6379.56	7585.77
TMEM186	2	2	1830.89	2260.49	1824.8	1760	2733.74	2483.53	2962.76	2042.6	3997.63	3547.03	3169.44	4995.38	3492.26	3326.72	4192.42	4248.1
TMEM192	4	4	4439.79	3711.66	4124.46	4535.68	5963.59	5612.78	7059.93	4378.15	16692.2	16680.6	14123.6	13753.7	8838.08	7994.06	9213.02	9017.61
TMEM200A	1	1	1740.11	2417.11	1700.63	2497.76												
TMEM201	4	4	1589.41	1517.22	2261.09	1440.56		2032.13	1603.91	1578.5	1981.24	1930.92	1681.61		1110.55	1446.54	1609.89	2145.87
TMEM205	2	2	2449.72	1414.84	2685.14	2204.61	2045.59	1416.69	1279.01	1058.45	2976.56	5991.43	4549.27	3381.91	2046.17	3271.13	2957.19	2624.12
TMEM209	5	5	4142.48	4290.04	4866.73	4166.96	7187.9	5753.64	5751.09	5968.83	6533.04	4922.93	5778	5117.5	5114.42	6043.13	6246.08	5852.54
TMEM214	12	12	9899.27	8323.46	8720.83	8374.1	7085.75	4283.09	4641.67	4335.65	6589.83	5176.41	6069.27	6670.53	5455.72	5312.12	5605.35	6717.21
TMEM219	1	1	1061.81	1024.07	1087.96	999.986	882.652	790.462	952.018	836.011	1532.24	1083.27	1000.59	1440.77	1094.24	888.069	993.685	717.889
TMEM223	3	3										2335.1	1454.73		2725.07	1906.45	2013.44	2616.81
TMEM230	2	2	11314	12003.5	12780.8	12465	3817.62	3503.98	3392.24	3482.82	3644.3	4603.2	4008.67	4438.25	4402.25	3239.04	5549.33	5394.26
TMEM237	4	4	4325.57	4894.12	4950.57	4316.91	1566.4	987.489	1044.69	1150.86	1158.83	742.853	1782.51	938.739	834.372	636.721	914.028	1219.88
TMEM245	3	3	5079.54	4383.9	5671.06	4847.9	3021.68	3964.28	3189.1	3022.78	3625.44	2340.45	3550.76	3510.69	3374.31	2354.44	2885.45	2277.32
TMEM254	1	1			2203.51								2064.42			1355.24		
TMEM256	1	1			302.809	257.28					616.094	2115.53	2278.39	1955.37	645.403	919.321	987.564	
TMEM259	2	2	1368.16	1361.84	1453.19	1506.37	1251.93	1554.62	2196.36	1585.02	1528.51	1598.64	1892.18	2794.02	2343.25	1375.71	1718.42	2833.74
TMEM260	2	2	2024.27	1676.3	2022.88	2320.5						1172.9				1021.65	828.887	
TMEM263	2	2	61453.2	55128	47178.6	51500.7	22397.3	21375.1	15741.6	17811.3	7645.68	5531.26	9385.75	7868.43	7645.49	5780.04	7197.66	7250.45
TMEM268	1	1			804.088	1341.22				518.735	1545.64	1258.25	1655.08	1743.91		564.443	688.352	913.322
TMEM30A	5	5	3002.72	2999.81	3473.75	2592.61	2524.44	2749.04	2666.19	2621.34	4855.61	3295.61	5000.58	6316.34	3101.96	2489.81	2836.78	3021.42
TMEM33	5	5	38056.1	38257.5	39901.7	41635.5	34175.5	44341.7	25050.8	30430.8	62449.2	54000	59433.2	57072.6	51993.4	51168.5	63311.6	66697.3
TMEM35B	2	2	1793.5	1977.69	2047.41	2317.14	2566.69	2668.42	1867.65	1392.12	7095.49	7493.88	7687	8167.54	4379.93	5225.09	5251.88	4534.74
TMEM37	1	1									732.598	1097.63	1001.44	1026.82				
TMEM38B	3	3	1646.17		1152.88	1746.88	2237.28	1251.39	2361.66	2231.73	2857.47	2375.01	3143.71	2957.87	3442.61	1924.15	2003.03	2907.6
TMEM41A	3	3	1544.79	1112.4	1552.11	1174.57		1270.85			2807.48	2608.76	2568.51	2706.85	2074.57	3116.69	3160.17	2251.66
TMEM41B	2	2	2337.64	2319.35	3895.28	3860.75	4038.01	3244.19	3425.24	4175.12	4133.84	6499.93	3576.94	3821.39	2144.25	3837.4	4233.64	2821.57
TMEM43	14	14	55902.8	62100	72401.3	77895.2	24015	27077.2	22801.8	21592.1	33601.6	28713.4	33037.9	26310.4	34126.1	32188.5	45011.2	40031.6
TMEM44	1	1			695.837													
TMEM47	1	1	2241.28	1472.44	2235.1	3054.24		2228.27										
TMEM51	3	3									3381.23	2427.54	2614.13	3095.55	5290.15	4181.33	4438.01	4345.78
TMEM62	3	3					837.128			946.527	1576.45	1640.02	1641.08	1878.03	921.883	1465.3	1041.5	1084.98
TMEM63A	4	4	4468.34	3965.42	4199.04	4838.31	4658.39	3373.21	4238.51	4149.02	16121.5	12555.5	14338.2	15693.8	8108.27	4384.75	5997.34	7891.55
TMEM63B	5	5	1883.78	2672.02	2478.02	1223.05		864.917		733.794	3372.12	4061.14	3183.97	3447.61		1679.77	1620.5	1424.73
TMEM65	5	5	7836.5	7074.87	9994.33	8109.82	5178.96	4434.27	4271.23	3551.26	6572.54	6492.68	6264.93	6601.59	4605.45	3279.72	4621.49	4799.51
TMEM68	3	3		2690.5	3077.97	3181.05	4420.46	3592.05	3391.43	2081.32	3164.68	4300.8	3603.66	3747.4	2892.37	2957.61	3090.33	7801.03
TMEM70	3	3	1979.7	1150.69	1527.41	1289.87	2197.04	2004.56			5048.68	3968.66	5942.39	3799.16	4010.81	5231.21	5997.91	5070.59
TMEM86A	2	2									3195.03	3685.66	2851.29	2738.51	2607.88	3954.85	4345.16	4178.19
TMEM87A	3	3	2500.42	3710.64	2520.2	3103.77		1612	1875.71	2097.33	1752.68	2021.84	1490.14	3125.59	464.875	1860.62	1335.73	1505.08
TMEM87B	3	3	895.477	1065.75	998.724	1141.76	1024.2	608.275	1658.84	1275.76	1595.85	3690.14	2531.74	2519.09	1067.89	1217.71	1411.3	1707.97
TMEM97	2	2	6459.06	7982.56	8286.55	9128.41	7493.82	11442	7460.03	3735.27	26755.8	30887.3	11364.3	22894.6	4363.47	7840.24	8396.38	4620.82
TMEM98	2	2	728.652	705.559	897.132	696.578												
TMF1	24	24	7672.53	7000.61	7608.92	7764.72	8474.71	8212.57	8228.29	7495.65	6912.27	5787.11	6621.3	7443.93	6155.99	4909.32	5131.77	6182.8
TMLHE	4	4	3644.35	3016.12	4009.33	3280.93	4940.36	5621.89	2637.68	4903.28	8928.79	9190.54	8219.89	9618.95	8389.34	6798.1	7095.07	6178.43
TMOD1	5	5					2487.11	3167.45	2601.54	2641.43								
TMOD2	4	4	3554.77	2977.71	3938.25	3722.1	4152.09	3687.18	3795.17	3377.4	5373.11	6731.17	6305.59	7318.82	4711.65	3608.63	4947.28	4850.42
TMOD3	15	15	14407.2	15623.5	18017	17967.5	10968.5	10044.3	8584.95	10575.2	11688.3	11803.6	11994.5	11066.6	10605.7	11229.2	11153.8	10617.4
TMPO	28	28	31556.3	27091.2	36224.2	33324.4	85036.8	91884.4	75544.7	76066.2	45042.1	54012.6	38945.4	46543.6	44280.3	46041.6	47955.2	44008.2
TMPPE	4	4	4339.14	6796.79	7692.11	8450.48	4405.31	3049.56	2949.27	3674.43	7576.43	7590.89	6759.8	7486.02	7400.29	8323.89	9152.45	7857.67
TMSB10	2	2	6805.43	35459.8	39972.9	68862.6	1568.05	6182.36	10201.7	13653.9	4043.58	20748.7	6788.12	6568.8	4662.37	10131.5	9080.8	3989.95
TMSB4X	3	3	63844.5	276490	437060	510938	47296.2	115453	177631	211611	73555	813848	358170	175236	27886	435253	265273	47216.5
TMT1A	2	2					9894.4	12878.7	9833.94	8642.42	18778.4	25038.9	17837.2	25188.9	20541	17412.8	19097	21093.5
TMT1B	1	1					5588.31	4032.31	4367.23	4326.23		7380.78	6401.68					
TMTC3	9	9	10650.4	8137.73	9354.29	10013.3	6882.53	6906.91	5187.2	4465.04	2669.26	2747.44	2607.75	2323.63	2266.57	2007.83	1932.04	2165.92
TMUB1	2	2	7727.01	4319.35	5865.06	8841.41	5492.8	4882.87	4627.78	5603.17	6239.75	4355.22	3098.18	5225.92	4664.72	3136.52	4061.39	3652.85
TMUB2	1	1	1282.49	1222.91	1212.21	2043.16	1496.71	1103.11	1297.23	1096.06	1831.82	1973.66	1853.65	2700.04		897.282	934.778	
TMX1	8	8	25188.7	24601.6	30180.8	32487.3	18108.8	17315.5	17081.2	17686.5	46447.2	51065.9	41550.7	47802.5	35178.9	35966.2	38146.6	34773.8
TMX2	7	7	8532.77	8937.89	10704.5	10114.7	5697.52	5343.26	5624.87	4578.84	17200	16323.8	14141.9	15703.6	12975.7	13443.6	17862.4	13554
TMX3	14	14	38344.4	40256.8	41934.2	46650.6	13908.1	16837.9	12612.4	14441.7	29174.9	27694.1	26216.2	28256.3	33033.2	35324	43661	44211.2
TMX4	5	5	16728	14489.4	20759.1	19645.5	10283.7	10079.6	6973.71	7651.11	8509.58	9146.47	8523.24	9165.94	8194.08	8668.97	10512.5	10115.4
TNC	31	31	15407.8	16802	16369.7	16178.6	1443.71	1259.9		1263.79								
TNFAIP2	22	22			736.99		3210.81	2660.19	3015.01	2668.31	8203.16	8698.37	8445.51	8786.2	3555.74	3494.34	3363.74	3698.49
TNFAIP8	3	3	4068.15	4760.57	4431.17	3985.17					11760.4	13701.8	8884.01	12470.4	12296.7	15974.8	14306.6	12485.2
TNFAIP8L2	5	5									24926.7	28780.5	21060	22442.6	19543.3	22179.4	24917.9	16197.4
TNFAIP8L3	2	2					205.152				1634.04	1551.71	1332.87	1157.46	4862.49	5372.38	7675.76	6746.22
TNFRSF10A	1	1					1690.98	1336.8	1106.09	1290.53								
TNFRSF10B	2	2	3472.43	5134.98	6644.23	5570.47	4626.73	5418.23	2809.15	2465.07	4015.79	3373.61	4090.62	4422.77	2014.91	2549.33	2282.33	2230.91
TNFRSF10D	1	1				2275.6	8407.39			6830.29								
TNFSF4	4	4					3955.25	4826.44	4167.92	3174.14								
TNFSF9	3	3			1045.04	1339.6	2994.28	1824.18	2572.8	3377.76								
TNIK	3	3	1095.75	1186.56		933.611	761.836	1047.98		1017.85	1239.92	1309.61	924.136		1267.75	930.496	993.207	1055.15
TNIP1	5	5	1831.53	1609.54	1877.67	1664.5	3625.68	2946.63	2306.47	2160.74	2480.44	2561.87	2574.17	2856.68	2302	1357.19	1922.57	2304.36
TNIP2	1	1					1478.59			1091.61		1727.03	1381.34		1197.57	1358.54		1318.57
TNK2	3	3	1242	885.202	1494.33	1495.62	608.462	958.375		851.364	967.999	1375.9	904.586	827.346			785.526	1001.09
TNKS1BP1	30	30	22507.6	25543.1	24843.1	26887.5	11139.1	11011	9480.5	8868.84	4314.43	3658.99	5663.84	3971.56	6067.45	4637.16	5925.69	6387.67
TNNI3	1	1					3756.82	3691.65	4523.08	4782.53	3933.42	4677.31	3721.4	4267		3886.79		
TNPO1	8	8	25235.4	28552.1	29773.2	32993.1	19308.5	21222.3	21321.4	20766.3	22802	25856.6	25137	24623.3	20046.8	21145.7	21932.4	21086
TNPO2	6	6	3492.42	3333.04	3649.56	3864.53	1602.34	1968.99	1403.54	1796.18	1552.96	2158.6	2263.25	2291.41	1588.51	1665.36	2072.57	2188.2
TNPO3	8	8	2684.8	3088.63	2686.87	2913.18	4366.43	5142.29	3525.84	2907.9	2763.46	3275.91	3026.91	3736.51	2221.65	3290.56	3148.75	3414.43
TNRC6A	1	1	144.423				214.72											
TNRC6B	4	4	2329.29	2018.55	2041.71	1853.98	1784.13	1903.85	1689.93	1408.62	1341.21	1284.33	1749.78	2069.67	2089.01	1290.7	1121.44	1638.07
TNS1	25	25	15036.3	15689.1	18544.4	19191.7					3432.17	2792.11	3706.36	3043.1	1625.21	1396.21	2235.52	2632.7
TNS2	5	5	4635.6	4072.68	4351.51	4090.05		1927.46										
TNS3	25	25	10912.5	11101.1	10043.9	10331	26229	22783	18994.7	21750.9	23066.9	22344.6	21051.8	19013.6	30979.6	34955.2	36346.3	33759.3
TOE1	6	6	3044.1	2127.84	2577.74	2477.6	3927.5	3561.68	3228.12	3417.71	4945.69	4014.14	3223.15	4530.94	4268.3	4574.01	3814.47	4077.29
TOLLIP	6	6	5195	5014.06	5163.72	5087.39	5342.95	8962.77	6526.26	5596.89	12876.9	14433.4	12499.6	13375.4	15656.6	13065.4	16534	16988.7
TOM1	10	10	6423.96	5948.11	5541.95	5887.8	5650.26	4550.45	5326.17	4568.28	19179	17922.9	16891.5	18794.3	26747.4	25254.7	28816	30889.9
TOM1L1	2	2	2150.89	1884.07	1610.52	2038.41	9062.63	7662.9	8293.03	6555.78	1906.78	2411.47	2043.09	2114.9	1413.01	1103.37	1320.53	1244.17
TOM1L2	8	8	7075.78	7113.07	8505.72	8749.33	10459	11103.7	8337.82	7035.59	3199.2	3419.18	4555.79	3720.36	2622.79	2399.88	2986.95	2991.01
TOMM20	3	3	9876.65	8830.18	7349.98	10603.1	10556.1	9291.75	8465.86	7653.03	14436	13647.8	10685.9	13020.5	17353.4	21369.2	26926.4	19635.5
TOMM22	4	4	8996.24	8431.29	10552.9	9239.34	6270.47	6706.74	6588.37	6206.26	7826.33	10274.4	9266.59	10564.7	14176.5	11887.5	13216.2	14283.9
TOMM34	10	10	6843.29	6817.25	7117.99	8212.05	22315.1	20763.2	19187.9	18687.6	7091.61	7257.1	7005.15	7985.52	7140.85	6857.32	7154.99	8299.55
TOMM40	5	5	4906.5	5974.66	10110.8	5470.03	3675.01	3410.88	4017.93	2372.59	14528.2	11697.6	13673.2	12153.3	16143.7	19157.6	19867.7	17733
TOMM40L	3	3	1978.74	1731.32	1425.06	2358.68	1328.11	1682.42	1206.86	838.952	4138.83	4186.82	4232.93	4486.11	4942.31	3606.53	4569.92	4588.37
TOMM5	4	4	1136.33	1149.76	1440.43	1267.22	1472.41	1529.42	1251.07	1151.3	2479.55	3338.68	1902.25	2265.33	2977.14	3413.42	3002.21	2983.74
TOMM6	2	2	16995.5	21556.9	18073	20369	19531.8	16255.1	15397.9	14454.8	26447.3	24791.1	18297.5	29119.1	35058.9	36670.7	42079.8	35001.9
TOMM7	1	1			3257.16						3399.99	5474.3		4260.71	3415.32	9856.3	6878.15	5560.25
TOMM70	11	11	9817.54	10718	13066.6	13285.5	12874.9	11372.1	11396.9	13274.2	16223.9	18112.2	15929.4	15880.1	15745.6	16798	21939.3	16278.1
TONSL	3	3	2029.72	1604.66	2432.58	1629.57	1696.53	1372.19	1393.51	1421.23	2284.25	1696.8		2548.42			790.516	1454.82
TOP1	17	17	11495.8	9919.9	12536	11903.6	32611.3	29561	27698.2	26452.8	18198.6	19492.1	15836.3	16142.5	16294.2	18332.7	19626.9	16715.4
TOP2A	24	24	5962.5		4550.45	8020.58	23869.5	21678.3	18083.2	26514	10267.2	12897.9	7745.52	14981.8				3083.49
TOP2B	27	27	8829.29	8806.82	10367.8	9382.69	15986.8	16568.2	16078.6	16949.7	8243.43	8958.47	8883.73	8372.22	8582.93	8419.94	9155.29	9148.94
TOP3A	2	2				1154.26		1721.93	1601.42	1708.33		1576.27				1604.43	1063.32	
TOP3B	2	2	4711.24	5488.08	3370.66	6309.2	4161.83	3665.98	3808.43	3215.04	2708.43	2004.73	1494.8	2045.4	3128.76	2013.09	2210.17	2304.3
TOPAZ1	2	2	2150.36			2467.55	2323.51					3473.62	4071.45	5465.01	3044.46	4766.82	3999.72	
TOR1A	8	8	11329.5	12437.7	14767.2	11298.7	7054.5	6253.25	6912.95	5937.47	10736.8	12450.8	12197.8	11815.4	10455.3	11588.8	11719.2	11978.1
TOR1AIP1	15	15	29682.5	30555.7	37505.1	36948.7	11985.3	13786	12375.7	11744.9	25195	27969.3	22508.6	24557.6	27973.3	32958	33683.4	29211.3
TOR1AIP2	11	11	12642.7	13560.7	14280.3	15027.2	8915.73	7411.06	7869.31	7142.12	9875.76	13335	9885.88	9932.33	11144.9	9940.08	12113.8	10831.2
TOR1B	6	6	6348.86	7238.56	7484.43	6702.38	2611.54	3939.28	2980.82	3153.42	4764.97	3932.08	5030.36	4282.25	3557.17	4033.31	4249.83	3673.51
TOR2A	3	3	2740.55	2465.74	2527.82	2170.73	2277.13	1852.93	2115.57	1545.68	7211.33	8482.65	6490.06	8386.29	4920.74	4795.08	4518.63	5977.4
TOR3A	4	4			889.049	1462.45		2766.68			2209.6	1959.53	2033.2	2080.76	2676.23	3041.51	3000.23	3132.01
TOR4A	12	12					6597.13	6455.37	4913.54	5592.5	10421.6	9821.04	10164.8	10158.3	5965.02	7057.32	6637.87	6550.61
TOX4	3	3	2391.75	2373.68	1597.35	3161.73	2790.24	3254.6	2826.27	3152.29	2476.77	2781.61	2007.43	2861.44	2394.4	2371.75	2973.81	2344.26
TP53	2	2					6077.28	6267.73	5084.3	4188.59								
TP53BP1	31	31	9538.86	9154.71	10782.6	9747.07	10144.1	10357.3	8673.09	8389.36	4224.65	3630.21	4303.44	3621.08	4740.76	3914.66	4557.35	4366.67
TP53BP2	6	6	3194.2	2442.28	2734.38	3251.88	2215.42	1899.24	3022.77	1981.51	1266.59	1175.86	945.931	2897.79		1447.26	1263.55	1111.4
TP53I11	3	3	3821.49	4790.59	4614.22	5463.51					11508.4	11646.4	10502.9	12010.8	5782.23	6169.24	7579.81	6461.33
TP53I3	8	8	5799.16	6146.4	4649.15	7470.89	2396.63			1192.41	4177.9	3062.85	3388.09	3545.26	3556	3194.71	4503.82	4151.1
TP53RK	5	5	12690.8	14097.2	12791.8	14028.9	8308.4	5546.44	6990.89	6863.33	17006.1	18594.7	18209.9	17567.2	20440.6	19179	19442.4	22284.4
TPBG	4	4	7425.7	7712.67	8665.52	9874.16	4166.47	5400.8	4056.4	4565.33								
TPCN1	6	6	818.848	863.989	1128.76	793.934	578.655	658.856	931.575	901.208	2576.76	3424.8	3867.37	3834.97	717.927	706.504	733.236	920.206
TPD52	7	7	2058.67	1698.53	1843.06	1696.63	26074.2	27513.9	23796.2	26930.3	3048.4	2547.26	2833.32	3704.98	2249.63	1763.72	1208.9	2363.63
TPD52L1	3	3	3083.26	2944.78	3290.72	3400.06	1060.98	568.508	695.279				1151.05	1198.9	1244.57			
TPD52L2	15	15	85140.1	85682.4	83754.3	92101.6	43791.4	35709.4	38570.1	39626.6	92734.8	95571.8	102724	103795	61714.9	39146.1	52785.6	56430.6
TPGS1	2	2		1274		1119.49		876.788									767.978	
TPI1	16	16	124608	145683	90440.6	157091	222607	230161	178510	146859	102224	86905.3	72509.9	122977	85871.1	66225.6	84447.1	94138.3
TPK1	2	2										4378.82	4017.43	3375.18	2941.18	4157.02	3717.19	3330.1
TPM1	14	14	1.47166e+06	2.31266e+06	2.8732e+06	3.24867e+06	223908	183129	262120	321864	47353.3	63368.3	133758	30871.9	54641.2	23233.6	24722	28275.6
TPM2	13	13	40513.9	47541.4	47250.1	47014.7				1022.77		52160.2	3683.08		770.714	449.487	922.735	559.68
TPM3	9	9	397260	442236	379707	487202	340141	315863	326513	271876	275011	419601	331044	322814	325854	302899	277723	266333
TPM4	14	14	299946	415375	377717	477543	141153	123809	157189	169138	91543.1	189658	132369	117664	120965	107501	116973	105343
TPMT	7	7	10051.6	8893.77	10978.1	14174.8		5318.93	6411.15	9199.34	20585.3	28076.7	23490.4	16711.6	21170.6	30300.7	30019.3	24336.6
TPP1	10	10	32834.5	38762.2	53662.4	40022.8	9959.67	10683.6	10262.6	7839.28	107688	114907	124544	118600	173877	108527	140839	130371
TPP2	39	39	12914.3	13799.5	14059.1	14476	12670.3	13439.1	11890.8	11350.1	25619	28369.3	25045.7	25731.1	22296.2	25399.8	26888.3	25278.3
TPPP3	3	3	2835.73	3030.03	1567.19	3431.23		862.933		1166.74				604.205				
TPR	76	76	14822.2	13089.2	16660.6	14927.4	20884.9	19143.1	19944.4	17604.8	14256.3	13806.9	13083.4	14634.8	14903.5	14502.2	15033.5	15334.5
TPRG1L	3	3	2438.69	1998.91	2522.09	1838.14					3254.79	3709.67	3775.4	3210.36	2654.82	1305.29	1981.15	1875.02
TPRKB	5	5	4413.76	3773.74	3862.6	4070.51	1828	2158.22	2138.44	2967.95	5163.58	5282.1	4304.43	4197.09	5744.74	4199.03	5481.96	5563.54
TPST1	2	2	1805.76	1457.69	1627.61	2174.72	1516.88	766.817	828.543	703.636								223.837
TPST2	2	2	6420.2	4717.13	3425.04	5224.34	7866.28	5817.25	7730.92	6313.47	5516.48	4767.6	5535.16	5796.38	3139.16	2138.24	2341.67	2624.96
TPX2	16	16	1753		1882.48	2882.53	4698.84	5542.01	3179.82	5708	2341.57	2442.03	2832.06	2852.17				
TRA2A	6	6	7445.09	7521.81	11524.9	8760.78	1787.66	2532.81	2149.03	3676.49	13285.9	17547.4	14138.9	11447.3	15058.4	26482.9	16974.3	18721.5
TRA2B	7	7	17097.4	14793.1	22835.7	17626.6	30530.1	19646.2	26488	23789.4	17400.3	21987	17633.9	20280.2	20259	20831.3	23478.6	19887.1
TRABD	6	6				2552.55	5521.29	4944.47	4522.44	3992.43	4880.75	3892.9	5360.04	5322.47	6449.65	6187.96	6874.67	6405.27
TRADD	6	6	6805	7298.14	7252.23	8506.86	4759.19	4908.94	4015.04	3729.17	7132.43	6860.65	6709.33	6424.54	7064.25	6412.61	7206.32	8115.65
TRAF1	2	2	1051.28	1227.11	759.141	738.93	2269.84	2119.69	2066.18	1771.88	1035.91		1361.43		1018.63	1246.66	751.539	954.772
TRAF2	5	5	2824.97	2201.37	1995.75	2247.63	4672.01	3325.41	3713.16	3492.99	4615.26	2394.43	4945.73	4452.73		2343.94		4506.41
TRAF3	2	2	1166.51	1147.06	773.718	854.407				1972.78			1494.88	904.409			976.592	
TRAF3IP1	3	3	929.05	746.778	594.665	730.547		658.437		686.817						452.104	517.506	
TRAF3IP3	2	2									1181.2	1486.72	1420.77		1676.88	1262.55	1131.58	1986.8
TRAF5	5	5	2172.19	2046.75	2347.91	2389.59												
TRAF6	1	1	5106.27	3011.86	3336.51	3170	3370.79	2659.27	2444.38	2531.2	5220.05	3356.01	6944.11	6847.6	4974.54	4055.21	3311.99	5509.28
TRAF7	2	2	1869.83	1952.14	1736.74	2228.8	1632.18	1760.54	2337.25	2121.43	1904.77	2237.67	1955.77	2075.19		3821.96	1673.61	1739.71
TRAFD1	3	3	1261.6	1684.36	1923.49	1324.94	1299.67	1477.09	1018.82	1198.22	1253.13	1606.99	1800.91	1661.25	1423.27	1149.38	1200.66	1137.28
TRAM1	6	6	24472.8	23706.9	22918.2	26107.6	17672.3	20559.4	19766	14547	25275.7	29689.1	25201.8	28476.6	19700	17922	21231.1	20899.9
TRAM1L1	1	1	435.213	485.378	754.459	298.147	215.455	71.5477	119.548									
TRAM2	3	3	1612.81	2350.08	2585.88	2158.99												
TRAP1	24	24	404688	460098	497090	481461	836080	848936	822560	822997	718427	729147	552556	656074	845863	763029	925152	789511
TRAPPC1	5	5	10493.1	12432.5	12261	12725.7	8181.56	7658.2	7456.43	7184.14	18299.3	18595	18807.8	18755.7	14246.9	13877.9	15098.2	15376.3
TRAPPC10	5	5		1179.74							2080.55	2635.21	2384.93	2430.03	2409.67	1856.08	1852.58	2054.67
TRAPPC11	18	18	4210.51	4393.7	4443.66	4106.37	2969.58	2732.78	2455.99	2498.66	5893.37	6619.14	5598.24	6308.16	5607.56	5333.1	5164.49	5473.13
TRAPPC12	8	8	4708.27	4382.85	4539.61	5497.3	3246.59	3624.33	4257.47	3102.51	4792.64	6296.81	5937.09	5282.32	5238.22	4764.3	5236.88	5137.05
TRAPPC14	2	2				533.239						1671.97	2130.12			1484.29	1755.4	2040.39
TRAPPC2L	3	3	613.133	671.167	1887.23	844.156	1938.71	2249.79	2041.08	1793.4	4166.69	5527.75	3892.19	3701.03	3221.08	4285.21	4567.1	3703.26
TRAPPC3	6	6	24442.6	23480.7	26538.3	27333.3	16714.2	16253.1	14916.7	15360.1	35135.8	39678.9	35225.1	35395.9	32396.4	28468.2	31347.6	32403.9
TRAPPC4	9	9	8781.71	8305.77	7083.79	7758.4	7505.07	7322.36	5613.51	5408.11	15263.1	15483.5	14514.3	14505.9	11285	12741.4	14643.9	13738.1
TRAPPC5	7	7	9839.87	12343.4	9250.47	14168.3	7656.41	7120.29	6173.12	6044.37	14274.8	13288.1	12094.4	13237	11476.9	11972.4	13457.9	13050.9
TRAPPC6B	5	5	5903.03	4819.99	4310.2	5510.98	4969.88	7688.91	2956.71		6281.83	6633.76	5681.35	6745.64	5800.4	6065.15	6626.81	6465.16
TRAPPC8	21	21	4235.23	3842.99	4249.05	3858.7	2623.1	2279.43	2990.45	2299.24	5604.49	5425.09	5907.11	5599.48	5187	4426.56	4851.49	4760.27
TRAPPC9	18	18	6062.55	5437.25	5010.36	5890.37	4599.81	4617.38	4602.91	3978.89	7533.06	8047.95	6839.09	8096.36	8476	7810.58	7925.37	8381.01
TREM2	1	1									3880.22	5126.43	3380.74	3862.26	4276.92	3050.53	3554.84	3765.67
TREX1	2	2		717.403							858.944	968.414	893.711	1905.79	1214.46	842.577	891.542	708.675
TREX2	2	2	3312.95		4164.15		3906.2		2516.35	2042.69	3326.52	2175.47	5291.29	5192.61	21770.8	1010.04	1676.8	3353.51
TRIM11	1	1	1286.15	772.165		1559.82	1051.11	1311.05	972.935	946.401	1286.63	546.696					1022.87	1455.7
TRIM14	2	2				341.951	2313.48	1752.14	1955.29	2073.41	3116.24	2556.79	2137.1	2660.22	796.544	1226.71	935.715	768.787
TRIM16	5	5	7126.49	7284.72	8453.74	6637.94	9573.14	9352.17	7898.35	6417.57			1431.4		1989.3	1000.62	11766.7	
TRIM2	11	11	6920.22	6256.9	8130.46	7189.76	6195.39	5583.41	7216.35	6469.9		2074.53	2209.97	2115.55				
TRIM21	10	10	7811.87	7284.4	5792.83	6714.48	7326.64	7597	6356.21	6139.39	22428.4	20397.1	16412.4	22463.9	23132.1	21219.6	25224.5	26291.8
TRIM22	7	7	6657.96	5105.74	5486.52	5896.02	6940.56	5420.78	5972	5967.31	6094.16	5432.79	4273.98	6555.15	6165.3	4464.18	4850.74	4842.84
TRIM23	2	2	24891.2			32701.3						36092.1			1338.8			
TRIM24	8	8	3213.72	2679.8	3269.63	3485.91	2954.31	2373.31	3012.89	2805.83	2146.58	1983.58	1872.34	2247.94	1967.81	1276.45	1906.86	1989.32
TRIM25	20	20	23537	24006.5	26962.2	27734	16424.2	16976	13003.3	13690.1	40447.9	42986.4	42521.2	38773.8	30982.4	30277.6	32326.1	33538.5
TRIM26	9	9	5539.02	6128.63	7316.15	7112.67	4952.65	4389.82	4732.53	4838.47	6306.68	6322.55	6941.96	6268.2	5879.49	6285.95	5918.75	6095.7
TRIM27	2	2	3630.59	3017	2108.49	2596.63	3041.26	2563.8	3347.91	3341.95		2263.57			2369.74	1912.54	2581.84	
TRIM28	13	13	80660.9	67435.7	72746.7	63895.6	72456	77079.6	81261.9	76725.5	63555.4	78129.3	73479.3	72642.1	75487.3	79219.5	82312.1	81232.2
TRIM29	3	3	2032.86	2238.05	9490.41				2394.11	1939.72	4118.74	3024.49	6208.26	5049.17	6355.83	2830.94	2055.11	2857.6
TRIM3	13	13	7282.91	7311.12	8084.49	7791.53	2809.38	2519.22	2181.49	1939.03	3320.2	4147.28	3524.81	3843.71	1950.53	2126.33	1954.61	2107.15
TRIM32	6	6	4168.66	3396.11	3719.68	4192.52	4350.47	3304.58	3894.32	3030.82	3610.18	2925.82	3641.35	4169.26	1782.86	1719.33	1485.08	2428.73
TRIM33	10	10	3237.29	2761.9	3080.72	3256.07	3948.23	3078.8	3354.4	3168.22	3650.7	3690.09	3465.58	3709.75	3740.88	2777.07	3326.36	3748.48
TRIM34	1	1							498.786				474.057		626.818	370.106	433.512	816.588
TRIM36	4	4					7458.52	5752.94	7229.78	5775	8511.3	6955.41	7362.45	6708.1	8861.43	9215.33	8570.53	9920.78
TRIM38	6	6	2620.51	3139.59	2961.31	3156.8	3735.16	2619.36	3722.67	3544.78	5064.84	4281.19	4958.52	5604.15	4638.52	2847.21	4361.2	4152.63
TRIM4	3	3	573.044	388.118	713.005	493.631	2471.56	2320.78	2900.86	2088.39	2835.83	2193.22	2558.41	2041.93	1593.65	1159.82	1294.25	1515.53
TRIM46	6	6	5040.4	3655.42	5016.57	4072.59												
TRIM47	11	11	4137.59	4096.98	4041.27	4842.92	3779.15	3477.22	3049.33	3555.11	9361.42	8765.02	9067.66	8040.94	2976.63	3840.26	2723.64	2971.65
TRIM5	2	2		1967.86	2855.34	1885.29			1987.31	1309.65		1653.72		1584.5		2484.17		2312.53
TRIM56	13	13	4307.55	3854.1	3782.89	3717.25	5093.19	3666.78	4540.51	4106.2	3263.38	3490.42	3657.56	3277.64	3422.16	3029.69	3543.17	3511.41
TRIM58	5	5	4257.2	3215.46	3186.52	3350.14												
TRIM59	1	1		1166.44	2038.6	1129.76						986.512				780.202		774.107
TRIM62	2	2	1236.18	1053.11	1366.72	1012.51				873.684								
TRIM65	6	6	3650.15	3856.95	4248.77	4867.77	5130.88	4631.56	5435.83	4529.09	6559.26	7035.48	6350.15	5570.17	5205.61	4927.56	4604.98	4418.07
TRIO	27	27	9627.09	9159.63	9125.54	10573.5	8048.29	6631.08	7120.1	6901.29	4249.5	3670.31	3822.33	3270.51	4830.83	4212.24	4025.31	4511.31
TRIOBP	15	15	8318.55	8801.57	7887.84	8738.51	5623.34	5889.03	5400.54	5192.18	3946.09	4047.15	4684.23	4234.63	3745.16	2829.7	3316.9	3099.09
TRIP10	16	16	12839.3	11154	11093.7	13186.3	8427.2	6785.38	7630.73	6706.9	6438.36	6719.44	6758.58	7649.9	6121.97	5395.58	5667.66	5258.94
TRIP11	36	36	15705.3	15169.4	17318.1	16890.7	9414.16	6406.52	7538.25	7312.04	9081.27	9831.42	8603.4	9739.12	9048.72	8170.95	9098.43	10327.1
TRIP12	28	28	9210.67	8609.01	9132.45	9382.19	9484.25	9204.52	7645.34	8100.33	8511.11	8009.7	7694.8	7727.38	8130.13	8121.99	8445.27	8633.67
TRIP13	16	16	7906.13	7648.48	7563.74	8428.59	15747.8	18409.7	16082.4	16319.9	6881.57	6417.13	6427.16	7527.81	4066.77	4084	4542.9	4238.01
TRIP4	12	12	5288.29	4277.1	4298.53	4302.94	3618.02	3328.78	2897.84	2496.96	3340.95	3133.95	2913.46	3350.21	3592.8	3389.02	3548.22	3686.77
TRIP6	5	5	1781.32	2263.03	3934.88	2464.27	1009.27	1417.6	2906.47	1261.28	1588.56	2027.37	1364.19	1236.76	1461.29	1597.91	2133.43	1326.84
TRIQK	1	1			769.472						2358.23	1096.51	2091.7	1800.29		2152.72	2583.79	3343.57
TRIR	3	3	11964.3	13261.1	12264.1	13561.8	11424.3	16099.1	11942.4	11212.5	14490.6	15088	10424.4	11986.3	12146.7	16926.4	15362.5	14942.1
TRIT1	1	1				1013.06			1375.99			1503.89		1493.39	1635.38	1187.91	1651.4	1726.77
TRMT1	10	10	4964.39	4402.35	4998.14	5782.13	3530.37	3091.52	3147.54	3227.59	5488.27	5525.68	5209.5	5110.35	6572.92	7379.31	6834.81	6472.49
TRMT10C	10	10	5097.36	5534.64	6387.62	5410.96	8905.01	9051.89	8226.19	8998.59	6958.04	7495.19	8291.64	7462.59	9295.46	10915.2	11749.3	10735.8
TRMT11	2	2	3815.65	2976.99	3520.37	3598.71	6919.83	5376.2	5696.36	5307.38	2403.15	1938.27	1493.82	1704.14	2743.22	2236.98	2397.03	3008.37
TRMT112	3	3	3848.77	4624.58	6732.53	4936.98	8877.57	4068.79	9502.65	7762.98	5552.58	6453.1	7800.13	6004.25	4650.4	6348.77	5752.43	5302.42
TRMT1L	8	8	2532.47	2523.65	3085.84	2511.56	7167.9	6259.85	4477.88	5847.35	4151.44	3773.84	4276.9	4350.24	4035.83	3954.45	3963.21	4048.04
TRMT2A	2	2	3564.24	3565.21	3454.84	3245.32	7010.7	7248.72	6546.83	5960.4	7019.47	4965.5	4166.27	5282.62	5863.56	5198.12	5978.5	6245.19
TRMT5	7	7	7432.77	7609.63	7589.82	7946.88	5285.21	4452.77	4832.66	4613	5436.75	5124.2	4212.69	4997.46	4814.37	4462.96	5366.55	5871.73
TRMT6	8	8	1424.96	1641.76	2034.71	1776.45	1935.71	1972.5	1822.66	1555.71	1698.22	1643.67	1735.44	1408.81	1928.48	2253	2414.26	2136.54
TRMT61A	2	2			2246.94	1467.05						3674.63	2117.5		1820.3	2201.43	3062.24	3790.15
TRMU	3	3	2890.96	2241.06	2899.75		4577.76			2446.6	3334.19	1869.49	4924.91	3750.75	2840.49	2374.14	2803.65	3651.08
TRNT1	12	12	6664.71	6946.02	8124.17	7182.66	6416.95	5555.36	6078.68	5107.08	6163.92	6899.78	5805.56	5847.96	7008.81	7990.94	8271.13	7831.31
TRO	5	5	984.888	1082.74	1597.27	1512.32												
TRPC4AP	1	1	632.194		645.593	769.285		430.859								331.033		
TRPM2	7	7									4829.35	6884.86	5534.83	6419.63	2381.69	2537.33	2433.08	2929.45
TRPM4	5	5	3072.61	2477.51	2303.83	3315.53		1570.19			2330.27	1394.51	1559.92		1977.75	1638.44	1007.22	1752.39
TRPM7	2	2										2515.34				794.775	1223.63	1612.01
TRPS1	3	3	3612.66	3435.87	3363.93	4080.62	5674.62	3968.03	4985.16	6421.66	4442.96	3219.44	3591.36	5113.83	5424.38	3378.83	3636.69	3443.52
TRPT1	2	2	2524.56	2440.28	2529.16	2944.23	6362.41	5454.03	5990.91	4861.03	1911.42	2342.7	1325.82	2454.33	1824.75	1545.17	1535.76	2595.51
TRPV2	12	12									18779.1	14857.8	14337.2	13630.3	11798.4	9113.51	12849.2	12002.4
TRPV4	1	1		298.392	215.874						818.025	769.377	875.05	843.79		407.34		
TRRAP	24	24	3499.27	3129.12	3711.78	3158.25	5062.92	4622.45	4616.79	4022.23	3860.03	3935.64	3532.45	4605.19	3719.89	3469.41	3823.19	3760.28
TRUB1	3	3	3298.88	2734.91	3283.04	3191.32	2475.47	1955.8	2705.31	2092.18	1913.13	1835.13	1936.4	2951.31	2108.96	1394.87	1313.6	2166.18
TSC1	7	7	1385.3	1555.6	1917.11	1572.48	850.037	955.123		803.294	2031.88	2487.51	2237.04	2107.65	975.051	1384.55	1314.89	1296.83
TSC2	16	16	7183.03	6726.61	6418.02	6605.44	5361.7	4375.58	4996.58	4345.06	6720.58	6991.97	6456.77	6976.01	4703.79	4242.98	4358.1	4124.94
TSC22D1	5	5	7725.38	7883.73	6702.78	8472.84	8310.02	7103.34	5958.82	6307.46	2709.72	4216.23	4120.44	3221.77	3415.84	2594.75	3960.84	3076.22
TSC22D2	3	3	5143.36	5085.03	3436.73	5039.61	4994.93	5954.15	4480.47	4863.05	3327.5	2885.89	3054.55	2707.72	2627.98	1772.46	2816.71	2579.49
TSC22D3	2	2	2584.45	3577.35	3296.12	3085.28	1529.55	1732.03	1337.25	1730.14		829.589	1423.69	876.359			879.611	
TSC22D4	8	8	3743.02	4913.67	5421.86	5718.54	3093.22	2579.37	2147.7	2441.57	8564.53	9939.38	8298.07	9620.86	4292.86	3766.74	4205.79	4647.71
TSEN2	2	2		1795.91	983.065		2325.48	2415.3	1958.1	2145.72		2462.3		1978.56		1612.79	1363.02	1967.01
TSEN34	5	5	5040.15	4095.6	4317.41	3839.24	8029.82	4434.89	4997.89	5719.64	4752.26	3836.83	5930.58	5091.52	5038.29	3717.34	2787.5	5098.32
TSEN54	2	2	1753.86	1086.53				1918.78	2110.77	1988.46	1418.73	1392.37	2070.53	2810.76	1580.29	1636.12	1376.77	1266.17
TSFM	5	5	11434.6	15016.1	11255.4	13355.9	23809.9	18468.4	17110.3	17793.5	23460.3	18454.7	16517.9	18350.2	33622.5	27088.5	35542.6	32420.2
TSG101	15	15	10594.1	12110.7	12920.7	13426	12832.5	12339.2	9873.13	10198.4	14641.7	15346.9	12996.6	14567.6	10670.3	10125.4	10822	11346.9
TSHZ3	1	1	309.232	286.617		219.439	216.19		337.555	284.222								
TSN	12	12	14953.9	16547.7	20059.6	18554.6	10651.1	13093.8	13392	9274.96	15004.8	17980.1	17030.9	17363.2	12058.5	19667.4	18950.4	20899.3
TSNAX	5	5	8288.38	10262	10411.7	11992.6	6682.95	4666.65	3869.27	5380.46	6534.42	6672.01	8495.3	7816.36	6452.06	7259.23	7662.88	7801.73
TSPAN14	1	1					6129.52	5052.48			9241.54	6253.29	9852.63	7730.46	10324.2	7475.54	10504.1	9831.81
TSPAN15	3	3									2726.35	2767.82	3706.71	3130.32	2208.58	3358.55	4443.05	3463.5
TSPAN3	4	4			1502.37	1527.2					12400.8	15032.3	14288.4	11600		2808.73		2430.98
TSPAN9	1	1	1138.94	1806.21	2615.21	1683.08							1722.76					
TSPO	2	2	7325.32	8828.48	9894.57	9119.51	9220.55	14656.9	10847	7598.97	12363.6	11836.8	11418.4	11910.7	41336.5	32228	49213.3	40697.2
TSPYL1	1	1	1037.6	643.725	1080.15	815.852	703.503	833.452		576.672		914.405	715.808		965.501	796.144	758.909	924.011
TSR1	7	7	3537.99	3569.77	4182.6	4189.92	4588.35	5040.88	5611.17	4818.15	3838.62	4020.31	3509.15	4248.16	3597.56	3653.23	3380.68	3516.56
TSR3	1	1	2815.21	2739.17	1975.13	3331.8	2741.56	2321.72	2324.96	3221.81	1227.77	970.499	1373.24		1337.57	982.094	1290.18	1121.02
TSSC4	5	5	3668.94	3010.13	4201.56	3919.74	2985	3018.23	3263.46	3168.69	2387.14	2831.49	2522.86	2967.29	2642.15	3084.49	2457.71	3053.2
TST	7	7	8508.93	8812.61	10577.6	10156.2	9176.36	8558.31	6769.77	5935.14	15920.3	19056.5	16535.2	16389.1	17750	15233.7	17187.7	16816.9
TSTD1	2	2					1921	1896.13	1606.33	1934.83								
TTC1	9	9	2648.17	4109.45	5805.22	3428.22	2219.59	2965.82	3183.04	3976.02	4324.36	6293.53	6887.1	4499.04	3915.68	5256	6359.04	5519.93
TTC12	2	2	680.31	582.367	611.093	589.153	804.927	808.213	603.063	859.205		655.471	631.672	587.668	853.373	792.222	438.63	530.675
TTC13	9	9	4666.05	4222.97	4876.36	5141.74	3148.65	2629.27	3000	3313.56	2589.24	2527.34	3128.14	2931.34	2412.12	2077.55	2432.71	2733.66
TTC17	4	4	1664.55	2183.34	2406.77	2194.3		1040.49	1652.45	1527.88	820.645	1505.42	1219.98	1173.1	1067.44	1302.37	1056.98	1270.84
TTC19	7	7	2236.4	1529.5	1564.48	1902.04	7396.46	4644.79	4943.66	3866.06	2502.12	1864.6	3033.48	2744.08	3580.99	2543.14	2791.7	3005.78
TTC21B	3	3	1831.6	952.983	2463.76	1735.31		1326.31			1566.31	1158.88	2413.18			1596.12	1371.4	2462.78
TTC27	5	5	1957.87	2272.77	2497.38	2551.24	2069.62	1546.94	1374.14	1330.02	1475.83	1583.83	1406.85	1253.08	1384.37	1258.95	1218.16	1204.98
TTC28	12	12	4555	4626.14	4741.67	4898.43	1953.31	1698.16	1509.28	1980.87		1096.49				826.148	845.402	
TTC3	2	2	1131.06	1084.06	779.472	861.387					725			656.446		626.521	534.176	791.261
TTC33	2	2	840.288	812.305	675.972	510.727	1080.95	904.899	1216.04	823.267	920.241	690.076	669.587	643.631	519.742	558.923	552.546	610.904
TTC38	4	4	2934.89	3378.74	2802.62	2737.32	4397.07	3871.88	3050.78	2384.41	5263.62	4388.92	5218.78	5819.74	5221.17	4061.47	4800.03	4636.26
TTC39B	1	1	1211.17	1174.63	1222.57	1580.69	974.861	1284.15	1579.57	1150.64					780.095			
TTC39C	3	3			1345.2	1195.95	1768.83			1299.76	1913.38	2249.54	2337.33		1837.26	1671.36	2801.04	2579.08
TTC4	3	3	3337.44	2951.21	3618.52	3496.5	3130.61	2814.83	4272.18	3119.98	3400.61	3809.71	3743.31	4099.24	3035.6	3150.5	2994.68	3549.79
TTC7A	6	6		1516.69	1475.55	1493.18					1833.92	2912.07	2189.96	2342.32	2511.45	2678.84	2710.49	2742.52
TTC7B	2	2	1054.65	1416.21	1237.37	788.131					1192.86	1230.41	1416.63	1797.73	1542.66	1074.22	961.905	1036
TTC9	2	2	778.831	832.913	837.606	840.12					1091.76	1211.78	1069	1292.53				
TTC9C	4	4		969	3275.07	1384.48		844.153			3209.65	5174.26	5581.03	3295.69	3598.94	6068.23	5104.27	3744.66
TTF2	3	3	948.068	867.263	1094.21	1037.36		1690.13	1209.78	1373.07	962.724	1608.35	1106.58	900.397		1096.62	812.385	1020.17
TTI1	6	6	3060.56	2414.6	3246.69	2741.35	3595.63	2968.6	3368.24	3042.5	2539.11	3015.33	2209.94	2623.33	2120.8	2755.51	2006.01	2298.33
TTI2	2	2	2112.76	1988.12	1714.38	2039.73	2492.89	2518.94	2557.21	3041.01	2004.12	1451.47	949.16	1259.26	1463.13	1140.07	1126.22	1332.02
TTK	4	4	1690.64	1581.47	1510.99	2195.32	3892.62	3362.78	3898.06	3733.37	1823.64	1396.91		1222.91				
TTL	4	4	1477.72			1923.97					2511.64	2430.15	2581.05	3040.86	2300.41	3405.63	3409.19	3033.43
TTLL12	13	13	5046.26	5298.8	8258.48	6982.8	6580.84	10347.6	7354.76	5472.3	9768.95	11659.3	11486.6	9373.14	12406.3	14449.6	14771.4	15500.3
TTPAL	2	2	1474.22	1680.12	2055.37	2145.36			1626.14						1714.7	787.915	802.327	1061.13
TTR	3	3	2001.14	1592.76	3074.11	659.572					3215.04	5557.21	6863.5	5146.93	1528.19	3033.04	2129.34	1394.36
TTYH2	2	2									4035.32	3768.61	4378.08	4428.93				
TTYH3	8	8	1543.39	1513.96	1386.93	2850.23	799.601	998.28	1117.8	1041	35814.4	35037.2	22389.2	33277.4	2124.43	3080	2765.09	2097.02
TUBA4A	4	4	67912	74793.7	65817.6	84826.9	92990.6	90939.1	76076.6	68986.4	7341.17	6355.22	18435.9	11956.9	23274.6	5681.91	5245.52	8266.22
TUBA4B	1	1	216926	123533	236350	189136	68242.5	142595	67074.9	61688.4	193416	199319	212111	177054	143793	179538	156209	132896
TUBB	5	5	814999	827015	776808	903131	812870	702095	895655	739421	613227	589899	568130	605812	346820	379871	392738	441295
TUBB2A	1	1	4829.05	3284.72	15531	3761.46					2454.81	3241.43	5468.61	1664.5	3001.36	4805.47	4397.7	4670.65
TUBB2B	1	1	3410.44	2365.23	10388.2	2620.93		1092.85										
TUBB3	3	3	186804	205246	203925	194355	194627	180508	164675	162550	43544.9	59227.4	50371.5	55162.6	40971.4	36155.6	40702.2	45168.3
TUBB4B	1	1					3810.82	2995.67			18389.4		35553.7	12477.3			40240.9	34623.5
TUBB6	2	2	5296.28	4196.31	7546.56	4684.4	8881.77	7377.22	8532.98	9206.38	5629.15	8868.91	6199.84	1989.03	15877.2	20785.6	15158.4	16158.3
TUBB8	1	1														1232.14		2265.12
TUBG1	1	1	2372.69	1650.27	2074.95	2445.16	2458.14	2990.59	1874.92		4388.17	2100.1	3804.96	3954.72	3702.16	2904.9	5586.77	4715.3
TUBGCP2	17	17	3396.47	3052.43	4459.39	3962.15	5437.98	3662.55	5011.01	4974.96	5583.45	6419.25	5757.63	5292.29	5183.12	5869.45	6699.25	5901.76
TUBGCP3	16	16	3475.57	3764.68	4751.3	3382.19	5197.48	4556.98	5002.32	4369.75	6180.9	7061.8	6292.59	6789.87	6841.11	6273.54	6044.1	7339.83
TUBGCP4	5	5	2449.66	1902.53	2045.02	2731.72	2174.39	2310.25	2442.89	2130.8	2861.43	2498.37	2478.61	2680.18	2015.9	2823.33	2605.32	2463.72
TUBGCP5	3	3	1387.99	839.838	1104.11	1120.02	1004.58	1200.03			1883.38	1130.07	1384.48	1484.01	1174.1	1076.72	1098.59	1210.6
TUBGCP6	5	5	1377.23	1153.61	1498.68	1559.42	2277.04	1680.81	1614.95	1843.42	1898.31	1465.61	1754.49	2185.32	2112.4	1531.78	1522.54	1587.06
TUFM	17	17	36771	41172.7	81536.4	46397.7	34640.4	32829.1	30012.5	61908.6	152548	169896	171477	124355	240086	333835	334717	286029
TUFT1	6	6	1994.44	2171.61	1898.35	2167.88	2024.83	1710.85	2082.5	2015.32			1000.52	941.063	1157.08		306.792	2091.32
TUSC1	1	1	646.03	619.914	698.248	790.9						501.816						
TUSC2	3	3	4402.69	2624.47	2850.1	3514.06	6212.39	5112.38	4159.59	5605.54	8586.33	6153.92	5345.12	6362.66	3594.99	4130.73	4250.87	3739.22
TUSC3	3	3	2383.49	2016.08	2664.96	2541.27	3279.67	3400.07	2299.15	3178.39		5032.2	2596.68			836.949		
TUT4	5	5	18703.5	21329.7	19483.7	25518.4	19581.6	19260.1	23624	17574	19560.2	10826.8	17838.4	13862.3	14571.1	13267.7	12123.2	16205.8
TUT7	10	10	3047.91	2918.68	3222.16	3369.5	3557.66	2968.44	2661.94	2773.91	2561.12	2822.02	3007.01	3249.89	4156.46	3594.43	4095.29	3692.52
TWF1	15	15	67801.1	82966.1	95129.9	90891.5	77115.3	71635	57412.6	73715.1	60469.2	57927.5	59910.1	52938	47998.9	49500.4	47741.1	47652.2
TWF2	16	16	18473.7	21973.7	27315.6	27368.3	15704.4	18596	14501.1	14730.4	62615.4	82348.7	65245.9	64025.4	76306.5	85086.9	84939.1	92614.4
TWNK	1	1													811.965	340.229	419.395	435.006
TWSG1	1	1	2669.8	3647.23	4821.33	5459.51					4036.08	5723.53	3059.87	3934.14	4908.48	4234.57	6055.86	4474.23
TXLNA	17	17	10749.5	9895.4	10715.6	10875.1	8795.35	7633.67	7825.88	7387.44	9993.86	8120.19	7423.25	8221.37	6587.05	7133.89	6435.67	7837
TXLNG	5	5	2420.37	2096.77	2655.09	2065.26	3352.52	4302.58	2466.34	3441.36	2507.12	2030.69	2196.39	2308.01	2067.2	1691.38	2135.17	2729.35
TXN2	2	2	13701.1	15048.4	11059.7	21102	14177	12579.2	13433.9	14060.4	14871.6	12954.4	17078.3	22591.7	15693.5	10055.7	11458.2	13321.6
TXNDC11	2	2	578.113	567.922	667.439	662.437				303.343	703.238	709.76	1281.71	653.236	827.644	607.412	820.634	710.132
TXNDC12	5	5	69828.1	65582.3	102731	101154	30235.5	45315.4	54888.8	73247.9	84433.9	103213	113114	120568	107210	110510	126689	119059
TXNDC15	1	1		535.232											817.685	431.997	295.746	
TXNDC17	4	4	77367.3	78429.4	145245	77157.4	25846.2	20033	23260.3	30826.1	134759	197286	194273	110620	149981	163479	207861	165842
TXNDC5	15	15	33190.2	38599.7	51962.9	48797.3	16363.6	12515	11226	13008.5	22444.1	25346.6	27059.6	24150	15419.1	15637.5	17234.6	19002.4
TXNDC9	5	5	8919.75	10081.2	12396.1	13296.2	5871.89	5684.12	6270.69	5412.5	7347.27	9101.63	9863.2	6562.31	3922.8	4041.74	4102.63	4340.38
TXNIP	5	5	4572.06	4566.02	4597.39	3321.62	10526	9022.49	9066.73	9084.13	1910.79	2525.66	2235.95	2791.41	2631.46	2359.21	2089.98	2653.24
TXNL1	6	6	70385.9	59363.8	51536.2	64191	39349.7	41601.6	31937.6	29770.3	55481.5	46031.6	54478.9	62403.9	86138.7	41597.1	62825.3	67023.9
TXNL4A	1	1		1216.57	1159.37	1241.69					1674.09	1625.88	1377.27	1877.94	1302.42	1498.24	1563.53	1815.5
TXNL4B	2	2	2098.77	1685.75	1974.69	1977.74	2045.71	1311.6	1882.84	1743.43	2800.26	2379.97	2146.08	2725.81	1926.23	2995.96	2117.18	2470.7
TXNRD1	15	15	9491.61	11171.8	9164.72	12451.3	52262.8	66432.8	57441.2	60699	13362.1	12239.6	11976.8	14732.6	8947.65	9194.08	13496.6	12796.6
TXNRD2	3	3					5501.94	8574.63	6058.45	4588.81	2745.91	3544.67	2852.81	2800.94	2994.08	3950.96	3448.64	3073.57
TYK2	6	6	1612.39	1957.61	2197.64	1859.69		1698.38			2449.11	2810.67	2950.57	2852.7	2265.46	2575.69	2464.62	2522.25
TYMP	16	16	5153.12	3771	5352.64	3254.98	3540.8	2905.75	4378.3	3046.46	84430.4	82088.2	77875	84088.4	105292	126030	106218	118333
TYMS	5	5	3090.52		2566.09	2598.38	3476.06	2831.8			3980.54	4407.07	4762.09	2868.29				
TYROBP	2	2									3183.38	5526.39	6501.29	2504.94	1735.87	5647.9	6221.12	3857.61
TYSND1	1	1					1050.04	952.363		726.279								
TYW1	1	1	439.835	766.541	519.798	490.604					313.745	429.783	535.004	464.91		364.744	572.504	
TYW5	3	3	4564.47	4210.51	5020.01	3684.45	3161.27	2332.09	3767.24	3194.31	3800.91	3138.22		4030.22	4280.19	3109.82	3243.68	4134.03
Thioredoxin	7	7	210524	179681	164817	216677	238447	261401	229165	236331	155618	129974	206492	166591	208949	107682	130561	145706
Trypsin	5	5	810352	768347	1.31986e+06	869048	1.10922e+06	1.15093e+06	1.10214e+06	1.29071e+06	1.24951e+06	1.30807e+06	1.22937e+06	1.18838e+06	1.19713e+06	1.56124e+06	1.2633e+06	1.12974e+06
U2AF1	2	2	15635.3	16022.5	12635.8	23379.1	21540.4	28304.2	16665.7	18724.5	16805.5	12855.8	7923.51	15194.8	17563.5	20527.7	23316.2	15101.6
U2AF2	5	5	67257.9	62415.8	49869.5	61926.1	48753.4	73928.5	54534	57977.6	58937.8	56461.4	49591.5	61933.2	48637.4	56402.9	64713	65451
U2SURP	21	21	8087.19	8684.48	10554	9765.82	7695.4	8518.88	7984.86	8335.53	9283.48	10178.5	8769.8	9422.16	9938.95	11268.7	9568.69	8686.3
UACA	39	39	7765.07	8439.57	9621.78	9551.21	2317.79	2708.56	3140.93	2420.38	3446.42	3508.89	3115.72	3104	1970.36	1665.72	1423.96	2450.57
UAP1	16	16	40765.4	44244.6	47349	51069.2	11174.5	8783.96	10077.2	10069.6	2641.66	2296.28	4854.25	2078.42	2813.85	2908.99	3068.87	2869.79
UAP1L1	15	15	6700.11	7174.13	6888.57	6697.13	3490.12	2624.59	3765.05	3130.47	64750.1	73687.8	61236.9	68618.2	24241.8	20932.6	25581.6	28481.8
UBA1	32	32	107112	111247	105973	118197	120860	126121	110980	101194	87106.7	91053	86787.2	91059.4	73050.3	81694.4	80716.6	89971.9
UBA2	16	16	20106.3	18487.9	19482.6	20891.3	20355.1	18342.8	17842.8	16492.7	20241.9	22813.5	17627.4	21318.3	18454.7	19845.8	18858.7	19979.6
UBA3	11	11	21887.6	24390.7	24532.7	23165.3	20558.2	21953.9	20091	18440.7	14782.3	15227.8	17338	17445.9	12913.5	13311.7	15953.5	13351.8
UBA5	6	6	7332.47	10303.3	14666.2	9655.29	1404	2265.63	1343.86	1683.46	9036.35	11133.2	11852.6	8726.4	13051	15018.8	15611.3	14593.2
UBA6	22	22	27818.3	29645	26946.6	30106.5	32832.2	31090.5	29523.8	29530.6	25153.6	24498.1	25611.3	26263.7	19954.7	18707.9	19851.9	20895.1
UBA7	20	20	5951.46	4625.61	4815.31	4769.03	6676.37	6279.89	6325.11	5192.25	18654.6	18452.5	17348.9	18926.7	12443.7	11162.8	12320.7	13294.4
UBAC1	3	3	1801.25	1398.09	1881.3	2144.01	1425.62	1398.78	2463.95	1716.2	2928.33	1965.37	3748.45	2499.25	1880.71	1563.35	2103.61	2836.29
UBAC2	3	3	2996.57	3706.1	4744.08	3832.87	7583.26	3807.76	6409.39	3660.72	5071.68	5711.65	6393.08	4722.98	3586.68	3208.1	2835	3301.94
UBAP1	2	2	7779.15	10121.7	8320.93	10132.3	7217.32	6087.95	8352.65	7952.21	6807.38	10267.1	6998.4	8631.99	6909.48	10357.2	7348	7950.27
UBAP2	8	8	5953.69	5644.71	4858.64	6323.2	5047.34	4575.22	3881.17	3870.02	3615.8	3534.86	3334.85	3739.35	3874.24	3210.3	3904.33	4520.48
UBAP2L	14	14	29396	29626.5	30572.2	31936.8	24353.2	22061.2	25650.4	21885.6	15297.9	16311.4	13255.9	14186.5	12662	12385	14146.5	13329.5
UBASH3B	6	6	3465.42	2325.16	2715.33	3581.49	5561.15	4171.24	3353.69	3009.69	4682.24	5885.58	4886.6	4840.45	3498.88	2835.17	3329.41	2910.86
UBE2A	1	1		1558.02	2356.77	1806.04					2502.22	4475.46	2688.27	2520.64	1861.19	2802.34	2718.98	2064.65
UBE2B	1	1		1326.38	1588.12			814.474			2109	2179.9	2496.79	1070.56	1596.13	2474.03	2644.4	1899.22
UBE2D3	1	1	16266.2	15220.3	9797.07	14982.8	37177.7	37188.4	24545.2		27074.3	18154.4	8114.48	25585.2	19478.6	23907.2	18371.9	17012.7
UBE2E2	3	3	1748.09	1344.13	1330.82	1886.38	2182.78	1524.43		1124.73	3245.01	2269.47	2108.5	1739.17	2760.38	1458.38	2135.63	2506.55
UBE2H	2	2	6884.97	10175.4	14452.9	12840.9	2777.59	2416.51	3188.36		5501.93	7084.63	8580.75	4467.28	4705.23	5355.57	5496.93	5094.09
UBE2J1	3	3	1272.28		2249.06	1269.41	1283.43	1952.88	2929.71		2395.84	2567.47	3264.84	2849.01	2819.85	3601.68	4720.66	3965.52
UBE2K	5	5	17483.6	15289.7	11514.6	17967.9	23504.6	24758.5	17555.3	21352.5	24876.2	16680.4	21418.8	23746	18698	18634.2	23260.8	24663.7
UBE2L3	3	3	11217.6	13017	21612.9	13287.1	7042.06	9310.3	6322.21	7917.43	47973	51210.9	49764.6	39858.9	43124.1	49552.7	55346.9	58310.7
UBE2L6	6	6	3446.44	4667.75	3211.36	5489.99	6830.41	6837.04	5065.92	6125.41	7532.82	7276.49	5964.02	6757.91	4106.51	6026.8	7525.23	5240.86
UBE2M	6	6	15944.6	13800.1	7848.8	15175.6	11359.3	9737.83	9623.49	9749.13	16051.3	12905.8	9510.63	14265.9	14485.3	13777.7	16378.6	13828.1
UBE2N	1	1			632.837								3582.82					
UBE2O	12	12	4294.08	4681.82	3830.49	4396.73	8391.07	4852.56	5292.14	4826.85	4959.7	4703.25	4615.29	4744.03	5436.01	4721.57	4946.78	5454.38
UBE2Q1	7	7	3183.61	3565.7	4974.67	4518.47	1627.76	2650.01	1219.5	1252.8	4072.5	4018.49	3976.98	3720.12	2901.09	3186.69	3544.76	3055.98
UBE2R2	2	2	4146.68	3844.8	9607.37	6843.53	4054.76	2414.18	2149.36	4254.83	2052.78	6329.51	6230.36	4220.28		3563.18	3169.19	2231.26
UBE2S	2	2	1119.47		2007.87	1894.52	3098.86	2244.21	1891.78	1736.33		2455.1	1652.66	2009.02				
UBE2T	2	2	1193.32			1457.28	3173.36	2789.16	2121.98	2723.04		3079.58						
UBE2V1	2	2	10120.6	8532.73	9803.76	9165.81	5386.32	5451.59	6140.77	6641.18	10504.1	8877.14	11089.8	9768.84	10396.7	11116.6	14477.1	12230.8
UBE2V2	2	2	2202.36	1373.6	1952.68	1883.7		1435.4			5046.63	4256.52	4668.33	4011.45	3892.81	5944.47	5321.94	6090.36
UBE2Z	3	3	15459.2	16017.4	15584.5	13605.4	8420	9281.32	5267.9	5526.21	9406.09	8973.54	8893.08	8928.46	9878.12	10244.3	11235.6	14102.1
UBE3A	15	15	7109.37	6897.42	6653.32	7620.85	5719.94	6130.38	5994.13	5397.72	6586.32	6083.18	5505.13	7312.21	5944.85	4667.72	5534	6492.03
UBE3B	1	1	825.505	1276.07	1293.35	1113.67	840.455		866.935	864.536		1329.93	1262.1	1207.23	762.077			
UBE3C	10	10	4574.65	5434.43	5424.38	4782.87	7851.81	6465.1	7466.36	8243.58	3129.93	3256.95	3307.14	3761.39	3807.23	3118.16	2777.34	2826.66
UBE4A	7	7	8231.01	7578.68	6926.37	6551.02	5429.09	5738.05	5631.68	5008.94	7651.34	7242.73	6268.13	7675.9	7121.27	6210.77	6513.89	7202.75
UBE4B	10	10	5746.29	5193.82	5532.11	4671.02	5161.92	4810.63	4601	3935.13	5804.95	5580.42	5645.45	6159.61	6629.68	4550.78	5988.11	6401.97
UBFD1	3	3	8295.88	7643.72	6908.58	7676.59	3712.43	4003.82	4187.74	2781.57	2211.61	2597.59			2554	2532.08	2106.37	2762.76
UBL3	4	4		1590.62	999.241					2330.65	3116.53	1914.19	2830.04	3653.68	3117.85	1913.56	1651.52	2674.95
UBL4A	6	6	5340.93	5848.76	6204.89	6869.41	9450.08	7786.8	8112.02	7915.58	8623.86	8668.82	8402.48	9922.05	7512.01	5897.96	6288.69	6269.31
UBL5	1	1	4656.17	6177.24	3079.25	5614.79	7837.92	11523.9	10521.3	9364.88	11485.9	9926.5	5569.19	7912.61	5596.66	8454.17	9886.85	5552.88
UBL7	1	1	1784.98	1883.42	2102.59	2420.5	2091.71	1483.68	1705.97	2061.37	1865.33	1870.58	2220.4	2011.58	2248.26	1654.48	1430.36	1551.39
UBLCP1	8	8	10317.8	9504.04	13778.4	11151.6	10327.6	6017.2	10393.6	8633.85	11681.9	12924.2	10553.8	9193.16	13408.4	18111.6	18112.3	17074.1
UBN1	2	2	923.449	784.328	740.412	777.246	1323.09	708.497		514.002	920.277	994.764		1078.45	957.042	1043.35	781.565	875.679
UBP1	2	2	2823.8	2775.24	2569.89	4035.82	3232.36	2231.16	2556.7	2205.51	2441.68	2240.28	2995.7	2643.63	2451.8	3146.91	2829.67	3100.42
UBQLN1	2	2	14751.7	16023.5	18258.9	18620.8	15739	10643.2	17423.2	8749.89	13383.4	12649.7	14662.8	12779.4	11469.4	16224.3	16113.3	15064.2
UBQLN2	4	4	9129.07	9630.89	8789.08	10088.1	5442.66	4853.33	4522.16	3882.76	2648.09	3803.13	4282.43	2977.58	2702.08	2964.67	4079.69	2592.73
UBQLN4	3	3	7024.69	6957.47	6444.68	7732.72	6057.46	4353.12	4567.45	3789.36	4763.02	3383.31	2940.34	4136	4177	3178.22	4347.09	4107.81
UBR1	8	8	3257.67	3010.51	4048.15	4268.92	2599.17	3299.46	1972.5	2095.31	2345.82	2238.17	2617.7	2259.7	2155.64	1847.27	2219.66	2444.46
UBR2	3	3	908.365	1397.65	2075.33	1235.13		1292.44				1753.31	1677.23	1960.42	1217.25	1301.95	1414.33	1233.46
UBR3	3	3	1940.29	2259.61	2684.75	3666.41	2472.67	1531.13	2086.65	1644.53	1308.36	1919.07	1568.96	1839.35	1902.78	1516.43	1557.39	1667.24
UBR4	77	77	14848.8	15176.7	15153.3	15876.9	17573.7	15945.8	15362.3	13915.5	13984.5	13850	13348.2	13869.2	12553.7	12878.8	14287.2	13720.5
UBR5	18	18	5502.75	4950.2	5170.34	5366.46	8340.61	6726.42	7981.85	7146.16	4783.33	4473.6	4949.29	5127.42	4637.17	4767	4700.14	4835.85
UBR7	6	6	2601.58	2278.74	2446.26	2460.03	3887.73	3777.45	3984.18	3694.41	3840.3	4241.99	3713.58	4586.1	3262.7	2695.07	2739.8	2728.77
UBTD1	2	2	2380.7	2309.24	3216.91	2745.87	1626.95	1490.63	1833.21	1624.53	2438.75	1559.76		1744.29	1856.21	1203.51	1912.4	2048.64
UBTF	14	14	7532.99	8558.29	11792.7	9672.07	9613.44	10419.2	7500.06	7893.74	9166.39	12212.6	10491.7	9542.25	11099.4	12100.7	12631.9	11368.5
UBXN1	9	9	31009.3	25853	20035.6	20611.9	30487.3	31713.5	23713	20881.7	39057.7	29746.7	36671.9	35770.5	44329	37026.5	45358.5	45105.4
UBXN2A	2	2	692.058	475.376		809.243		619.515	366.165		874.432	1106.58				454.26	474.702	
UBXN2B	2	2	1390.65	1352.8	1146.8	1313.03	1772.92	1151.34	1611.78	1169.4	987.77	1186.81	681.891	1529.59		1156.09	1262.79	1501.92
UBXN4	5	5	12969.6	9801.96	12116.7	12005.4	11717.6	11586.4	11470.9	9334.82	13161.3	11826.7	11462.3	13027.5	12229.6	9897.91	11565.9	13378.8
UBXN6	5	5	5989.88	7861.36	6128.33	8450.61	8038.93	7121.76	7391.07	6270.03	9067.07	7579.22	5655.15	7645.19	7033.82	6278.04	8439.96	7591.36
UBXN7	11	11	7472.25	7390.27	7084.56	7422.78	12645.5	12653.9	11652.8	11144.8	5644.11	4846.48	5733.27	6066.59	6222.94	5572.63	6270.25	6057.1
UBXN8	1	1	810.271	1687.89	1043.93	1223.55					1016.53	1299.83	508.978			602.572	824.32	821.715
UCHL1	10	10	676770	626722	853421	767429	326057	403259	345444	327948	34713.4	29539	35478	17877.1	35549.8	27387.2	36671.8	45114
UCHL3	5	5	4770.73	3384.93	3690.23	3812	1725.94	2341.86			7567.52	10831.5	8067.33	5965.62	11215	11299.8	12575	9194.97
UCHL5	5	5	7528.42	8544.92	9993.14	10053.5	11053.8	10565.4	10928.2	10832.9	11413.3	11619	11373.5	11964.1	11688.3	10523.9	12103.4	10474.7
UCK1	1	1			1898.41	1258.65	2234.27	1553.52	1277.63	955.701	3886.95	3407.12	3512.32	3835.73	2190.35	1376.26	1826.23	2385.66
UCK2	4	4	3011.96	3725.97	4706.76	4018.26	4403.54	2250.29	4234.54	1618.74	3221.01	3527.02	4761.76	3083.97	2737.36	2956.35	3443.19	2965.72
UCKL1	7	7	2344.08	2339.49	2470.05	2982.26	3103.08	2879.51	2602.5	2571.46	2624.81	2908.17	2737.56	2539.79	2701.41	2886.72	2667.64	1807.16
UEVLD	9	9	3456.38	4188.81	3730.47	4658.92	4416.97	3890.47	3596.3	2536.66	5378.21	5068.14	4386.92	4675.59	3613.28	3206.05	3757.94	3246.7
UFC1	2	2	29964	29152.4	37973.2	38945.6	22865.8	21341.7	18080	19102.7	28238.1	27050.3	23476.3	24220.5	23867.8	22626	27378.3	21203.4
UFD1	8	8	25910.4	24080.2	25752.5	25613.9	25162.1	29895.4	24950	26539.2	18716	20036.9	21046.7	21304.8	18457.9	13866.7	16453.4	17003.9
UFL1	34	34	13741.2	13921.2	15369.8	14937.1	11087.3	11822.9	11383.2	11339.9	17077.2	19367.1	16290.6	18045.1	17092.3	17648	18668.2	18407.7
UFM1	3	3	105455	85984.2	65269.2	93859.5	66905.7	61758.4	51032.7	44950.5	97186.1	67395.9	73010.6	77859.7	72010.8	67955.4	97299.4	94858.5
UFSP2	9	9	9772.64	9713.55	12985.5	11411.6	6885.82	5892.79	7263.97	5497.83	9254.64	9881.57	9230.44	9125.45	7870.35	6098.65	6758.81	6992.85
UGCG	2	2			548.788	1260.5	1370.34	1760.84	1753.75	781.278	1160.24	1451.05				1460.83	799.66	
UGDH	21	21	164822	159264	158717	195174	23359.3	22420.9	21868	21069.1	13750.6	11824.6	16326.2	12032.1	10787.6	8446.33	11631.5	12222.3
UGGT1	28	28	21966.6	23297.4	30181.5	30111.6	11124.4	12855.1	11708.3	12525.3	22009.5	27547.8	23798.1	23561.4	18278.6	24014.8	27777.6	22955.5
UGGT2	26	26	11238.6	11500.3	11422.4	11451.8	4808	3814.95	3641.68	3205.51	1652.56	1909.84	2146.02	1829.46	2179.51	2122.74	2264.62	2370.88
UGP2	28	28	126709	127982	142716	167145	35822.7	35702.8	36387.5	31260.5	73921.8	70479.8	74660.8	68526.1	75081.5	80890.6	81224.7	76147.8
UGT8	1	1					1750.8	2075.03	2209.27	1663.76								
UHRF1	6	6	3317	1421.48	2379.25	3174.87	7772.26	7505.38	7474.1	6434.38	3480.82	4740.19	2535.64	2899.24		692.369	975.452	930.349
UHRF2	3	3	2242.57	1724.06	2455.04	1942.3	1631.19	1574		1676.44		1820.08	1440.43	1510.73		1260.12	1780.21	1419.46
UIMC1	6	6	895.779	884.816	1424.77	1051.28	942.657	1199.47	905.228	1071.1	861.662	797.695	1056.1	1027.22	876.054	938.629	705.157	944.757
ULBP2	1	1	2730.23	2831.83	2856.87	2373.24	2566.56	2114.2	2241.48	2298.2								
ULK1	5	5	1806.05	1156.58	1521.62	1173.19	2198.86	1881.56	1810.02	1794.58	590.274	488.812	902.82			557.308		429.292
ULK3	6	6	1687.34	1628.37	1862.86	1749.29	1423.6	1565.06	1964.85	1482.71	7206.33	8339.99	5812.22	7266.56	3623.87	3251.78	2732.67	3549.78
UMAD1	1	1	1470.68	704.353		697.196	1121.63	937.31	1109.46	1176.87	1767.79	751.434	1562.03	1839.78	1666.38	724.711	717.683	980.515
UMPS	12	12	11177.4	10471.3	10795.2	12695.9	14984	12757.3	12369.5	10890.2	12351.6	11228.7	11733.7	12442.5	13763.7	13901.1	14811.3	14076.3
UNC119	3	3	2668.27	1878.44	1755.65	3286.99	2895.55	2806.05	2349.55	1811.07	4744.48	2980.16	3128.01	3660.68	3869.98	4061.8	3825.61	4311.37
UNC119B	3	3	2104.59	2059.33	1601.13	1951.18	2761.7	3574.26	2075.61	1963.32	803.626	1093.29		1363.29		1118.11	900.729	673.721
UNC13D	1	1									610.969				847.871	870.885	672.156	
UNC45A	21	21	12327	11723.1	10737.3	12477.7	25915.7	23075.3	19993.2	20009.8	11080.3	10318.2	11125.3	11210.5	11362.2	7410.35	7881.77	8300.46
UNC5B	1	1	547.046		536.239	599.679												
UNC93B1	4	4						1779.9			6085.04	7078.23	7638.77	7307	4966.73	3047.16	6118.6	4920.07
UNG	1	1	668.269	898.095	696.253	880.634	3031.69	3876.48	2519.57	2818.3	1277.88	1688.62	741.39	966.551	829.898	946.626	1316.47	1247.32
UNK	2	2	2027.26	1801.41	3522.17	2028.87	2413.23	2551.32	1938.52	1748.71	2615.83	2885.86	2711.23	3134.2	2489.92	1795	2807.28	2775.31
UPF1	36	36	14207.1	13321.8	16737.1	16499.8	11206.7	11027.8	10944.2	10449.7	15444.3	17144.8	16712.8	14824.7	14225.2	15724.3	17930.5	16099.5
UPF2	14	14	3674.47	3373.89	3842.95	3836.15	4202.84	3795.09	3395.34	2752.38	4743.11	3826.02	4512.66	4413.01	4825.82	3854.16	4162.01	4786.04
UPF3B	6	6	2980.25	2632.39	3458.82	2725.93	4261.99	3853.47	4470.22	3564.9	3492.23	3684.73	3468.99	3467.79	3995.65	3901.66	4463.56	4825.67
UPP1	10	10	2182.07	1499.85	1572.18	2406.58	7910.56	7254.27	8724.26	7453.25	9655.24	8364.9	9960.75	5718.85	40223.1	44322.9	64174.7	40711.6
UQCC1	4	4	2482.05	2865.75	2905.31	2976.93	4585.56	6813.16	4248.9	4002.57	4052.2	3406.97	3803.72	4613.85	5552.22	5254.64	6239.76	5585.17
UQCC2	4	4	2478.93	2526.37	2530.17	2178.66	4139.97	4175.89	2508.52	3123.3	5357.78	3361.38	4248.2	4330.4	7959.86	5302.85	8052.8	7883.05
UQCC5	1	1									2163.38	2635.73	1988.1	2085.37	1979.35	1557.64	1475.41	1947
UQCR10	2	2	15172.8	24885.9	46860.8	28248.3	13437.2	19631.5	11986.3	12909.6	75631.3	146861	122068	98230.9	102714	150672	141584	121775
UQCRB	6	6	7656.77	7048.05	10960.9	9126.17	10768.6	8942.63	12535.2	5467.34	30744.4	40491.1	50470.4	33212.4	35716.6	44816.2	54743.3	43270
UQCRC1	9	9	5251.19	7369.78	12976.1	6598.27	10704	6570.31	7287.38	6474.48	44837.2	62906	42329.8	34924.3	45770.8	69320.9	66592.2	58242.7
UQCRC2	13	13	8784.23	9537.88	16170.9	8319.29	15781.3	10102.8	14719.1	8496.91	31878.6	39429.6	39846.9	28218.7	35531.5	45878.4	53522.1	39884.4
UQCRFS1	3	3	10399.9	7823.82	6197.71	6328.27	22846.7	21047.4	14092.1	14579.8	30961	15214.8	24904.9	30379.2	36310.4	21622.1	25552.9	24926.2
UQCRQ	7	7	3759.55	5330.67	6459.81	4748.41	10246.8	7871.52	10719.1	13391.5	20547.6	20577.1	17451.4	15124	19241	24947.8	24607	19606.2
URB1	18	18	2400.02	2230.67	2976.87	2148.51	3507.43	2696.11	2620.81	2453.41	2345.43	2474.43	2055.61	2788.01	3362.86	3198.86	3349.77	3221.68
URB2	11	11	3752.78	3327.87	3373.01	3557.84	4152.34	4233.12	4119.4	3662.95	3079.46	2683.32	2733.55	2167.6	3363.84	4043.62	3854.4	3243.02
URGCP	3	3	4018.16	3603.55	3236.9	3859.66	3086.98	2864.16	3110.34	3215.96	1997.99	2197.43	2831.28	2585.46	2365.93	1657.45	1647.16	2071.72
URI1	8	8	5415.66	5438.26	7095.27	5936.9	7040.91	5083	6765.41	4886.2	6841.56	6383.75	5907.18	7667.15	8793.9	4191.13	4378.35	6253.7
UROD	5	5	19790.8	19767.4	20997.9	23963.6	5691.32	12990.4	7344.75	9609.21	41012	50514.7	50536.9	45229	28030.7	32308.1	26477.9	28802.6
UROS	2	2	1804.75	2051.4	2821.01	3288.98	1390.8	2677.84		1381	1976.64	2494.55	2340.57	1632.22	1690.5	1718.93	1871.58	1788.22
USE1	5	5	4933.09	4496.96	3908.75	4422	2100.13	2181.65	2153.23	1949.32	2971.68	3298.47	2789.26	4219.77	2583.6	2933.99	2528.45	2563.33
USO1	29	29	61769.1	60539.7	52781.9	64342.9	31813.8	30046.2	28978.4	26503.5	31757.8	31240.9	30009.4	31082	33920.8	29865	39302.4	35800.9
USP10	14	14	7480.79	7495.47	8569.48	10076.2	12717.9	11575	12244.2	12147.2	9106.29	9166.32	7647.89	8835.34	8328.32	9082.7	9541.85	9228.38
USP11	11	11	4583.32	3917.85	4613.94	4579	4822.05	4892.77	5070.28	3490.59	3118.96	3076.17	3028.21	2755.99	3922.49	3394.42	3868.81	3680.47
USP12	1	1	791.944										791.069				529.547	870.251
USP13	4	4	2583.29	1752.58	2273.48	2279.1	4136.66	2688.89	2604.41	2911.88		2235.81		3145.34	2923.73	2203.27	1942.46	2455.68
USP14	14	14	127465	126948	101736	114348	59633.8	64623.5	60705	58463.4	100307	87896.9	85686.1	104139	78367.6	64677.7	75977.2	87581.9
USP15	16	16	5510.67	5296.88	5870.89	5292.17	4430.36	3905.1	4056.15	3640.5	10803.9	10577.9	8699.4	9776.3	7960.51	7906.04	8997.02	8803.81
USP19	12	12	4571.05	4552.7	4520.05	4289.9	7039.06	5914.29	4650.27	6352.95	6926.55	6602.5	6462.04	6564.46	6650.86	6552.58	6679.61	6671.24
USP24	29	29	3666.51	3612.28	4160.06	3766.78	3990.58	3103.89	3376.16	2635.42	5259.84	5323.59	5380.52	5203.46	4461.22	5007.91	4889.36	5142.53
USP25	17	17	4352.46	4274.2	4399.62	4339.66	3583.01	2924.73	2821.31	2708.96	3421.46	3217.36	3726.67	3548.81	4211.2	3471.43	3916.22	4309.75
USP28	5	5	2847.27	2300.68	2796.31	2110.3	5488.82	4148.07	3588.1	4335.51	2743.39						2059.01	
USP3	4	4	1833.84	1699.95	1723.4	1348.69	2409.71	2234.14	2454.59	2557.63	1597.03	1704.64	1960.03	1584.16	1440.45	2043.28	1683.83	1590.5
USP32	4	4	978.295	801.297	1304.88	958.413	992.72	1246.16		1806.5	1749.41	2143.09	1764.58	1557.98	1387.41	1267.65	1378.72	1172.79
USP34	10	10	3070.04	3328.68	3194.07	3162.71	2253.09	2114.3	2535.95	2815.53	2514.28	2109.71	2282.7	2934.5	2301.51	1989.27	1836.89	2237.75
USP36	6	6	1446.44	1192.59	1398.45	1019.44	1617.17	1711.82	1769.21	1635.36	782.855	1306.88		1507.25		1276.55	999.471	871.382
USP38	1	1		375.221	454.521	324.04		188.882	181.486			174.459				242.268		237.026
USP39	11	11	16593.8	14018.5	15391.4	14819.8	20468.9	18386.3	20945.7	18825.1	14522.7	16939.1	15391.9	13297.3	13477.4	17556.7	15689.4	14622.2
USP4	6	6	6987.26	7427.74	7213.27	6697.81	11288.9	9668.04	9118.03	9612.4	11694.9	12170	13290.3	11635.5	10673.5	10250.8	10962.3	11835.5
USP40	4	4	1655.67	1059.02	2194.26	1571.13	1249.02	754.912	1225.83	1249.84		2175.29	1491.56	2626.08	1213.71	1510.16	1499.97	1758.77
USP47	25	25	12651.8	12768.3	12758.9	14993.2	10823	10050.1	9275.08	8590.15	9409.52	8588.49	8938.29	9112.26	7937.97	7696.79	8134.53	7693.97
USP48	6	6	2648.71	2733.73	2661.79	3391.32	2824.25	2434.51	2159.65	2911.7	1077.5	1466.31	2118.45	1559.41	1822.75	981.272	1540.2	1198.52
USP5	24	24	38456.1	38983.1	38614.2	37822.2	33742.2	29710.5	28173.4	23531	35492.1	36148.7	36368.2	37114.1	39547.7	36807.1	39360.5	36659.4
USP7	24	24	10463	9210.11	10715.8	9534.93	14194.8	11112.7	11540.8	10122.7	12235	11551.7	11285.1	12754.5	13095.5	13184.1	12922.4	13863.6
USP8	13	13	8093.82	8319.05	7629.56	8369.88	8186.12	7571.07	7668.47	6876.29	6754.98	7596.97	7086.8	8466.63	6928.88	6698.35	5961.48	7245.76
USP9X	20	20	12998.8	13187.8	14915.8	13657.4	11635.1	10687.6	9349.09	9732.07	9967.36	12461.1	10744.6	11925.5	11289.9	11340.2	10958.2	11756.7
USP9Y	1	1	2658.01	2527.96	2895.58	2751.33	1667.77	1492.98	1102.61	1240.99	2289.97	2494.57	2412.24	1960.34	1590.47	1690.11	1978.57	1771.49
UTP11	5	5	1432.36	1823.64	2137.13	2339.94	1639.01	1814.72	804.108	2074.18	1987.49	2254.62	1967.17	1848.74	1934.15	2431.85	2337.04	2128.18
UTP14A	12	12	3586.1	4012.85	3423.21	3431.85	3905.63	3002.77	3526.94	3252.9	3442.36	2909.14	2647.76	3473.63	4283.49	3481.62	4509.28	3939.66
UTP15	11	11	3183.37	3031.6	3399.16	3144.27	4151.93	4443.87	3490.21	3008.13	3361.76	3069.61	3092.11	3602.1	4111.39	3816.44	4340.47	3868.57
UTP18	5	5	3737.5	3216.53	4353.95	4366.12	5671.82	4528.27	4398.3	4767.14	3863.18	4272.63	4088.8	4169.94	5183.85	4626.36	5367.67	3877.85
UTP20	23	23	4071.88	3525.46	3968.92	3187.6	4577.26	4752.39	5104.79	5003.94	4002.84	3926.27	3599.18	4591.73	4944.29	5313.56	5338.33	5100.78
UTP23	1	1	513.748		1136.66	1305.54		346.541	219.611	373.597		900.628	905.932		551.795	693.745	323.605	758.774
UTP25	8	8	2477.39	1974.26	2330.34	2069.22	2843.86	2448.92	2575.46	2416.89	1924.59	1790.85	1545.57	2044.41	2216.8	2165.89	2452.81	2206.38
UTP3	8	8	3353.93	3271.53	3747.4	4149.74	3339.51	3296.05	3793.39	3481.9	3131.53	3366.25	2182.94	2801.53	3073.92	3888.47	3357.9	3489.69
UTP4	8	8	4826.99	4512.63	5248.23	5341.34	6868.67	6021.78	6038.64	5429.15	4780.81	5198.3	5489.71	4912.06	5873.46	5285.07	5421.59	5162.52
UTP6	11	11	6061.71	5841.7	6178.63	6790.26	5709.19	4564.65	5285.23	4810.94	5246.4	5704.21	5493.35	6053.45	7877.44	7107.87	6545.51	7604.11
UTRN	65	65	97856.9	102992	122160	110588	84117.3	75377.4	83203.3	70436	65725.6	60191.7	68404.6	61580.3	53835.1	50467	57622.3	58003.2
UVRAG	7	7	2779.67	2450.01	2538.47	2658.43	3626.06	2576.48	3306	2508.85	4139.68	4335.97	4540.76	4500.96	3671.01	3749.8	3592.05	3493.28
UXS1	3	3	4006.69	3469.03	5524.14	5367.82	2236.29	1877.64	1909.16	1543.86	3220.25	2185.78	2868.61	2243.65	3493.38	2846.38	3069.52	2805.68
UXT	3	3	4604.72	4926.71	3919.56	4542.92	3107.25	2846.04	2576.82	2431.46	4251.6	4627.66	4783.27	5051.97	4454.14	4005.17	3373.72	4188.98
Ubiquitin-conjugating	2	2	3301.36		1967.99	3483.09	9570.67	6884.57	6710.24	8564.12				6352.23				
VAC14	17	17	12168.3	11332.9	12204.2	12477.2	6826.29	6174.09	6066.18	7050.28	27799.5	31952.2	26615.1	31393.2	21043.3	16502.6	21731.2	23745.5
VAMP4	1	1	1602.28	1904.03	2163.52	1724.57	2085.98	1635.49	1621.7	1515.81		1203.69	1234.6	1169.97	972.516	1027.61		1075.22
VAMP7	6	6	14580.8	13827.1	13394.6	14526.3	12185.3	11544.2	11520.2	11956.3	20193.5	20484.1	21399.2	22419.2	13183.3	12372.1	14951.7	13893.6
VAMP8	3	3	2347.78								43854.7	56486.7	45640.5	49410.9	26569.4	27493.5	28305.9	24935.5
VANGL1	3	3	1128.4	871.081	1108.22	1032.19	1067.87		1047.48			493.242						721.724
VAPA	9	9	46985.1	46503.1	59454.3	51618.6	39114.4	46669.2	31394.9	22020.9	94227.5	67272.1	60253.4	69091.7	73833.4	55434.6	74407.8	61353.2
VAPB	9	9	21304	22250.8	27617.5	28183.1	17930.6	17327.8	16707.6	15160.3	15683.2	17556.8	14708.9	18281.1	12955	10991.9	12382.1	12868.7
VARS1	28	28	25504.8	26319.5	30316	30711.8	35916.9	32963.2	31062.5	29883.4	34470.1	37657.6	32831	35036.9	33570.1	30685.4	35603.4	36316.2
VARS2	8	8	2694.6	1957.86	2714.92	2862.77	3748.27	3021.01	2712.13	3250.88	2967.41	2559.83	2538.38	2790.03	2399.59	2185.88	2782.69	2998.74
VASN	3	3	2598.86	2280.98	2671.57	2113.82												
VASP	13	13	41595.4	38452	40963.3	41763.9	20367.1	23897.3	16565.4	14455	71120.1	58396.6	57946.8	58329.4	79300.5	72684.6	110002	95755.9
VAT1	14	14	132937	163776	159236	188141	45707.9	47141.4	36455.3	39202.1	367967	363910	387325	373006	109517	104122	127885	126523
VAT1L	3	3					1969.98	4167.19	2458.18	2997.41								
VAV1	18	18									28260.6	35019.6	29470.8	31619.6	26361.8	30944.4	32118.2	32583.7
VAV2	7	7	4954.37	5101.5	5873.35	5795.7	6916.16	5438.75	6661.8	5916.02	2356.89	2631.07	3302.32	3164.06	2229.8	1917.55	1848.99	2183.86
VAV3	9	9					854.519	815.569		1350.16	2201.45	2752.16	2577.26	2428.62	2301.88	2521.42	2047.89	2250.84
VBP1	5	5	6012.02	5260.95	5207.01	4671.14	8823.71	6346.53	5445.32	5202.05	4370.44	3251.89	4799.48	5868.32	5565.39	3555.43	5012.07	5198.32
VCAM1	15	15	19837.9	11206.7	15435.6	21001.3												
VCAN	14	14	2882.42	2496.95	2795.96	3035.28	1343.96	1760.29	2072.84	1326.9								
VCL	57	57	273036	286225	220527	302791	156376	144238	134526	136613	39984	39556.4	47353.8	39674.5	48885.7	38503.7	54757.7	52242.5
VCP	36	36	140291	172789	161314	187970	147528	134477	157582	138211	159090	184850	146102	159461	130956	156733	163600	152779
VCPIP1	20	20	8050.86	7014.07	6466.49	6996.42	6980.71	6494.29	6599.42	6292.92	7363.6	8291.67	7318.25	9572.01	7894.81	6659.87	7250.92	7592.67
VDAC1	17	17	182176	193919	222888	242787	226070	220272	251389	212134	308184	378624	326294	338160	364190	339983	360654	312495
VDAC2	10	10	213307	229965	264067	256237	247038	257339	264000	275826	247031	268109	238347	273406	267154	268727	267827	249103
VDAC3	7	7	129738	157639	138420	170787	140537	125764	129918	147580	196633	225744	177499	232939	215549	192696	207109	187175
VEZT	5	5	3106.01	2461.16	4081.71	3400.01	1589.27	2062.5	2678.97	2411.49	2096.57	1843.31	2685.26	2920.49	1357.32	1851.09	1667.83	2040.03
VGLL3	1	1		1083.4	1209.65	677.282												
VHL	1	1		878.501		740.517					1747.08	2989.8			946.715	2313.01	2252.99	1589.19
VIM	41	41	1.76298e+06	1.90192e+06	2.76351e+06	2.09602e+06	959458	1.14449e+06	1.14381e+06	1.06876e+06	1.07004e+06	1.02753e+06	1.05727e+06	914258	1.16027e+06	1.27616e+06	1.40333e+06	1.25887e+06
VIPAS39	12	12	5370.06	4793.81	4792.2	5877.63	3659.53	2809.97	2614.86	2428.1	7282.24	5991.6	6791.95	7422.43	6469.78	5662.05	6202.51	6503.47
VIRMA	13	13	2832.61	2466.12	2927.15	2661.61	3818.59	3521.08	3399.6	3026.45	2830	2864.19	2399.99	2941.07	2589.26	2849.61	2663.85	2675.22
VKORC1L1	1	1	9475.31	9607.83	10053.3	7983.2	7528.61	7453.89	3987.88	3528.01	10336.5	10639	8364.01	9665.32	8531.21	8629.39	13386.2	11613.5
VLDLR	5	5	5074.54	6338.92	4017.5	5633.71							1433.98					
VMA12	6	6	2844.72	3610.33	5927.54	4422.85	3648.95			2607.5	3731.78	5371.69	3772	3185.85	2945.07	3031.48	3302.77	2666.71
VMA21	1	1	16257.5	14868.6	13432.7	19251.3	20340.6	22575.4	21928	13937.9	19894.8	23380.6	17276.5	20247.3	11325.7	14052.4	15004.5	11398.9
VMA22	5	5	1840.44	1800.1	2095.91	1858.31	1733.03	1394.3	1336.02	1281.44	3583.17	3874.11	3671.2	4354.39	2577.18	2846.04	2747.83	3067.3
VMO1	3	3	8819.48	792.513	762.798		752.825			424.661		729.201	1084.51	1217.86	725.029	543.301	609.381	590.906
VMP1	3	3	1298.23	1937.47	2261.76	2403.71	747.333	963.792	1519.6	622.226	1877.06	3090.83	2408.43	1906.86	4504.44	2137.33	3344.54	2189.11
VNN1	1	1									1514.57	1963.92	3425.67	2523.62				
VPS11	18	18	8648.36	7908.22	9350.21	9269.5	5515.61	4117.88	4445.25	4808.69	14170.9	16248.1	14493.5	15620.5	11789.2	10624.4	12497.3	11854.7
VPS13A	24	24	3747.01	3914.24	3866.4	4048.47	4395.16	4175.09	3505.91	3599.18	2492.38	2409.58	2101.79	2121.12	2404.38	1781.1	2004.93	2441
VPS13B	4	4	1038.23	1066.13	2172.77	1374.82	1005.16	1188.98								445.679	825.312	761.139
VPS13C	79	79	13075.5	13846.3	14089.5	14172.5	12716.2	11689.3	11668.7	10633.8	32035	32526.7	31314	33410.5	20246.3	20025.1	20863.1	21342.6
VPS13D	6	6	723.491	777.409	691.279	877.592	1224.81	1099.98	1212.31	787.538	709.107	1120.87	782.488	716.786	1144.81	1102.96	734.447	1018.77
VPS16	19	19	8238.56	9489.77	11981.7	9197.54	6878.02	6000.71	6104.73	4605.17	22716.9	23826.4	22629.6	21636.5	17141.2	18999.5	21719.8	19651.9
VPS18	24	24	9792.16	9811.64	10870	10020.7	7260.72	6693.35	6406.34	5968.17	20379.8	20545.7	19490.4	20793.8	16460.6	15686.1	16619	16791.6
VPS25	6	6	14595.2	17704.5	18225.2	18320.6	11206.9	10372.5	10878.8	7895.53	19859.8	20709.6	18624.1	17374.7	15739.5	15679	15804.6	16041.2
VPS26A	11	11	65817.5	68338.6	82094.2	76223.6	51068.1	43378.9	53673.3	45445	176716	210071	196743	178445	113477	112793	126087	134706
VPS26B	9	9	6580.1	7103.27	10033.9	8002.35	4355.59	4391.1	3831.47	5414.85	8992.77	10963.7	12077.2	10941.6	8037.63	8862.84	9778.53	9571.36
VPS26C	5	5	4835.13	5820.06	6371.31	6399.48	3108.46	2553.14		1292.57	15744.1	16386.8	14954.9	13307.1	9626.27	9429.37	11060.2	10666.1
VPS28	3	3	1858.93	1527.53	1625.1	1332.75	2275.21			1002.87	2104.61	2112.29	2184.3	2474.94	2141.41	2139.11	1642.69	2865.92
VPS29	9	9	12303.7	17839.2	31583	20606.4	5343.6	8560.5	7133.68	4060.18	47815.6	72978.9	61598.2	43004.8	32430.5	48303.4	50934.5	38520.7
VPS33A	21	21	7859.69	7539.04	8055.54	8106.83	5270.06	5451.41	4606.34	4389.07	17577.7	17923.5	16063.8	17715.5	12924.9	12898.7	14327.8	14275.3
VPS33B	18	18	6753.01	6725.65	7292.17	7758.25	4859.16	4352.09	4397.9	4239.69	9476.51	9326.21	9768.71	9189.75	7952.75	7414.94	8050.96	8311.81
VPS35	31	31	70660.8	78407.7	83186.5	82963.3	48408.1	46991.3	34254.3	40099.2	176156	211406	184334	185680	108329	121563	161048	142577
VPS35L	24	24	6426.34	7172.72	6878.9	7311.59	3019.22	2692.37	2692.25	3193.31	13565.7	15631.7	14879.8	15494.5	9866.69	9528.91	10863	9871.54
VPS36	8	8	11300	12184.1	10826.5	13537	7596.85	7888.56	6353.61	7542.62	15432.4	15082.1	14139.6	15007.8	13623.1	11974.5	14211.8	12510.7
VPS37A	2	2	7228.16	9166.65	10237.7	10252.3	6768.94	4533.72	6747.44	6022.77	6692.24	7076.8	7178.44	8582.41	6147.36	5317.53	4530.02	5196.29
VPS37B	5	5	3416.59	2703.18	3826.62	2710.85	3957.12	2945.05	2730.28	3970.64	3749.17	3400.94	3093.4	2456.4	2870.15	2794.58	3175.38	3388.41
VPS37C	1	1	3756.89	5379.03	3786.05	4634.46	3996.1	3708.66	3688.02	5278.43	8377.1	7884.35	6546.49	10084.8	3451.52	4025.29	4169.23	4056.01
VPS39	22	22	8920.57	8362.83	9701.94	8709.87	5388.98	6313.84	5744.37	5620.95	15437.8	17312.6	16666.5	16428.8	14146.9	13596.5	13732.6	14733.1
VPS41	17	17	4166.26	3932.3	4471.08	4695.33	2293.22	2308.9	2620.31	2748.43	7234.01	8308.82	7656.29	7323.52	5948.25	6351.74	6927.4	6975.97
VPS45	18	18	5009.69	5639.61	6246.33	5640.49	5592.42	4917.88	4569.12	4187.22	8564.09	9505.46	7794.98	8448.25	7520.49	6579.63	7667.3	6987.45
VPS4A	7	7	7944.9	7596.91	10598.6	9456.09	5132.91	5114.69	4879.39	5180.37	12304.1	18294.5	15605.1	11702.5	10375.9	12724.3	13713.2	11131.5
VPS4B	10	10	16530.6	17005.3	18478.6	20454.4	9983.94	8319.5	8364.9	8310.85	25921.6	32765.3	27327.2	26532.8	22456.8	24604.3	25907.4	24151.3
VPS50	17	17	3973.42	3753.75	3714.96	3687.08	2522.06	2519.13	2352.43	2069.9	5073.46	4171.97	4604.96	5351.85	3766.89	3612.13	3665.5	3737.42
VPS51	14	14	6124.68	6341.4	6197.14	5748.53	4963.14	4231.83	3295.19	3585.31	7353.71	6685.66	7692.84	7566.91	5183.06	5570.4	6491.68	6249.6
VPS52	17	17	7012.52	7178.17	7445.94	7911.32	5991.93	5346.35	5782.77	5335.14	8423.72	9746.36	8886.34	9725.92	7322.91	6933.73	7322.11	8016.18
VPS53	13	13	10992.1	10704.5	9506.98	10754.6	7417.46	6849.56	6956.03	6563.7	12565	11502.2	11054.2	12949.7	9420.23	8643.77	9962.46	11224.8
VPS54	2	2	1159.72	1025.04	792.837	958.567	948.876	677.65		1172.89	2776.77	822.273	1172.8	1250.6	810.953	652.978	983.787	877.211
VPS72	1	1														1773.3	1129.69	
VPS8	21	21	5725.76	6179.92	5644.03	5783.96	5347.87	4011.34	4735.96	3906	9029.23	9031.68	8346.05	10256.6	7011.04	6562.44	7202.8	6969.04
VPS9D1	3	3	1300.03	1314.7	871.97	1533.5						744.898				1849.49	723.46	
VRK1	6	6	6770.07	5646.74	6826.58	8075.43	10624.6	11943.9	11516.2	11510.6	12644.9	14392.3	10878.9	12242	11342.1	11054.7	12387.1	11948.3
VRK2	4	4	3883.89	4025.59	4742.35	4434.93	3348.83	3398.56	4165.3	2770.72	5628.51	2251.59	1953.82	2229.36	3006.65	2416.08	3599.27	3878.86
VRK3	3	3	1144.91	947.394	1223.42	1146.19		1711.97	1845.27	2343.96	4026.1	4620.08	3023.72	3731.33	3248.23	2399.5	2370.06	2250.54
VSIG4	6	6									14424.2	14347.7	12651.1	10205.5	5861.45	6782.66	5841.57	5599.87
VSIG8	2	2			3791.68													
VSIR	1	1													2786.47	5086.83	3466.45	3101.75
VTA1	5	5	13936.5	19337.2	15185.2	16429.7	10027.6	11856.7	9562.1	7891.68	19023.5	21502.3	16958.3	16138	15563.7	16186.4	19326.8	16618.7
VTI1A	2	2	3273.62	1609.26	1475.14	1507.18	1338.94	1216.72	793.514		2787.73	1289.46	2233.58	3097.93	2019.47	1073.58	1769.32	1384.31
VTI1B	4	4	3828.58	4048.25	3809.42	4501.37	2451.95	1758.72	1963.18	1927.89	8695.14	8895.54	6187.7	8509.26	6356.31	4853.96	6385.89	5853.86
VWA1	2	2	779.339	324.091										201.286				255.629
VWA5A	16	16	1938.68	1538.73	1993.19	1908.66	3811.85	3084.11	2664.47	3694.29	18991.3	13540.2	14853.6	17367.9	12025.4	7531.21	10041	10685.1
VWA8	32	32	3179.97	2980.11	3119.35	3179.16	7323.39	6146.56	5385.32	5239.24	4234.7	3419.49	3898.27	3843.25	7685.12	5765.1	6747.85	7365.14
WAC	4	4	2169.61	1736.71	2439.76	1706.5	2118.81	2429.05	2449.16	2334.68	1178.85	1934.21	1885.13	2056.96	1277.22	1635.85	1353.63	1616.73
WAPL	11	11	2570.46	2770.83	2695.28	2843.94	4633.68	4515.69	3669.69	4232.55	3357.51	3739.86	3162.26	3879.52	3030.38	3736.79	3370	3524.04
WARS1	21	21	48141.5	58260.4	64763.2	48148.1	13519.8	15347.1	12652.1	13686.2	30866	34415.6	27348.5	27218.4	104624	133035	162405	121908
WARS2	4	4	1890.78	2091.61	2879.68	2337.96	2949.66	2060.34	2832.28	1880.17	3120.22	2861.63	3334.76	3061.57	3385.85	3146.98	3941.21	3871.73
WAS	11	11									30558.4	28296.8	24762.1	29377	28672.6	30530.9	32413.5	31005.8
WASF1	6	6	1888.06	2233.37	2274.03	2643.87	2903.12	2171.24	2429.22	1882.94		2797.63	4584.22					
WASF2	11	11	27981.3	24988.6	23456.7	25377.6	32856.6	29695.5	26972.7	26657	79785	79319.8	59399.5	73339.9	81672.5	77272.6	85851.2	75141.8
WASF3	2	2	2809.36	2294.83	2152.1	2644.91												
WASH6P	1	1	755.02	981.538	1066.59	781.794					1192.35	1263.69	1081.06	1420.69	761.478	744.066	664.901	679.231
WASHC2A	3	3	1428.27		1411.62	1191.86		607.934	746.116	969.732	1625.43	1765.26	1548.53	1987.38	1619.55	1445.49	1390.39	1224.47
WASHC2C	4	4	2099.1	2426.63	1963.2	2878.58	2619.9	1583.53	2678.63	3153.01	3566.34	4415.4	3873.24	4830.43	2522.34	2234.98	2534.61	3153
WASHC3	1	1	4511.42	4305.72	3902.08	4385.88	2817.01	3072.21	2814.28	2641.17	7117.18	6391.03	6237.76	9667.87	3481.74	4309.99	3990.28	5034.05
WASHC4	24	24	11879.2	11662.3	12965.7	12318.1	10534.3	8408.36	8386.27	8123.89	21422.4	24163.9	22737.2	24303.2	14372.7	14030.7	15305.1	15605.9
WASHC5	30	30	10541	11311.7	12270	13199.2	8877.02	8231.37	7145.25	8058.98	21512.6	24453.4	21843.5	22209.1	13874.6	14242.3	15690.9	14384.7
WASL	7	7	5350.3	4479.09	3797.46	5639.33	6514.23	7735.71	5736.57	5208.61		1242.73				1330.07	1461.93	
WBP11	11	11	8516.48	7752.83	11144.2	11463.5	11846.2	10059.3	9775.71	10727	9002.59	9738.76	8553.19	9476.57	8948.11	10058.6	10488.8	8769.41
WBP2	4	4	3686.92	5361.91	5193.62	7234.99	10000.3	11244.8	15069.4	16420.1	8326.22	14093.9	14007.8	12571.7	6399.23	9285.38	9939.62	11069.6
WDFY1	6	6	9036.92	12113.4	16129.5	13279.4	3265.9	3922.56	2759.2	2538.87	12640.4	14037.7	15540.3	13602.4	13326.8	12784.5	14412.1	12311.3
WDFY2	2	2	1384.2		1293.25	1577.63			1676.81	1627.62	2892.37	4349.98	3549.46	4163.79	2060.66	1784.96	1643.26	1348.32
WDFY3	15	15	5424.46	5734.13	4839.37	6021.5	4989.26	5255.9	4842.23	4857.83	7911.67	8272.4	7427.4	9681.22	4954.77	3453.23	4691.62	4897.5
WDFY4	47	47									10496.1	10927	9804.68	9352.42	11728.4	10795.8	13254.9	13117.8
WDHD1	4	4	2772.78	1942.39	2643.21	2691.07	3014.58	2609.55	2812.07	3024.5	2228.31	2194.45	1203.56	1890.1	1294.27	953.366	946.922	
WDR1	20	20	118849	185400	317438	209538	67046.6	73718.4	67452.8	51669.8	201213	349505	270454	190381	188317	361275	330979	232109
WDR11	16	16	6306.87	6579.83	6444.9	7543.23	7794.33	6861.8	7030.79	6855.72	8199.03	9240.64	7979.87	8632.85	7143.1	7067.19	7040.92	7382.82
WDR12	3	3	2698.77	2991.59	5777.71	4167.43	4291.84	3145.58	3684.76	5644.33	3799.21	4475.81	4644.2	4110.45	4736.69	5236.68	5955.87	6066.75
WDR13	8	8	5261.92	5693.88	6023.62	6993.09	4792.15	5053.08	3990.87	3657.89	4657.23	4390.64	4662.04	5500.55	4327.58	3227.66	4194.74	4540.57
WDR18	10	10	15388.4	13257.5	16522.2	14021.7	15728.4	14352.8	14230.1	12428.7	9124.44	9763.6	12188.3	10601.1	11574.7	11023.8	11818.4	11612.2
WDR19	2	2	1412.38	1074.02	1267.02	1260.1	931.014		628.345	675.324	551.668	789.33	610.218				575.94	791.513
WDR24	3	3	2021.2	1967.31		2438.89	2413.02		1568.49		1645.7	1282.26	2497.78	2611.1	2308.61	1311.68	1265.2	2128.3
WDR25	2	2	800.095	773.194	625.528	688.073												
WDR26	10	10	7255	8412.32	10275.2	10309.6	4878.78	6183.62	5211.45	5410.09	10211.6	10273.1	10719.1	10248.8	7171.38	7997.84	8757.98	7694.1
WDR3	13	13	5947.87	5270.62	5983.32	5542.33	7239.4	6885.82	5729.18	6105.15	6181.37	5200.9	5279.39	5116.53	7055.66	7145.8	7604.38	7256.43
WDR33	12	12	3525.49	3503.24	4065.37	3397.93	4262.55	4344.65	3628.66	3705.78	4353.85	4419.59	4227.59	4286.6	4565.16	4529.06	4542.78	4767.5
WDR35	3	3	1983.22	1737.49	1949.08	1728.81	1192.26	1269.49	622.223					1892.21		1272.04	2244.23	1939.15
WDR36	19	19	4782.63	5543.56	5522.56	5533.39	6995.8	6171.47	7148.05	6319.02	6166.7	5950.46	6020.97	6087.29	7021.15	6720.21	6945.07	7331.69
WDR37	6	6	2102.79	1846.61		1631.03		944.06	1297.8		2698.49	3071.76	2416.44	3582.24	3102.64	2242.69	2712.3	3234.86
WDR4	2	2	722.541	821.762		1418.49	1018.7	1051.14	772.711			890.928	1490.3	1140.46	1358.77	1640.74	1456.53	1461.48
WDR41	4	4	3400.21	3436.26	3979.71	4185.45	3066.83	1817.12	2431.95	1886.74	3607.54	4228.89	3696.71	3712.55	2450.05	2274.51	2583.28	2760.76
WDR43	4	4	6092.72	6651.61	5396.12	5851.7	9482.81	5717.49	7407.04	6363.32	3981.82	4121.63	3853.49	4702.9	4535.73	5878.28	6244.64	5671.98
WDR44	22	22	7085.82	6895.17	7191.35	7185.85	8570.03	7830.12	6758.41	6755.79	7593.99	6883.06	6912.72	6719.94	5741.35	5663.38	5896.48	6714.45
WDR45	3	3	1705.46	2030.25	1529.02	2377.35	1545.08	1465.81	1693.99	1750.42	1981.85	1758.81	1741.36	1853.47	4292.81	1201.79	1207.29	1388.65
WDR45B	4	4	3343.99	4409.56	5945.17	4771.96		2253.97	2342.3	2066.1	4522.86	5735.37	4555.67	3936.38	3035.07	2063.4	2234.5	2116.1
WDR46	4	4	2505.4	2043.19	2789.16	2247.09	2091.12	1706.27	1517.43		2456.41	1879.48	2149.69	2567.4	2346.55	2050.03	2353.51	2564.39
WDR47	3	3	2590.77	2471.62	2246.12	1866.35		956.36			1831.55	1968.71	1848.06		1909.67	1564.41	1420.36	1606.69
WDR48	4	4	3897.64	3609.29	4281.75	4194.62	4261.77	4285.9	3781.44	3676.33	3286.2	2254.55	2862.78	3069.32	3212.96	2294.99	3008.59	3309.1
WDR5	5	5	2751.96	3181.7	4321.6	2989.01	5522.44	4241.26	4588.93	4716.95	4159.84	4269.47	3999.31	4741.52	3186.44	3860.67	4345.02	4400.32
WDR55	5	5	2853.56	2766.21	3410.9	3057.15	2695.46	3567.01	3555.42	3015.7	4092.73	3948.97	4149.98	3521.18	3577.4	3476.34	3716.75	3470.48
WDR59	4	4	1982.15	1791.87	2116.36	1912.83	2101.74	1075.35	1864.34	1630.17	2375.77	2057.01	1783.91	2148.82	1333.91	1414.75	1571.31	1954.67
WDR6	7	7	2968.76	2720.03	2571.1	2979.05	4146.21	3915.81	3954.62	3097.41	2843.49	2771.11	2701.27	2994.54	2260.07	2571.24	2460.72	2375.27
WDR7	16	16	3364.18	3671.95	4098.12	4241.37	1948.2	1843.93	2511.99	2638.91	6546.15	7093.92	6925.65	6250.19	5739.01	5909.58	5628.08	5479.41
WDR70	6	6	9110.8	8061.88	6654.23	8613.68	4866.47	6790.85	5500.18	5356.85	6170.81	6108.89	7842.92	9096.4	6321.87	6819.46	7521.9	7920.27
WDR73	4	4	1130.57	1786.31	2350.04	2040.15					1402.6	1904.89	1566.3	1575.6	1657.22	2410.51	1552.8	2013.55
WDR74	2	2	1784.91	1430.75		1827.02	3543.6	3043.42	2619.9	2821.67		896.746		1066.76	1462.41	1298.23	1766.62	927.2
WDR75	10	10	5094.76	5487.27	6608.24	7092.64	5433.93	4885.8	7231.58	5081.22	5172.08	5947.54	4756.7	4857.13	6597.95	7368.42	8041.46	7093.08
WDR76	2	2	931.353		1609.54	1046.52	3623.25	3048.47	3171	4275.01	1934.14	1533.9	2599.56	2167.82			421.613	
WDR77	4	4	13276.7	11807.2	10989.9	13779.8	9124.35	10491.4	8817.13	8048.98	11730.9	11570.8	11281.9	11278.1	13130.3	15012.1	17689.5	16076.2
WDR81	23	23	2228.65	1882.01	1805.53	2034.6	2679.44	2062.31	1835.66	2038.14	11300.7	12041.5	11912.5	13125.4	7696.62	7786.79	8889.81	8823.82
WDR82	6	6	12465.6	14518	15012.8	14730.2	20972.1	18650.3	17438.2	16646.2	14861	17123.2	13932.7	15767	12643.9	17994	18438.1	13978.2
WDR89	3	3	571.206	481.26	951.684	830.386	481.169	827.115			977.729	1153.18	657.711	678.278	816.469	1124.76	1042.01	892.453
WDR91	14	14	5071.72	3763.6	5163.8	4033.52	4550.29	3308.99	3604.46	4066.96	27462	29644.4	32584.8	33279.2	20609.5	16656.8	17433.4	21453.5
WDSUB1	3	3			1076.07	1006.95					3141.13	3657.49	2871.65	1823.55	1803.27	2134.27	2363.08	2414.16
WEE1	3	3					2412.7	2858.73	2549	2347.25		1300.5	3398.1					
WFIKKN2	1	1								7985.13								6364.99
WFS1	8	8	5639.98	5113.58	7712.25	5389.07	8994.63	7068.3	7790.18	6755.42	5319.85	4699.08	5301.36	5705	6358.35	3563.55	5654.39	5974.93
WIPF1	11	11	4463.63	3956.62	4657.17	5450.43	4449.35	4929.44	5332.18	4388.68	24298.1	23543.2	17346.7	18297.7	19142.3	17762.7	20192.6	18699.1
WIPF2	7	7	5523.77	5241.73	5239.71	5826.2	8874.28	7182.2	8008.71	8483.86	1573.33	1760.01	2253.33	2086.46		908.978	1691.52	1461.41
WIPI1	5	5	2694.22	3470.83	3384.59	3968.34	2903.04	1433.11	2155.73	1847.29	4125.23	3117.97	3636.46	3366.64	2355.77	1912.89	2089.94	2517.36
WIPI2	3	3	12275.8	12624.9	10339.6	13106.5	7975.73	6931.3	8891.45	7462.62	18018.9	15517.2	14552	17158.7	11509.3	9100.18	8637.87	10008.8
WIZ	5	5	1663.13	2054.83	2473.45	2185.72	1796.68	2148.28	2196.73	2344.09		2261.28	1694.93	1604.78		2590.5		1655.9
WLS	6	6	9193.92	8000.46	10369.2	8850.01		1007					1890.84					
WNK1	20	20	8079.02	7795.12	8883.33	8789.59	8181.55	7233.64	6828.81	7124.99	9766.91	10038.4	10329	10403.3	7261.77	7287	7373.93	7419.65
WNT5B	2	2	4178.62	3930.04	5422.4	4498.39	4915.06											
WNT7A	1	1	2442.84	2579.5	3914.75	2742.79			689.487		2103.09		4969.94		3913.4		2907.01	
WRN	2	2	940.484	1052.58	1022.96	917.527	1579.29	1376.78	1486.98	1422.01	671.244	626.476	549.519	650.178			511.896	523.678
WRNIP1	7	7	3503.71	3615.41	4308.41	3661.14	6590.33	5805.48	5623.48	6379.41	2903.33	3366.79	2954.39	3020.95	2935.68	2970.67	2900.78	2875.49
WSB2	1	1		698.095	597.876		1466.24	1076.5	1262.52	1161.28								
WTAP	8	8	3728.27	3421.47	3794.95	3812.24	5520.95	4405.43	4746.91	4548.86	3106.49	2963.16	3397.7	3328.08	3989.23	2746.27	2561.8	3468.63
WWC3	3	3	2434.28	2901.58	2335.72	2606.39	2415.97	2114.18	1373.2	1819.41	1914.64	1957.1	1411.4	1365.52	1576.64	1232.06	1113.53	1354.52
WWP1	2	2		742.37		1172.86		1022.52			2857.23	3027.35	3630.63	4069.01			870.633	
WWP2	3	3	1667.25		1035.76	1085.24		1868.21		1429.26	2822.64	1602.04	1376.8	1668.83	1487.48	858.22	1178	1185.01
XAB2	17	17	5503.63	4454.15	5044.34	5496.06	8294.58	7147.83	6829.7	7365.01	5656.07	4809.93	5261.03	5305.24	7138.14	5851.86	5785.78	6104.9
XIAP	6	6	2149.9	1998.46	2089.73	2979.86	2122.33	3021.29	2181.51	2279.61	1888.09	2001.31	1709.07	1581.92	2056.67	1974.02	2044.24	2497.48
XIRP1	9	9													3795.1	2181.97	3029.62	3585.65
XPC	7	7	2055.98	2346.35	3067.86	2496.45	3207.46	2544.44	3787.95	2808.19	2695.67	2932.75	2882.54	2888.84	2684.04	2347.17	3600.47	2699.01
XPNPEP1	14	14	27442.8	29504	31162.3	37134.8	21768.8	20444.2	19761.7	18073.2	29158.9	32171	28431.9	28560.5	23304.2	26442.4	28363.3	26499
XPNPEP3	4	4	1263.06	1220.37	1312.48	1437.72	2489.41	2794.82	1766.34	1342.89	2295.61	2632.25	2293.28	2211.62	2494.15	2782.3	2798.59	2622.47
XPO1	21	21	17853.6	15042.8	16858.2	17136.8	19180.5	17066.1	13128	12941.5	18943.7	20051	20407.4	19534.8	17349	18571.7	23322.1	23062.4
XPO4	11	11	3641.82	3330.33	3299.45	4146.26	3264.05	2990.95	3397.85	3362.96	3339.58	3220.43	3176.6	3351.53	3287.9	2933.83	3375.43	3204.61
XPO5	12	12	4798.8	4522.38	5620.5	5299.04	7648.22	6393.62	8127.9	5339.66	4667.23	4427.31	3962.02	4098.65	4587.2	4332.48	4646.81	5068.01
XPO6	5	5		1572.47	1336.18	1465.89		1465.41			1799.21	2170.34	2326.11	3650.52	1634.31	1666.37	1845.62	1945.26
XPO7	24	24	6895.62	6760.71	6827.28	7337.94	9535.18	8854.67	7766.11	7478.97	9419.8	9281.76	8560.63	8902.53	8241.46	7795.39	7984.62	8372.6
XPOT	15	15	10502.9	11389.5	11103.8	11882.4	8466.04	9296.6	5682.67	6532.91	5647.96	5938.34	6347.07	5965.86	6050.86	8176.57	9098.42	8914.11
XPR1	3	3	1323.42	1671.25	1424.08	1314.09	2555.3	2370.39	2561.78	2066.25			1699.38			830.959	759.687	1629.23
XRCC1	9	9	10163.8	9292.38	9828.51	10572.1	11440.6	9643.37	10028	11044.4	9379.58	8849.29	7808.52	9434.6	9438.61	7396.56	8182.13	8853.97
XRCC4	8	8	5316.01	5583.5	6036.21	5065.07	9984.21	10046.1	10764.5	10265.3	5916.84	6547.34	5675.12	5209.62	5887.24	6672.04	6672.09	6839.47
XRCC5	23	23	98770.7	111904	167679	145225	115142	148645	130750	107910	133125	161506	119561	125396	133811	175539	198964	156273
XRCC6	37	37	101733	99410.2	131236	105154	146326	151316	139937	134156	134096	144359	125975	124140	143944	164825	146735	156736
XRN1	18	18	15239.5	13091.1	15307	13430.4	19101.3	15386.5	13288.8	13190.8	13682.4	12504.7	15896.7	19776.3	12729.7	11310.1	11407.3	13959.7
XRN2	16	16	8905.92	8872.22	11404.5	10355.6	8084.96	8038.2	8178.74	7579.08	11380	13891.2	11354.7	10888.3	13548.6	14826.6	14651.3	11821.5
XXYLT1	6	6	6933.09	5830.44	8383.73	6027.99		1830.42	1666.69		2262.35	3380.81	4475.1	2405.03	2896.37	2813.84	2754.21	2733.38
XYLB	3	3	2014.41	3002.65	2622.47	2250.63					3823.38	4228.44	3721.55	4049.47	3598.04	3407.8	3653.04	3322.43
XYLT2	3	3	3310.28	2804.69	3381.15	3371.94	1356.21	1697.51	1563.26	1818.87				551.919				
YAE1	1	1	383.175	448.017	624.103	542.598										337.274		425.731
YAF2	1	1	1012.03	941.074	663.553	1308.08	1382.7	1953.02	1262.74	1038.17	1078	926.907	1368.31	1249.82	1355.15	1215.98	1603.32	1414.59
YAP1	3	3	6604.19	6489.04	6075.36	7636.79	5029.89	5453.58	4459.88	4498.89								
YARS1	27	27	46450.1	52911	60997.7	60375.3	24869.1	26514	24345.9	24622.9	27008.2	38060.9	30077.5	28687.3	34343.6	45157.1	47499.7	40868.7
YARS2	11	11	6204.19	6622.61	7415.76	6757.23	10987.8	9388.9	7898.18	7621.81	10544	10326.3	9498.06	9603.11	10099.6	8865.57	11224.4	9666.16
YBEY	2	2		1630.63		1686.05					3933.61	2358.27	3280.72	4065.84	2220.88	2595.23	3423.87	3137.39
YBX1	8	8	124442	83420.8	102644	83856.6	99596.1	76950.8	62522.1	52381.3	69408.7	41842.7	61943.7	50761.6	54302.7	36979.5	57898.9	64538.9
YBX2	1	1	504.956	386.587	361.005	369.074	222.615	254.864						229.458	221.481			99.9519
YBX3	6	6	17688.3	19129.1	12655	19416.1	18481.6	17905.1	10962.4	11579.1	6824.35	5623.17	4793.09	6436.33	7221.66	7640.64	7522.48	7874.87
YEATS2	6	6	1885.59	1664.31	1677.03	1438.15	2736.55	2081.4	3017.3	2460.52	1341.69	2064.46	1464.05	1332.75	1394.14	982.725	1237.6	1249.9
YEATS4	3	3	1590.06	1195.05	1862.63	1770.98	1764.26	1032.57	1278.01	1174.81	867.785	1599.85	998.763	1231.94		1054.17	1111.68	720.172
YES1	3	3	7318.15	8575.21	7741.85	8976.42	6870.77	8699.31	6300.11	6021.45	5962.95	5241.69	3932.64	4622.33		2085	2312.33	
YIF1A	1	1	1508.11	1650.96	4116.5	1569.26					1373.58	2226.62	2327.37	1739.81	1545.8	2786.1	2893.81	2676.86
YIF1B	3	3	12779.2	11846.4	15612.6	17857.7	5467.64	3664.53	3748.48	2989.44	5477.38	6793.37	5460.04	5837.85	4684.25	5293.68	4587.82	3441.56
YIPF4	2	2	12372.3	12686	15555.5	14233.2	7231.22	7708.8	7149.94	6498.07	10945	10357.1	10379.6	9630.84	12255.3	11990.9	12487.7	14144.8
YIPF5	2	2	3261.52	3644.58	6795.06	6191.46	696.07	808.005			1539.63	2599.78	1715.96	1382.68	1914.22	1764.47	2324.1	1843.86
YIPF6	2	2	3161.88	2223.55	2403.96	2341.93	2829.36	3754.8	1932.17	2569.19	3044.12	2117.27	2889.79	3155.29	2339.22	1322.16	1962.39	2897.41
YJU2	2	2	700.107	669.268	1301.05	701.51	2134.54	816.809	1132.3	1394.33	1971.64	2064.52	2132.98	2010.03	3797.6	2742.65	2676.83	2619.81
YJU2B	1	1	1792.56	1444.88		1294.71		788.999			1453.18							
YKT6	10	10	23540.6	24639.7	23493.6	28518.2	13170.4	12646.7	11146	8847.87	23230.4	24226.5	21861.5	20521.7	17051.2	15966.7	15426.1	16237.4
YLPM1	13	13	4880.98	4028.73	4853.58	4930.77	4061.26	3811.83	3523.09	3282.75	3974.5	3850.33	3711.13	4811.88	4600.62	3453.7	4403.41	4823.48
YME1L1	10	10	9747.4	10777.9	9580.1	10893.4	8856.45	8215.19	9738.86	7724.37	10013.6	8846.44	9386.44	9041.21	8569.03	8034.35	9576.02	9525.25
YOD1	4	4			1617.94	1627.66	3711.52			2721.14	2644.77	3334.67	3110.44	3666.92	3939.38	1787.69	1531.9	2301.59
YPEL5	2	2		1744	2705.18	1579.62					2229.38	2596.98	2495.1	1618.12	2115.64	1186.88	1626.03	2022.03
YRDC	2	2	3572.08	3156.77	2919.03	3348.24	3628.6	2426.48	3089.6	2492.35	2336	1463.74	2100.75	2985.88	1643.37	1427.67	2213.28	2170.91
YTHDC1	6	6	5990.85	5304.54	6857.79	6870.7	11678.6	9907.93	9336.69	10182.3	7272.66	5915.85	4467.86	5906.64	7606.11	6897.92	7543.17	6869.11
YTHDC2	12	12	11257.5	10651.6	11780.1	11971.7	13635.5	10823.7	9235.37	9603.88	13940.8	12738.9	12821.3	13837.4	14061.1	10999.8	10591.8	11845.3
YTHDF1	3	3	2918.18	2712.94	2848.96	3958.87	2404.59	2280.33	2230.67	2022.17	2569.07	3230.66	2233.41	2442.41	2154.58	2304.63	2057.72	2456.77
YTHDF2	4	4	5955.13	6401.1	7063.52	7085.96	4923.52	5289.13	4738.48	4387.53	3877.63	4179.92	4047.7	3976.04	3157.84	3517.5	4272.9	3145.34
YTHDF3	4	4	8295.11	8432.35	8374.21	8516.43	6641.31	5170.44	5077.31	4518.73	6273.05	5763.46	6462.9	6295.13	4632.21	3477.33	4675.23	5349.65
YWHAB	7	7	14054.9	18890.7	28093.3	21445.8	7042.81	11599.6	4572.13	6330.38	41061.7	56822.8	52430	37764.4	30044.1	48466.6	54886.8	43769.9
YWHAE	13	13	116967	169897	254074	201674	81302.7	118296	74928.7	59589.5	194561	314097	253595	202188	136489	273627	288932	213435
YWHAG	10	10	109407	101667	129799	104643	41805.2	52719	65512.7	47692.2	143443	165742	137958	150325	167366	143794	204010	204203
YWHAH	9	9	50459.8	50743.1	68272.1	64224.9	27024.2	28233.6	18331.8	18864.6	68919.1	78896.7	58517	58867.3	90976.7	131836	152112	118296
YWHAQ	5	5	37059.7	49025.3	80917.4	55064.2	16433.3	26063	11904.9	13435.2	49166.1	63622.2	75091.9	47413.4	31053.9	50920.4	64453.3	51234.5
YWHAZ	10	10	170455	206417	326194	213070	126672	138120	110564	105358	201812	298475	248952	188364	170098	307278	346309	213695
YY1	3	3	3327.71	2143.57	2731.68	2599.16	3328.17	2658.88	2330.83	3214.5	3799.61	2151.63	4455.93	5171.19	4695.41	2979.44	4108.85	4897.7
YY2	1	1		1326.86	1168.02	1156.94	2116.29	3000.7	2757.65	2543.06		1991.62		2479.54	1697.15	2520.21	2746.5	1851.91
ZBED1	2	2		194.732		379.925	686.94	527.04		561.601	536.583	971.223	1031.85	579.615		180.211	224.846	249.958
ZBTB20	1	1					832.651	830.914	814.571	551.226								
ZBTB21	2	2	307.479	202.978	359.101	325.698	123.749	135.031	227.593	191.784			71.3459		163.296	208.174	228.417	
ZBTB22	1	1					2959.65	4566.02	2827.37	2891.64							1759.66	
ZBTB33	2	2	805.946	984.126	873.766	1584.3		1479.41	1047.4	1344.85		470.565	1206.9			1502.39	1016.07	791.55
ZBTB40	1	1	1041.16	1061.13	1600.43	1522.26	897.442	1101.74	1050.88	574.209		1546			1046.64	1384		1144.99
ZBTB8OS	1	1	1772.68	1969.28	1420.8	2216.72	1510.99	2016.33	1802.67	1934.16	2306.44	1469.56	2073.41	2922.33	1881.13	1365.18	2296.33	2439.1
ZC2HC1A	5	5	1676.84	2134.74	2955.15	2950.99	2920.36	1902.64	2157.99	3294.78		1526.87	2256.4	2903.94		1203.15	1455.52	1285.91
ZC3H11A	11	11	11460.1	8931.12	10044.1	10593.2	14334.5	11654.1	14575	12561	10223.7	8002.08	10656	12267.3	8882.41	7061.37	7299.06	8492.66
ZC3H12C	4	4		654.326	778.871	613.986		776.669	598.207		984.873	1339.49	824.691	895.98		249.432	264.857	
ZC3H12D	1	1										672.695	667.615			628.049		407.504
ZC3H13	8	8	2502.71	2212.01	2842.99	2648.84	3870.41	3401.02	3472.71	3111.9	2046.52	2323.85	2761.48	2916.86	2178.93	2066.81	2017.49	2158.27
ZC3H14	12	12	6542.47	5831.26	6744.86	6981.26	6184.87	5886.56	5639.35	5302.55	6357.21	6588.72	5562.62	6424.26	5675.26	5779.64	5956.22	5871.89
ZC3H15	11	11	12797.7	11540.8	12425.9	13274.2	13248.3	13194	12048.9	11335.7	12219.1	12128.6	8916.43	11629.4	12449.5	12613.1	13432.3	13114.6
ZC3H18	9	9	3221.31	2679.12	3543.64	3249.85	2663.86	3028.06	3038.28	2805.25	2989.85	2391.96	1688.36	3324.33	2570.16	2234.64	2681.11	2538.26
ZC3H4	18	18	4462.26	4154.01	5352.15	4778.33	4209.74	4633.37	3776.53	4140.54	5552.45	5108.21	4341.91	4724.1	5330.5	4369.75	5112.85	5348.33
ZC3H7A	10	10	3509.94	3572.54	5147.19	4015.89	3204.85	2936.01	3386.62	2709.86	3333.8	3288.76	3183.18	3073.73	3305.09	3386.94	2985.39	3464.58
ZC3H7B	7	7	8803.56	10264.9	11035	11608.4	4954.9	5847.26	5103.86	5646.8	4321.4	5513.38	5099.63	4576.82	4028	3896.86	4605.09	6497.04
ZC3HAV1	22	22	8633.83	9084.73	9506.11	10355.3	8994.54	7833.31	8027.46	7549.27	10146.5	9611.53	8861.89	9066.41	9339.12	8471.89	9590.41	9673.05
ZC3HAV1L	4	4	3027.42	2523.94	2362.76	2849.27	1245	1323.78	1573	1794.58	2229.46	2338.58	2247.49	2354.26	2012.71	2414.11	2427.94	2429.6
ZC3HC1	7	7	2519.03	3404.82	3948.11	3615.32	4633.17	3666.09	3531.87	3040.1	3166.61	2915.54	2770.33	3195.97	3579.94	3318.77	3210.83	3463.66
ZCCHC10	1	1	1368.56	938.242		943.332	1455.08	1599.17	1244.42	1295.26	1387.48	1763.99	1660.25	1848.18	1324.29	1556.07	947.276	1399.8
ZCCHC17	2	2	3578.07	3194.9	3734.74	3403.86	3914.54	3046.09	3895.94	4479.2	3887.73	3077.09	4981.19	4377.49	3265.82	2131.42	2825.7	3718.82
ZCCHC3	5	5	2776.98	2953.45	4235.89	3856.49		857.131			2629.3	3327.62	2824.07	2248.72	1859.74	2843.17	3118.8	2405.53
ZCCHC8	10	10	3347.74	2890.92	3796.07	3514.12	3220.71	3058.58	3756.45	3682.58	3605.15	3809.58	4394.15	4151.94	4468.05	4203.17	3767.14	5101.94
ZCCHC9	1	1	1962.78	2426.25	2278.82	1891.94	2619.33	2134.14	3373.24		2595	2914.42	2772.94	4365.87	2944.71	2161.11	2775.02	2382.08
ZCRB1	2	2	2043.34	1998.99	3135.44	2724.87	3466.68	3933.84	3367.86	3756.73	1645.88	1888.84	2680.89		2005.02	2038.57	2203.73	1832.88
ZDHHC13	3	3	2567.89	2562.15	2950.65	2944.57	2500.49	2566.95	2519.07	2557.64		1200.91			1609.4			
ZDHHC18	1	1	705.437	1281.19	750.862	1002.13				810.508	1229.48	1265.42	1312.59	1447.14	1120.87	953.02	1214.35	1355.95
ZDHHC20	1	1	468.044	252.693	651.649	359.642	481.485				527.726	626.346	726.789		483.241	182.6	300.666	
ZDHHC3	1	1	258.506		550.368								357.998		833.684		847.311	1124.69
ZDHHC5	7	7	1666.96	2771.07	2855.09	2777.87	1961.96	1878.36	2301.49	1844.66	2137.78	2789.25	2831.07	2676.42	2449.97	2275.65	2211.54	2401.18
ZDHHC6	1	1		1284.69	1832.59	1337.32	1275.98				1694.93	1409.46	1840.26		1848.82	1415.3	1200.55	1784.64
ZEB1	5	5	1279.06	785.122	1676.94	1019.81	1168.77	713.476	865.712	782.438								
ZEB2	7	7	2420.61	2790.09	1880.05	2502.02	2603.83	2344.59	2438.27	2286.84	5562.44	5609.81	4673.32	5627.63	4528.96	5265.32	5303.98	4723.24
ZER1	4	4	1776.53	1711.46	2034.58	1649.3	2046.51	2260.72	1710.46	1997.75	1857.97	1841.83	1267.64	2099.29	1744.4	1313.98	1221.83	1853.43
ZFAND1	2	2	3201.25	3263.47	3044.25	3361.02	4487.09	4173.06	4731.13	3824.84	2676.86	2050.87	2418.62	2552.15	4108.46	2446.48	3834.51	3894.17
ZFAND5	2	2				1041.97	5550.31	4461.16	5913.94	4304.49	1335.11			1820.81			1150.4	
ZFAND6	1	1		1012.15		1290.7	6263.38	7664.5	6342.68	6868.37	1973.37	1659.93	1070.27	1525.87	1586.36	1512.38	1920.12	
ZFC3H1	5	5	980.947	853.43	980.235	837.57	1755.18	1837.57	1966.17	1324.54	754.359	856.062		755.769	1169.66	606.152	865.102	1070.51
ZFHX3	6	6	2615.89	2033.61	1900.06	2412.89	1231.51	891.125			1302.61	1286.75	1470.76	1425.27	1067.88	1011.46	940.622	870.243
ZFP36L1	5	5	6648.04	4994.48	7580.89	6921.36	5804.39	6596.86	6156.7	5071.14	4329.64	2949.51	3542.85	3221.63		2399.17	2273.94	4676.61
ZFP36L2	2	2	927.533	1004.72	909.45	982.645		360.833			620.406	570.967	669.649		1193.17	1138.04	1085.73	626.815
ZFP91	2	2	1699.87	2311.2	2255.05	2170.53	3809.1	3304.83	4431.85	4238.43	1310.95	2035.54	1611.79	1773.42	1111.66	1861.69	1581.52	1686.61
ZFR	12	12	15152.9	13490.1	16051.6	14211.5	13649	11631.7	12282.1	12074.7	10154	9030.46	10795	10698.6	12012	9891.89	10768.2	10922.8
ZFTRAF1	4	4	3593.51	3006.47	3238.22	3130.06	1952.4	1875.57	1996	1832.83	2387.84	2360.74	2047.69	2129.67	2710.43	1885.29	2043.11	1960.29
ZFYVE1	5	5	5009.54	5070.25	4524.18	5319.73	2590.81	2411.5	2053.66	1554.55	3824.27	3882.54	4271.98	4555.8	3138.38	2216.86	2211.73	2571.27
ZFYVE16	19	19	3741.42	3542.83	3153.82	3395.59	3305.02	3074.66	2851.74	2723.34	6703.44	6467.74	6821.69	6829.43	4666.52	4188.11	4942.28	4832.11
ZFYVE19	3	3	3362.11	3101.22	3454.83	3196.6	8123.95	5822.3	5324.35	5044.77	6253.69	5673.08	6150.13	7005.84	3554.04	3596.93	3847.57	4916.61
ZFYVE21	4	4	2610.25	3356.65	3652.43	5619.36		1114.62	1848.22	1933.86	2599.45	6413.34	4294.99	5155.38		1845.69	2345.76	
ZFYVE26	18	18	2530.67	2209.23	2516.96	2401.86	1171.84	868.372	1686.99	726.914	5018.48	4460.04	4999.81	5534.92	3874.45	3294.65	3652.38	3980.81
ZFYVE9	2	2	1391.68	1143.94	783.143	1116.24			960.709	870.156								
ZG16B	5	5	294186	54383.7	69777.7	17083.8	20157.9	21375.1	18556.6	21227.7	43762.2	57667.5	84975.7	88251.8	40998.9	90110.3	55845.4	41706.3
ZGPAT	5	5	1729.1	1466.7	1756.5	1770.4	1935.81	1624.47	1310.97	1705.42	2053.49	1451.01	1831.01	2768.91	2311.9	1561.16	1508.85	2323.25
ZHX2	3	3	1235.59	1211.23	1456.91	1104.69	1238.83	692.614	723.013	1112.41		562.826	1095.95		959.095	1183.16	606.106	1142.17
ZKSCAN1	4	4	874.75	907.016	1323.38	995.052		493.127		675.787		378.063			281.594	638.837	332.635	614.529
ZKSCAN8	1	1			523.182	501.549		667.546		449.032								
ZMAT2	4	4	1431.61	1747.48	1975.86	1762.44		1428.69			2483.97	2738.27	2164.55	2371.18	2237.36	2661.42	2730.99	2462.34
ZMIZ1	1	1					1319.68	1297.11	1276.04	1078.68						950.887	1273.87	749.397
ZMPSTE24	10	10	25483.8	24375.2	29524.8	24257.9	13983.6	13067.7	13889	11624.9	30529.7	25627.7	23918.5	26436.7	30204.1	31438.1	31927.5	33260.9
ZMYM2	8	8	2783.8	2367.83	2880.49	2721.57	4504.67	4008	4374.49	4124.57	1962.52	2219.02	2065.85	2722.36	2257.66	2001.39	2001.21	2066.6
ZMYM3	4	4	1322.25	1209.43	1962.16	1459	2282	2279.73	2756.65	2255.48	1966.71	2116.27	1463.61	1882.92	2334.26	2038.62	1790.8	2131.46
ZMYM4	5	5	2051.46	1885.65	2581.28	2090.95	2048.51	1528.41	1359.42	1372.09	1464.53	1317.79			1375.88		1300.99	1890.1
ZMYND8	6	6	6479.57	4329.9	4051.49	4475.62	8078.46	7452.45	6914.59	6436.17	4047.24	4127.4	4021.76	4406.41	4590.72	3881.51	3681.45	4553.24
ZNF143	1	1										701.474				708.533		803.59
ZNF146	2	2		718.093	419.132	758.323						1232.93			311.347	367.165	285.598	
ZNF148	7	7	8311.57	8306.96	14930	7728.48	12462.2	10819.2	11213.4	11451	12370.8	9702.45	50635.9	57074.1	7688.92	7118.65	5811.27	7320.31
ZNF185	3	3	1271.04	1410.7	2056.81	1283.79	494.401	411.385	822.149	654.108								
ZNF207	6	6	33067.7	33522.3	47032.4	46634.8	18621.3	25872.3	17884.6	19527.1	32639.8	35996.4	31525.9	35984.4	32558.7	38557.6	38725.3	36236.8
ZNF22	2	2	455.191	809.019	1123.13	904.666	490.083	576.943	258.358	283.046	1325.84	1449.5	1933.82	1420.05	957.812	1430.33	1443.27	839.678
ZNF24	4	4	459.204	659.275	890.023	659.91		787.376	610.762		956.343	1015.82	783.536	926.897	863.081	859.559	818.831	924.234
ZNF280C	3	3		313.921		428.296	585.916	886.048	700.053	1004.76		896.136				500.802	423.497	
ZNF281	2	2	1652.61	1366.52	2115.79	1753.43		759.595										
ZNF318	5	5	2065	1658.54	1203.29	1464.26	2109.06	1791.17	1872.65	2702.77	1480.44	1817.04	1695.4	2266.74	1118.98	1100.04	1109.76	1614.51
ZNF326	8	8	6757.71	5259.9	5877.14	6299.06	5958.81	5488.93	4829.34	5406.22	5665.6	5394.64	4988.26	5826.59	5992.94	6442.16	7083.32	6947.53
ZNF346	1	1	1681.89	1770.49	1528.49	2291.6		1247.82									951.477	
ZNF362	3	3	781.799	767.662	1539.58	888.384		848.646	851.256	409.491					859.519	646.002	761.878	764.475
ZNF384	4	4	1428.16	683.731	1392.34	1162.04	1511.11	1167.15	1053.02	1036.99	820.739	1197.61	1103.24	1177.54	1016.5	1126.38	1021.7	720.994
ZNF385A	6	6									4958.52	3768.26	4251.83	4849.97	3290.33	2843.7	3749.64	2842.56
ZNF428	1	1	3387.68	2885.35	2852.97	2882.12						1440.44					2228.36	
ZNF462	5	5	1477.28	1503.75	1463.85	1414.13	1627.45	2032.73	1813.06	1413.72								
ZNF503	1	1		98.9838	224.79	141.535						85.6978				146.068		
ZNF511	3	3		448.316			1279.65	1015.02	961.742	610.015	918.98	1225.72			1086.91	919.72	790.236	727.824
ZNF512	8	8	5876.23	6332.01	6548.33	6552.08	4010.92	3407.87	3658.8	3071.83	2888.32	2672.42	2964.36	3123.91	3553.21	2643.82	2440.24	2950.68
ZNF512B	3	3	1967.85	1610.63	2044.48	2004.84	1457.36	1404.78	1942.82	1637.09	1205.95	1281.38			1331.19	1019.94	735.58	1322.49
ZNF532	2	2	1160.14	1351.5	1578.93	1463.55												
ZNF574	1	1	1163.14				1962.2	1257.68	1062.03				1324.64					
ZNF579	5	5	2737.87	2927.1	3203.04	3143.52	2148.2	1273.85	1521.16	1609.63	1363.47	1754.96	1725.4	1759.46	2011.22	1308.74	1855.97	1794.9
ZNF592	4	4	1681.79	1361.17	1834.4	1543.97	2492.34	2217.41	2671.17	2616	2079.66	1753.19	1882.03	2090.04	1816.08	1730.01	1688.93	1775.74
ZNF598	12	12	4709.85	4107.95	4601.47	4135.98	4986.42	3797.38	4586.19	4927.51	4086.44	3014.18	3458.57	3137.05	3986.02	2842.78	3055.59	3731.74
ZNF609	2	2	1538.11	1162.45	1258.3	1242.08	1597.39	1693.13	1652.72	1001.57	1828.25	1057.54	772.904		1166.28	1221.02	827.658	893.324
ZNF622	5	5	1718.11	2307.93	3872.25	2003.34	3712.57	2266.1	4838.89	6741.96	4095.28	3785.2	3937.73	4121.1	3962.75	5324.81	6670.59	4521.32
ZNF629	3	3	2068.09	1640.68	1994.28	2200.43	1606.28	1324.12	1861.43			1329.86	1335.65	2018.45	719.843	1519.8	1576.37	859.465
ZNF638	25	25	6016.95	5839.4	7354.78	7046.92	6162.89	5807.66	5919.56	5839.51	5290.42	5628.85	5920.49	5424.4	5619.33	5554.87	5381.99	6092.87
ZNF644	3	3	892.959	453.379	688.269	754.827	753.827	728.709	601.908	646.171		690.795		459.495	562.276	402.814	522.134	
ZNF687	5	5	2666.07	2298.64	2535.7	2258.27	3659.42	4401.7	4187.44	4542.87	2598.72	2868.64	2545.84	2541.66	2477.82	2116.31	2150.83	2629.67
ZNF703	1	1	1940.2		914.485													
ZNF706	1	1	5037.35	3743.83	4028.5	4657.54	8212.63	7516.05	10234.8	9113.53	5978.94	6296.36	5925.76	5697.27	4430.1	3472.85	5294.94	6445.99
ZNF740	1	1	977.789	816.095	568.792	593.547	1759.07	2354.94	1624.46	1489.1	1809.53	1212.96	1071.98	1326.08	1726.73	1143.49	1459	1667.96
ZNF763	1	1	18532.5	8917.1	13314.7	3340.68	30862.4	5927.28	18210.1	10509.7	30975.5	12548.4	58347.3	60137.8	51172.1	6619.25	11557.4	51549.9
ZNF768	1	1			701.007													
ZNF787	1	1				670.562		381.451			1241.1	1409.33	944.369	920.695	1186.95	2051.36	1852.15	1225.95
ZNF800	2	2	1187.53	734.851	1290.57	896.654	1137.93	1365	1146	1049.41	1457.21	1053.84	1091.58		1176.54	858.054	988.17	690.908
ZNF827	2	2	955.485	619.317	657.961	823.378	519.168	894.88	975.758	651.06								
ZNF830	1	1	914.645	1549.88	2191	1595.24	1691.22	1671.52	1551.93	2050.18		1388.42	1685.24		1026.24	1809.9	1056.71	
ZNFX1	12	12	6512.8	5774.5	6845.8	6642.27	3607.63	4196.73	4555.28		5211.02	4941.86	5367.65	6271.23	5795.82	4025.25	4448.92	5381.76
ZNHIT2	3	3	3846.47	3726.83	3736.53	3492.63	4202.17	3444.11	3703.39	2622.65	3261.9	2252.29	2686.13	3082.93	3211.15	2609.37	3060.15	3082.75
ZNRD2	2	2	6116.47	5235.64	4172.69	6385.27	5421.87	4539.92	4381.69	4830.62	3538.8	1982.36	2338.67	2788.62	2933.71	2658.36	2431.23	3526.82
ZNRF2	1	1						1025.31		696.474	1394.73	1216.09	1534.89	1668.91		1018.92	1431.92	
ZPR1	12	12	12813.3	12243.6	12196.5	11706.5	11677.4	11162.5	10581.5	10776.7	9040.42	10102.9	9475.27	9626.74	8776.81	9006.29	9911.81	9885.57
ZRANB2	5	5	9807.97	7802.01	7604.67	9712.5	9216.35	9964.88	8982.01	8318	5378.75	5873.19	4810.57	5203.05	5848.78	7085.62	7386.46	7090.34
ZSWIM8	7	7	2632.15	2652.02	2924.51	2666.74	4469.48	3530.45	3400.4	3217.58	3215.56	3202.44	2731.91	3483.96	2555.59	2403.76	2741.71	2599.78
ZW10	13	13	9411.23	8052.88	8635.95	8647.76	7163.59	7832.02	5542.04	5011.28	7178.84	6150.47	7719.07	6771.16	5885.58	5714.32	6256.16	6718.21
ZWILCH	4	4	1282.42	906.362	1238.28	1311.04	2322.67	3355.32	1684.1	1870.12	1121.73	1021.1	966.686			887.504	836.924	
ZWINT	2	2			877.981	1253.17	2198.1	2618.85	2295.25	1896.01	1400.09	1339.66	1753.91					
ZYG11B	10	10	3180.14	2353.39	3199.08	2565.27	2399.28	1901.14	2709.3	3038.65	3015.72	2521.89	2852.94	2883.18	1993.15	2188.11	2095.12	2595.38
ZYX	12	12	136943	141607	156390	153083	31381.9	32299.1	28367	23737.3	80077	72485.2	79086.7	69574.2	105691	80488.8	117781	98522.5
ZZEF1	28	28	2439.23	2524.32	2833.59	2721.81	2098.03	2269.6	2194.75	2090.94	4481.64	4633.05	4768.7	4656.97	4028.31	3495.34	4119.84	4216.91
